Application_ID,Office_ID,Location,Certificate_Type,No_of_Staff,Average_Processing_Time_Mins,Applications_Received_This_Month,Applications_Processed_This_Month,Pending_Applications,Office_Working_Hours_Per_Week
APP_1,OFC_861,Warangal,Domicile Certificate,19,45.25966679962728,217,118,99,58
APP_2,OFC_662,Muzaffarpur,Caste Certificate,6,44.70993247467536,252,231,21,59
APP_3,OFC_857,Ujjain,Domicile Certificate,31,38.65190920973088,967,904,63,39
APP_4,OFC_819,Imphal,Income Certificate,11,14.378826802801036,170,79,91,36
APP_5,OFC_206,Patiala,Caste Certificate,21,19.23289898800093,585,493,92,37
APP_6,OFC_730,Gwalior,Death Certificate,48,56.6724417860304,1477,1416,61,59
APP_7,OFC_720,Nizamabad,Income Certificate,49,19.924196747564277,4214,4186,28,50
APP_8,OFC_65,Pune,Income Certificate,29,59.27878151302845,469,462,7,53
APP_9,OFC_289,Tawang,Caste Certificate,9,55.94654831823419,138,51,87,55
APP_10,OFC_684,Kullu,Caste Certificate,44,20.109698614453528,1323,1234,89,32
APP_11,OFC_871,Mayabunder,Marriage Certificate,31,33.75030561600967,1693,1642,51,44
APP_12,OFC_734,Lucknow,Domicile Certificate,41,18.71107260318812,1082,997,85,42
APP_13,OFC_682,Tezpur,Death Certificate,49,21.25985272107427,3459,3385,74,50
APP_14,OFC_348,Junagadh,Death Certificate,29,22.49019112345251,2003,2001,2,30
APP_15,OFC_649,Sagar,Caste Certificate,41,43.08398180896487,1417,1366,51,39
APP_16,OFC_497,Nagpur,Marriage Certificate,16,18.848026270395028,429,428,1,31
APP_17,OFC_566,Howrah,Domicile Certificate,27,20.325555533013627,1392,1323,69,30
APP_18,OFC_439,Srinagar,Domicile Certificate,15,25.33099508337725,281,271,10,46
APP_19,OFC_201,Malda,Birth Certificate,10,43.269704373498506,292,274,18,32
APP_20,OFC_489,Bhagalpur,Domicile Certificate,37,26.866461159813728,1279,1181,98,36
APP_21,OFC_144,Gulbarga,Domicile Certificate,30,59.01925888311896,257,221,36,49
APP_22,OFC_9,Begusarai,Caste Certificate,45,24.20652660369635,2586,2512,74,45
APP_23,OFC_422,Dibrugarh,Domicile Certificate,44,38.35359828127745,1472,1391,81,32
APP_24,OFC_163,Mokokchung,Marriage Certificate,20,59.695160443595135,135,128,7,33
APP_25,OFC_401,West Delhi,Caste Certificate,37,34.83971268051946,1279,1229,50,56
APP_26,OFC_27,Kota,Caste Certificate,38,24.254312423207164,415,397,18,30
APP_27,OFC_192,Vadodara,Caste Certificate,21,59.70027809385376,530,434,96,59
APP_28,OFC_981,Rajkot,Income Certificate,36,51.812516933427126,1099,1054,45,32
APP_29,OFC_288,Kailashahar,Death Certificate,26,24.72557297128901,1964,1917,47,56
APP_30,OFC_682,Agartala,Income Certificate,30,49.55623670735494,636,617,19,54
APP_31,OFC_400,Ludhiana,Marriage Certificate,18,53.95029379996615,670,620,50,52
APP_32,OFC_575,Giridih,Death Certificate,26,37.49582933129559,1979,1920,59,51
APP_33,OFC_103,Sikar,Income Certificate,8,51.311269125658974,417,388,29,49
APP_34,OFC_120,Kanpur,Birth Certificate,23,29.143428138809988,1153,1142,11,52
APP_35,OFC_634,Kohima,Death Certificate,5,29.329372635210746,328,260,68,59
APP_36,OFC_247,Ahmedabad,Income Certificate,7,18.625204422563662,476,415,61,45
APP_37,OFC_474,Mangan,Death Certificate,25,31.040947392931116,1328,1229,99,30
APP_38,OFC_223,Dehradun,Domicile Certificate,14,39.422295364283,1075,996,79,55
APP_39,OFC_497,Churachandpur,Death Certificate,32,37.21765697004048,1309,1249,60,56
APP_40,OFC_613,Gaya,Caste Certificate,16,26.235645079042584,248,203,45,30
APP_41,OFC_754,Dhanbad,Caste Certificate,39,23.51048181887996,4008,4002,6,55
APP_42,OFC_501,Lunglei,Death Certificate,49,56.5156483520639,1532,1460,72,53
APP_43,OFC_689,Darjeeling,Caste Certificate,39,27.693972230128452,3448,3437,11,47
APP_44,OFC_279,Manali,Income Certificate,29,18.102988382218868,2019,1961,58,59
APP_45,OFC_612,Arrah,Birth Certificate,16,57.71978232857591,540,458,82,48
APP_46,OFC_69,Ramgarh,Income Certificate,39,38.13425092456154,1725,1673,52,49
APP_47,OFC_935,Ratlam,Death Certificate,18,35.22408852780545,429,423,6,34
APP_48,OFC_168,Hyderabad,Income Certificate,46,26.81583810748385,2371,2283,88,56
APP_49,OFC_70,Tumkur,Domicile Certificate,35,31.491684338026342,804,738,66,41
APP_50,OFC_754,Ghaziabad,Income Certificate,32,36.43101638627559,1133,1057,76,49
APP_51,OFC_191,Amini,Birth Certificate,29,52.77295205042032,990,906,84,35
APP_52,OFC_229,Alwar,Domicile Certificate,40,35.46198564207265,2303,2303,0,49
APP_53,OFC_259,Bardhaman,Marriage Certificate,20,45.540538821366056,239,148,91,40
APP_54,OFC_648,New Delhi,Death Certificate,32,9.275405033074165,3445,3362,83,38
APP_55,OFC_909,Tirunelveli,Income Certificate,39,50.23954836077429,810,781,29,47
APP_56,OFC_877,Bilaspur,Caste Certificate,9,6.45018359734886,1194,1169,25,30
APP_57,OFC_854,Haridwar,Birth Certificate,31,36.29948080411612,1279,1274,5,30
APP_58,OFC_870,Central Delhi,Income Certificate,7,35.54874380814451,277,205,72,34
APP_59,OFC_685,Baramulla,Caste Certificate,17,16.397520695443106,1737,1712,25,30
APP_60,OFC_438,Margao,Death Certificate,7,33.60899256115964,347,325,22,41
APP_61,OFC_853,Aizawl,Income Certificate,18,43.724387245457294,883,802,81,48
APP_62,OFC_435,Gangtok,Caste Certificate,38,24.15405068628152,1936,1856,80,35
APP_63,OFC_900,Mapusa,Income Certificate,14,55.96231938388219,550,508,42,39
APP_64,OFC_883,Mohali,Caste Certificate,27,12.042521142677485,4694,4628,66,40
APP_65,OFC_93,Bathinda,Caste Certificate,36,14.47759291608964,5635,5614,21,55
APP_66,OFC_233,Jalandhar,Income Certificate,16,16.348354512318586,1619,1573,46,31
APP_67,OFC_239,Kashipur,Marriage Certificate,34,13.633772549390654,1122,1071,51,45
APP_68,OFC_526,Vellore,Marriage Certificate,30,46.79754749156721,423,406,17,43
APP_69,OFC_883,Siliguri,Caste Certificate,19,10.767804159286449,2311,2295,16,52
APP_70,OFC_25,Ajmer,Domicile Certificate,8,24.530736680361763,200,193,7,38
APP_71,OFC_554,Minicoy,Caste Certificate,45,23.55957586295549,1136,1104,32,49
APP_72,OFC_710,Dharamshala,Income Certificate,10,18.527675061147946,745,652,93,33
APP_73,OFC_194,Varanasi,Birth Certificate,19,34.42702026247008,1450,1432,18,55
APP_74,OFC_532,Bhilwara,Birth Certificate,16,11.316025360656194,2089,2013,76,55
APP_75,OFC_902,Tuensang,Birth Certificate,14,35.17317148659843,316,242,74,39
APP_76,OFC_606,Havelock,Caste Certificate,35,56.12410293363042,1141,1078,63,59
APP_77,OFC_840,Diglipur,Income Certificate,15,48.73970215229396,323,246,77,43
APP_78,OFC_601,Anantnag,Domicile Certificate,49,37.35686716872812,3474,3437,37,47
APP_79,OFC_665,Kolhapur,Birth Certificate,21,54.47660153010126,1078,1028,50,52
APP_80,OFC_15,Nanded,Domicile Certificate,33,32.248299452218106,2901,2875,26,59
APP_81,OFC_196,Jaipur,Marriage Certificate,26,44.27352452229878,575,476,99,34
APP_82,OFC_696,Purnia,Domicile Certificate,19,48.85124511787545,197,162,35,34
APP_83,OFC_811,Bhopal,Death Certificate,31,24.01327964271557,2156,2067,89,40
APP_84,OFC_616,Bhavnagar,Income Certificate,22,38.62998294890563,826,822,4,44
APP_85,OFC_604,Mahbubnagar,Death Certificate,35,38.36932755105708,1941,1855,86,51
APP_86,OFC_567,Darbhanga,Marriage Certificate,44,38.43419165868423,770,730,40,44
APP_87,OFC_537,Thane,Domicile Certificate,30,55.59205890270183,312,254,58,31
APP_88,OFC_182,Kolkata,Caste Certificate,28,36.76975747503509,1226,1205,21,49
APP_89,OFC_882,Leh,Domicile Certificate,25,33.334552532374694,1448,1388,60,46
APP_90,OFC_736,Durgapur,Birth Certificate,17,26.852496350167883,563,519,44,48
APP_91,OFC_18,Chennai,Caste Certificate,5,47.65401891822558,281,231,50,44
APP_92,OFC_264,Amritsar,Birth Certificate,33,9.152685009213908,5208,5122,86,32
APP_93,OFC_800,Tiruchirapalli,Domicile Certificate,11,41.24081680505832,241,170,71,30
APP_94,OFC_239,Shimla,Birth Certificate,41,14.819956412988349,1246,1215,31,30
APP_95,OFC_491,Jamnagar,Marriage Certificate,20,26.845094129015017,1437,1364,73,34
APP_96,OFC_151,Amravati,Birth Certificate,25,6.4592712130600844,2146,2078,68,58
APP_97,OFC_386,Mumbai,Death Certificate,7,37.466221838314425,266,214,52,41
APP_98,OFC_714,Nongpoh,Birth Certificate,34,31.80871590372325,1036,1028,8,43
APP_99,OFC_237,Hazaribagh,Death Certificate,29,19.183822698826127,2026,1929,97,51
APP_100,OFC_75,Thoothukudi,Income Certificate,10,55.28643436082744,409,334,75,50
APP_101,OFC_874,North Delhi,Income Certificate,26,12.5287096537844,4687,4635,52,54
APP_102,OFC_922,Shimoga,Birth Certificate,25,26.07261905372236,1882,1830,52,55
APP_103,OFC_794,Khammam,Caste Certificate,33,26.41125877230871,1256,1203,53,37
APP_104,OFC_406,Naharlagun,Marriage Certificate,9,31.6065218062827,502,441,61,55
APP_105,OFC_450,Bikaner,Death Certificate,13,9.132577995469482,487,453,34,46
APP_106,OFC_229,Ranchi,Death Certificate,48,43.20830589699347,3129,3081,48,59
APP_107,OFC_569,South Delhi,Death Certificate,16,34.8045521058097,363,284,79,53
APP_108,OFC_466,Medinipur,Birth Certificate,29,40.56657055144399,1390,1306,84,56
APP_109,OFC_391,Port Blair,Death Certificate,18,11.628741833255544,1865,1827,38,36
APP_110,OFC_526,Geyzing,Birth Certificate,35,25.058348720151823,2043,1989,54,41
APP_111,OFC_516,Tura,Birth Certificate,33,41.39103462942978,767,713,54,42
APP_112,OFC_546,Mandi,Death Certificate,34,5.013063796673652,12718,12662,56,42
APP_113,OFC_239,Pathankot,Domicile Certificate,14,10.043463431128655,2870,2853,17,36
APP_114,OFC_432,Hubli,Birth Certificate,5,55.06865061316439,89,53,36,44
APP_115,OFC_939,Dharmanagar,Income Certificate,10,59.02817832940449,225,133,92,43
APP_116,OFC_885,Erode,Marriage Certificate,49,11.618631911924776,6465,6460,5,40
APP_117,OFC_54,Nainital,Income Certificate,27,53.608223672988416,835,754,81,32
APP_118,OFC_216,Anand,Birth Certificate,7,49.87082187448398,304,276,28,35
APP_119,OFC_921,Agatti,Caste Certificate,38,52.417018949599786,567,489,78,38
APP_120,OFC_901,Udaipur,Caste Certificate,30,34.293138567041915,1192,1153,39,34
APP_121,OFC_349,Meerut,Marriage Certificate,7,24.129506434620616,330,251,79,31
APP_122,OFC_353,Deoghar,Domicile Certificate,45,23.370488330988085,2146,2140,6,42
APP_123,OFC_557,Surat,Caste Certificate,35,50.419921281061946,1131,1130,1,39
APP_124,OFC_989,Kathua,Income Certificate,16,5.351222944425847,3563,3504,59,42
APP_125,OFC_467,Gorakhpur,Marriage Certificate,34,6.013524530601961,4238,4146,92,38
APP_126,OFC_916,Gandhinagar,Domicile Certificate,36,47.39697596975444,439,375,64,33
APP_127,OFC_120,Belgaum,Death Certificate,22,52.9345243383807,714,708,6,44
APP_128,OFC_33,Jammu,Caste Certificate,10,25.450844108129854,545,507,38,48
APP_129,OFC_157,Davanagere,Income Certificate,15,17.14232870338182,1015,960,55,31
APP_130,OFC_21,Asansol,Income Certificate,20,52.15480506508742,382,322,60,49
APP_131,OFC_793,Mangalore,Birth Certificate,28,25.268948904806862,2210,2118,92,44
APP_132,OFC_686,Jamshedpur,Caste Certificate,11,39.44211768972784,361,337,24,41
APP_133,OFC_455,Udhampur,Marriage Certificate,21,38.40185465444692,1015,1014,1,49
APP_134,OFC_64,Roorkee,Caste Certificate,17,13.226935346716116,1059,1028,31,50
APP_135,OFC_729,Adilabad,Income Certificate,37,57.39567509212944,207,162,45,38
APP_136,OFC_86,Guwahati,Marriage Certificate,32,43.63557337992572,630,554,76,39
APP_137,OFC_918,Pasighat,Death Certificate,43,12.29936647236832,2772,2729,43,36
APP_138,OFC_9,Aurangabad,Marriage Certificate,10,38.91325200243608,370,309,61,38
APP_139,OFC_383,Panaji,Caste Certificate,11,41.34510650645879,510,470,40,45
APP_140,OFC_14,Satna,Death Certificate,15,44.8654607930732,760,706,54,41
APP_141,OFC_812,Madurai,Caste Certificate,22,6.147362661034595,6727,6635,92,48
APP_142,OFC_903,Vasco da Gama,Birth Certificate,16,14.580633511803953,2295,2276,19,50
APP_143,OFC_689,Dimapur,Death Certificate,36,37.34321079495436,1821,1816,5,55
APP_144,OFC_755,Delhi,Death Certificate,16,26.1115933527288,1167,1074,93,47
APP_145,OFC_940,Rudrapur,Death Certificate,18,58.42673017229018,582,569,13,52
APP_146,OFC_84,Indore,Birth Certificate,6,10.239382937504445,1094,1039,55,46
APP_147,OFC_919,Allahabad,Income Certificate,35,17.982775484055516,2926,2926,0,32
APP_148,OFC_776,Haldwani,Domicile Certificate,47,57.17208451682885,211,168,43,54
APP_149,OFC_620,Patna,Marriage Certificate,24,19.83622863343443,2034,1976,58,31
APP_150,OFC_691,Champhai,Birth Certificate,18,42.85143262266275,817,723,94,49
APP_151,OFC_178,Jorhat,Caste Certificate,27,41.67753416503574,1169,1085,84,49
APP_152,OFC_352,Itanagar,Income Certificate,42,52.7478239907628,1348,1323,25,51
APP_153,OFC_588,Shillong,Birth Certificate,31,56.202178252883776,596,549,47,43
APP_154,OFC_602,Solan,Birth Certificate,32,13.760809488354283,2972,2898,74,35
APP_155,OFC_102,Jowai,Income Certificate,8,41.71763620599716,246,246,0,35
APP_156,OFC_655,Namchi,Income Certificate,5,25.15538441792688,301,206,95,36
APP_157,OFC_102,Bishnupur,Domicile Certificate,30,37.288393923563305,266,241,25,37
APP_158,OFC_154,Rewa,Income Certificate,29,25.91075903322214,1786,1700,86,31
APP_159,OFC_336,Agra,Caste Certificate,19,18.39152631169646,504,427,77,40
APP_160,OFC_539,Bangalore,Marriage Certificate,33,49.166424380796485,301,225,76,32
APP_161,OFC_345,Solapur,Death Certificate,34,14.963214224407418,1006,965,41,41
APP_162,OFC_84,Silchar,Domicile Certificate,8,9.787142942321225,1316,1295,21,51
APP_163,OFC_726,Nashik,Income Certificate,32,17.544387457191284,2132,2109,23,38
APP_164,OFC_154,Mysore,Birth Certificate,31,47.9289033384124,408,390,18,47
APP_165,OFC_993,Coimbatore,Death Certificate,9,14.240781425967487,397,361,36,32
APP_166,OFC_988,Katihar,Caste Certificate,11,35.06835769927385,191,128,63,39
APP_167,OFC_658,Bareilly,Income Certificate,7,29.34943317287399,390,355,35,58
APP_168,OFC_353,Jodhpur,Income Certificate,40,15.55270285953086,3291,3232,59,37
APP_169,OFC_517,Bokaro,Domicile Certificate,48,17.85416450507382,603,546,57,50
APP_170,OFC_838,Jabalpur,Marriage Certificate,6,59.67766486716421,142,121,21,31
APP_171,OFC_548,East Delhi,Death Certificate,9,14.64166182967128,1167,1152,15,44
APP_172,OFC_400,Karimnagar,Birth Certificate,16,58.96800058893671,329,325,4,32
APP_173,OFC_321,Serchhip,Domicile Certificate,34,33.65268874996232,411,336,75,35
APP_174,OFC_738,Rangareddy,Domicile Certificate,18,11.470696566045724,3503,3431,72,52
APP_175,OFC_407,Salem,Marriage Certificate,30,38.03268833483395,962,951,11,52
APP_176,OFC_42,Kavaratti,Birth Certificate,42,49.95973396701554,730,724,6,32
APP_177,OFC_399,Dispur,Birth Certificate,25,6.259160373686614,7314,7290,24,56
APP_178,OFC_822,Thoubal,Income Certificate,37,55.75164547823669,773,761,12,43
APP_179,OFC_392,Chandigarh,Death Certificate,25,6.419654882221784,5472,5453,19,54
APP_180,OFC_828,Nagaon,Income Certificate,10,5.018287836626917,2469,2387,82,40
APP_181,OFC_642,Udaipur (Tripura),Birth Certificate,15,46.48394493891247,858,831,27,53
APP_182,OFC_883,Warangal,Marriage Certificate,11,43.06887379317725,687,636,51,57
APP_183,OFC_420,Muzaffarpur,Domicile Certificate,42,28.434586113970436,2660,2569,91,34
APP_184,OFC_598,Ujjain,Income Certificate,9,5.606719543575597,838,752,86,31
APP_185,OFC_213,Imphal,Income Certificate,30,18.26608016797478,3639,3619,20,50
APP_186,OFC_794,Patiala,Income Certificate,8,52.556321567722975,401,364,37,45
APP_187,OFC_554,Gwalior,Income Certificate,17,12.322975229795333,1764,1705,59,46
APP_188,OFC_284,Nizamabad,Income Certificate,15,32.249865690354,329,242,87,37
APP_189,OFC_581,Pune,Caste Certificate,36,59.35513990500723,1514,1491,23,52
APP_190,OFC_148,Tawang,Income Certificate,25,26.317737731552324,1616,1612,4,43
APP_191,OFC_550,Kullu,Death Certificate,36,33.30616726154314,1813,1764,49,46
APP_192,OFC_382,Mayabunder,Domicile Certificate,8,47.604857935078336,246,211,35,38
APP_193,OFC_488,Lucknow,Caste Certificate,6,38.10348742999771,97,88,9,50
APP_194,OFC_936,Tezpur,Birth Certificate,22,17.353858651411855,3893,3864,29,54
APP_195,OFC_288,Junagadh,Domicile Certificate,25,20.724873408153805,2233,2226,7,59
APP_196,OFC_736,Sagar,Domicile Certificate,15,22.60329078865409,730,704,26,51
APP_197,OFC_407,Nagpur,Caste Certificate,28,23.831099981845057,1593,1575,18,51
APP_198,OFC_30,Howrah,Income Certificate,43,36.74450308081525,3181,3181,0,54
APP_199,OFC_449,Srinagar,Caste Certificate,8,10.454795477296877,325,235,90,39
APP_200,OFC_112,Malda,Birth Certificate,17,34.62826170386715,487,468,19,33
APP_201,OFC_735,Bhagalpur,Caste Certificate,10,53.21579190055103,237,139,98,34
APP_202,OFC_742,Gulbarga,Income Certificate,25,5.103393593870085,6181,6162,19,36
APP_203,OFC_221,Begusarai,Domicile Certificate,18,44.78726210867575,375,342,33,34
APP_204,OFC_915,Dibrugarh,Death Certificate,35,6.261304619742312,9787,9757,30,48
APP_205,OFC_432,Mokokchung,Caste Certificate,49,13.109888968845617,5892,5801,91,52
APP_206,OFC_825,West Delhi,Caste Certificate,49,14.541404084627649,2041,1964,77,35
APP_207,OFC_871,Kota,Caste Certificate,13,57.26720141118254,475,382,93,34
APP_208,OFC_710,Vadodara,Marriage Certificate,21,56.12893075816263,449,357,92,48
APP_209,OFC_74,Rajkot,Income Certificate,9,43.83104542152135,172,116,56,55
APP_210,OFC_809,Kailashahar,Marriage Certificate,48,12.444474525272703,8767,8733,34,49
APP_211,OFC_632,Agartala,Marriage Certificate,14,19.957234937074706,1297,1198,99,51
APP_212,OFC_596,Ludhiana,Caste Certificate,22,54.8540599339426,590,576,14,54
APP_213,OFC_148,Giridih,Caste Certificate,28,35.80925009040131,496,460,36,36
APP_214,OFC_581,Sikar,Death Certificate,7,44.88356501531131,223,163,60,34
APP_215,OFC_629,Kanpur,Death Certificate,8,27.98944636287664,398,301,97,54
APP_216,OFC_43,Kohima,Death Certificate,45,48.54349936493434,2225,2141,84,46
APP_217,OFC_22,Ahmedabad,Death Certificate,6,10.365938063161488,409,370,39,45
APP_218,OFC_571,Mangan,Domicile Certificate,14,58.79339998854407,657,590,67,48
APP_219,OFC_79,Dehradun,Income Certificate,26,13.88908962072293,1428,1366,62,43
APP_220,OFC_760,Churachandpur,Birth Certificate,7,55.00711132238581,186,137,49,30
APP_221,OFC_779,Gaya,Caste Certificate,16,33.78312971571077,1243,1235,8,53
APP_222,OFC_104,Dhanbad,Marriage Certificate,22,13.68751525594414,2818,2792,26,49
APP_223,OFC_40,Lunglei,Caste Certificate,42,12.739134042681712,759,756,3,30
APP_224,OFC_544,Darjeeling,Caste Certificate,13,49.19819444928444,257,228,29,43
APP_225,OFC_260,Manali,Death Certificate,32,53.50602670675542,1129,1105,24,56
APP_226,OFC_645,Arrah,Marriage Certificate,39,15.307656925367022,3599,3512,87,58
APP_227,OFC_131,Ramgarh,Marriage Certificate,16,23.436442605398,1707,1657,50,55
APP_228,OFC_279,Ratlam,Birth Certificate,26,45.593801783618446,1048,1033,15,41
APP_229,OFC_936,Hyderabad,Caste Certificate,32,42.49182153208911,727,665,62,35
APP_230,OFC_442,Tumkur,Domicile Certificate,29,16.85414278352325,1479,1441,38,44
APP_231,OFC_207,Ghaziabad,Income Certificate,22,40.79227011573111,864,827,37,35
APP_232,OFC_501,Amini,Domicile Certificate,12,12.086679160014016,1703,1616,87,48
APP_233,OFC_614,Alwar,Death Certificate,27,12.009967768257791,2063,1980,83,54
APP_234,OFC_63,Bardhaman,Marriage Certificate,13,21.761310246237333,1379,1327,52,52
APP_235,OFC_286,New Delhi,Birth Certificate,13,5.682221995252314,5035,4968,67,53
APP_236,OFC_873,Tirunelveli,Death Certificate,26,54.07663739768087,626,616,10,52
APP_237,OFC_562,Bilaspur,Marriage Certificate,25,33.679512897397416,1052,980,72,34
APP_238,OFC_482,Haridwar,Birth Certificate,28,57.57034660464137,690,644,46,37
APP_239,OFC_659,Central Delhi,Birth Certificate,30,14.065357144071912,1284,1281,3,51
APP_240,OFC_406,Baramulla,Domicile Certificate,16,31.82168877416954,1275,1204,71,51
APP_241,OFC_262,Margao,Marriage Certificate,26,18.991536946301583,386,322,64,46
APP_242,OFC_753,Aizawl,Income Certificate,39,15.785374200611612,1039,991,48,32
APP_243,OFC_404,Gangtok,Caste Certificate,37,23.637335713631337,2130,2122,8,50
APP_244,OFC_553,Mapusa,Birth Certificate,21,11.261111641213075,1549,1531,18,48
APP_245,OFC_557,Mohali,Marriage Certificate,5,26.44297941178493,284,252,32,48
APP_246,OFC_250,Bathinda,Domicile Certificate,9,5.08608078553101,2759,2676,83,56
APP_247,OFC_324,Jalandhar,Death Certificate,34,49.01951834628736,968,872,96,33
APP_248,OFC_935,Kashipur,Birth Certificate,6,41.77149556976028,134,84,50,38
APP_249,OFC_377,Vellore,Birth Certificate,43,53.053422640648975,1563,1470,93,49
APP_250,OFC_81,Siliguri,Death Certificate,45,28.211884307020146,2432,2371,61,32
APP_251,OFC_279,Ajmer,Birth Certificate,28,40.87604067255669,997,925,72,57
APP_252,OFC_188,Minicoy,Marriage Certificate,48,48.91091872850939,903,829,74,32
APP_253,OFC_825,Dharamshala,Death Certificate,40,26.61358239399102,3072,3017,55,53
APP_254,OFC_787,Varanasi,Domicile Certificate,33,33.44816599428826,997,949,48,47
APP_255,OFC_392,Bhilwara,Income Certificate,38,51.29478489595719,549,481,68,53
APP_256,OFC_557,Tuensang,Caste Certificate,8,10.461621151453112,1340,1282,58,43
APP_257,OFC_542,Havelock,Income Certificate,46,54.50457506590644,1557,1540,17,58
APP_258,OFC_797,Diglipur,Birth Certificate,17,38.37825378673115,422,386,36,59
APP_259,OFC_854,Anantnag,Income Certificate,27,29.22427426718332,951,931,20,39
APP_260,OFC_359,Kolhapur,Caste Certificate,8,24.10023714667792,890,792,98,57
APP_261,OFC_104,Nanded,Death Certificate,26,36.31575486502555,1762,1727,35,55
APP_262,OFC_117,Jaipur,Caste Certificate,38,44.71787795007482,1567,1527,40,42
APP_263,OFC_524,Purnia,Death Certificate,10,13.18377831728136,1088,1034,54,48
APP_264,OFC_102,Bhopal,Domicile Certificate,15,16.177270009734798,989,909,80,53
APP_265,OFC_974,Bhavnagar,Income Certificate,31,27.41713147155993,1141,1069,72,48
APP_266,OFC_849,Mahbubnagar,Income Certificate,21,51.583286981388326,598,538,60,37
APP_267,OFC_480,Darbhanga,Death Certificate,26,42.82471233368084,565,490,75,40
APP_268,OFC_664,Thane,Birth Certificate,39,16.588773012696173,2926,2914,12,54
APP_269,OFC_188,Kolkata,Income Certificate,13,47.13637630375724,201,124,77,33
APP_270,OFC_991,Leh,Marriage Certificate,42,21.837553748377623,3350,3317,33,37
APP_271,OFC_656,Durgapur,Domicile Certificate,42,7.762430630518557,7736,7670,66,31
APP_272,OFC_632,Chennai,Marriage Certificate,31,6.211480667309935,5411,5391,20,36
APP_273,OFC_313,Amritsar,Caste Certificate,29,11.760637315596316,1818,1765,53,46
APP_274,OFC_160,Tiruchirapalli,Domicile Certificate,18,30.474499421323795,1047,971,76,43
APP_275,OFC_12,Shimla,Death Certificate,35,20.63507511101342,4141,4085,56,47
APP_276,OFC_861,Jamnagar,Death Certificate,30,44.32712953678761,1725,1661,64,51
APP_277,OFC_137,Amravati,Caste Certificate,31,52.66013899619978,881,826,55,33
APP_278,OFC_401,Mumbai,Income Certificate,27,32.15977222513108,958,874,84,30
APP_279,OFC_101,Nongpoh,Income Certificate,37,20.3141674537739,3708,3626,82,40
APP_280,OFC_293,Hazaribagh,Domicile Certificate,46,10.764443574866466,8848,8771,77,51
APP_281,OFC_873,Thoothukudi,Domicile Certificate,11,47.21621956848551,59,22,37,47
APP_282,OFC_855,North Delhi,Income Certificate,49,6.976627120685434,11977,11934,43,38
APP_283,OFC_488,Shimoga,Domicile Certificate,5,53.96182514498959,236,184,52,57
APP_284,OFC_586,Khammam,Income Certificate,17,25.85017267695649,940,938,2,53
APP_285,OFC_17,Naharlagun,Marriage Certificate,16,37.73224211981248,795,731,64,53
APP_286,OFC_784,Bikaner,Domicile Certificate,21,33.67128262097764,774,741,33,55
APP_287,OFC_665,Ranchi,Income Certificate,37,45.646460678337725,1092,993,99,36
APP_288,OFC_623,South Delhi,Domicile Certificate,13,35.08297882542635,413,410,3,37
APP_289,OFC_925,Medinipur,Caste Certificate,45,56.55581409903764,1215,1126,89,31
APP_290,OFC_631,Port Blair,Birth Certificate,9,34.19055454077597,511,453,58,49
APP_291,OFC_199,Geyzing,Domicile Certificate,46,54.28413114870153,1013,946,67,54
APP_292,OFC_102,Tura,Domicile Certificate,28,44.87396434582288,914,910,4,54
APP_293,OFC_361,Mandi,Domicile Certificate,15,7.451010289677353,1480,1460,20,30
APP_294,OFC_390,Pathankot,Income Certificate,42,56.07631578581856,2655,2562,93,59
APP_295,OFC_520,Hubli,Income Certificate,48,54.37210699728762,1130,1115,15,41
APP_296,OFC_252,Dharmanagar,Caste Certificate,30,33.73968442026293,1790,1709,81,41
APP_297,OFC_260,Erode,Marriage Certificate,48,48.59273139586108,2878,2845,33,56
APP_298,OFC_362,Nainital,Income Certificate,12,47.51989729336064,511,424,87,33
APP_299,OFC_93,Anand,Marriage Certificate,26,38.16853683937841,303,232,71,34
APP_300,OFC_613,Agatti,Marriage Certificate,31,6.604337000489545,8726,8707,19,32
APP_301,OFC_675,Udaipur,Marriage Certificate,39,57.301072697640166,2053,2001,52,56
APP_302,OFC_324,Meerut,Death Certificate,5,18.22194020914288,245,205,40,55
APP_303,OFC_709,Deoghar,Domicile Certificate,15,35.982855311817566,952,906,46,50
APP_304,OFC_405,Surat,Income Certificate,18,47.920102665378494,330,312,18,39
APP_305,OFC_924,Kathua,Marriage Certificate,31,8.795417593704897,2955,2893,62,44
APP_306,OFC_994,Gorakhpur,Domicile Certificate,33,47.41175487185376,518,496,22,39
APP_307,OFC_181,Gandhinagar,Marriage Certificate,45,5.000639911545138,16956,16919,37,54
APP_308,OFC_212,Belgaum,Income Certificate,7,53.55039093703821,415,329,86,51
APP_309,OFC_869,Jammu,Marriage Certificate,29,18.90474833490603,2951,2913,38,48
APP_310,OFC_213,Davanagere,Marriage Certificate,25,13.22807972398239,3493,3485,8,45
APP_311,OFC_726,Asansol,Death Certificate,21,38.085463361490326,477,415,62,49
APP_312,OFC_804,Mangalore,Caste Certificate,21,56.310867441331965,620,598,22,53
APP_313,OFC_638,Jamshedpur,Income Certificate,21,6.697184736943985,4511,4509,2,38
APP_314,OFC_76,Udhampur,Birth Certificate,49,57.08998669096855,1424,1357,67,30
APP_315,OFC_419,Roorkee,Domicile Certificate,44,48.86510482954597,740,658,82,30
APP_316,OFC_193,Adilabad,Caste Certificate,9,44.51496710274026,312,269,43,35
APP_317,OFC_376,Guwahati,Death Certificate,26,41.99866468148939,784,702,82,34
APP_318,OFC_500,Pasighat,Death Certificate,20,13.954827732227509,287,271,16,30
APP_319,OFC_569,Aurangabad,Income Certificate,32,27.249006206562832,2385,2300,85,51
APP_320,OFC_450,Panaji,Caste Certificate,34,25.56565758570475,954,862,92,33
APP_321,OFC_29,Satna,Domicile Certificate,28,20.19755096562195,1915,1888,27,39
APP_322,OFC_82,Madurai,Income Certificate,30,37.02007765509244,1567,1479,88,46
APP_323,OFC_636,Vasco da Gama,Death Certificate,28,41.12158349110064,1612,1593,19,51
APP_324,OFC_148,Dimapur,Marriage Certificate,48,30.19122164175423,507,429,78,32
APP_325,OFC_73,Delhi,Death Certificate,37,41.96308213137394,890,826,64,35
APP_326,OFC_985,Rudrapur,Death Certificate,14,38.674198291901455,749,652,97,56
APP_327,OFC_284,Indore,Income Certificate,5,5.846719043021967,727,655,72,33
APP_328,OFC_618,Allahabad,Marriage Certificate,36,41.985327391376586,571,487,84,45
APP_329,OFC_924,Haldwani,Birth Certificate,19,49.948877125175166,786,703,83,56
APP_330,OFC_757,Patna,Birth Certificate,27,7.751021725161172,5607,5547,60,49
APP_331,OFC_528,Champhai,Caste Certificate,22,25.471021550387057,1402,1326,76,52
APP_332,OFC_970,Jorhat,Caste Certificate,42,45.858482151736645,668,630,38,53
APP_333,OFC_694,Itanagar,Birth Certificate,41,41.655467613975965,736,697,39,53
APP_334,OFC_619,Shillong,Domicile Certificate,41,48.11930472791455,621,618,3,47
APP_335,OFC_875,Solan,Income Certificate,28,55.9910845872135,1131,1094,37,44
APP_336,OFC_714,Jowai,Birth Certificate,32,41.53206617439326,903,903,0,36
APP_337,OFC_444,Namchi,Domicile Certificate,31,33.32531128403477,2363,2309,54,52
APP_338,OFC_548,Bishnupur,Income Certificate,46,25.543609729482814,3804,3783,21,55
APP_339,OFC_426,Rewa,Income Certificate,27,51.0849606168492,255,219,36,52
APP_340,OFC_672,Agra,Income Certificate,27,28.628472567279985,854,774,80,52
APP_341,OFC_416,Bangalore,Caste Certificate,46,53.4914365282992,1136,1109,27,55
APP_342,OFC_679,Solapur,Marriage Certificate,23,23.46206081714828,1588,1527,61,59
APP_343,OFC_330,Silchar,Caste Certificate,44,43.61803529000062,1196,1104,92,30
APP_344,OFC_560,Nashik,Income Certificate,33,29.150256088795565,742,736,6,53
APP_345,OFC_193,Mysore,Income Certificate,21,52.15198962984625,1271,1256,15,56
APP_346,OFC_668,Coimbatore,Marriage Certificate,13,34.46111296411682,539,469,70,30
APP_347,OFC_339,Katihar,Income Certificate,23,52.02357107588109,503,486,17,42
APP_348,OFC_736,Bareilly,Death Certificate,12,53.25427492230613,459,411,48,41
APP_349,OFC_834,Jodhpur,Death Certificate,17,49.20979998563957,590,551,39,44
APP_350,OFC_644,Bokaro,Marriage Certificate,15,41.12012165968844,315,307,8,40
APP_351,OFC_482,Jabalpur,Domicile Certificate,19,7.676171501394232,1749,1711,38,33
APP_352,OFC_485,East Delhi,Caste Certificate,23,39.12605817785838,1864,1807,57,58
APP_353,OFC_789,Karimnagar,Caste Certificate,30,53.90203581670055,802,792,10,34
APP_354,OFC_825,Serchhip,Caste Certificate,44,37.98742232337739,1528,1448,80,31
APP_355,OFC_178,Rangareddy,Death Certificate,16,29.41225536317156,1051,985,66,52
APP_356,OFC_222,Salem,Caste Certificate,5,34.07984305041396,158,85,73,57
APP_357,OFC_480,Kavaratti,Domicile Certificate,27,59.081811125015705,953,953,0,53
APP_358,OFC_70,Dispur,Marriage Certificate,25,53.86552604576064,517,462,55,44
APP_359,OFC_455,Thoubal,Income Certificate,44,41.67245503811435,939,892,47,47
APP_360,OFC_652,Chandigarh,Domicile Certificate,47,56.34640959017064,1441,1427,14,56
APP_361,OFC_881,Nagaon,Income Certificate,39,6.233423903913032,5737,5703,34,56
APP_362,OFC_415,Udaipur (Tripura),Marriage Certificate,18,55.413181590332606,431,347,84,46
APP_363,OFC_339,Warangal,Death Certificate,29,8.81305817132706,2466,2447,19,58
APP_364,OFC_855,Muzaffarpur,Caste Certificate,28,25.852021210660585,992,918,74,31
APP_365,OFC_189,Ujjain,Caste Certificate,22,24.9337227438706,1002,949,53,51
APP_366,OFC_193,Imphal,Domicile Certificate,19,16.229160754253364,1242,1223,19,51
APP_367,OFC_375,Patiala,Birth Certificate,47,29.94684499575588,2105,2012,93,37
APP_368,OFC_834,Gwalior,Income Certificate,41,50.8585573005355,512,491,21,31
APP_369,OFC_296,Nizamabad,Income Certificate,30,9.651095795348082,6302,6258,44,49
APP_370,OFC_181,Pune,Caste Certificate,27,20.758575190991763,1831,1737,94,38
APP_371,OFC_276,Tawang,Marriage Certificate,43,28.94665053966546,2085,2028,57,41
APP_372,OFC_276,Kullu,Caste Certificate,42,56.83108997012523,703,632,71,49
APP_373,OFC_56,Mayabunder,Domicile Certificate,27,48.90612584650527,859,847,12,43
APP_374,OFC_794,Lucknow,Income Certificate,26,54.40309351742793,1011,920,91,47
APP_375,OFC_453,Tezpur,Marriage Certificate,42,47.93058147879676,849,793,56,43
APP_376,OFC_184,Junagadh,Income Certificate,38,30.21372832722909,2021,2007,14,42
APP_377,OFC_849,Sagar,Income Certificate,36,53.92356210740697,482,445,37,49
APP_378,OFC_327,Nagpur,Domicile Certificate,39,48.984485249029575,1825,1813,12,45
APP_379,OFC_979,Howrah,Marriage Certificate,17,36.86229566640658,515,439,76,55
APP_380,OFC_486,Srinagar,Caste Certificate,42,52.00868975512586,1117,1096,21,50
APP_381,OFC_422,Malda,Income Certificate,12,35.73212695434187,827,769,58,59
APP_382,OFC_827,Bhagalpur,Birth Certificate,35,36.527275694727535,1602,1519,83,34
APP_383,OFC_639,Gulbarga,Income Certificate,46,48.59271472650241,976,900,76,49
APP_384,OFC_328,Begusarai,Death Certificate,31,7.203251547788197,6572,6545,27,43
APP_385,OFC_758,Dibrugarh,Death Certificate,22,33.210719062612114,1775,1755,20,59
APP_386,OFC_936,Mokokchung,Birth Certificate,23,38.83210272976599,1052,1023,29,38
APP_387,OFC_367,West Delhi,Marriage Certificate,5,48.78040713350058,129,52,77,40
APP_388,OFC_190,Kota,Caste Certificate,16,25.88633376056246,969,885,84,37
APP_389,OFC_342,Vadodara,Marriage Certificate,42,6.05355170531891,14237,14189,48,48
APP_390,OFC_450,Rajkot,Caste Certificate,44,56.32627982676184,1607,1570,37,57
APP_391,OFC_371,Kailashahar,Income Certificate,8,24.27272875056086,472,374,98,46
APP_392,OFC_796,Agartala,Caste Certificate,5,9.894434317099066,912,904,8,45
APP_393,OFC_287,Ludhiana,Domicile Certificate,28,23.778389828236406,962,953,9,42
APP_394,OFC_152,Giridih,Caste Certificate,9,11.313830998820404,2234,2140,94,56
APP_395,OFC_87,Sikar,Domicile Certificate,5,29.20319255801693,360,275,85,31
APP_396,OFC_143,Kanpur,Income Certificate,19,28.86141575703843,839,793,46,50
APP_397,OFC_661,Kohima,Death Certificate,32,53.016066671634384,442,371,71,37
APP_398,OFC_192,Ahmedabad,Income Certificate,9,10.430546378546625,1074,1045,29,50
APP_399,OFC_108,Mangan,Domicile Certificate,16,53.02098635203252,508,415,93,42
APP_400,OFC_981,Dehradun,Death Certificate,38,7.769223983314428,6468,6406,62,49
APP_401,OFC_405,Churachandpur,Death Certificate,19,50.13828884217286,479,390,89,35
APP_402,OFC_166,Gaya,Birth Certificate,21,24.70840611694205,730,677,53,42
APP_403,OFC_753,Dhanbad,Income Certificate,35,21.68072399671056,2048,1959,89,32
APP_404,OFC_710,Lunglei,Marriage Certificate,22,23.266038081946853,1242,1224,18,54
APP_405,OFC_751,Darjeeling,Caste Certificate,48,43.13343345540887,2033,2010,23,32
APP_406,OFC_50,Manali,Caste Certificate,5,29.42633855729828,358,291,67,33
APP_407,OFC_720,Arrah,Caste Certificate,32,54.89869193960232,346,339,7,33
APP_408,OFC_159,Ramgarh,Caste Certificate,13,22.21775797847308,529,456,73,31
APP_409,OFC_882,Ratlam,Death Certificate,9,47.95301250044394,222,217,5,36
APP_410,OFC_494,Hyderabad,Income Certificate,48,25.84722669606693,177,105,72,52
APP_411,OFC_212,Tumkur,Death Certificate,10,22.886615795191624,1032,970,62,56
APP_412,OFC_901,Ghaziabad,Caste Certificate,36,41.91012363972868,621,545,76,35
APP_413,OFC_515,Amini,Death Certificate,13,38.19408435756165,271,198,73,52
APP_414,OFC_175,Alwar,Income Certificate,9,21.896902936169894,410,386,24,52
APP_415,OFC_490,Bardhaman,Marriage Certificate,34,10.513506004758217,3211,3126,85,38
APP_416,OFC_448,New Delhi,Birth Certificate,6,55.95550888759016,133,118,15,39
APP_417,OFC_364,Tirunelveli,Birth Certificate,47,21.85380524868544,913,824,89,45
APP_418,OFC_575,Bilaspur,Marriage Certificate,44,10.125786575948208,5487,5403,84,42
APP_419,OFC_90,Haridwar,Income Certificate,20,15.628717837879249,2849,2776,73,51
APP_420,OFC_180,Central Delhi,Income Certificate,41,45.01410766238023,2383,2320,63,44
APP_421,OFC_311,Baramulla,Caste Certificate,33,13.208720835781063,3719,3666,53,35
APP_422,OFC_787,Margao,Income Certificate,27,49.15681649475503,222,187,35,40
APP_423,OFC_915,Aizawl,Caste Certificate,42,18.22923718490818,2126,2122,4,44
APP_424,OFC_677,Gangtok,Caste Certificate,26,41.91989538760229,2164,2134,30,58
APP_425,OFC_853,Mapusa,Birth Certificate,35,20.91917368907184,1179,1092,87,50
APP_426,OFC_423,Mohali,Marriage Certificate,35,42.89982095615263,452,378,74,30
APP_427,OFC_181,Bathinda,Domicile Certificate,46,48.530494748923545,1325,1272,53,39
APP_428,OFC_316,Jalandhar,Death Certificate,34,25.795542338309797,1164,1088,76,57
APP_429,OFC_246,Kashipur,Income Certificate,20,16.67836858577902,703,664,39,54
APP_430,OFC_858,Vellore,Domicile Certificate,13,39.25027552610583,135,109,26,54
APP_431,OFC_78,Siliguri,Birth Certificate,6,7.772922548121506,478,401,77,41
APP_432,OFC_674,Ajmer,Marriage Certificate,16,13.28781178504586,521,422,99,35
APP_433,OFC_941,Minicoy,Birth Certificate,40,38.79671776313972,1070,993,77,35
APP_434,OFC_710,Dharamshala,Marriage Certificate,16,22.794172686702037,1078,1035,43,42
APP_435,OFC_109,Varanasi,Income Certificate,31,27.11149692885324,1402,1304,98,37
APP_436,OFC_83,Bhilwara,Domicile Certificate,27,49.8401982099808,591,567,24,42
APP_437,OFC_962,Tuensang,Marriage Certificate,49,59.385954226404046,1391,1317,74,56
APP_438,OFC_925,Havelock,Caste Certificate,30,8.619646837981707,6695,6615,80,49
APP_439,OFC_852,Diglipur,Income Certificate,10,37.57657540841527,611,536,75,45
APP_440,OFC_276,Anantnag,Income Certificate,13,49.2252618298476,633,574,59,48
APP_441,OFC_52,Kolhapur,Domicile Certificate,49,51.7477631776763,2321,2299,22,48
APP_442,OFC_924,Nanded,Income Certificate,13,9.731768636811877,1363,1353,10,48
APP_443,OFC_427,Jaipur,Death Certificate,23,42.91207266564797,879,808,71,43
APP_444,OFC_943,Purnia,Marriage Certificate,11,40.25310404543168,242,190,52,58
APP_445,OFC_269,Bhopal,Birth Certificate,29,50.82623961281709,1530,1520,10,51
APP_446,OFC_791,Bhavnagar,Income Certificate,32,36.885214137380565,1226,1149,77,54
APP_447,OFC_348,Mahbubnagar,Marriage Certificate,21,10.848551354152494,3337,3287,50,43
APP_448,OFC_559,Darbhanga,Caste Certificate,42,30.046072451433417,2002,1993,9,54
APP_449,OFC_820,Thane,Caste Certificate,37,11.975321240273034,4129,4126,3,50
APP_450,OFC_178,Kolkata,Marriage Certificate,13,10.422682663306508,2166,2140,26,37
APP_451,OFC_377,Leh,Marriage Certificate,22,14.464731784894454,2664,2648,16,58
APP_452,OFC_986,Durgapur,Marriage Certificate,43,32.636998225481264,3122,3105,17,59
APP_453,OFC_255,Chennai,Income Certificate,11,42.317014275781965,814,797,17,55
APP_454,OFC_357,Amritsar,Marriage Certificate,34,41.97378780118071,993,973,20,30
APP_455,OFC_161,Tiruchirapalli,Income Certificate,47,12.269881176462944,4328,4322,6,44
APP_456,OFC_748,Shimla,Death Certificate,42,16.898302769695487,1557,1490,67,30
APP_457,OFC_984,Jamnagar,Income Certificate,26,16.999588127630027,685,591,94,35
APP_458,OFC_224,Amravati,Domicile Certificate,32,5.788199822685069,2983,2942,41,46
APP_459,OFC_330,Mumbai,Caste Certificate,43,25.55944598768513,1081,1003,78,36
APP_460,OFC_396,Nongpoh,Marriage Certificate,42,33.14390959130854,1265,1215,50,48
APP_461,OFC_557,Hazaribagh,Caste Certificate,12,36.562621732240295,476,379,97,42
APP_462,OFC_997,Thoothukudi,Birth Certificate,48,7.507183687176784,2562,2540,22,40
APP_463,OFC_965,North Delhi,Marriage Certificate,47,7.583514510397689,17805,17749,56,59
APP_464,OFC_56,Shimoga,Caste Certificate,31,47.12843661703485,794,747,47,38
APP_465,OFC_269,Khammam,Income Certificate,9,10.33311190309836,1426,1380,46,51
APP_466,OFC_114,Naharlagun,Income Certificate,15,51.40652741930115,197,133,64,36
APP_467,OFC_887,Bikaner,Caste Certificate,26,14.949054575839408,3405,3373,32,51
APP_468,OFC_692,Ranchi,Caste Certificate,41,43.06278041718596,659,606,53,31
APP_469,OFC_419,South Delhi,Domicile Certificate,49,12.315538939903082,7920,7856,64,41
APP_470,OFC_64,Medinipur,Caste Certificate,27,31.6091396923356,2127,2107,20,52
APP_471,OFC_813,Port Blair,Caste Certificate,48,16.55589561017935,5333,5243,90,48
APP_472,OFC_649,Geyzing,Caste Certificate,49,27.68216832573264,1073,982,91,50
APP_473,OFC_962,Tura,Birth Certificate,29,22.547479088273192,2024,2011,13,38
APP_474,OFC_503,Mandi,Caste Certificate,39,8.349606320472134,11432,11371,61,48
APP_475,OFC_153,Pathankot,Domicile Certificate,49,32.198661881622435,3606,3524,82,59
APP_476,OFC_499,Hubli,Marriage Certificate,13,36.466763004721344,665,577,88,48
APP_477,OFC_21,Dharmanagar,Marriage Certificate,10,38.84814289014595,188,171,17,45
APP_478,OFC_381,Erode,Domicile Certificate,13,38.26616861494196,317,302,15,33
APP_479,OFC_889,Nainital,Caste Certificate,9,30.218520920285844,594,521,73,49
APP_480,OFC_8,Anand,Birth Certificate,7,7.707150299741889,1462,1390,72,43
APP_481,OFC_758,Agatti,Death Certificate,27,39.120418866804656,921,827,94,36
APP_482,OFC_788,Udaipur,Death Certificate,48,7.995632605176066,2359,2290,69,42
APP_483,OFC_99,Meerut,Death Certificate,22,16.361955892197948,3272,3211,61,49
APP_484,OFC_324,Deoghar,Birth Certificate,19,46.32034084055718,232,203,29,52
APP_485,OFC_232,Surat,Marriage Certificate,12,9.532328452407151,1311,1285,26,45
APP_486,OFC_548,Kathua,Death Certificate,29,55.15002457773504,1246,1223,23,47
APP_487,OFC_894,Gorakhpur,Caste Certificate,38,8.50266221263842,5492,5421,71,40
APP_488,OFC_112,Gandhinagar,Domicile Certificate,36,48.07685000611733,280,213,67,36
APP_489,OFC_387,Belgaum,Caste Certificate,49,7.949913533645696,13715,13641,74,56
APP_490,OFC_929,Jammu,Income Certificate,40,36.78053843312897,1112,1066,46,56
APP_491,OFC_270,Davanagere,Domicile Certificate,35,12.809684264364655,4881,4803,78,57
APP_492,OFC_27,Asansol,Marriage Certificate,19,52.4373079070872,235,204,31,52
APP_493,OFC_884,Mangalore,Marriage Certificate,17,58.6678350201913,728,658,70,59
APP_494,OFC_921,Jamshedpur,Income Certificate,42,8.472145006438154,8089,7997,92,56
APP_495,OFC_757,Udhampur,Income Certificate,26,15.764195205480698,2521,2520,1,45
APP_496,OFC_935,Roorkee,Income Certificate,38,46.04995863722828,1026,990,36,46
APP_497,OFC_426,Adilabad,Income Certificate,6,5.012487102004054,894,798,96,33
APP_498,OFC_895,Guwahati,Birth Certificate,37,43.80594914073301,1137,1110,27,33
APP_499,OFC_439,Pasighat,Birth Certificate,40,55.48124857014542,591,515,76,59
APP_500,OFC_171,Aurangabad,Income Certificate,43,49.828965537169374,1086,1069,17,46
APP_501,OFC_470,Panaji,Marriage Certificate,5,53.75763896530464,221,175,46,46
APP_502,OFC_696,Satna,Caste Certificate,10,23.553183486517103,576,491,85,53
APP_503,OFC_611,Madurai,Domicile Certificate,34,29.125612513533014,2223,2193,30,40
APP_504,OFC_759,Vasco da Gama,Death Certificate,21,22.30458999143593,1666,1648,18,52
APP_505,OFC_482,Dimapur,Domicile Certificate,39,46.84872877193303,1159,1069,90,30
APP_506,OFC_528,Delhi,Income Certificate,48,29.20390912865741,1438,1396,42,51
APP_507,OFC_699,Rudrapur,Birth Certificate,27,58.94365929780216,1024,947,77,50
APP_508,OFC_2,Indore,Caste Certificate,14,15.685046405099078,375,322,53,46
APP_509,OFC_58,Allahabad,Income Certificate,10,48.6220695879681,368,305,63,35
APP_510,OFC_69,Haldwani,Birth Certificate,6,46.99337140175167,163,129,34,30
APP_511,OFC_855,Patna,Caste Certificate,33,13.03115606133294,4151,4109,42,38
APP_512,OFC_573,Champhai,Birth Certificate,18,41.927333995405526,548,489,59,35
APP_513,OFC_74,Jorhat,Birth Certificate,46,36.04174591864443,1567,1487,80,41
APP_514,OFC_442,Itanagar,Death Certificate,6,25.80234833838396,400,338,62,47
APP_515,OFC_537,Shillong,Death Certificate,41,24.82167220297612,1799,1798,1,50
APP_516,OFC_337,Solan,Domicile Certificate,21,13.893200430069276,2710,2682,28,45
APP_517,OFC_877,Jowai,Death Certificate,21,15.750190020261993,3108,3080,28,45
APP_518,OFC_338,Namchi,Domicile Certificate,24,37.07203028990781,1523,1472,51,44
APP_519,OFC_154,Bishnupur,Birth Certificate,30,19.39631050739653,2136,2104,32,46
APP_520,OFC_696,Rewa,Birth Certificate,7,28.8531882226209,301,278,23,52
APP_521,OFC_830,Agra,Marriage Certificate,5,7.819490254679899,899,894,5,39
APP_522,OFC_334,Bangalore,Birth Certificate,47,11.206375295099178,8787,8736,51,43
APP_523,OFC_922,Solapur,Income Certificate,15,38.72335511066599,724,637,87,41
APP_524,OFC_282,Silchar,Domicile Certificate,25,16.32890197323289,1340,1339,1,33
APP_525,OFC_699,Nashik,Domicile Certificate,7,32.079926693579424,97,34,63,37
APP_526,OFC_524,Mysore,Death Certificate,34,22.92035212106968,2358,2311,47,37
APP_527,OFC_69,Coimbatore,Caste Certificate,15,20.07662001005604,1168,1076,92,32
APP_528,OFC_405,Katihar,Death Certificate,12,22.713714435765134,695,682,13,40
APP_529,OFC_806,Bareilly,Domicile Certificate,48,10.099314594564843,5089,5086,3,31
APP_530,OFC_214,Jodhpur,Income Certificate,8,37.047738060502056,355,305,50,48
APP_531,OFC_895,Bokaro,Birth Certificate,16,31.938222739353243,495,488,7,37
APP_532,OFC_874,Jabalpur,Income Certificate,16,32.86771849697016,312,274,38,45
APP_533,OFC_129,East Delhi,Birth Certificate,30,45.54228276761515,584,579,5,51
APP_534,OFC_242,Karimnagar,Caste Certificate,42,31.675989313822267,428,390,38,39
APP_535,OFC_18,Serchhip,Caste Certificate,32,10.838819445110698,3484,3453,31,41
APP_536,OFC_25,Rangareddy,Death Certificate,15,48.55645926300702,821,724,97,54
APP_537,OFC_435,Salem,Caste Certificate,22,23.28346806959008,1860,1812,48,53
APP_538,OFC_186,Kavaratti,Death Certificate,30,52.57891046564666,1423,1330,93,44
APP_539,OFC_279,Dispur,Death Certificate,20,22.492178643198592,971,946,25,53
APP_540,OFC_339,Thoubal,Income Certificate,33,17.11755042420821,1064,1037,27,37
APP_541,OFC_485,Chandigarh,Income Certificate,26,43.22051088798291,953,894,59,34
APP_542,OFC_397,Nagaon,Income Certificate,9,15.557549144764916,436,430,6,49
APP_543,OFC_416,Udaipur (Tripura),Domicile Certificate,39,21.553147579739196,3243,3183,60,45
APP_544,OFC_853,Warangal,Income Certificate,49,13.137708376017322,4317,4250,67,56
APP_545,OFC_874,Muzaffarpur,Income Certificate,29,5.48274665713612,8827,8774,53,55
APP_546,OFC_284,Ujjain,Marriage Certificate,39,12.353260991968993,6142,6068,74,43
APP_547,OFC_836,Imphal,Marriage Certificate,37,16.833559189323054,3670,3588,82,38
APP_548,OFC_522,Patiala,Caste Certificate,16,57.5004613329625,497,431,66,47
APP_549,OFC_309,Gwalior,Income Certificate,22,45.74780976118698,1067,1027,40,59
APP_550,OFC_434,Nizamabad,Income Certificate,19,21.04313978968723,1395,1306,89,45
APP_551,OFC_859,Pune,Caste Certificate,28,37.08189865013125,1443,1376,67,39
APP_552,OFC_561,Tawang,Death Certificate,28,12.20822469423597,4620,4523,97,59
APP_553,OFC_380,Kullu,Birth Certificate,30,37.013857211832295,426,397,29,44
APP_554,OFC_369,Mayabunder,Marriage Certificate,26,52.50025788294359,578,484,94,47
APP_555,OFC_855,Lucknow,Death Certificate,24,8.003566676740798,7317,7299,18,57
APP_556,OFC_206,Tezpur,Death Certificate,40,21.38226691146162,4205,4165,40,49
APP_557,OFC_890,Junagadh,Income Certificate,14,19.011178903519536,1699,1615,84,56
APP_558,OFC_145,Sagar,Birth Certificate,9,6.069642770244465,4741,4642,99,59
APP_559,OFC_846,Nagpur,Income Certificate,37,36.26375748817768,526,447,79,40
APP_560,OFC_916,Howrah,Domicile Certificate,42,20.32818737606892,4937,4841,96,57
APP_561,OFC_387,Srinagar,Income Certificate,46,36.81980000119423,2368,2285,83,38
APP_562,OFC_866,Malda,Income Certificate,25,30.97245341659124,932,852,80,45
APP_563,OFC_504,Bhagalpur,Caste Certificate,11,36.35998974650816,351,289,62,39
APP_564,OFC_19,Gulbarga,Domicile Certificate,21,16.722816562266516,3206,3162,44,47
APP_565,OFC_204,Begusarai,Marriage Certificate,8,38.17849824762164,298,216,82,38
APP_566,OFC_529,Dibrugarh,Death Certificate,34,47.4683615188711,794,719,75,32
APP_567,OFC_725,Mokokchung,Birth Certificate,49,32.74766082301596,2053,2008,45,44
APP_568,OFC_530,West Delhi,Domicile Certificate,43,52.98859735061493,862,845,17,47
APP_569,OFC_511,Kota,Caste Certificate,13,52.6883100308421,501,472,29,43
APP_570,OFC_960,Vadodara,Domicile Certificate,29,53.89567045610277,772,735,37,31
APP_571,OFC_1,Rajkot,Birth Certificate,11,22.35982684519337,601,584,17,41
APP_572,OFC_108,Kailashahar,Marriage Certificate,21,18.288070203966967,3881,3837,44,59
APP_573,OFC_418,Agartala,Marriage Certificate,48,42.79544980577722,743,670,73,35
APP_574,OFC_509,Ludhiana,Caste Certificate,16,31.595241793470297,458,442,16,46
APP_575,OFC_723,Giridih,Marriage Certificate,9,44.73262614549496,361,303,58,38
APP_576,OFC_869,Sikar,Domicile Certificate,44,44.4133464428017,1716,1639,77,32
APP_577,OFC_262,Kanpur,Caste Certificate,21,15.057548971517985,2346,2295,51,46
APP_578,OFC_474,Kohima,Caste Certificate,26,21.72520497842061,1879,1841,38,52
APP_579,OFC_825,Ahmedabad,Birth Certificate,49,38.53250495516776,594,560,34,53
APP_580,OFC_730,Mangan,Income Certificate,15,44.72188542705055,704,630,74,50
APP_581,OFC_66,Dehradun,Income Certificate,10,14.996997876865684,839,823,16,49
APP_582,OFC_326,Churachandpur,Caste Certificate,27,10.841760517365092,3559,3467,92,35
APP_583,OFC_49,Gaya,Income Certificate,37,30.20999136844684,2436,2342,94,44
APP_584,OFC_635,Dhanbad,Death Certificate,48,48.72563453106587,1284,1272,12,30
APP_585,OFC_837,Lunglei,Caste Certificate,32,52.739977554229945,665,640,25,42
APP_586,OFC_559,Darjeeling,Death Certificate,42,26.26830474931041,3398,3390,8,57
APP_587,OFC_182,Manali,Income Certificate,43,59.87197447955626,1267,1232,35,32
APP_588,OFC_123,Arrah,Death Certificate,5,33.282485619628766,189,108,81,32
APP_589,OFC_509,Ramgarh,Domicile Certificate,14,8.03058443373571,2115,2046,69,31
APP_590,OFC_970,Ratlam,Caste Certificate,9,24.540618583030746,473,469,4,58
APP_591,OFC_656,Hyderabad,Caste Certificate,5,5.655489063803315,1209,1189,20,32
APP_592,OFC_90,Tumkur,Marriage Certificate,42,51.136163522089866,795,724,71,40
APP_593,OFC_264,Ghaziabad,Domicile Certificate,35,39.75340875857868,1122,1043,79,58
APP_594,OFC_365,Amini,Domicile Certificate,41,8.13513131535637,6669,6639,30,52
APP_595,OFC_225,Alwar,Income Certificate,13,20.6232113972236,312,308,4,56
APP_596,OFC_676,Bardhaman,Death Certificate,45,11.936057792324377,6584,6543,41,43
APP_597,OFC_125,New Delhi,Marriage Certificate,7,38.12409663074915,437,362,75,55
APP_598,OFC_404,Tirunelveli,Income Certificate,43,57.266885755489966,1480,1387,93,49
APP_599,OFC_46,Bilaspur,Caste Certificate,15,16.975089482561344,1225,1202,23,41
APP_600,OFC_976,Haridwar,Domicile Certificate,44,13.063800643791325,4388,4324,64,46
APP_601,OFC_580,Central Delhi,Caste Certificate,47,56.04078302011595,1834,1748,86,42
APP_602,OFC_716,Baramulla,Caste Certificate,11,53.33105880223114,74,71,3,30
APP_603,OFC_629,Margao,Death Certificate,40,15.462536195107566,4401,4347,54,42
APP_604,OFC_595,Aizawl,Death Certificate,5,10.89723168146681,768,733,35,48
APP_605,OFC_692,Gangtok,Domicile Certificate,22,24.473550929530177,1546,1500,46,38
APP_606,OFC_822,Mapusa,Income Certificate,30,30.056173009455986,1079,1078,1,45
APP_607,OFC_910,Mohali,Marriage Certificate,37,59.20804036740402,523,442,81,36
APP_608,OFC_140,Bathinda,Domicile Certificate,33,28.657850265325447,2799,2757,42,52
APP_609,OFC_362,Jalandhar,Income Certificate,13,39.32623810251099,374,297,77,33
APP_610,OFC_632,Kashipur,Marriage Certificate,46,6.546682845285806,15935,15861,74,58
APP_611,OFC_626,Vellore,Caste Certificate,46,10.909780394589948,5487,5436,51,42
APP_612,OFC_98,Siliguri,Domicile Certificate,48,39.65962966878728,1147,1145,2,34
APP_613,OFC_798,Ajmer,Income Certificate,13,23.82240386283975,410,376,34,59
APP_614,OFC_758,Minicoy,Income Certificate,45,41.187221717989424,1894,1851,43,41
APP_615,OFC_383,Dharamshala,Caste Certificate,29,46.406611130026114,478,453,25,59
APP_616,OFC_198,Varanasi,Income Certificate,47,26.466255096702376,4629,4545,84,46
APP_617,OFC_558,Bhilwara,Domicile Certificate,48,53.044384533486806,587,490,97,56
APP_618,OFC_488,Tuensang,Domicile Certificate,29,41.53866516331252,552,527,25,40
APP_619,OFC_83,Havelock,Marriage Certificate,46,46.27992900645557,652,630,22,57
APP_620,OFC_864,Diglipur,Death Certificate,16,24.34460612401088,945,933,12,39
APP_621,OFC_791,Anantnag,Caste Certificate,37,31.8345107403616,792,791,1,47
APP_622,OFC_50,Kolhapur,Marriage Certificate,42,5.041123960379209,3521,3493,28,47
APP_623,OFC_974,Nanded,Marriage Certificate,26,30.475968996990627,2102,2032,70,55
APP_624,OFC_601,Jaipur,Death Certificate,17,30.228781361714603,345,333,12,39
APP_625,OFC_186,Purnia,Caste Certificate,38,11.887651409581071,931,859,72,32
APP_626,OFC_651,Bhopal,Caste Certificate,34,31.379380320945195,826,825,1,30
APP_627,OFC_720,Bhavnagar,Income Certificate,28,26.416437881678043,881,839,42,33
APP_628,OFC_945,Mahbubnagar,Death Certificate,36,23.78637128673624,810,786,24,31
APP_629,OFC_761,Darbhanga,Income Certificate,5,27.01961447619069,340,324,16,39
APP_630,OFC_680,Thane,Caste Certificate,7,50.40441628362287,368,284,84,41
APP_631,OFC_611,Kolkata,Income Certificate,31,13.245008928592682,4111,4110,1,53
APP_632,OFC_739,Leh,Caste Certificate,6,41.62709413442553,317,257,60,50
APP_633,OFC_537,Durgapur,Domicile Certificate,6,47.10488533290615,120,108,12,55
APP_634,OFC_825,Chennai,Birth Certificate,39,33.510100483442635,341,289,52,34
APP_635,OFC_161,Amritsar,Marriage Certificate,12,33.64851981461311,354,316,38,49
APP_636,OFC_256,Tiruchirapalli,Marriage Certificate,36,47.05125450676866,715,701,14,45
APP_637,OFC_831,Shimla,Birth Certificate,9,17.962539401673673,656,588,68,38
APP_638,OFC_474,Jamnagar,Caste Certificate,22,29.92971034152617,1615,1559,56,50
APP_639,OFC_605,Amravati,Marriage Certificate,24,37.14177568742016,820,760,60,50
APP_640,OFC_731,Mumbai,Caste Certificate,10,48.66752965935749,271,261,10,34
APP_641,OFC_765,Nongpoh,Income Certificate,34,21.88982588481368,2482,2448,34,45
APP_642,OFC_690,Hazaribagh,Income Certificate,47,25.75416624766714,4603,4595,8,46
APP_643,OFC_829,Thoothukudi,Income Certificate,42,28.04131378911703,1537,1491,46,35
APP_644,OFC_121,North Delhi,Death Certificate,18,42.58294994452515,740,645,95,36
APP_645,OFC_232,Shimoga,Marriage Certificate,40,9.506614147098038,5087,5006,81,45
APP_646,OFC_137,Khammam,Death Certificate,39,59.401892550980335,1714,1652,62,49
APP_647,OFC_496,Naharlagun,Birth Certificate,43,33.034934140849884,1109,1081,28,52
APP_648,OFC_922,Bikaner,Caste Certificate,48,5.991595492740173,16320,16246,74,44
APP_649,OFC_648,Ranchi,Caste Certificate,33,11.49033146406562,3043,2966,77,47
APP_650,OFC_21,South Delhi,Birth Certificate,14,44.783166719667975,651,629,22,48
APP_651,OFC_260,Medinipur,Income Certificate,32,31.892300954114862,591,520,71,38
APP_652,OFC_512,Port Blair,Birth Certificate,21,51.00418555568678,737,709,28,31
APP_653,OFC_156,Geyzing,Marriage Certificate,18,6.20899981452926,6188,6101,87,46
APP_654,OFC_290,Tura,Marriage Certificate,44,56.56146448195076,915,823,92,40
APP_655,OFC_379,Mandi,Domicile Certificate,22,22.3554410943711,2906,2816,90,57
APP_656,OFC_993,Pathankot,Income Certificate,38,13.43770853139984,4644,4553,91,36
APP_657,OFC_486,Hubli,Death Certificate,8,8.872294932138278,284,190,94,41
APP_658,OFC_595,Dharmanagar,Domicile Certificate,15,28.071481679940085,545,464,81,52
APP_659,OFC_234,Erode,Income Certificate,29,44.60612334332201,1064,991,73,41
APP_660,OFC_147,Nainital,Domicile Certificate,32,41.49196898207905,1341,1260,81,44
APP_661,OFC_822,Anand,Domicile Certificate,10,10.355720100940232,1464,1372,92,37
APP_662,OFC_738,Agatti,Death Certificate,48,40.90004680774732,973,955,18,34
APP_663,OFC_235,Udaipur,Birth Certificate,37,29.44425267193243,1954,1868,86,34
APP_664,OFC_310,Meerut,Income Certificate,24,43.408588420367145,511,501,10,32
APP_665,OFC_675,Deoghar,Caste Certificate,42,36.10819402614239,824,808,16,34
APP_666,OFC_308,Surat,Marriage Certificate,20,22.40500170934017,563,551,12,30
APP_667,OFC_825,Kathua,Domicile Certificate,12,15.633657848662873,1913,1825,88,46
APP_668,OFC_630,Gorakhpur,Marriage Certificate,40,32.97882913189467,3217,3183,34,55
APP_669,OFC_235,Gandhinagar,Marriage Certificate,27,27.973971183513672,816,753,63,45
APP_670,OFC_7,Belgaum,Domicile Certificate,43,55.64239672998414,1322,1287,35,45
APP_671,OFC_657,Jammu,Domicile Certificate,6,30.839237679677485,539,507,32,58
APP_672,OFC_140,Davanagere,Death Certificate,41,23.610232625886876,2315,2285,30,37
APP_673,OFC_363,Asansol,Death Certificate,9,14.551940032488693,1331,1295,36,40
APP_674,OFC_598,Mangalore,Death Certificate,12,27.751603797076385,381,355,26,56
APP_675,OFC_362,Jamshedpur,Domicile Certificate,33,37.068722643217896,1227,1138,89,45
APP_676,OFC_332,Udhampur,Domicile Certificate,21,11.908858723592976,789,755,34,36
APP_677,OFC_182,Roorkee,Marriage Certificate,9,57.116081947822366,282,273,9,37
APP_678,OFC_844,Adilabad,Birth Certificate,32,38.98266599266202,2077,2058,19,49
APP_679,OFC_39,Guwahati,Marriage Certificate,41,34.65565867700229,2544,2474,70,40
APP_680,OFC_318,Pasighat,Marriage Certificate,27,54.86593133235994,668,625,43,36
APP_681,OFC_158,Aurangabad,Domicile Certificate,21,57.1509178708687,496,438,58,32
APP_682,OFC_703,Panaji,Domicile Certificate,27,17.082517335670445,1400,1347,53,40
APP_683,OFC_552,Satna,Income Certificate,23,39.64298201007484,953,915,38,50
APP_684,OFC_396,Madurai,Birth Certificate,49,21.440938255408327,4309,4255,54,43
APP_685,OFC_209,Vasco da Gama,Death Certificate,33,16.06463777588837,581,499,82,30
APP_686,OFC_396,Dimapur,Birth Certificate,38,48.94951801745749,1933,1859,74,58
APP_687,OFC_843,Delhi,Domicile Certificate,33,48.58968721917352,1100,1030,70,45
APP_688,OFC_229,Rudrapur,Income Certificate,6,17.793212418181575,483,418,65,40
APP_689,OFC_698,Indore,Domicile Certificate,10,49.273175863492696,447,383,64,34
APP_690,OFC_530,Allahabad,Marriage Certificate,14,29.313641721494125,836,759,77,30
APP_691,OFC_401,Haldwani,Caste Certificate,33,20.57704960953171,3136,3132,4,55
APP_692,OFC_6,Patna,Domicile Certificate,25,35.806379065514164,1220,1165,55,34
APP_693,OFC_149,Champhai,Birth Certificate,20,50.40818836988583,926,830,96,53
APP_694,OFC_636,Jorhat,Marriage Certificate,14,41.80347855441679,803,726,77,43
APP_695,OFC_751,Itanagar,Caste Certificate,34,26.467917859385505,1143,1080,63,43
APP_696,OFC_633,Shillong,Birth Certificate,38,11.421134652283754,2249,2213,36,40
APP_697,OFC_390,Solan,Birth Certificate,26,41.4532153009015,1982,1913,69,54
APP_698,OFC_106,Jowai,Caste Certificate,5,50.00983527673692,161,91,70,33
APP_699,OFC_564,Namchi,Domicile Certificate,35,41.6170882145952,2124,2123,1,47
APP_700,OFC_811,Bishnupur,Caste Certificate,35,43.35963054903684,1942,1896,46,53
APP_701,OFC_71,Rewa,Death Certificate,19,52.5747236914277,752,682,70,49
APP_702,OFC_133,Agra,Death Certificate,15,35.78445897605724,331,244,87,53
APP_703,OFC_82,Bangalore,Domicile Certificate,5,12.167489345021,489,435,54,30
APP_704,OFC_664,Solapur,Income Certificate,30,7.38883464796006,1456,1420,36,35
APP_705,OFC_295,Silchar,Marriage Certificate,46,24.34403998773445,3295,3254,41,40
APP_706,OFC_416,Nashik,Death Certificate,30,41.4023171718253,245,175,70,53
APP_707,OFC_534,Mysore,Birth Certificate,38,51.81936420491331,572,505,67,30
APP_708,OFC_146,Coimbatore,Marriage Certificate,16,12.174827546898992,1086,1018,68,36
APP_709,OFC_371,Katihar,Birth Certificate,41,53.88703041163807,2225,2165,60,51
APP_710,OFC_798,Bareilly,Death Certificate,24,5.225841159359665,4131,4043,88,40
APP_711,OFC_856,Jodhpur,Caste Certificate,6,12.856524917555806,1187,1123,64,55
APP_712,OFC_393,Bokaro,Income Certificate,19,59.98633598859744,600,578,22,34
APP_713,OFC_987,Jabalpur,Birth Certificate,45,14.765685584227253,2516,2476,40,31
APP_714,OFC_442,East Delhi,Income Certificate,18,33.6063477976317,550,489,61,50
APP_715,OFC_716,Karimnagar,Marriage Certificate,20,49.37279783784727,256,175,81,35
APP_716,OFC_65,Serchhip,Income Certificate,19,22.37647023121002,2359,2327,32,58
APP_717,OFC_266,Rangareddy,Income Certificate,24,26.916331916006797,542,529,13,30
APP_718,OFC_810,Salem,Domicile Certificate,36,30.539263743517797,1606,1537,69,56
APP_719,OFC_971,Kavaratti,Birth Certificate,24,49.41449404688962,641,568,73,31
APP_720,OFC_586,Dispur,Caste Certificate,34,46.12352827071992,1597,1526,71,47
APP_721,OFC_940,Thoubal,Income Certificate,12,56.43372148071416,103,84,19,34
APP_722,OFC_825,Chandigarh,Death Certificate,14,45.988281739484265,310,250,60,59
APP_723,OFC_623,Nagaon,Death Certificate,43,54.96255589977133,633,609,24,58
APP_724,OFC_128,Udaipur (Tripura),Caste Certificate,11,8.954869452404509,1553,1507,46,51
APP_725,OFC_834,Warangal,Birth Certificate,6,36.79396561068269,298,201,97,57
APP_726,OFC_230,Muzaffarpur,Death Certificate,36,31.709690371766904,2147,2049,98,55
APP_727,OFC_270,Ujjain,Caste Certificate,42,10.845318136379468,5124,5111,13,46
APP_728,OFC_104,Imphal,Death Certificate,46,49.08467033954915,769,675,94,47
APP_729,OFC_236,Patiala,Caste Certificate,26,17.7038620790435,1012,917,95,46
APP_730,OFC_291,Gwalior,Domicile Certificate,15,46.52832281489005,349,259,90,33
APP_731,OFC_852,Nizamabad,Domicile Certificate,8,35.218573675868384,780,704,76,58
APP_732,OFC_826,Pune,Domicile Certificate,23,7.940229193264999,1097,1012,85,46
APP_733,OFC_713,Tawang,Death Certificate,37,34.572593696530525,1850,1838,12,45
APP_734,OFC_721,Kullu,Death Certificate,36,54.96008932271949,1867,1819,48,49
APP_735,OFC_798,Mayabunder,Birth Certificate,16,40.31606292640366,1247,1202,45,57
APP_736,OFC_942,Lucknow,Marriage Certificate,48,28.982583576521847,2844,2825,19,59
APP_737,OFC_558,Tezpur,Birth Certificate,13,51.33939795934909,244,180,64,52
APP_738,OFC_102,Junagadh,Caste Certificate,18,54.29548536900834,584,494,90,44
APP_739,OFC_971,Sagar,Caste Certificate,9,47.17225959860846,261,232,29,54
APP_740,OFC_643,Nagpur,Income Certificate,13,49.32482133933927,359,347,12,36
APP_741,OFC_550,Howrah,Birth Certificate,40,49.92363532658911,921,854,67,48
APP_742,OFC_755,Srinagar,Domicile Certificate,45,20.635855900250263,914,821,93,49
APP_743,OFC_537,Malda,Domicile Certificate,16,37.49487311925292,338,243,95,40
APP_744,OFC_257,Bhagalpur,Marriage Certificate,21,31.78953993779679,471,378,93,37
APP_745,OFC_386,Gulbarga,Birth Certificate,18,35.575160939087624,1301,1247,54,55
APP_746,OFC_898,Begusarai,Death Certificate,31,55.84718555257291,1434,1342,92,52
APP_747,OFC_881,Dibrugarh,Birth Certificate,30,45.60625307630692,1516,1498,18,52
APP_748,OFC_600,Mokokchung,Income Certificate,15,39.022183198966346,778,769,9,44
APP_749,OFC_989,West Delhi,Marriage Certificate,22,40.98264878999309,161,152,9,36
APP_750,OFC_295,Kota,Income Certificate,32,44.618335304129616,1616,1541,75,52
APP_751,OFC_743,Vadodara,Birth Certificate,46,43.55561969022724,2173,2158,15,52
APP_752,OFC_569,Rajkot,Birth Certificate,47,46.37843478878367,2442,2386,56,47
APP_753,OFC_269,Kailashahar,Birth Certificate,7,41.09116392054836,209,114,95,50
APP_754,OFC_365,Agartala,Marriage Certificate,25,38.979725702410754,384,306,78,49
APP_755,OFC_107,Ludhiana,Caste Certificate,19,45.20104197631684,675,625,50,38
APP_756,OFC_309,Giridih,Caste Certificate,10,46.59284743989173,673,583,90,55
APP_757,OFC_280,Sikar,Caste Certificate,30,57.903853129913934,383,340,43,43
APP_758,OFC_349,Kanpur,Caste Certificate,8,17.545520784631183,155,57,98,32
APP_759,OFC_146,Kohima,Birth Certificate,5,14.70265507353374,288,251,37,36
APP_760,OFC_568,Ahmedabad,Caste Certificate,30,53.12432284289583,724,637,87,35
APP_761,OFC_296,Mangan,Income Certificate,10,13.10996545843742,952,863,89,33
APP_762,OFC_73,Dehradun,Income Certificate,46,11.050974662014898,10023,10014,9,43
APP_763,OFC_60,Churachandpur,Domicile Certificate,7,43.27348659026667,125,55,70,43
APP_764,OFC_165,Gaya,Caste Certificate,42,8.08012699164501,5013,5013,0,36
APP_765,OFC_878,Dhanbad,Death Certificate,26,39.56325559047201,801,789,12,56
APP_766,OFC_459,Lunglei,Caste Certificate,10,49.93502659236969,427,392,35,35
APP_767,OFC_64,Darjeeling,Death Certificate,11,6.635494371203143,1219,1187,32,39
APP_768,OFC_410,Manali,Birth Certificate,17,12.727445538753454,1699,1651,48,30
APP_769,OFC_268,Arrah,Birth Certificate,9,57.902568089139926,277,229,48,35
APP_770,OFC_413,Ramgarh,Domicile Certificate,6,49.08907172901185,94,75,19,46
APP_771,OFC_57,Ratlam,Caste Certificate,8,27.131646064793657,271,248,23,34
APP_772,OFC_80,Hyderabad,Marriage Certificate,34,11.595702240992155,394,368,26,53
APP_773,OFC_61,Tumkur,Death Certificate,35,15.402628297970704,2510,2450,60,43
APP_774,OFC_458,Ghaziabad,Income Certificate,20,7.737955083767407,6513,6497,16,56
APP_775,OFC_486,Amini,Birth Certificate,26,42.15428027410312,723,644,79,45
APP_776,OFC_122,Alwar,Caste Certificate,21,57.01760943546535,258,216,42,51
APP_777,OFC_597,Bardhaman,Marriage Certificate,13,36.8521392219277,883,842,41,58
APP_778,OFC_337,New Delhi,Birth Certificate,43,13.99846314640417,10309,10224,85,59
APP_779,OFC_178,Tirunelveli,Death Certificate,15,20.558725038250085,1707,1661,46,43
APP_780,OFC_949,Bilaspur,Domicile Certificate,47,49.693695149849454,1241,1147,94,46
APP_781,OFC_886,Haridwar,Marriage Certificate,9,37.179279900526886,724,649,75,56
APP_782,OFC_979,Central Delhi,Income Certificate,25,42.83505503004284,659,581,78,40
APP_783,OFC_28,Baramulla,Death Certificate,8,33.99316098938956,538,504,34,41
APP_784,OFC_492,Margao,Caste Certificate,5,54.32106024492595,90,43,47,34
APP_785,OFC_277,Aizawl,Domicile Certificate,41,11.395052416108436,3494,3466,28,50
APP_786,OFC_451,Gangtok,Domicile Certificate,5,57.83931134183995,233,220,13,51
APP_787,OFC_333,Mapusa,Birth Certificate,42,51.0141115702212,1166,1136,30,52
APP_788,OFC_112,Mohali,Birth Certificate,37,32.344200439472715,2076,2025,51,39
APP_789,OFC_992,Bathinda,Income Certificate,17,42.326305160479336,412,317,95,30
APP_790,OFC_965,Jalandhar,Birth Certificate,32,57.397007657449166,1086,989,97,44
APP_791,OFC_897,Kashipur,Death Certificate,8,18.94885952012103,357,268,89,55
APP_792,OFC_62,Vellore,Death Certificate,35,20.68843882687216,2198,2148,50,41
APP_793,OFC_846,Siliguri,Death Certificate,7,44.786707887021066,321,303,18,47
APP_794,OFC_203,Ajmer,Marriage Certificate,37,51.22435128003111,553,465,88,50
APP_795,OFC_750,Minicoy,Caste Certificate,24,59.40691758813224,453,370,83,39
APP_796,OFC_850,Dharamshala,Caste Certificate,30,32.53194891965643,281,278,3,37
APP_797,OFC_992,Varanasi,Death Certificate,28,6.571400474820575,5988,5901,87,34
APP_798,OFC_166,Bhilwara,Birth Certificate,26,10.17329011257238,1827,1766,61,49
APP_799,OFC_860,Tuensang,Caste Certificate,47,55.415370648165386,453,427,26,49
APP_800,OFC_813,Havelock,Domicile Certificate,12,17.214520351494443,850,792,58,58
APP_801,OFC_689,Diglipur,Death Certificate,22,53.781816098557705,291,274,17,51
APP_802,OFC_425,Anantnag,Marriage Certificate,11,38.13812499661008,265,249,16,50
APP_803,OFC_345,Kolhapur,Caste Certificate,17,52.35683699847322,476,421,55,34
APP_804,OFC_29,Nanded,Death Certificate,43,36.728580123732016,2029,2007,22,42
APP_805,OFC_473,Jaipur,Death Certificate,17,23.29795988309685,543,444,99,31
APP_806,OFC_948,Purnia,Birth Certificate,6,47.84529666582207,155,79,76,47
APP_807,OFC_41,Bhopal,Income Certificate,11,44.94042161241578,309,225,84,34
APP_808,OFC_207,Bhavnagar,Income Certificate,17,47.33747690620721,148,144,4,42
APP_809,OFC_983,Mahbubnagar,Birth Certificate,44,56.56526855740362,518,437,81,36
APP_810,OFC_413,Darbhanga,Birth Certificate,14,45.60932024166571,766,677,89,48
APP_811,OFC_481,Thane,Domicile Certificate,24,44.11962035907492,978,896,82,34
APP_812,OFC_900,Kolkata,Marriage Certificate,34,34.55585547441203,2095,2001,94,38
APP_813,OFC_70,Leh,Caste Certificate,30,12.817746947885476,2076,2055,21,58
APP_814,OFC_48,Durgapur,Marriage Certificate,15,43.9144490759994,830,741,89,48
APP_815,OFC_757,Chennai,Marriage Certificate,25,33.404438804655186,1129,1040,89,48
APP_816,OFC_800,Amritsar,Caste Certificate,45,29.46157440111069,938,930,8,49
APP_817,OFC_255,Tiruchirapalli,Birth Certificate,32,33.56687269059072,458,379,79,39
APP_818,OFC_631,Shimla,Income Certificate,47,44.23269512256997,781,769,12,54
APP_819,OFC_438,Jamnagar,Marriage Certificate,33,52.185438973396224,773,761,12,58
APP_820,OFC_710,Amravati,Death Certificate,12,20.856269250484097,630,545,85,41
APP_821,OFC_769,Mumbai,Income Certificate,23,19.49829918937848,933,864,69,30
APP_822,OFC_144,Nongpoh,Birth Certificate,28,29.962774099776485,1240,1142,98,39
APP_823,OFC_883,Hazaribagh,Birth Certificate,22,28.73294659162033,810,748,62,53
APP_824,OFC_738,Thoothukudi,Birth Certificate,43,44.33968953800844,1759,1728,31,51
APP_825,OFC_735,North Delhi,Death Certificate,8,6.967143365821439,124,108,16,50
APP_826,OFC_318,Shimoga,Birth Certificate,39,29.172927924615347,537,484,53,32
APP_827,OFC_391,Khammam,Death Certificate,49,5.750191520973459,14089,14053,36,59
APP_828,OFC_368,Naharlagun,Death Certificate,17,41.37962991372056,510,504,6,40
APP_829,OFC_647,Bikaner,Caste Certificate,45,23.08258581209249,504,501,3,46
APP_830,OFC_166,Ranchi,Marriage Certificate,30,30.14767307907494,1869,1791,78,46
APP_831,OFC_879,South Delhi,Death Certificate,41,27.008540007596945,1916,1908,8,45
APP_832,OFC_163,Medinipur,Domicile Certificate,46,22.850476035200938,4454,4367,87,48
APP_833,OFC_303,Port Blair,Domicile Certificate,20,53.43578176055178,221,149,72,35
APP_834,OFC_235,Geyzing,Income Certificate,33,27.60283344197468,1351,1271,80,30
APP_835,OFC_641,Tura,Caste Certificate,31,39.56992169833736,1209,1131,78,37
APP_836,OFC_127,Mandi,Caste Certificate,17,37.18934815304156,683,628,55,35
APP_837,OFC_158,Pathankot,Income Certificate,48,45.08787802187277,428,391,37,52
APP_838,OFC_255,Hubli,Marriage Certificate,20,41.814159291953786,865,772,93,57
APP_839,OFC_670,Dharmanagar,Income Certificate,7,54.82171644996182,304,228,76,40
APP_840,OFC_221,Erode,Income Certificate,39,42.85611491349903,1266,1206,60,37
APP_841,OFC_95,Nainital,Income Certificate,45,42.77765715542005,2016,1937,79,50
APP_842,OFC_498,Anand,Birth Certificate,24,45.449012664070246,1281,1280,1,47
APP_843,OFC_642,Agatti,Caste Certificate,18,29.64939658617252,1498,1493,5,42
APP_844,OFC_650,Udaipur,Marriage Certificate,48,54.1750253091815,948,903,45,39
APP_845,OFC_852,Meerut,Income Certificate,12,50.19071336340399,266,204,62,40
APP_846,OFC_899,Deoghar,Marriage Certificate,22,19.79787258081896,1687,1641,46,35
APP_847,OFC_705,Surat,Caste Certificate,12,44.10433678050256,582,513,69,51
APP_848,OFC_133,Kathua,Domicile Certificate,29,23.02741632126704,1682,1666,16,36
APP_849,OFC_75,Gorakhpur,Death Certificate,38,44.34899118020972,933,855,78,31
APP_850,OFC_93,Gandhinagar,Death Certificate,27,24.88059306741835,2185,2089,96,57
APP_851,OFC_74,Belgaum,Marriage Certificate,20,53.63348456609248,433,346,87,51
APP_852,OFC_74,Jammu,Domicile Certificate,5,18.61604794779816,427,371,56,55
APP_853,OFC_858,Davanagere,Death Certificate,18,11.8992981447786,1240,1225,15,51
APP_854,OFC_407,Asansol,Death Certificate,25,11.486627118082842,2614,2554,60,38
APP_855,OFC_354,Mangalore,Caste Certificate,13,36.19207891428052,389,322,67,35
APP_856,OFC_93,Jamshedpur,Birth Certificate,26,27.22816374773809,1809,1805,4,45
APP_857,OFC_440,Udhampur,Caste Certificate,29,18.288135412202195,3425,3410,15,47
APP_858,OFC_19,Roorkee,Income Certificate,38,32.02739948879676,275,257,18,46
APP_859,OFC_786,Adilabad,Domicile Certificate,30,31.75153954488916,1765,1681,84,52
APP_860,OFC_235,Guwahati,Birth Certificate,23,17.309994733103586,1346,1337,9,39
APP_861,OFC_838,Pasighat,Domicile Certificate,21,43.23580528367662,952,924,28,47
APP_862,OFC_480,Aurangabad,Caste Certificate,10,5.156318451518485,1328,1265,63,30
APP_863,OFC_34,Panaji,Birth Certificate,43,13.671356473829938,4369,4287,82,49
APP_864,OFC_917,Satna,Domicile Certificate,46,56.080115310253454,986,908,78,58
APP_865,OFC_390,Madurai,Caste Certificate,19,22.230180612599828,718,660,58,36
APP_866,OFC_388,Vasco da Gama,Marriage Certificate,26,13.396199049743103,4728,4714,14,46
APP_867,OFC_293,Dimapur,Caste Certificate,41,37.497955763584216,225,186,39,32
APP_868,OFC_520,Delhi,Birth Certificate,35,31.181138878406596,2617,2540,77,41
APP_869,OFC_714,Rudrapur,Income Certificate,33,33.63604445537614,2020,2014,6,45
APP_870,OFC_743,Indore,Caste Certificate,10,37.32874727865047,399,364,35,40
APP_871,OFC_37,Allahabad,Income Certificate,16,50.660590968826426,494,486,8,58
APP_872,OFC_559,Haldwani,Marriage Certificate,9,7.218158857833215,1603,1578,25,41
APP_873,OFC_146,Patna,Death Certificate,7,26.76596564160449,370,319,51,52
APP_874,OFC_366,Champhai,Birth Certificate,41,8.575043392188867,7334,7273,61,48
APP_875,OFC_581,Jorhat,Marriage Certificate,18,11.969200437883138,949,865,84,39
APP_876,OFC_619,Itanagar,Death Certificate,48,11.870589590734838,6590,6519,71,45
APP_877,OFC_398,Shillong,Income Certificate,20,7.710050947052431,4464,4424,40,38
APP_878,OFC_454,Solan,Income Certificate,29,59.983920080200704,911,814,97,53
APP_879,OFC_348,Jowai,Birth Certificate,21,39.00904688750016,1142,1061,81,51
APP_880,OFC_158,Namchi,Death Certificate,38,14.391815589771207,2198,2111,87,56
APP_881,OFC_734,Bishnupur,Birth Certificate,35,32.03328242075046,435,430,5,41
APP_882,OFC_595,Rewa,Caste Certificate,40,14.658007683968457,2760,2698,62,45
APP_883,OFC_381,Agra,Income Certificate,30,24.600165076528118,3617,3574,43,58
APP_884,OFC_828,Bangalore,Caste Certificate,30,7.63767528403432,5481,5398,83,57
APP_885,OFC_608,Solapur,Domicile Certificate,30,5.633930772914189,4190,4111,79,56
APP_886,OFC_767,Silchar,Income Certificate,15,7.544200409370614,5182,5104,78,54
APP_887,OFC_557,Nashik,Income Certificate,45,34.86095140048815,2350,2337,13,39
APP_888,OFC_135,Mysore,Death Certificate,19,11.32560152554538,3079,3045,34,48
APP_889,OFC_656,Coimbatore,Birth Certificate,12,45.85943477541376,330,237,93,42
APP_890,OFC_175,Katihar,Caste Certificate,20,58.02297715723192,649,591,58,52
APP_891,OFC_730,Bareilly,Marriage Certificate,26,40.75508481269623,1307,1284,23,50
APP_892,OFC_525,Jodhpur,Domicile Certificate,31,47.1169826576147,716,716,0,36
APP_893,OFC_68,Bokaro,Death Certificate,28,35.55894350753216,920,861,59,36
APP_894,OFC_341,Jabalpur,Birth Certificate,15,44.19307740141162,628,530,98,39
APP_895,OFC_461,East Delhi,Income Certificate,16,28.341395993988076,551,461,90,50
APP_896,OFC_927,Karimnagar,Income Certificate,25,39.93363438751643,888,847,41,36
APP_897,OFC_398,Serchhip,Income Certificate,8,57.57285237976858,20,14,6,31
APP_898,OFC_976,Rangareddy,Marriage Certificate,19,25.55076630051413,1406,1365,41,41
APP_899,OFC_575,Salem,Death Certificate,8,47.46174822847952,273,222,51,58
APP_900,OFC_938,Kavaratti,Income Certificate,8,54.49502488450695,176,175,1,40
APP_901,OFC_149,Dispur,Death Certificate,10,42.26861501547768,525,523,2,47
APP_902,OFC_913,Thoubal,Birth Certificate,27,47.678726739838325,295,292,3,38
APP_903,OFC_955,Chandigarh,Income Certificate,49,34.8562755883741,2391,2339,52,34
APP_904,OFC_266,Nagaon,Marriage Certificate,12,29.835086254958345,163,117,46,51
APP_905,OFC_949,Udaipur (Tripura),Income Certificate,5,36.44001398857729,139,88,51,48
APP_906,OFC_96,Warangal,Death Certificate,33,24.000363330754787,558,526,32,55
APP_907,OFC_803,Muzaffarpur,Income Certificate,47,35.56376732155703,1794,1718,76,48
APP_908,OFC_132,Ujjain,Income Certificate,17,35.44196486093532,1143,1132,11,46
APP_909,OFC_44,Imphal,Caste Certificate,48,32.47520392471704,657,642,15,31
APP_910,OFC_706,Patiala,Income Certificate,39,58.55792755384109,58,21,37,48
APP_911,OFC_46,Gwalior,Death Certificate,23,57.09438392638667,580,550,30,39
APP_912,OFC_156,Nizamabad,Caste Certificate,21,34.35489775192944,781,699,82,34
APP_913,OFC_982,Pune,Marriage Certificate,41,38.34112394856826,1727,1654,73,30
APP_914,OFC_455,Tawang,Caste Certificate,48,55.24310317571827,1817,1781,36,41
APP_915,OFC_734,Kullu,Marriage Certificate,47,44.79693852419895,464,446,18,31
APP_916,OFC_509,Mayabunder,Domicile Certificate,32,53.58423355621572,803,774,29,54
APP_917,OFC_524,Lucknow,Domicile Certificate,28,24.57826149577301,2397,2378,19,57
APP_918,OFC_796,Tezpur,Marriage Certificate,6,9.399036553821514,845,831,14,37
APP_919,OFC_115,Junagadh,Income Certificate,16,32.760671145919346,442,399,43,49
APP_920,OFC_54,Sagar,Caste Certificate,14,16.734968741813418,900,880,20,35
APP_921,OFC_159,Nagpur,Domicile Certificate,30,37.47095308621234,629,545,84,50
APP_922,OFC_342,Howrah,Marriage Certificate,16,34.438900404612,468,417,51,35
APP_923,OFC_565,Srinagar,Death Certificate,49,28.97165977324845,1961,1866,95,44
APP_924,OFC_528,Malda,Income Certificate,21,33.00723960798929,1972,1891,81,55
APP_925,OFC_93,Bhagalpur,Death Certificate,33,46.99884144289112,332,313,19,37
APP_926,OFC_937,Gulbarga,Income Certificate,44,13.543881638050932,1266,1234,32,45
APP_927,OFC_788,Begusarai,Domicile Certificate,40,22.272420165970427,2524,2480,44,45
APP_928,OFC_309,Dibrugarh,Birth Certificate,16,41.04786332415703,507,495,12,35
APP_929,OFC_706,Mokokchung,Birth Certificate,40,45.28500460235514,1434,1386,48,48
APP_930,OFC_265,West Delhi,Birth Certificate,28,31.5010489466942,673,648,25,43
APP_931,OFC_886,Kota,Marriage Certificate,15,43.23763106612546,576,500,76,37
APP_932,OFC_389,Vadodara,Death Certificate,43,55.85581079728495,1799,1722,77,56
APP_933,OFC_362,Rajkot,Income Certificate,29,6.879657397259808,948,860,88,59
APP_934,OFC_478,Kailashahar,Domicile Certificate,38,14.605753600045244,3756,3679,77,53
APP_935,OFC_311,Agartala,Income Certificate,16,25.07960203064204,1533,1522,11,42
APP_936,OFC_282,Ludhiana,Marriage Certificate,6,15.763926340133333,531,443,88,53
APP_937,OFC_241,Giridih,Domicile Certificate,17,36.3969164049372,670,628,42,45
APP_938,OFC_646,Sikar,Marriage Certificate,29,11.79049655519048,5607,5570,37,57
APP_939,OFC_40,Kanpur,Domicile Certificate,12,54.14440209241403,444,399,45,37
APP_940,OFC_439,Kohima,Income Certificate,26,50.395788782793446,1144,1121,23,42
APP_941,OFC_293,Ahmedabad,Marriage Certificate,8,6.4631409978110135,1541,1447,94,51
APP_942,OFC_250,Mangan,Caste Certificate,29,47.633851069091534,1121,1073,48,46
APP_943,OFC_783,Dehradun,Income Certificate,5,26.6687805904484,636,630,6,58
APP_944,OFC_201,Churachandpur,Caste Certificate,29,47.55060672804338,674,631,43,39
APP_945,OFC_373,Gaya,Death Certificate,21,30.22618777208037,1584,1509,75,58
APP_946,OFC_168,Dhanbad,Birth Certificate,17,35.95469360244965,562,543,19,34
APP_947,OFC_614,Lunglei,Birth Certificate,18,30.20557690124502,328,245,83,48
APP_948,OFC_57,Darjeeling,Caste Certificate,38,36.03655855684066,840,815,25,35
APP_949,OFC_777,Manali,Caste Certificate,24,33.631379936454536,478,457,21,47
APP_950,OFC_944,Arrah,Death Certificate,48,41.50891156234676,3374,3365,9,51
APP_951,OFC_754,Ramgarh,Caste Certificate,18,59.84436382841484,445,393,52,44
APP_952,OFC_592,Ratlam,Domicile Certificate,20,14.791117836074868,2446,2413,33,35
APP_953,OFC_413,Hyderabad,Caste Certificate,41,10.878691251898331,9034,8938,96,48
APP_954,OFC_608,Tumkur,Marriage Certificate,49,23.19361452852106,3116,3057,59,30
APP_955,OFC_664,Ghaziabad,Income Certificate,22,10.614120862135383,1232,1210,22,39
APP_956,OFC_162,Amini,Domicile Certificate,10,48.56017193716078,265,201,64,32
APP_957,OFC_621,Alwar,Birth Certificate,33,49.15211193041209,272,254,18,44
APP_958,OFC_303,Bardhaman,Domicile Certificate,6,26.87509365924973,464,455,9,59
APP_959,OFC_721,New Delhi,Domicile Certificate,21,34.431627922037265,293,268,25,57
APP_960,OFC_304,Tirunelveli,Death Certificate,33,24.793542876500517,887,864,23,37
APP_961,OFC_607,Bilaspur,Caste Certificate,45,8.463427480353523,4999,4903,96,31
APP_962,OFC_843,Haridwar,Income Certificate,46,16.575396122576674,1069,1051,18,54
APP_963,OFC_700,Central Delhi,Birth Certificate,39,50.12537095870733,138,134,4,46
APP_964,OFC_62,Baramulla,Domicile Certificate,47,39.20035105247287,1870,1823,47,49
APP_965,OFC_585,Margao,Birth Certificate,35,14.201575899623254,4321,4253,68,55
APP_966,OFC_512,Aizawl,Birth Certificate,8,5.860381241908877,1240,1179,61,49
APP_967,OFC_686,Gangtok,Caste Certificate,37,27.726185932827235,3302,3236,66,44
APP_968,OFC_739,Mapusa,Caste Certificate,16,18.28717503689584,998,916,82,39
APP_969,OFC_621,Mohali,Marriage Certificate,48,10.116670610749264,2792,2750,42,32
APP_970,OFC_582,Bathinda,Caste Certificate,16,19.084863443113303,825,784,41,54
APP_971,OFC_788,Jalandhar,Marriage Certificate,15,23.62537992963248,380,295,85,56
APP_972,OFC_637,Kashipur,Domicile Certificate,41,15.965945045584483,2162,2134,28,54
APP_973,OFC_90,Vellore,Caste Certificate,24,24.631551387147425,1141,1139,2,56
APP_974,OFC_128,Siliguri,Birth Certificate,23,21.304239862866847,970,964,6,34
APP_975,OFC_869,Ajmer,Marriage Certificate,45,58.707608550530686,880,843,37,45
APP_976,OFC_633,Minicoy,Marriage Certificate,14,51.250811407540304,602,590,12,58
APP_977,OFC_929,Dharamshala,Death Certificate,25,29.464302228232995,1475,1404,71,51
APP_978,OFC_702,Varanasi,Income Certificate,36,47.10826500417858,415,378,37,31
APP_979,OFC_513,Bhilwara,Caste Certificate,29,54.73051641538353,1593,1508,85,53
APP_980,OFC_5,Tuensang,Death Certificate,22,30.42989812812533,1405,1373,32,51
APP_981,OFC_285,Havelock,Caste Certificate,41,16.619460431600803,7028,7026,2,57
APP_982,OFC_475,Diglipur,Caste Certificate,40,53.391862642129375,1480,1426,54,54
APP_983,OFC_156,Anantnag,Death Certificate,13,50.951738560381294,492,468,24,41
APP_984,OFC_664,Kolhapur,Income Certificate,28,20.666897213583752,2049,1958,91,48
APP_985,OFC_879,Nanded,Death Certificate,44,53.04986024490851,1701,1602,99,37
APP_986,OFC_155,Jaipur,Caste Certificate,13,36.79412770516574,246,237,9,30
APP_987,OFC_181,Purnia,Income Certificate,41,44.58320143034606,498,495,3,54
APP_988,OFC_426,Bhopal,Caste Certificate,7,21.170186372722423,585,532,53,57
APP_989,OFC_561,Bhavnagar,Birth Certificate,46,21.792924446829648,3870,3826,44,45
APP_990,OFC_895,Mahbubnagar,Death Certificate,36,27.09092191704092,1722,1663,59,59
APP_991,OFC_971,Darbhanga,Birth Certificate,21,19.46883426084477,689,684,5,51
APP_992,OFC_944,Thane,Marriage Certificate,27,58.46916430573797,224,185,39,42
APP_993,OFC_16,Kolkata,Marriage Certificate,31,24.524727257109447,3027,2997,30,58
APP_994,OFC_405,Leh,Death Certificate,40,45.46034630062509,399,331,68,33
APP_995,OFC_997,Durgapur,Marriage Certificate,12,11.654987213163654,621,598,23,30
APP_996,OFC_973,Chennai,Birth Certificate,39,10.850249151188404,5878,5810,68,44
APP_997,OFC_766,Amritsar,Domicile Certificate,9,37.11394028546266,394,313,81,35
APP_998,OFC_12,Tiruchirapalli,Marriage Certificate,21,25.788259560270628,1105,1058,47,35
APP_999,OFC_895,Shimla,Death Certificate,21,39.307470485796905,1096,1084,12,40
APP_1000,OFC_53,Jamnagar,Caste Certificate,30,30.33767354151736,2055,2027,28,41
APP_1001,OFC_944,Amravati,Caste Certificate,37,29.24703119863837,1206,1171,35,38
APP_1002,OFC_254,Mumbai,Domicile Certificate,22,7.425071901864268,3736,3719,17,34
APP_1003,OFC_66,Nongpoh,Marriage Certificate,9,50.47002066179552,445,362,83,39
APP_1004,OFC_159,Hazaribagh,Birth Certificate,16,34.37152517115948,1193,1193,0,59
APP_1005,OFC_65,Thoothukudi,Death Certificate,35,42.80548018148733,2161,2104,57,51
APP_1006,OFC_464,North Delhi,Income Certificate,10,23.54709504506243,358,319,39,40
APP_1007,OFC_578,Shimoga,Death Certificate,44,17.35633850577893,2116,2055,61,47
APP_1008,OFC_76,Khammam,Income Certificate,13,33.5998968220307,752,714,38,53
APP_1009,OFC_45,Naharlagun,Birth Certificate,28,27.23210241412689,1435,1397,38,52
APP_1010,OFC_431,Bikaner,Marriage Certificate,17,26.288702236521125,922,849,73,32
APP_1011,OFC_259,Ranchi,Income Certificate,42,6.0188517210275725,15536,15471,65,48
APP_1012,OFC_194,South Delhi,Marriage Certificate,25,27.899222433803743,1449,1442,7,32
APP_1013,OFC_688,Medinipur,Marriage Certificate,14,43.45084129698338,469,396,73,53
APP_1014,OFC_899,Port Blair,Caste Certificate,45,38.01391681134278,1465,1383,82,46
APP_1015,OFC_21,Geyzing,Marriage Certificate,40,36.89823011117286,2149,2137,12,44
APP_1016,OFC_910,Tura,Birth Certificate,24,6.135389175018631,6974,6885,89,32
APP_1017,OFC_14,Mandi,Caste Certificate,7,26.6344061311269,239,189,50,47
APP_1018,OFC_872,Pathankot,Birth Certificate,37,15.982698439249855,4116,4071,45,49
APP_1019,OFC_664,Hubli,Death Certificate,22,16.98474583984617,2585,2501,84,46
APP_1020,OFC_793,Dharmanagar,Domicile Certificate,15,48.61556691940797,163,76,87,42
APP_1021,OFC_144,Erode,Marriage Certificate,40,12.61082093980551,3137,3058,79,32
APP_1022,OFC_485,Nainital,Caste Certificate,13,22.14777057427621,1528,1449,79,59
APP_1023,OFC_832,Anand,Death Certificate,18,21.87368557105557,912,846,66,42
APP_1024,OFC_204,Agatti,Marriage Certificate,23,18.349324273922072,1492,1484,8,30
APP_1025,OFC_399,Udaipur,Birth Certificate,6,24.54729737192845,356,323,33,37
APP_1026,OFC_632,Meerut,Caste Certificate,23,34.33671903287425,1079,999,80,47
APP_1027,OFC_348,Deoghar,Birth Certificate,24,41.23766668071121,1459,1415,44,50
APP_1028,OFC_265,Surat,Income Certificate,34,44.16161463799482,1207,1130,77,57
APP_1029,OFC_152,Kathua,Marriage Certificate,8,30.65164895482093,635,568,67,54
APP_1030,OFC_932,Gorakhpur,Birth Certificate,18,6.763448296874277,6232,6143,89,56
APP_1031,OFC_228,Gandhinagar,Death Certificate,19,40.00049881402748,388,338,50,39
APP_1032,OFC_172,Belgaum,Death Certificate,20,25.04124705768817,1118,1019,99,31
APP_1033,OFC_833,Jammu,Income Certificate,20,18.472442960127587,794,735,59,51
APP_1034,OFC_640,Davanagere,Birth Certificate,32,40.52733421116248,1761,1741,20,51
APP_1035,OFC_631,Asansol,Income Certificate,10,27.0176815368004,783,747,36,54
APP_1036,OFC_520,Mangalore,Income Certificate,43,55.093885107687726,530,445,85,37
APP_1037,OFC_461,Jamshedpur,Domicile Certificate,27,8.19922672965086,5279,5194,85,55
APP_1038,OFC_592,Udhampur,Caste Certificate,17,54.02054656552628,795,740,55,49
APP_1039,OFC_284,Roorkee,Caste Certificate,22,45.12836570794384,602,567,35,45
APP_1040,OFC_307,Adilabad,Marriage Certificate,16,35.711146266362206,889,828,61,54
APP_1041,OFC_464,Guwahati,Birth Certificate,42,46.48272278422517,2050,2036,14,59
APP_1042,OFC_981,Pasighat,Income Certificate,44,33.70313107054673,1316,1276,40,54
APP_1043,OFC_620,Aurangabad,Domicile Certificate,37,10.667293138704046,6843,6799,44,47
APP_1044,OFC_908,Panaji,Birth Certificate,33,9.385620658620374,1566,1513,53,53
APP_1045,OFC_818,Satna,Domicile Certificate,6,36.30330393600143,155,72,83,59
APP_1046,OFC_202,Madurai,Death Certificate,27,41.679796267631566,1059,994,65,49
APP_1047,OFC_714,Vasco da Gama,Caste Certificate,47,50.737906304259205,1617,1532,85,44
APP_1048,OFC_964,Dimapur,Caste Certificate,28,38.18290611045291,1600,1554,46,57
APP_1049,OFC_103,Delhi,Marriage Certificate,39,22.882311062014544,2684,2628,56,39
APP_1050,OFC_882,Rudrapur,Domicile Certificate,41,55.294457513091466,1769,1726,43,56
APP_1051,OFC_587,Indore,Birth Certificate,26,45.096855855622174,562,507,55,37
APP_1052,OFC_21,Allahabad,Income Certificate,34,38.225989563296594,1284,1258,26,56
APP_1053,OFC_768,Haldwani,Income Certificate,37,57.76589199128211,676,616,60,48
APP_1054,OFC_321,Patna,Domicile Certificate,7,21.47759605718686,266,216,50,37
APP_1055,OFC_848,Champhai,Birth Certificate,17,30.31136399861384,685,681,4,34
APP_1056,OFC_183,Jorhat,Domicile Certificate,12,43.65350617578153,213,167,46,42
APP_1057,OFC_165,Itanagar,Income Certificate,10,21.70465244751537,480,434,46,51
APP_1058,OFC_234,Shillong,Death Certificate,20,35.63236504152964,1058,978,80,44
APP_1059,OFC_883,Solan,Domicile Certificate,21,40.76378958054045,721,625,96,36
APP_1060,OFC_447,Jowai,Death Certificate,21,21.642568396526368,840,784,56,33
APP_1061,OFC_148,Namchi,Marriage Certificate,26,23.760649259135192,2554,2536,18,52
APP_1062,OFC_633,Bishnupur,Caste Certificate,18,18.89127075257278,1520,1494,26,46
APP_1063,OFC_464,Rewa,Birth Certificate,43,40.39382882058041,1424,1397,27,40
APP_1064,OFC_960,Agra,Death Certificate,45,29.207023310047955,2088,1999,89,38
APP_1065,OFC_172,Bangalore,Income Certificate,17,39.3707358383651,921,869,52,43
APP_1066,OFC_728,Solapur,Domicile Certificate,12,34.63249223633139,651,600,51,45
APP_1067,OFC_560,Silchar,Caste Certificate,26,55.35122846700824,666,601,65,46
APP_1068,OFC_969,Nashik,Caste Certificate,13,31.159133786954243,75,37,38,59
APP_1069,OFC_232,Mysore,Marriage Certificate,43,32.21368952180303,1072,1052,20,48
APP_1070,OFC_754,Coimbatore,Domicile Certificate,12,9.71630780011074,1156,1107,49,50
APP_1071,OFC_616,Katihar,Caste Certificate,46,28.507243497518047,3556,3472,84,49
APP_1072,OFC_303,Bareilly,Marriage Certificate,12,54.348382885540296,411,379,32,59
APP_1073,OFC_591,Jodhpur,Death Certificate,27,20.562116242053214,1205,1141,64,34
APP_1074,OFC_180,Bokaro,Domicile Certificate,25,23.1830445483501,1774,1757,17,56
APP_1075,OFC_281,Jabalpur,Birth Certificate,31,25.072645321752383,2612,2582,30,39
APP_1076,OFC_202,East Delhi,Domicile Certificate,41,10.457589284547211,6138,6041,97,38
APP_1077,OFC_759,Karimnagar,Death Certificate,34,32.57680632274284,2058,2014,44,40
APP_1078,OFC_148,Serchhip,Marriage Certificate,39,57.490314922552976,535,494,41,34
APP_1079,OFC_667,Rangareddy,Birth Certificate,32,31.41301924090647,222,165,57,49
APP_1080,OFC_26,Salem,Birth Certificate,24,41.69673104580491,831,778,53,30
APP_1081,OFC_415,Kavaratti,Caste Certificate,10,53.57156736711263,263,172,91,41
APP_1082,OFC_792,Dispur,Caste Certificate,7,25.239179245273267,489,477,12,55
APP_1083,OFC_497,Thoubal,Birth Certificate,25,15.604153707213367,4307,4275,32,50
APP_1084,OFC_566,Chandigarh,Income Certificate,18,57.55917588797458,781,764,17,46
APP_1085,OFC_898,Nagaon,Marriage Certificate,23,14.152785637101692,3383,3343,40,44
APP_1086,OFC_164,Udaipur (Tripura),Birth Certificate,38,53.04102440808024,1094,1040,54,43
APP_1087,OFC_508,Warangal,Birth Certificate,29,8.979168044361705,6137,6108,29,35
APP_1088,OFC_743,Muzaffarpur,Caste Certificate,39,52.72380028716784,1248,1233,15,30
APP_1089,OFC_92,Ujjain,Income Certificate,37,35.52124044058888,428,425,3,44
APP_1090,OFC_396,Imphal,Caste Certificate,6,48.37199708096591,274,215,59,39
APP_1091,OFC_231,Patiala,Income Certificate,13,49.51385558062863,231,136,95,50
APP_1092,OFC_44,Gwalior,Marriage Certificate,38,26.747275579133923,1086,1040,46,47
APP_1093,OFC_621,Nizamabad,Income Certificate,5,20.876646647150324,769,734,35,53
APP_1094,OFC_931,Pune,Marriage Certificate,43,29.65246201595235,2280,2222,58,33
APP_1095,OFC_772,Tawang,Death Certificate,9,21.3141474008655,556,543,13,56
APP_1096,OFC_804,Kullu,Caste Certificate,43,50.25125081208178,1936,1891,45,55
APP_1097,OFC_146,Mayabunder,Marriage Certificate,16,57.387021523887846,445,392,53,42
APP_1098,OFC_649,Lucknow,Birth Certificate,17,30.35346287406069,673,603,70,34
APP_1099,OFC_974,Tezpur,Death Certificate,23,16.459843399117155,594,576,18,51
APP_1100,OFC_683,Junagadh,Income Certificate,9,7.7196090173641,1168,1151,17,40
APP_1101,OFC_500,Sagar,Caste Certificate,24,38.00772657673848,696,674,22,32
APP_1102,OFC_113,Nagpur,Marriage Certificate,8,6.449103270665468,721,659,62,54
APP_1103,OFC_538,Howrah,Birth Certificate,49,29.337022251742056,1687,1643,44,36
APP_1104,OFC_808,Srinagar,Domicile Certificate,19,42.33966614728388,164,103,61,35
APP_1105,OFC_30,Malda,Caste Certificate,25,7.372028352035578,9073,9056,17,57
APP_1106,OFC_203,Bhagalpur,Domicile Certificate,24,22.111637441780605,3142,3124,18,55
APP_1107,OFC_475,Gulbarga,Caste Certificate,43,9.01784772458633,7248,7229,19,52
APP_1108,OFC_415,Begusarai,Death Certificate,42,33.66318980277997,1940,1925,15,38
APP_1109,OFC_474,Dibrugarh,Death Certificate,18,30.291809449523768,799,729,70,31
APP_1110,OFC_898,Mokokchung,Birth Certificate,21,42.282773883176,599,549,50,34
APP_1111,OFC_201,West Delhi,Birth Certificate,10,5.98304419599737,3698,3654,44,51
APP_1112,OFC_562,Kota,Income Certificate,19,55.786156739489805,412,384,28,40
APP_1113,OFC_347,Vadodara,Caste Certificate,13,24.15510384497553,1101,1084,17,40
APP_1114,OFC_167,Rajkot,Marriage Certificate,30,38.81240242359443,1668,1605,63,45
APP_1115,OFC_312,Kailashahar,Death Certificate,19,17.0935644339042,608,578,30,34
APP_1116,OFC_47,Agartala,Domicile Certificate,47,36.45283291544527,2747,2726,21,58
APP_1117,OFC_659,Ludhiana,Domicile Certificate,29,59.59244317636146,463,412,51,34
APP_1118,OFC_719,Giridih,Domicile Certificate,46,20.10565060776685,3114,3113,1,58
APP_1119,OFC_539,Sikar,Income Certificate,13,40.83190344412871,481,455,26,39
APP_1120,OFC_199,Kanpur,Domicile Certificate,47,46.17105951494948,2779,2755,24,57
APP_1121,OFC_871,Kohima,Income Certificate,44,45.24052471559384,2319,2232,87,46
APP_1122,OFC_828,Ahmedabad,Domicile Certificate,46,12.055222485441124,4697,4606,91,56
APP_1123,OFC_474,Mangan,Domicile Certificate,40,29.36917631133969,1434,1401,33,30
APP_1124,OFC_976,Dehradun,Birth Certificate,44,41.265635308072106,1343,1312,31,36
APP_1125,OFC_762,Churachandpur,Marriage Certificate,5,10.217889197134888,840,801,39,49
APP_1126,OFC_964,Gaya,Birth Certificate,11,25.028405050753303,624,612,12,34
APP_1127,OFC_529,Dhanbad,Domicile Certificate,41,26.66693455798216,2080,1998,82,56
APP_1128,OFC_444,Lunglei,Domicile Certificate,43,14.608479662307971,563,535,28,50
APP_1129,OFC_437,Darjeeling,Death Certificate,23,23.6498187294474,1101,1021,80,46
APP_1130,OFC_377,Manali,Income Certificate,10,31.534830870961468,833,786,47,56
APP_1131,OFC_272,Arrah,Income Certificate,24,48.67894898606853,200,126,74,39
APP_1132,OFC_686,Ramgarh,Death Certificate,13,5.484815831195995,2324,2285,39,50
APP_1133,OFC_757,Ratlam,Birth Certificate,46,23.748209677116503,3061,3051,10,59
APP_1134,OFC_543,Hyderabad,Death Certificate,16,14.129695337131889,1141,1107,34,45
APP_1135,OFC_933,Tumkur,Marriage Certificate,26,57.18751152421381,641,638,3,32
APP_1136,OFC_964,Ghaziabad,Caste Certificate,24,12.071749343828316,1229,1192,37,45
APP_1137,OFC_782,Amini,Caste Certificate,25,8.293104469676212,5256,5243,13,34
APP_1138,OFC_527,Alwar,Income Certificate,12,52.003415950335416,202,123,79,30
APP_1139,OFC_754,Bardhaman,Death Certificate,6,58.85068668387503,226,198,28,47
APP_1140,OFC_113,New Delhi,Income Certificate,36,33.093561677438615,1814,1798,16,48
APP_1141,OFC_511,Tirunelveli,Domicile Certificate,22,7.127672704145534,4689,4609,80,42
APP_1142,OFC_994,Bilaspur,Domicile Certificate,14,45.677256932303685,582,503,79,32
APP_1143,OFC_172,Haridwar,Caste Certificate,23,40.466122781110805,344,271,73,30
APP_1144,OFC_915,Central Delhi,Birth Certificate,28,41.73851834522016,224,138,86,39
APP_1145,OFC_957,Baramulla,Income Certificate,15,14.900992477794372,1835,1792,43,42
APP_1146,OFC_522,Margao,Death Certificate,11,9.48194875201021,1070,994,76,41
APP_1147,OFC_370,Aizawl,Birth Certificate,39,55.776485972970455,1161,1130,31,30
APP_1148,OFC_853,Gangtok,Death Certificate,10,15.895730683259806,543,542,1,39
APP_1149,OFC_818,Mapusa,Caste Certificate,39,54.82320321529103,774,683,91,40
APP_1150,OFC_709,Mohali,Caste Certificate,14,27.42571358113457,387,313,74,31
APP_1151,OFC_480,Bathinda,Marriage Certificate,36,13.222975173638288,1750,1708,42,59
APP_1152,OFC_762,Jalandhar,Death Certificate,40,30.185851892349383,2330,2237,93,55
APP_1153,OFC_799,Kashipur,Domicile Certificate,31,36.42501833180364,1646,1547,99,54
APP_1154,OFC_775,Vellore,Birth Certificate,36,46.52943641669238,1584,1493,91,48
APP_1155,OFC_335,Siliguri,Caste Certificate,14,40.28197029853583,91,82,9,32
APP_1156,OFC_500,Ajmer,Marriage Certificate,33,56.21966450707358,800,748,52,39
APP_1157,OFC_193,Minicoy,Domicile Certificate,19,30.80413267120693,1081,1056,25,35
APP_1158,OFC_918,Dharamshala,Domicile Certificate,17,56.98543686198536,634,593,41,51
APP_1159,OFC_120,Varanasi,Income Certificate,45,25.26059791716037,1210,1114,96,38
APP_1160,OFC_477,Bhilwara,Income Certificate,36,41.00418226883803,1861,1822,39,47
APP_1161,OFC_792,Tuensang,Death Certificate,21,46.52383032320397,1210,1145,65,46
APP_1162,OFC_800,Havelock,Birth Certificate,25,55.13782876081508,585,503,82,48
APP_1163,OFC_845,Diglipur,Marriage Certificate,31,8.364446534126905,1701,1666,35,32
APP_1164,OFC_531,Anantnag,Death Certificate,32,47.292275693766776,454,447,7,46
APP_1165,OFC_691,Kolhapur,Marriage Certificate,8,19.9901206341166,122,94,28,49
APP_1166,OFC_387,Nanded,Caste Certificate,32,21.075959499008924,841,830,11,30
APP_1167,OFC_664,Jaipur,Income Certificate,48,27.179323167236795,1223,1173,50,45
APP_1168,OFC_435,Purnia,Domicile Certificate,25,53.8886350746108,1014,929,85,50
APP_1169,OFC_259,Bhopal,Caste Certificate,46,42.33830278148282,793,698,95,35
APP_1170,OFC_838,Bhavnagar,Death Certificate,27,11.402156814116024,4337,4317,20,59
APP_1171,OFC_299,Mahbubnagar,Domicile Certificate,48,28.844981773654776,1283,1239,44,48
APP_1172,OFC_676,Darbhanga,Birth Certificate,27,22.861283493196108,1713,1633,80,41
APP_1173,OFC_112,Thane,Caste Certificate,19,9.728555440356637,936,895,41,44
APP_1174,OFC_351,Kolkata,Income Certificate,15,58.73340800444435,627,538,89,58
APP_1175,OFC_367,Leh,Caste Certificate,34,55.53965203901286,890,854,36,52
APP_1176,OFC_757,Durgapur,Domicile Certificate,15,48.100106618131015,949,919,30,53
APP_1177,OFC_440,Chennai,Caste Certificate,29,11.594136292968038,2999,2947,52,57
APP_1178,OFC_923,Amritsar,Income Certificate,21,7.887070117416645,4756,4667,89,47
APP_1179,OFC_712,Tiruchirapalli,Domicile Certificate,49,51.30862639734492,1612,1584,28,35
APP_1180,OFC_751,Shimla,Caste Certificate,41,34.10067972132411,2040,2032,8,40
APP_1181,OFC_988,Jamnagar,Caste Certificate,31,17.54977444210441,438,390,48,35
APP_1182,OFC_245,Amravati,Birth Certificate,21,54.595792182235314,319,312,7,36
APP_1183,OFC_627,Mumbai,Marriage Certificate,12,21.64422567950388,609,533,76,41
APP_1184,OFC_438,Nongpoh,Income Certificate,34,34.30896806153793,1792,1748,44,42
APP_1185,OFC_207,Hazaribagh,Caste Certificate,32,49.92099037099748,1319,1262,57,59
APP_1186,OFC_854,Thoothukudi,Domicile Certificate,26,54.75608343248563,616,608,8,31
APP_1187,OFC_566,North Delhi,Birth Certificate,5,24.12161189173766,455,436,19,43
APP_1188,OFC_561,Shimoga,Death Certificate,12,59.32191199784207,338,286,52,43
APP_1189,OFC_369,Khammam,Death Certificate,35,17.754561697290317,2286,2270,16,34
APP_1190,OFC_302,Naharlagun,Marriage Certificate,42,50.86949191545031,2284,2195,89,59
APP_1191,OFC_827,Bikaner,Death Certificate,22,52.25502096761096,920,846,74,56
APP_1192,OFC_641,Ranchi,Caste Certificate,31,57.04698945646131,864,861,3,59
APP_1193,OFC_91,South Delhi,Caste Certificate,12,6.037974002483289,3754,3673,81,52
APP_1194,OFC_790,Medinipur,Caste Certificate,7,18.42520148709313,865,858,7,44
APP_1195,OFC_906,Port Blair,Marriage Certificate,46,28.88202278926296,1796,1715,81,57
APP_1196,OFC_770,Geyzing,Death Certificate,21,25.932295719377187,1246,1147,99,51
APP_1197,OFC_915,Tura,Death Certificate,16,22.140810533530846,388,386,2,42
APP_1198,OFC_109,Mandi,Income Certificate,44,13.10005946740797,6160,6088,72,53
APP_1199,OFC_10,Pathankot,Domicile Certificate,30,27.91897651159764,2709,2637,72,53
APP_1200,OFC_259,Hubli,Income Certificate,19,46.939431162971104,344,248,96,30
APP_1201,OFC_251,Dharmanagar,Domicile Certificate,8,25.346045241811225,634,546,88,59
APP_1202,OFC_432,Erode,Death Certificate,24,54.539919556819086,609,539,70,56
APP_1203,OFC_79,Nainital,Caste Certificate,33,50.44997516710555,1279,1212,67,39
APP_1204,OFC_540,Anand,Domicile Certificate,18,30.83947095855956,697,689,8,42
APP_1205,OFC_95,Agatti,Death Certificate,21,42.58349547041176,557,491,66,42
APP_1206,OFC_169,Udaipur,Income Certificate,19,34.716183346980145,359,279,80,39
APP_1207,OFC_220,Meerut,Domicile Certificate,19,35.67033163387372,818,725,93,40
APP_1208,OFC_797,Deoghar,Domicile Certificate,33,21.152202734713992,3106,3056,50,47
APP_1209,OFC_590,Surat,Death Certificate,26,59.96343175571135,769,712,57,30
APP_1210,OFC_673,Kathua,Marriage Certificate,45,32.65310409245845,2738,2672,66,52
APP_1211,OFC_285,Gorakhpur,Domicile Certificate,41,52.00108429176822,461,380,81,33
APP_1212,OFC_696,Gandhinagar,Caste Certificate,19,58.01135683766228,741,658,83,46
APP_1213,OFC_281,Belgaum,Death Certificate,40,10.608260292960791,3357,3303,54,55
APP_1214,OFC_244,Jammu,Income Certificate,18,46.85832111821119,520,500,20,38
APP_1215,OFC_659,Davanagere,Birth Certificate,33,52.83727124076592,1224,1170,54,51
APP_1216,OFC_686,Asansol,Income Certificate,35,29.40051056319133,2928,2871,57,53
APP_1217,OFC_903,Mangalore,Death Certificate,43,44.330808748994905,1495,1405,90,32
APP_1218,OFC_821,Jamshedpur,Income Certificate,49,22.648476947015386,1252,1223,29,44
APP_1219,OFC_695,Udhampur,Marriage Certificate,20,12.108623169407434,2543,2475,68,38
APP_1220,OFC_799,Roorkee,Marriage Certificate,7,9.82536599944844,1203,1105,98,32
APP_1221,OFC_926,Adilabad,Marriage Certificate,36,12.6803281615271,1266,1185,81,37
APP_1222,OFC_676,Guwahati,Birth Certificate,32,28.010290057260395,2336,2279,57,47
APP_1223,OFC_808,Pasighat,Marriage Certificate,47,53.762263058318894,1754,1698,56,39
APP_1224,OFC_79,Aurangabad,Income Certificate,20,14.62482558128212,211,181,30,33
APP_1225,OFC_937,Panaji,Death Certificate,49,7.397720698592691,5235,5187,48,35
APP_1226,OFC_731,Satna,Birth Certificate,5,59.57367185355664,272,175,97,45
APP_1227,OFC_637,Madurai,Birth Certificate,6,53.78428882378259,88,45,43,38
APP_1228,OFC_103,Vasco da Gama,Birth Certificate,48,45.370239282978254,1222,1203,19,34
APP_1229,OFC_853,Dimapur,Marriage Certificate,48,30.746181475020972,1444,1441,3,36
APP_1230,OFC_290,Delhi,Death Certificate,40,5.874136622700198,16729,16675,54,57
APP_1231,OFC_805,Rudrapur,Income Certificate,8,14.036389117385976,295,233,62,55
APP_1232,OFC_795,Indore,Income Certificate,35,35.901785917491424,1227,1143,84,30
APP_1233,OFC_275,Allahabad,Income Certificate,8,20.09486276126465,1016,934,82,49
APP_1234,OFC_533,Haldwani,Birth Certificate,26,54.089829939254216,683,680,3,36
APP_1235,OFC_865,Patna,Birth Certificate,11,56.47292105804519,98,56,42,45
APP_1236,OFC_592,Champhai,Birth Certificate,39,19.13422658195796,3623,3582,41,57
APP_1237,OFC_904,Jorhat,Caste Certificate,14,15.740033328593842,1398,1390,8,49
APP_1238,OFC_604,Itanagar,Domicile Certificate,48,41.65961504137289,1916,1844,72,53
APP_1239,OFC_356,Shillong,Birth Certificate,18,45.30228592499463,1090,1001,89,56
APP_1240,OFC_977,Solan,Birth Certificate,32,24.99952618241364,2279,2189,90,52
APP_1241,OFC_931,Jowai,Domicile Certificate,10,58.10171113543637,217,141,76,36
APP_1242,OFC_671,Namchi,Income Certificate,40,10.08326042977886,555,519,36,49
APP_1243,OFC_999,Bishnupur,Marriage Certificate,26,7.318272932961381,4188,4120,68,55
APP_1244,OFC_397,Rewa,Death Certificate,29,10.37367661055912,3724,3685,39,39
APP_1245,OFC_134,Agra,Caste Certificate,34,55.858994562506375,798,759,39,37
APP_1246,OFC_971,Bangalore,Domicile Certificate,10,20.015659754701744,1193,1174,19,54
APP_1247,OFC_945,Solapur,Caste Certificate,41,30.732450554843027,739,682,57,41
APP_1248,OFC_260,Silchar,Domicile Certificate,17,30.921742096607957,503,470,33,43
APP_1249,OFC_704,Nashik,Caste Certificate,29,32.45663269432967,1783,1777,6,46
APP_1250,OFC_536,Mysore,Caste Certificate,47,58.61798933871837,80,29,51,42
APP_1251,OFC_376,Coimbatore,Income Certificate,34,27.81203974754096,1650,1564,86,58
APP_1252,OFC_958,Katihar,Birth Certificate,8,10.632019238780067,1533,1453,80,42
APP_1253,OFC_638,Bareilly,Income Certificate,31,15.208223517548824,1489,1414,75,33
APP_1254,OFC_481,Jodhpur,Caste Certificate,24,50.4441751132638,814,767,47,37
APP_1255,OFC_656,Bokaro,Caste Certificate,39,51.4401020167203,599,534,65,32
APP_1256,OFC_68,Jabalpur,Birth Certificate,25,29.915811270910364,833,768,65,41
APP_1257,OFC_644,East Delhi,Birth Certificate,15,28.70951255659197,399,328,71,31
APP_1258,OFC_795,Karimnagar,Domicile Certificate,12,27.083393980153105,1210,1207,3,58
APP_1259,OFC_907,Serchhip,Income Certificate,19,57.800696148899526,342,315,27,42
APP_1260,OFC_935,Rangareddy,Domicile Certificate,7,18.328139629955643,624,548,76,44
APP_1261,OFC_406,Salem,Birth Certificate,19,17.362027962644586,2267,2266,1,45
APP_1262,OFC_16,Kavaratti,Death Certificate,33,21.30802250781721,1562,1496,66,35
APP_1263,OFC_254,Dispur,Birth Certificate,28,46.635652726104816,1211,1182,29,44
APP_1264,OFC_647,Thoubal,Death Certificate,38,40.34189536924974,562,463,99,36
APP_1265,OFC_74,Chandigarh,Birth Certificate,44,23.13986948709986,1760,1701,59,36
APP_1266,OFC_678,Nagaon,Caste Certificate,26,57.37657615306087,768,726,42,34
APP_1267,OFC_210,Udaipur (Tripura),Caste Certificate,42,40.03266899114397,1622,1524,98,35
APP_1268,OFC_116,Warangal,Domicile Certificate,28,41.40722725639413,599,550,49,37
APP_1269,OFC_483,Muzaffarpur,Death Certificate,32,39.5091454225183,1489,1439,50,50
APP_1270,OFC_850,Ujjain,Caste Certificate,23,23.990097193021445,545,486,59,40
APP_1271,OFC_136,Imphal,Marriage Certificate,6,21.597857272495204,788,693,95,57
APP_1272,OFC_687,Patiala,Marriage Certificate,40,19.713152154462662,3516,3507,9,36
APP_1273,OFC_886,Gwalior,Domicile Certificate,15,29.961929062677875,463,381,82,59
APP_1274,OFC_930,Nizamabad,Marriage Certificate,26,19.989214297211376,208,199,9,39
APP_1275,OFC_570,Pune,Death Certificate,25,16.49966631873015,2219,2199,20,32
APP_1276,OFC_283,Tawang,Marriage Certificate,12,21.19552543626381,475,443,32,44
APP_1277,OFC_940,Kullu,Marriage Certificate,40,38.77171591467578,2533,2478,55,45
APP_1278,OFC_474,Mayabunder,Birth Certificate,17,28.35541842199773,1331,1246,85,55
APP_1279,OFC_826,Lucknow,Income Certificate,41,8.997518571244601,4135,4131,4,48
APP_1280,OFC_646,Tezpur,Death Certificate,26,37.38369910491262,800,761,39,41
APP_1281,OFC_5,Junagadh,Income Certificate,32,58.64910594194638,719,689,30,46
APP_1282,OFC_954,Sagar,Marriage Certificate,7,33.68187419382392,482,482,0,53
APP_1283,OFC_591,Nagpur,Marriage Certificate,29,30.669342732214616,524,444,80,30
APP_1284,OFC_989,Howrah,Domicile Certificate,29,14.669543587582462,4725,4688,37,50
APP_1285,OFC_968,Srinagar,Death Certificate,40,10.655804883528656,5124,5069,55,33
APP_1286,OFC_511,Malda,Birth Certificate,43,16.51808992401545,2431,2402,29,37
APP_1287,OFC_944,Bhagalpur,Birth Certificate,26,22.30003536818467,1507,1429,78,43
APP_1288,OFC_375,Gulbarga,Caste Certificate,33,25.427930159627767,1628,1603,25,30
APP_1289,OFC_917,Begusarai,Birth Certificate,35,43.89256348646276,735,734,1,40
APP_1290,OFC_548,Dibrugarh,Caste Certificate,32,21.0502753165682,1986,1913,73,33
APP_1291,OFC_629,Mokokchung,Income Certificate,36,30.83911416337238,1638,1595,43,32
APP_1292,OFC_864,West Delhi,Birth Certificate,8,41.82144105122622,332,317,15,55
APP_1293,OFC_579,Kota,Income Certificate,27,15.34960553291049,2889,2871,18,34
APP_1294,OFC_766,Vadodara,Death Certificate,33,38.71375378741482,1051,954,97,49
APP_1295,OFC_633,Rajkot,Income Certificate,28,22.796768222173156,2668,2657,11,48
APP_1296,OFC_97,Kailashahar,Caste Certificate,23,18.8973795256642,2758,2749,9,39
APP_1297,OFC_222,Agartala,Death Certificate,15,23.55312421068781,1154,1058,96,57
APP_1298,OFC_493,Ludhiana,Birth Certificate,44,57.49532351462484,1120,1026,94,34
APP_1299,OFC_419,Giridih,Domicile Certificate,10,34.001452322083665,373,308,65,45
APP_1300,OFC_604,Sikar,Birth Certificate,5,50.31917821484418,101,77,24,33
APP_1301,OFC_425,Kanpur,Domicile Certificate,11,26.001463940787865,313,253,60,41
APP_1302,OFC_119,Kohima,Caste Certificate,5,21.711946947752235,298,248,50,47
APP_1303,OFC_752,Ahmedabad,Death Certificate,37,47.95359203949288,1944,1881,63,58
APP_1304,OFC_10,Mangan,Birth Certificate,41,35.60305221116822,3110,3091,19,52
APP_1305,OFC_729,Dehradun,Death Certificate,40,57.51893405050919,1076,1001,75,44
APP_1306,OFC_209,Churachandpur,Income Certificate,35,11.662621561689582,6440,6421,19,55
APP_1307,OFC_918,Gaya,Marriage Certificate,48,49.92732642975624,1701,1699,2,56
APP_1308,OFC_645,Dhanbad,Caste Certificate,35,47.778536923082974,2158,2083,75,51
APP_1309,OFC_862,Lunglei,Birth Certificate,33,52.254479886346346,250,187,63,38
APP_1310,OFC_231,Darjeeling,Death Certificate,26,26.096968889879182,1107,1009,98,31
APP_1311,OFC_765,Manali,Birth Certificate,9,22.78850454272184,825,776,49,53
APP_1312,OFC_398,Arrah,Income Certificate,48,44.48887437112116,477,417,60,59
APP_1313,OFC_894,Ramgarh,Income Certificate,46,22.674376819837395,3838,3816,22,59
APP_1314,OFC_695,Ratlam,Income Certificate,8,53.982656806705,227,210,17,58
APP_1315,OFC_917,Hyderabad,Marriage Certificate,34,15.395938703400484,1911,1812,99,33
APP_1316,OFC_245,Tumkur,Income Certificate,44,44.6624719479474,1154,1129,25,44
APP_1317,OFC_861,Ghaziabad,Income Certificate,9,42.39300806709462,327,317,10,53
APP_1318,OFC_83,Amini,Marriage Certificate,38,26.03759518771539,1125,1068,57,52
APP_1319,OFC_369,Alwar,Income Certificate,19,12.197493926885828,2705,2611,94,43
APP_1320,OFC_331,Bardhaman,Birth Certificate,49,10.427450461613258,7144,7142,2,53
APP_1321,OFC_904,New Delhi,Income Certificate,18,47.07848872510602,744,682,62,53
APP_1322,OFC_82,Tirunelveli,Death Certificate,11,43.251158230399255,85,83,2,45
APP_1323,OFC_772,Bilaspur,Domicile Certificate,46,26.20913285623505,3725,3718,7,48
APP_1324,OFC_508,Haridwar,Birth Certificate,14,59.24995959332846,214,195,19,37
APP_1325,OFC_804,Central Delhi,Caste Certificate,46,10.311711938811529,7867,7772,95,38
APP_1326,OFC_299,Baramulla,Domicile Certificate,48,14.067120752060257,4870,4829,41,39
APP_1327,OFC_196,Margao,Death Certificate,12,13.710516129106011,2035,1972,63,43
APP_1328,OFC_313,Aizawl,Domicile Certificate,37,56.803127758098896,464,426,38,47
APP_1329,OFC_925,Gangtok,Caste Certificate,26,24.06178933316785,2091,2058,33,58
APP_1330,OFC_441,Mapusa,Marriage Certificate,41,52.48169331648184,258,198,60,31
APP_1331,OFC_646,Mohali,Income Certificate,21,55.6768673400108,704,613,91,56
APP_1332,OFC_249,Bathinda,Domicile Certificate,13,44.71855686241453,548,530,18,38
APP_1333,OFC_618,Jalandhar,Caste Certificate,12,7.513765355122312,1808,1750,58,59
APP_1334,OFC_576,Kashipur,Marriage Certificate,10,22.409048260888337,765,715,50,36
APP_1335,OFC_492,Vellore,Birth Certificate,19,9.585765959424556,2380,2314,66,41
APP_1336,OFC_657,Siliguri,Death Certificate,14,21.833255901889675,826,761,65,40
APP_1337,OFC_931,Ajmer,Income Certificate,9,46.14491511367196,415,374,41,53
APP_1338,OFC_967,Minicoy,Marriage Certificate,10,6.068933535026609,2553,2546,7,44
APP_1339,OFC_797,Dharamshala,Birth Certificate,40,39.130755748044926,142,91,51,58
APP_1340,OFC_127,Varanasi,Birth Certificate,38,50.263934392285975,467,418,49,46
APP_1341,OFC_837,Bhilwara,Death Certificate,34,46.92753189316867,1215,1157,58,50
APP_1342,OFC_636,Tuensang,Death Certificate,38,21.09984408118745,3898,3898,0,46
APP_1343,OFC_711,Havelock,Caste Certificate,7,18.431246025337185,492,406,86,30
APP_1344,OFC_102,Diglipur,Income Certificate,31,37.81645988128648,591,525,66,37
APP_1345,OFC_942,Anantnag,Income Certificate,19,25.68823813261941,465,382,83,35
APP_1346,OFC_399,Kolhapur,Birth Certificate,48,22.49949803241345,3576,3494,82,51
APP_1347,OFC_607,Nanded,Income Certificate,48,35.61431550319647,1628,1555,73,57
APP_1348,OFC_585,Jaipur,Caste Certificate,8,13.230019682990967,980,969,11,45
APP_1349,OFC_251,Purnia,Birth Certificate,11,53.226639903830105,284,191,93,32
APP_1350,OFC_573,Bhopal,Marriage Certificate,30,27.03846046837891,703,673,30,37
APP_1351,OFC_27,Bhavnagar,Caste Certificate,13,35.62530409853589,670,591,79,30
APP_1352,OFC_366,Mahbubnagar,Death Certificate,29,48.71011374049532,678,605,73,38
APP_1353,OFC_635,Darbhanga,Domicile Certificate,5,53.06989063871958,200,127,73,44
APP_1354,OFC_812,Thane,Birth Certificate,43,37.79270939132925,1338,1263,75,53
APP_1355,OFC_496,Kolkata,Death Certificate,14,47.05644053760846,61,47,14,55
APP_1356,OFC_502,Leh,Income Certificate,9,28.451444212318385,551,505,46,31
APP_1357,OFC_89,Durgapur,Birth Certificate,35,35.43335198325237,1875,1834,41,56
APP_1358,OFC_559,Chennai,Birth Certificate,16,6.009176392049792,2800,2724,76,35
APP_1359,OFC_740,Amritsar,Income Certificate,10,51.71822482001895,521,473,48,50
APP_1360,OFC_102,Tiruchirapalli,Domicile Certificate,45,29.883897231465248,3455,3407,48,50
APP_1361,OFC_534,Shimla,Birth Certificate,33,49.82542773410668,1322,1319,3,57
APP_1362,OFC_798,Jamnagar,Birth Certificate,35,15.105640921333537,4331,4309,22,49
APP_1363,OFC_441,Amravati,Death Certificate,19,22.086767825157064,639,588,51,32
APP_1364,OFC_19,Mumbai,Death Certificate,28,6.863150542371253,3551,3532,19,33
APP_1365,OFC_446,Nongpoh,Death Certificate,26,58.92971672172448,256,236,20,40
APP_1366,OFC_275,Hazaribagh,Birth Certificate,43,34.70361434062945,1645,1626,19,49
APP_1367,OFC_598,Thoothukudi,Caste Certificate,48,19.04510945861649,4515,4478,37,55
APP_1368,OFC_137,North Delhi,Birth Certificate,35,19.32161574860621,159,73,86,32
APP_1369,OFC_392,Shimoga,Marriage Certificate,44,28.43004457763252,2249,2224,25,30
APP_1370,OFC_579,Khammam,Caste Certificate,26,7.324794682976401,1357,1310,47,41
APP_1371,OFC_804,Naharlagun,Income Certificate,28,58.56645657574351,1204,1197,7,55
APP_1372,OFC_444,Bikaner,Death Certificate,40,19.951526369131127,2258,2183,75,44
APP_1373,OFC_346,Ranchi,Caste Certificate,32,53.54568201007272,940,849,91,43
APP_1374,OFC_603,South Delhi,Income Certificate,39,54.87083049149046,608,541,67,53
APP_1375,OFC_950,Medinipur,Domicile Certificate,19,25.62456797206243,319,243,76,58
APP_1376,OFC_506,Port Blair,Income Certificate,7,9.8273260072221,375,336,39,30
APP_1377,OFC_355,Geyzing,Death Certificate,6,55.12849703692312,290,227,63,44
APP_1378,OFC_162,Tura,Marriage Certificate,6,19.47717715769241,473,376,97,30
APP_1379,OFC_599,Mandi,Birth Certificate,28,19.454785100411797,2347,2257,90,33
APP_1380,OFC_248,Pathankot,Marriage Certificate,10,55.318310933955374,119,56,63,33
APP_1381,OFC_604,Hubli,Death Certificate,46,43.104461661700526,2230,2202,28,59
APP_1382,OFC_275,Dharmanagar,Caste Certificate,17,57.86071312337951,466,381,85,43
APP_1383,OFC_220,Erode,Caste Certificate,42,59.256788736132926,538,469,69,43
APP_1384,OFC_784,Nainital,Birth Certificate,19,32.94865186080811,258,196,62,32
APP_1385,OFC_871,Anand,Death Certificate,23,39.54459121142895,1196,1188,8,59
APP_1386,OFC_138,Agatti,Domicile Certificate,10,31.74925633102224,950,923,27,56
APP_1387,OFC_138,Udaipur,Death Certificate,14,5.323376313834801,6143,6121,22,53
APP_1388,OFC_309,Meerut,Marriage Certificate,38,13.01253900311526,5360,5345,15,59
APP_1389,OFC_859,Deoghar,Marriage Certificate,11,45.08587809172669,263,249,14,37
APP_1390,OFC_946,Surat,Marriage Certificate,35,15.252761594147977,1443,1441,2,37
APP_1391,OFC_811,Kathua,Caste Certificate,33,34.87150678584922,1133,1046,87,43
APP_1392,OFC_387,Gorakhpur,Death Certificate,27,56.27681255096839,280,204,76,47
APP_1393,OFC_724,Gandhinagar,Death Certificate,9,48.45911987620223,130,128,2,42
APP_1394,OFC_826,Belgaum,Marriage Certificate,45,17.096387260681972,5413,5389,24,46
APP_1395,OFC_113,Jammu,Marriage Certificate,8,34.75666589845463,266,182,84,31
APP_1396,OFC_516,Davanagere,Income Certificate,5,32.50507846802283,200,153,47,53
APP_1397,OFC_971,Asansol,Birth Certificate,29,56.02416719947673,715,666,49,55
APP_1398,OFC_199,Mangalore,Income Certificate,23,33.044091665197946,743,704,39,46
APP_1399,OFC_8,Jamshedpur,Birth Certificate,48,36.09939247609385,329,252,77,32
APP_1400,OFC_973,Udhampur,Death Certificate,31,52.730567619071294,397,307,90,49
APP_1401,OFC_2,Roorkee,Death Certificate,24,22.505210036571423,1622,1530,92,42
APP_1402,OFC_895,Adilabad,Death Certificate,45,39.056435876640265,1892,1866,26,37
APP_1403,OFC_18,Guwahati,Death Certificate,46,9.370941621997204,3070,2980,90,56
APP_1404,OFC_802,Pasighat,Death Certificate,35,23.16967287844836,1940,1924,16,35
APP_1405,OFC_906,Aurangabad,Birth Certificate,16,59.343736807863245,519,422,97,44
APP_1406,OFC_300,Panaji,Marriage Certificate,37,57.33124890689265,785,735,50,55
APP_1407,OFC_716,Satna,Income Certificate,9,51.00031111555475,144,55,89,33
APP_1408,OFC_441,Madurai,Marriage Certificate,14,10.934814447263689,1527,1483,44,54
APP_1409,OFC_918,Vasco da Gama,Death Certificate,34,47.30015202580658,1510,1479,31,42
APP_1410,OFC_658,Dimapur,Income Certificate,18,30.05859334564923,1441,1410,31,55
APP_1411,OFC_103,Delhi,Death Certificate,10,6.05774369012181,3081,2984,97,37
APP_1412,OFC_729,Rudrapur,Domicile Certificate,38,29.335900984643512,1672,1645,27,43
APP_1413,OFC_518,Indore,Death Certificate,6,52.56346220999425,154,92,62,37
APP_1414,OFC_329,Allahabad,Caste Certificate,11,29.42949216222958,915,840,75,47
APP_1415,OFC_533,Haldwani,Death Certificate,19,43.9924767885632,705,677,28,31
APP_1416,OFC_254,Patna,Death Certificate,31,42.80021364462373,272,252,20,36
APP_1417,OFC_735,Champhai,Birth Certificate,31,30.684529964599815,1597,1534,63,48
APP_1418,OFC_318,Jorhat,Domicile Certificate,17,28.22803335066474,611,594,17,54
APP_1419,OFC_214,Itanagar,Income Certificate,43,21.730036269568387,2850,2803,47,54
APP_1420,OFC_19,Shillong,Birth Certificate,7,24.144184284556964,458,404,54,34
APP_1421,OFC_877,Solan,Domicile Certificate,23,9.99943958110013,6971,6897,74,53
APP_1422,OFC_466,Jowai,Birth Certificate,11,30.07354236332566,440,390,50,49
APP_1423,OFC_635,Namchi,Domicile Certificate,16,22.30789356292296,889,812,77,32
APP_1424,OFC_788,Bishnupur,Birth Certificate,38,54.80668324481128,1439,1399,40,45
APP_1425,OFC_843,Rewa,Marriage Certificate,39,18.389970658447115,4611,4531,80,56
APP_1426,OFC_143,Agra,Birth Certificate,49,25.7985150208408,2128,2070,58,32
APP_1427,OFC_253,Bangalore,Domicile Certificate,16,50.46056882323538,378,315,63,37
APP_1428,OFC_922,Solapur,Marriage Certificate,11,48.42002989676927,359,306,53,59
APP_1429,OFC_694,Silchar,Caste Certificate,25,56.484042602453286,768,679,89,44
APP_1430,OFC_139,Nashik,Income Certificate,33,10.743234538739948,2152,2151,1,35
APP_1431,OFC_994,Mysore,Caste Certificate,18,58.25293179393938,749,743,6,45
APP_1432,OFC_324,Coimbatore,Income Certificate,18,16.581778011605273,2052,2045,7,39
APP_1433,OFC_199,Katihar,Marriage Certificate,11,54.50162637940947,219,206,13,43
APP_1434,OFC_666,Bareilly,Caste Certificate,6,56.76707408101116,154,67,87,31
APP_1435,OFC_463,Jodhpur,Death Certificate,5,7.189312577214803,1812,1764,48,59
APP_1436,OFC_335,Bokaro,Income Certificate,19,57.03012063364763,719,641,78,34
APP_1437,OFC_943,Jabalpur,Birth Certificate,44,56.53155507679704,1819,1756,63,56
APP_1438,OFC_891,East Delhi,Caste Certificate,22,54.44630499673515,454,418,36,55
APP_1439,OFC_974,Karimnagar,Marriage Certificate,28,55.89626928789384,339,310,29,43
APP_1440,OFC_930,Serchhip,Caste Certificate,27,9.447836020765832,3221,3178,43,34
APP_1441,OFC_216,Rangareddy,Income Certificate,32,16.710450708236813,3510,3469,41,47
APP_1442,OFC_766,Salem,Death Certificate,5,10.2692945682787,724,708,16,55
APP_1443,OFC_518,Kavaratti,Death Certificate,35,9.762304699864265,7720,7656,64,37
APP_1444,OFC_818,Dispur,Caste Certificate,17,27.30366353619448,876,823,53,49
APP_1445,OFC_430,Thoubal,Death Certificate,43,17.239138037438718,1477,1412,65,52
APP_1446,OFC_869,Chandigarh,Caste Certificate,29,5.488609210585535,967,925,42,44
APP_1447,OFC_892,Nagaon,Death Certificate,12,54.96721770993119,192,165,27,31
APP_1448,OFC_691,Udaipur (Tripura),Death Certificate,49,57.29629163944541,2797,2732,65,59
APP_1449,OFC_227,Warangal,Marriage Certificate,32,30.780343975180312,1173,1109,64,59
APP_1450,OFC_473,Muzaffarpur,Caste Certificate,36,30.495372281647715,1814,1746,68,54
APP_1451,OFC_624,Ujjain,Income Certificate,11,48.49151601707823,438,377,61,40
APP_1452,OFC_709,Imphal,Caste Certificate,33,21.81914203472133,2925,2867,58,53
APP_1453,OFC_717,Patiala,Caste Certificate,26,36.304613515802366,1061,1061,0,42
APP_1454,OFC_747,Gwalior,Death Certificate,44,57.30681086117334,2006,1953,53,57
APP_1455,OFC_273,Nizamabad,Domicile Certificate,42,7.122241044449813,9658,9579,79,49
APP_1456,OFC_515,Pune,Birth Certificate,27,25.43926556967722,2667,2578,89,55
APP_1457,OFC_258,Tawang,Caste Certificate,29,6.993877463313717,4918,4870,48,37
APP_1458,OFC_581,Kullu,Birth Certificate,42,49.25693898205572,1970,1937,33,59
APP_1459,OFC_509,Mayabunder,Death Certificate,14,27.868749165326307,587,549,38,50
APP_1460,OFC_103,Lucknow,Birth Certificate,38,15.090533968286666,801,711,90,40
APP_1461,OFC_798,Tezpur,Income Certificate,9,45.8569277112918,345,315,30,42
APP_1462,OFC_545,Junagadh,Domicile Certificate,33,9.113079077749616,8016,7994,22,59
APP_1463,OFC_665,Sagar,Domicile Certificate,30,6.924003043388446,2503,2435,68,41
APP_1464,OFC_220,Nagpur,Death Certificate,39,34.98796450790659,1149,1053,96,31
APP_1465,OFC_590,Howrah,Caste Certificate,35,11.227135746339709,6890,6883,7,53
APP_1466,OFC_381,Srinagar,Birth Certificate,17,9.261800957466225,3482,3415,67,57
APP_1467,OFC_345,Malda,Death Certificate,14,20.78517080300593,380,284,96,51
APP_1468,OFC_87,Bhagalpur,Marriage Certificate,35,44.8535953278714,765,757,8,41
APP_1469,OFC_523,Gulbarga,Marriage Certificate,11,57.37305069786592,431,394,37,55
APP_1470,OFC_279,Begusarai,Death Certificate,34,8.540618593327178,2852,2796,56,30
APP_1471,OFC_358,Dibrugarh,Birth Certificate,13,20.88561864557848,716,644,72,56
APP_1472,OFC_911,Mokokchung,Caste Certificate,8,9.282853536850148,1426,1382,44,49
APP_1473,OFC_647,West Delhi,Birth Certificate,26,51.59652181653637,1168,1119,49,44
APP_1474,OFC_467,Kota,Income Certificate,11,46.54995951288918,428,333,95,56
APP_1475,OFC_812,Vadodara,Income Certificate,6,38.40285257417493,460,378,82,53
APP_1476,OFC_30,Rajkot,Domicile Certificate,44,39.57495506133363,2681,2665,16,53
APP_1477,OFC_50,Kailashahar,Birth Certificate,43,58.28959444127209,1776,1775,1,41
APP_1478,OFC_944,Agartala,Domicile Certificate,14,48.064155726681605,95,75,20,35
APP_1479,OFC_149,Ludhiana,Domicile Certificate,40,10.831495447545835,3418,3358,60,35
APP_1480,OFC_33,Giridih,Death Certificate,47,11.92438870979488,848,759,89,32
APP_1481,OFC_271,Sikar,Birth Certificate,41,32.165745499725006,2475,2386,89,51
APP_1482,OFC_920,Kanpur,Marriage Certificate,40,53.77248796983347,810,731,79,33
APP_1483,OFC_949,Kohima,Caste Certificate,19,12.740884986513429,2092,2078,14,38
APP_1484,OFC_625,Ahmedabad,Caste Certificate,25,44.19325763401032,538,502,36,46
APP_1485,OFC_56,Mangan,Income Certificate,16,6.673227291630633,3587,3581,6,52
APP_1486,OFC_516,Dehradun,Domicile Certificate,47,58.84179966997576,2457,2419,38,54
APP_1487,OFC_608,Churachandpur,Birth Certificate,43,8.363039957622743,13797,13698,99,55
APP_1488,OFC_173,Gaya,Marriage Certificate,49,17.221396384779005,4440,4373,67,46
APP_1489,OFC_397,Dhanbad,Income Certificate,22,57.73088132996405,275,201,74,35
APP_1490,OFC_61,Lunglei,Birth Certificate,39,40.48067628368633,672,646,26,36
APP_1491,OFC_165,Darjeeling,Caste Certificate,6,24.241880223701504,504,490,14,38
APP_1492,OFC_764,Manali,Marriage Certificate,13,46.72706365777295,553,510,43,36
APP_1493,OFC_639,Arrah,Caste Certificate,29,34.357701655427064,1230,1160,70,41
APP_1494,OFC_122,Ramgarh,Caste Certificate,40,44.53478466818313,2370,2300,70,48
APP_1495,OFC_244,Ratlam,Birth Certificate,18,15.28812598145092,955,955,0,40
APP_1496,OFC_600,Hyderabad,Income Certificate,38,45.58091612840917,702,664,38,56
APP_1497,OFC_736,Tumkur,Marriage Certificate,14,34.34995971803734,684,599,85,32
APP_1498,OFC_495,Ghaziabad,Death Certificate,17,40.94608339746061,376,368,8,37
APP_1499,OFC_478,Amini,Death Certificate,36,47.678564981243845,994,982,12,40
APP_1500,OFC_686,Alwar,Domicile Certificate,38,25.35898456000075,1172,1082,90,36
APP_1501,OFC_383,Bardhaman,Domicile Certificate,5,21.866774667221403,194,116,78,35
APP_1502,OFC_567,New Delhi,Domicile Certificate,23,44.04063857551356,357,287,70,33
APP_1503,OFC_800,Tirunelveli,Marriage Certificate,47,8.060242497825586,10523,10466,57,53
APP_1504,OFC_433,Bilaspur,Caste Certificate,40,56.93936459094626,1060,1029,31,44
APP_1505,OFC_632,Haridwar,Caste Certificate,41,33.774790541172536,1805,1769,36,59
APP_1506,OFC_49,Central Delhi,Marriage Certificate,23,37.23661918430233,904,832,72,36
APP_1507,OFC_214,Baramulla,Caste Certificate,44,5.47051235649936,14978,14955,23,45
APP_1508,OFC_52,Margao,Income Certificate,43,7.862881910201892,9024,8950,74,41
APP_1509,OFC_808,Aizawl,Death Certificate,29,9.33033525449149,7765,7743,22,43
APP_1510,OFC_51,Gangtok,Income Certificate,45,9.554235109300016,3917,3833,84,34
APP_1511,OFC_732,Mapusa,Domicile Certificate,42,35.06268449234845,351,274,77,42
APP_1512,OFC_754,Mohali,Birth Certificate,47,44.57259102762712,349,287,62,40
APP_1513,OFC_950,Bathinda,Income Certificate,41,59.20008390525731,1175,1081,94,55
APP_1514,OFC_66,Jalandhar,Income Certificate,9,11.287771276551888,405,384,21,43
APP_1515,OFC_472,Kashipur,Caste Certificate,46,34.918546843706366,2376,2362,14,57
APP_1516,OFC_960,Vellore,Income Certificate,21,35.89888189641759,799,763,36,47
APP_1517,OFC_814,Siliguri,Income Certificate,42,17.047109890313216,2885,2786,99,48
APP_1518,OFC_184,Ajmer,Death Certificate,25,7.737195812371654,1121,1114,7,32
APP_1519,OFC_651,Minicoy,Birth Certificate,45,51.36259255293134,1309,1213,96,35
APP_1520,OFC_981,Dharamshala,Domicile Certificate,26,45.00896555785149,481,421,60,57
APP_1521,OFC_92,Varanasi,Income Certificate,15,29.86764803173461,300,226,74,49
APP_1522,OFC_418,Bhilwara,Birth Certificate,13,18.17056287439567,432,385,47,34
APP_1523,OFC_802,Tuensang,Marriage Certificate,20,33.89923135838096,373,373,0,33
APP_1524,OFC_777,Havelock,Income Certificate,16,19.135342772233773,1942,1919,23,47
APP_1525,OFC_863,Diglipur,Death Certificate,45,24.10024791819485,3734,3675,59,53
APP_1526,OFC_413,Anantnag,Domicile Certificate,42,23.78812435131688,4184,4167,17,51
APP_1527,OFC_117,Kolhapur,Death Certificate,26,53.35527095587408,521,518,3,48
APP_1528,OFC_232,Nanded,Income Certificate,14,53.18215128454338,245,187,58,40
APP_1529,OFC_670,Jaipur,Marriage Certificate,11,43.97873590675056,199,148,51,37
APP_1530,OFC_328,Purnia,Income Certificate,20,32.10118928711357,1445,1444,1,58
APP_1531,OFC_889,Bhopal,Birth Certificate,44,40.92918777161268,1767,1714,53,38
APP_1532,OFC_551,Bhavnagar,Income Certificate,27,27.49425770536089,1824,1753,71,40
APP_1533,OFC_525,Mahbubnagar,Death Certificate,20,27.77005784247332,1142,1103,39,34
APP_1534,OFC_272,Darbhanga,Marriage Certificate,47,42.64994381672282,2019,1950,69,41
APP_1535,OFC_880,Thane,Death Certificate,37,35.417081419428065,861,797,64,35
APP_1536,OFC_882,Kolkata,Death Certificate,20,7.832516470600684,1370,1370,0,44
APP_1537,OFC_142,Leh,Death Certificate,18,14.2456402392849,1810,1792,18,40
APP_1538,OFC_963,Durgapur,Domicile Certificate,9,21.63771781932764,709,634,75,58
APP_1539,OFC_585,Chennai,Marriage Certificate,42,24.388515355300036,2575,2509,66,30
APP_1540,OFC_637,Amritsar,Caste Certificate,49,35.27708582062548,1787,1783,4,58
APP_1541,OFC_48,Tiruchirapalli,Income Certificate,38,18.81117577504533,3508,3442,66,34
APP_1542,OFC_245,Shimla,Death Certificate,38,11.89583862595032,2622,2527,95,58
APP_1543,OFC_274,Jamnagar,Marriage Certificate,42,24.64990070978248,4170,4163,7,46
APP_1544,OFC_576,Amravati,Caste Certificate,44,37.64173029681686,2230,2161,69,38
APP_1545,OFC_829,Mumbai,Marriage Certificate,20,46.88171274815537,565,514,51,34
APP_1546,OFC_595,Nongpoh,Income Certificate,43,32.91581370107893,1080,1035,45,43
APP_1547,OFC_895,Hazaribagh,Death Certificate,21,31.383508939345017,190,115,75,33
APP_1548,OFC_574,Thoothukudi,Birth Certificate,47,55.93447407328053,2349,2282,67,56
APP_1549,OFC_201,North Delhi,Caste Certificate,11,26.46869527065748,155,140,15,55
APP_1550,OFC_118,Shimoga,Domicile Certificate,18,11.99883138811757,4021,4006,15,52
APP_1551,OFC_156,Khammam,Caste Certificate,8,23.43863096351821,600,575,25,57
APP_1552,OFC_581,Naharlagun,Birth Certificate,21,29.860455839289465,225,196,29,31
APP_1553,OFC_195,Bikaner,Death Certificate,6,23.622228456786548,482,386,96,53
APP_1554,OFC_16,Ranchi,Income Certificate,41,16.851709206864157,6101,6061,40,56
APP_1555,OFC_182,South Delhi,Caste Certificate,9,32.72209041958165,554,507,47,43
APP_1556,OFC_10,Medinipur,Income Certificate,22,17.80247559663692,522,451,71,45
APP_1557,OFC_282,Port Blair,Income Certificate,32,45.61154003148316,876,865,11,30
APP_1558,OFC_120,Geyzing,Birth Certificate,29,16.014638509489785,1201,1150,51,33
APP_1559,OFC_334,Tura,Birth Certificate,17,9.073106647337006,3092,3081,11,41
APP_1560,OFC_726,Mandi,Income Certificate,40,15.454697692991465,4412,4383,29,52
APP_1561,OFC_366,Pathankot,Domicile Certificate,24,56.85430183942924,395,343,52,36
APP_1562,OFC_185,Hubli,Income Certificate,17,42.05977801700244,1124,1039,85,51
APP_1563,OFC_954,Dharmanagar,Birth Certificate,18,26.231707696442054,1230,1176,54,51
APP_1564,OFC_112,Erode,Birth Certificate,20,12.565366131132684,2682,2647,35,30
APP_1565,OFC_68,Nainital,Birth Certificate,27,42.04193963322509,811,762,49,50
APP_1566,OFC_988,Anand,Caste Certificate,44,26.167094437117942,2424,2341,83,34
APP_1567,OFC_221,Agatti,Birth Certificate,12,13.95656164035021,1188,1164,24,55
APP_1568,OFC_663,Udaipur,Marriage Certificate,26,23.925487021635508,3127,3104,23,59
APP_1569,OFC_473,Meerut,Birth Certificate,5,31.293439953767376,423,389,34,57
APP_1570,OFC_566,Deoghar,Death Certificate,38,18.809346321613997,2658,2572,86,57
APP_1571,OFC_859,Surat,Caste Certificate,23,41.90995959727553,760,686,74,30
APP_1572,OFC_41,Kathua,Birth Certificate,33,14.969206039643488,1750,1657,93,31
APP_1573,OFC_747,Gorakhpur,Death Certificate,9,40.49930082509231,424,417,7,58
APP_1574,OFC_491,Gandhinagar,Birth Certificate,23,34.40627617119968,1260,1254,6,40
APP_1575,OFC_755,Belgaum,Domicile Certificate,25,7.87681746458266,4781,4718,63,32
APP_1576,OFC_442,Jammu,Birth Certificate,5,11.04885796709794,555,511,44,36
APP_1577,OFC_585,Davanagere,Death Certificate,37,56.98388014478433,430,421,9,33
APP_1578,OFC_34,Asansol,Domicile Certificate,28,54.58624470402837,1118,1025,93,38
APP_1579,OFC_966,Mangalore,Domicile Certificate,7,37.74553516018914,115,31,84,37
APP_1580,OFC_32,Jamshedpur,Caste Certificate,16,35.74837082708884,592,567,25,36
APP_1581,OFC_474,Udhampur,Income Certificate,7,33.93964263682753,737,657,80,57
APP_1582,OFC_572,Roorkee,Income Certificate,33,52.52636879080118,1022,955,67,39
APP_1583,OFC_510,Adilabad,Marriage Certificate,35,20.033127071856462,1785,1688,97,31
APP_1584,OFC_583,Guwahati,Death Certificate,17,41.42169398450617,552,536,16,44
APP_1585,OFC_965,Pasighat,Birth Certificate,16,46.89247457891751,471,382,89,47
APP_1586,OFC_897,Aurangabad,Marriage Certificate,21,38.026007478765074,1684,1586,98,58
APP_1587,OFC_324,Panaji,Caste Certificate,23,37.00690028281807,1008,951,57,35
APP_1588,OFC_304,Satna,Caste Certificate,9,33.803411244922,169,112,57,33
APP_1589,OFC_66,Madurai,Birth Certificate,20,28.30295982632734,1190,1161,29,58
APP_1590,OFC_111,Vasco da Gama,Marriage Certificate,29,54.03693068769602,1221,1191,30,53
APP_1591,OFC_164,Dimapur,Caste Certificate,17,38.842930858999374,459,449,10,52
APP_1592,OFC_666,Delhi,Income Certificate,18,34.668458301693,751,708,43,53
APP_1593,OFC_847,Rudrapur,Birth Certificate,13,57.75564175521868,39,20,19,53
APP_1594,OFC_8,Indore,Domicile Certificate,39,25.66871962584315,1092,1078,14,38
APP_1595,OFC_500,Allahabad,Income Certificate,30,57.40085802195587,341,244,97,40
APP_1596,OFC_434,Haldwani,Caste Certificate,13,36.10993977856292,473,411,62,33
APP_1597,OFC_153,Patna,Domicile Certificate,34,9.060575320663531,4499,4421,78,40
APP_1598,OFC_98,Champhai,Marriage Certificate,28,31.73018965310247,1948,1915,33,57
APP_1599,OFC_395,Jorhat,Caste Certificate,37,34.50367182342207,732,677,55,58
APP_1600,OFC_790,Itanagar,Income Certificate,8,54.1855495276023,299,271,28,39
APP_1601,OFC_665,Shillong,Caste Certificate,20,31.33580487074249,1691,1610,81,54
APP_1602,OFC_225,Solan,Income Certificate,20,15.558020501773392,3547,3512,35,59
APP_1603,OFC_804,Jowai,Birth Certificate,35,53.66800623004698,1278,1216,62,46
APP_1604,OFC_949,Namchi,Birth Certificate,37,55.20733914118726,1054,962,92,35
APP_1605,OFC_38,Bishnupur,Death Certificate,39,19.99673946474792,3060,3048,12,56
APP_1606,OFC_664,Rewa,Domicile Certificate,36,58.85470734600321,785,763,22,35
APP_1607,OFC_767,Agra,Birth Certificate,5,51.37104761170215,232,204,28,43
APP_1608,OFC_744,Bangalore,Death Certificate,34,31.814016372274992,326,291,35,44
APP_1609,OFC_929,Solapur,Birth Certificate,32,55.734733125100014,974,953,21,45
APP_1610,OFC_405,Silchar,Income Certificate,37,33.72377883962207,2952,2891,61,58
APP_1611,OFC_173,Nashik,Birth Certificate,7,42.64469766547584,398,366,32,52
APP_1612,OFC_907,Mysore,Death Certificate,42,22.050101903026796,1725,1711,14,36
APP_1613,OFC_377,Coimbatore,Marriage Certificate,46,24.56280644419059,2077,2066,11,47
APP_1614,OFC_76,Katihar,Caste Certificate,48,8.7912986168249,3736,3660,76,33
APP_1615,OFC_584,Bareilly,Birth Certificate,21,25.09669962426993,2192,2152,40,56
APP_1616,OFC_852,Jodhpur,Death Certificate,6,16.079207145730145,331,243,88,53
APP_1617,OFC_516,Bokaro,Death Certificate,24,14.325689690357454,2116,2027,89,30
APP_1618,OFC_193,Jabalpur,Death Certificate,21,55.04613344374689,310,259,51,34
APP_1619,OFC_524,East Delhi,Birth Certificate,44,16.637017401377022,7942,7930,12,54
APP_1620,OFC_574,Karimnagar,Domicile Certificate,49,49.53645445896151,556,464,92,58
APP_1621,OFC_908,Serchhip,Death Certificate,27,31.3286210467932,1795,1768,27,38
APP_1622,OFC_217,Rangareddy,Death Certificate,40,20.95278917626764,3388,3361,27,40
APP_1623,OFC_124,Salem,Caste Certificate,26,51.98080446430577,702,617,85,36
APP_1624,OFC_576,Kavaratti,Income Certificate,11,34.41499907187293,909,823,86,51
APP_1625,OFC_669,Dispur,Birth Certificate,13,40.39985834657913,357,279,78,31
APP_1626,OFC_956,Thoubal,Birth Certificate,16,30.872419070674525,558,513,45,46
APP_1627,OFC_558,Chandigarh,Domicile Certificate,14,33.324032203269326,578,566,12,54
APP_1628,OFC_332,Nagaon,Birth Certificate,12,31.52520527176183,714,626,88,57
APP_1629,OFC_609,Udaipur (Tripura),Domicile Certificate,25,30.066673657380075,712,711,1,33
APP_1630,OFC_857,Warangal,Caste Certificate,5,36.33133844345585,301,289,12,56
APP_1631,OFC_824,Muzaffarpur,Death Certificate,12,48.11543108656016,235,195,40,42
APP_1632,OFC_561,Ujjain,Death Certificate,48,35.047026425861446,444,435,9,34
APP_1633,OFC_112,Imphal,Income Certificate,24,44.50596506506336,1224,1188,36,55
APP_1634,OFC_508,Patiala,Domicile Certificate,40,39.83866870615019,1406,1366,40,48
APP_1635,OFC_959,Gwalior,Death Certificate,43,38.13812356542354,1162,1155,7,35
APP_1636,OFC_850,Nizamabad,Caste Certificate,13,26.741087387286942,242,221,21,33
APP_1637,OFC_409,Pune,Death Certificate,24,33.43642242203455,1152,1144,8,45
APP_1638,OFC_849,Tawang,Marriage Certificate,13,55.109682236572674,579,521,58,53
APP_1639,OFC_672,Kullu,Marriage Certificate,43,48.39374533187616,1783,1703,80,56
APP_1640,OFC_472,Mayabunder,Domicile Certificate,10,21.0036528161876,891,871,20,45
APP_1641,OFC_570,Lucknow,Birth Certificate,22,28.78658567299629,901,874,27,30
APP_1642,OFC_573,Tezpur,Domicile Certificate,21,46.67966175406638,606,550,56,45
APP_1643,OFC_71,Junagadh,Birth Certificate,24,44.76689369679376,891,837,54,44
APP_1644,OFC_79,Sagar,Death Certificate,41,19.13950020182525,2231,2217,14,47
APP_1645,OFC_539,Nagpur,Income Certificate,25,51.02536919216491,752,686,66,32
APP_1646,OFC_779,Howrah,Domicile Certificate,20,43.196385807436606,1154,1148,6,46
APP_1647,OFC_622,Srinagar,Domicile Certificate,9,35.29211495046841,434,405,29,49
APP_1648,OFC_131,Malda,Birth Certificate,40,40.35080452207838,1228,1158,70,51
APP_1649,OFC_649,Bhagalpur,Domicile Certificate,11,48.39995833780274,407,356,51,45
APP_1650,OFC_889,Gulbarga,Caste Certificate,36,17.138521981056197,3304,3276,28,37
APP_1651,OFC_873,Begusarai,Death Certificate,26,14.797292834818489,1393,1369,24,40
APP_1652,OFC_501,Dibrugarh,Domicile Certificate,22,23.94042647224939,484,388,96,45
APP_1653,OFC_979,Mokokchung,Death Certificate,18,25.03231635495771,836,783,53,53
APP_1654,OFC_709,West Delhi,Domicile Certificate,43,15.003438398337304,1039,1003,36,33
APP_1655,OFC_721,Kota,Caste Certificate,27,56.778411949983386,1429,1427,2,56
APP_1656,OFC_650,Vadodara,Caste Certificate,5,13.239895732535684,186,156,30,55
APP_1657,OFC_805,Rajkot,Death Certificate,13,30.21571855801481,694,655,39,41
APP_1658,OFC_516,Kailashahar,Domicile Certificate,42,58.56121457363681,969,943,26,47
APP_1659,OFC_524,Agartala,Death Certificate,12,28.048211926470245,143,127,16,49
APP_1660,OFC_482,Ludhiana,Income Certificate,31,12.315221154321184,3206,3119,87,30
APP_1661,OFC_607,Giridih,Death Certificate,34,34.159612337191774,2160,2068,92,38
APP_1662,OFC_839,Sikar,Death Certificate,5,18.400969978754325,368,324,44,47
APP_1663,OFC_356,Kanpur,Income Certificate,5,39.07729051224784,127,118,9,34
APP_1664,OFC_219,Kohima,Birth Certificate,49,7.152273996612266,4437,4356,81,41
APP_1665,OFC_340,Ahmedabad,Income Certificate,45,43.73602713099055,781,750,31,57
APP_1666,OFC_454,Mangan,Marriage Certificate,42,42.35202555704803,1681,1679,2,57
APP_1667,OFC_310,Dehradun,Death Certificate,44,31.643400895891947,726,683,43,47
APP_1668,OFC_380,Churachandpur,Birth Certificate,6,25.964625053084905,686,664,22,56
APP_1669,OFC_328,Gaya,Income Certificate,10,22.755781419005796,714,666,48,51
APP_1670,OFC_589,Dhanbad,Income Certificate,36,23.22661982330839,2785,2739,46,36
APP_1671,OFC_426,Lunglei,Marriage Certificate,46,5.417527889565276,10335,10269,66,32
APP_1672,OFC_718,Darjeeling,Death Certificate,41,58.599290451430605,555,467,88,50
APP_1673,OFC_246,Manali,Income Certificate,5,34.96287884535548,258,193,65,58
APP_1674,OFC_104,Arrah,Death Certificate,10,49.49601982466836,302,279,23,47
APP_1675,OFC_239,Ramgarh,Death Certificate,43,28.58188292369272,983,914,69,33
APP_1676,OFC_819,Ratlam,Death Certificate,45,35.91080599986633,754,696,58,33
APP_1677,OFC_951,Hyderabad,Domicile Certificate,40,59.7725131486886,1719,1635,84,55
APP_1678,OFC_394,Tumkur,Caste Certificate,16,50.12746579903313,457,379,78,30
APP_1679,OFC_498,Ghaziabad,Domicile Certificate,6,53.51470133793626,96,55,41,34
APP_1680,OFC_645,Amini,Caste Certificate,37,59.34044235663779,311,270,41,34
APP_1681,OFC_696,Alwar,Marriage Certificate,15,23.000135633229757,2092,2077,15,56
APP_1682,OFC_93,Bardhaman,Domicile Certificate,19,11.410159988845471,3230,3199,31,52
APP_1683,OFC_563,New Delhi,Caste Certificate,12,43.54054046338663,521,458,63,39
APP_1684,OFC_113,Tirunelveli,Birth Certificate,35,17.98945903655825,2497,2408,89,49
APP_1685,OFC_663,Bilaspur,Death Certificate,28,58.567261421176845,1114,1101,13,55
APP_1686,OFC_401,Haridwar,Death Certificate,25,54.17591791188711,1230,1177,53,55
APP_1687,OFC_524,Central Delhi,Death Certificate,8,13.35816777631884,980,913,67,56
APP_1688,OFC_554,Baramulla,Death Certificate,15,50.8831136302352,425,405,20,31
APP_1689,OFC_358,Margao,Birth Certificate,17,59.85263364018738,340,329,11,35
APP_1690,OFC_692,Aizawl,Caste Certificate,16,48.54448348599406,643,597,46,41
APP_1691,OFC_555,Gangtok,Death Certificate,13,20.085420692382257,1610,1552,58,56
APP_1692,OFC_143,Mapusa,Death Certificate,12,58.64691626828743,568,528,40,54
APP_1693,OFC_806,Mohali,Birth Certificate,12,54.01141709493569,531,438,93,37
APP_1694,OFC_632,Bathinda,Income Certificate,10,36.61428736797544,408,326,82,54
APP_1695,OFC_3,Jalandhar,Domicile Certificate,6,48.40493588416233,338,313,25,51
APP_1696,OFC_924,Kashipur,Death Certificate,9,57.90586167988279,129,44,85,47
APP_1697,OFC_563,Vellore,Birth Certificate,49,7.525603085019467,12544,12477,67,57
APP_1698,OFC_869,Siliguri,Birth Certificate,44,22.547421724451446,835,819,16,38
APP_1699,OFC_598,Ajmer,Death Certificate,39,57.56964587459059,562,500,62,50
APP_1700,OFC_450,Minicoy,Marriage Certificate,9,34.26190777583645,618,550,68,53
APP_1701,OFC_886,Dharamshala,Income Certificate,38,48.74289447045034,1375,1295,80,40
APP_1702,OFC_33,Varanasi,Death Certificate,47,41.466289107842094,329,307,22,38
APP_1703,OFC_381,Bhilwara,Domicile Certificate,39,17.248170645118037,4837,4810,27,55
APP_1704,OFC_851,Tuensang,Marriage Certificate,34,32.6261924781581,1961,1936,25,50
APP_1705,OFC_100,Havelock,Caste Certificate,8,47.52936336439937,266,246,20,31
APP_1706,OFC_699,Diglipur,Death Certificate,30,46.05528675719776,1224,1145,79,41
APP_1707,OFC_321,Anantnag,Marriage Certificate,19,46.34443728131659,693,629,64,33
APP_1708,OFC_790,Kolhapur,Birth Certificate,36,5.52284113299581,8429,8370,59,46
APP_1709,OFC_524,Nanded,Marriage Certificate,35,46.24320500288778,1360,1309,51,40
APP_1710,OFC_596,Jaipur,Income Certificate,12,25.816127790005435,553,541,12,30
APP_1711,OFC_665,Purnia,Death Certificate,48,33.957419003053275,976,934,42,56
APP_1712,OFC_518,Bhopal,Caste Certificate,19,12.522613346673342,3767,3674,93,51
APP_1713,OFC_567,Bhavnagar,Domicile Certificate,26,43.55109333071876,329,253,76,51
APP_1714,OFC_184,Mahbubnagar,Marriage Certificate,21,54.51523649202304,359,322,37,44
APP_1715,OFC_548,Darbhanga,Caste Certificate,36,23.974056513273307,2445,2400,45,35
APP_1716,OFC_683,Thane,Income Certificate,5,37.832815776504034,224,151,73,38
APP_1717,OFC_103,Kolkata,Marriage Certificate,26,17.100548793408453,2515,2488,27,34
APP_1718,OFC_774,Leh,Domicile Certificate,16,24.03572158868069,981,922,59,40
APP_1719,OFC_360,Durgapur,Caste Certificate,9,25.941705989500083,632,550,82,41
APP_1720,OFC_519,Chennai,Domicile Certificate,44,9.550627661297137,5649,5599,50,47
APP_1721,OFC_390,Amritsar,Death Certificate,30,24.468446138837507,2387,2374,13,35
APP_1722,OFC_524,Tiruchirapalli,Caste Certificate,27,6.697747289835355,1553,1494,59,36
APP_1723,OFC_762,Shimla,Marriage Certificate,43,25.189551089798567,1068,974,94,40
APP_1724,OFC_626,Jamnagar,Caste Certificate,5,16.81930384658275,602,504,98,36
APP_1725,OFC_648,Amravati,Marriage Certificate,44,44.5829277824945,1948,1889,59,55
APP_1726,OFC_973,Mumbai,Caste Certificate,48,35.42471883752161,2816,2736,80,43
APP_1727,OFC_670,Nongpoh,Death Certificate,48,58.55420959029543,1006,977,29,47
APP_1728,OFC_864,Hazaribagh,Marriage Certificate,46,8.004184506897102,7782,7746,36,34
APP_1729,OFC_618,Thoothukudi,Caste Certificate,12,27.15925860670531,436,399,37,40
APP_1730,OFC_242,North Delhi,Marriage Certificate,28,55.59641024797672,1310,1265,45,51
APP_1731,OFC_41,Shimoga,Marriage Certificate,43,13.514618232825429,695,686,9,40
APP_1732,OFC_226,Khammam,Birth Certificate,18,13.96038576209099,866,831,35,38
APP_1733,OFC_169,Naharlagun,Caste Certificate,32,40.86626882430616,1231,1162,69,33
APP_1734,OFC_995,Bikaner,Caste Certificate,20,16.81653063999396,3560,3504,56,54
APP_1735,OFC_355,Ranchi,Domicile Certificate,10,24.439010496973893,721,691,30,45
APP_1736,OFC_503,South Delhi,Income Certificate,7,54.68230671614022,149,114,35,37
APP_1737,OFC_977,Medinipur,Death Certificate,34,31.904897885086992,309,306,3,32
APP_1738,OFC_320,Port Blair,Birth Certificate,32,51.49343171124533,394,379,15,39
APP_1739,OFC_272,Geyzing,Income Certificate,21,6.676579317126342,1709,1610,99,44
APP_1740,OFC_963,Tura,Caste Certificate,22,52.79759063622493,285,276,9,43
APP_1741,OFC_716,Mandi,Marriage Certificate,47,22.09189324548317,2006,1973,33,43
APP_1742,OFC_104,Pathankot,Death Certificate,11,56.17644507689268,342,282,60,40
APP_1743,OFC_907,Hubli,Domicile Certificate,19,25.31480388364014,766,759,7,46
APP_1744,OFC_607,Dharmanagar,Death Certificate,26,20.89188798806695,773,720,53,58
APP_1745,OFC_925,Erode,Marriage Certificate,19,23.0596543779963,1075,1008,67,41
APP_1746,OFC_352,Nainital,Birth Certificate,20,51.526248211258704,200,196,4,33
APP_1747,OFC_25,Anand,Marriage Certificate,38,32.804763237531,1190,1178,12,38
APP_1748,OFC_818,Agatti,Death Certificate,6,59.72767978742437,159,148,11,42
APP_1749,OFC_315,Udaipur,Birth Certificate,49,49.446531524192665,1316,1283,33,40
APP_1750,OFC_435,Meerut,Income Certificate,45,31.291006866274643,2252,2205,47,35
APP_1751,OFC_490,Deoghar,Death Certificate,5,36.77180436282429,106,73,33,48
APP_1752,OFC_638,Surat,Caste Certificate,23,54.955874291803084,1138,1113,25,49
APP_1753,OFC_252,Kathua,Death Certificate,10,24.95510167592323,261,214,47,38
APP_1754,OFC_704,Gorakhpur,Death Certificate,34,13.093673553004786,4476,4396,80,39
APP_1755,OFC_849,Gandhinagar,Birth Certificate,40,48.534755348326016,1399,1392,7,57
APP_1756,OFC_628,Belgaum,Caste Certificate,10,46.63676299535682,400,347,53,41
APP_1757,OFC_524,Jammu,Income Certificate,28,11.637865731543224,2132,2129,3,37
APP_1758,OFC_611,Davanagere,Birth Certificate,32,41.97388750408174,1979,1886,93,57
APP_1759,OFC_337,Asansol,Marriage Certificate,39,20.969850204450744,2876,2780,96,55
APP_1760,OFC_415,Mangalore,Caste Certificate,14,10.573451627292831,2669,2621,48,54
APP_1761,OFC_58,Jamshedpur,Caste Certificate,31,7.495428225060275,1378,1313,65,50
APP_1762,OFC_570,Udhampur,Birth Certificate,19,17.501632398118808,961,902,59,44
APP_1763,OFC_474,Roorkee,Marriage Certificate,30,58.33952190469945,835,752,83,39
APP_1764,OFC_392,Adilabad,Caste Certificate,38,24.91307175948703,1935,1891,44,35
APP_1765,OFC_857,Guwahati,Death Certificate,26,30.829588435330084,467,409,58,32
APP_1766,OFC_75,Pasighat,Death Certificate,22,53.79623728418406,492,395,97,34
APP_1767,OFC_138,Aurangabad,Birth Certificate,22,55.86322503427075,1124,1026,98,56
APP_1768,OFC_342,Panaji,Domicile Certificate,35,31.2638219756708,2070,2044,26,53
APP_1769,OFC_580,Satna,Marriage Certificate,18,25.08398456229158,489,412,77,41
APP_1770,OFC_597,Madurai,Income Certificate,11,53.2669974893352,453,415,38,47
APP_1771,OFC_645,Vasco da Gama,Caste Certificate,34,43.398670421091474,858,835,23,44
APP_1772,OFC_32,Dimapur,Domicile Certificate,35,31.039082731105097,2074,1984,90,50
APP_1773,OFC_767,Delhi,Income Certificate,18,10.472467784113864,1746,1667,79,43
APP_1774,OFC_668,Rudrapur,Income Certificate,22,21.31614468649335,1673,1622,51,36
APP_1775,OFC_241,Indore,Income Certificate,32,51.51037162124762,732,678,54,45
APP_1776,OFC_262,Allahabad,Death Certificate,37,29.713483268948877,1665,1656,9,36
APP_1777,OFC_515,Haldwani,Marriage Certificate,37,58.78513594248818,1101,1016,85,36
APP_1778,OFC_738,Patna,Income Certificate,36,6.198392236924055,3849,3803,46,51
APP_1779,OFC_647,Champhai,Death Certificate,16,21.64986378430205,1004,933,71,57
APP_1780,OFC_361,Jorhat,Death Certificate,9,33.77358347292614,334,334,0,56
APP_1781,OFC_681,Itanagar,Marriage Certificate,48,40.59650239722005,1316,1228,88,37
APP_1782,OFC_573,Shillong,Marriage Certificate,48,42.05143309413888,1585,1532,53,54
APP_1783,OFC_340,Solan,Death Certificate,11,38.84731225852739,669,635,34,54
APP_1784,OFC_705,Jowai,Domicile Certificate,20,8.61722734090166,3761,3705,56,39
APP_1785,OFC_77,Namchi,Income Certificate,7,57.58911261385489,230,181,49,48
APP_1786,OFC_554,Bishnupur,Caste Certificate,33,6.96951119297519,6563,6525,38,46
APP_1787,OFC_739,Rewa,Marriage Certificate,24,45.17926115529492,525,483,42,43
APP_1788,OFC_340,Agra,Caste Certificate,46,13.639600619590034,7234,7229,5,55
APP_1789,OFC_280,Bangalore,Domicile Certificate,42,36.56245256794576,1029,961,68,57
APP_1790,OFC_871,Solapur,Marriage Certificate,41,57.366813297197886,327,293,34,51
APP_1791,OFC_838,Silchar,Domicile Certificate,36,51.70978127409997,1643,1604,39,45
APP_1792,OFC_72,Nashik,Caste Certificate,49,50.734993223853806,1841,1812,29,44
APP_1793,OFC_895,Mysore,Death Certificate,6,36.34056641500649,241,187,54,32
APP_1794,OFC_333,Coimbatore,Marriage Certificate,17,49.521322126719255,132,107,25,48
APP_1795,OFC_791,Katihar,Domicile Certificate,19,17.227501506782446,1592,1505,87,32
APP_1796,OFC_123,Bareilly,Birth Certificate,40,30.149344252550133,3165,3077,88,55
APP_1797,OFC_973,Jodhpur,Death Certificate,22,28.01840126589761,1012,1012,0,57
APP_1798,OFC_257,Bokaro,Death Certificate,17,25.75960072064858,1005,980,25,46
APP_1799,OFC_318,Jabalpur,Domicile Certificate,30,18.137293379827383,1415,1402,13,52
APP_1800,OFC_75,East Delhi,Marriage Certificate,19,54.67338811612613,253,238,15,40
APP_1801,OFC_663,Karimnagar,Marriage Certificate,40,47.68714849379192,1831,1761,70,47
APP_1802,OFC_962,Serchhip,Caste Certificate,34,5.537472728071469,5812,5775,37,34
APP_1803,OFC_642,Rangareddy,Marriage Certificate,36,48.03107012729527,1276,1198,78,32
APP_1804,OFC_778,Salem,Domicile Certificate,15,41.12262729129847,854,839,15,58
APP_1805,OFC_308,Kavaratti,Caste Certificate,37,24.935291673800823,1018,962,56,36
APP_1806,OFC_361,Dispur,Birth Certificate,10,24.821912281573304,498,415,83,41
APP_1807,OFC_840,Thoubal,Marriage Certificate,6,38.83980381889732,141,58,83,47
APP_1808,OFC_958,Chandigarh,Birth Certificate,17,25.24213395142981,1090,994,96,42
APP_1809,OFC_7,Nagaon,Income Certificate,48,40.81338478495139,920,867,53,31
APP_1810,OFC_650,Udaipur (Tripura),Income Certificate,47,11.430246469657526,5616,5542,74,31
APP_1811,OFC_108,Warangal,Death Certificate,27,14.349796321140069,2954,2904,50,45
APP_1812,OFC_633,Muzaffarpur,Marriage Certificate,25,43.1384191154778,297,246,51,34
APP_1813,OFC_193,Ujjain,Caste Certificate,14,47.957371659233246,553,548,5,33
APP_1814,OFC_81,Imphal,Caste Certificate,9,36.10096723526377,187,95,92,50
APP_1815,OFC_290,Patiala,Domicile Certificate,41,16.960318898214226,2836,2815,21,57
APP_1816,OFC_178,Gwalior,Marriage Certificate,20,12.71880849949252,3370,3290,80,52
APP_1817,OFC_364,Nizamabad,Domicile Certificate,6,15.443509242422724,197,138,59,46
APP_1818,OFC_880,Pune,Income Certificate,26,12.774752198738234,2266,2235,31,46
APP_1819,OFC_63,Tawang,Death Certificate,29,21.0550287584689,983,973,10,32
APP_1820,OFC_987,Kullu,Caste Certificate,45,12.762799081165898,1388,1353,35,48
APP_1821,OFC_140,Mayabunder,Death Certificate,12,25.415614265668843,82,64,18,52
APP_1822,OFC_913,Lucknow,Death Certificate,30,6.825797328605896,2716,2698,18,40
APP_1823,OFC_120,Tezpur,Birth Certificate,22,31.37450447736645,2115,2055,60,52
APP_1824,OFC_225,Junagadh,Domicile Certificate,35,10.437913527950805,5526,5454,72,52
APP_1825,OFC_763,Sagar,Domicile Certificate,44,25.770276063697125,4561,4487,74,50
APP_1826,OFC_328,Nagpur,Caste Certificate,32,24.801151581997694,1897,1883,14,50
APP_1827,OFC_546,Howrah,Marriage Certificate,37,59.79493622917623,260,209,51,31
APP_1828,OFC_510,Srinagar,Domicile Certificate,40,19.617551124958943,1135,1091,44,35
APP_1829,OFC_954,Malda,Death Certificate,36,9.220673255989093,4687,4608,79,36
APP_1830,OFC_302,Bhagalpur,Death Certificate,28,27.044684437366232,2036,2024,12,45
APP_1831,OFC_108,Gulbarga,Marriage Certificate,30,7.641396317995223,1960,1863,97,49
APP_1832,OFC_863,Begusarai,Income Certificate,8,44.1779677322736,210,115,95,57
APP_1833,OFC_160,Dibrugarh,Caste Certificate,17,31.982113378247984,1095,1078,17,49
APP_1834,OFC_639,Mokokchung,Death Certificate,17,55.6707526424059,295,291,4,49
APP_1835,OFC_836,West Delhi,Caste Certificate,28,41.38122228709579,677,669,8,38
APP_1836,OFC_419,Kota,Domicile Certificate,14,48.31806305539044,582,484,98,43
APP_1837,OFC_389,Vadodara,Marriage Certificate,49,52.72858501134482,156,113,43,36
APP_1838,OFC_743,Rajkot,Income Certificate,37,43.93406168838632,2152,2118,34,55
APP_1839,OFC_573,Kailashahar,Birth Certificate,22,48.1803904923064,585,573,12,54
APP_1840,OFC_729,Agartala,Caste Certificate,44,45.39860868160882,2727,2650,77,54
APP_1841,OFC_788,Ludhiana,Death Certificate,22,6.810257276364553,4144,4090,54,39
APP_1842,OFC_293,Giridih,Death Certificate,20,46.04683932181851,99,81,18,35
APP_1843,OFC_814,Sikar,Domicile Certificate,22,16.27948712803412,228,185,43,34
APP_1844,OFC_636,Kanpur,Domicile Certificate,31,24.11689473966251,706,674,32,36
APP_1845,OFC_281,Kohima,Death Certificate,18,9.039445858757276,2344,2288,56,33
APP_1846,OFC_985,Ahmedabad,Income Certificate,24,42.43842278443172,1001,910,91,39
APP_1847,OFC_635,Mangan,Marriage Certificate,7,16.814773525727404,350,319,31,40
APP_1848,OFC_308,Dehradun,Domicile Certificate,43,33.02810388535369,2122,2060,62,37
APP_1849,OFC_154,Churachandpur,Marriage Certificate,36,11.864971797301347,5625,5590,35,56
APP_1850,OFC_135,Gaya,Marriage Certificate,35,23.808844413460054,1109,1032,77,32
APP_1851,OFC_36,Dhanbad,Domicile Certificate,7,47.5604188290782,283,223,60,40
APP_1852,OFC_888,Lunglei,Marriage Certificate,37,34.77861668677482,2227,2214,13,42
APP_1853,OFC_376,Darjeeling,Marriage Certificate,12,36.31408194711787,603,523,80,49
APP_1854,OFC_401,Manali,Domicile Certificate,44,19.858089427176026,2116,2064,52,41
APP_1855,OFC_265,Arrah,Caste Certificate,35,38.66021435322951,223,188,35,38
APP_1856,OFC_248,Ramgarh,Domicile Certificate,23,32.081731901428554,639,631,8,33
APP_1857,OFC_874,Ratlam,Caste Certificate,25,35.56879326293638,1103,1069,34,53
APP_1858,OFC_436,Hyderabad,Income Certificate,16,11.152297049047736,2130,2061,69,44
APP_1859,OFC_214,Tumkur,Domicile Certificate,44,55.02875882856016,333,292,41,54
APP_1860,OFC_170,Ghaziabad,Caste Certificate,6,19.629039665896805,325,293,32,43
APP_1861,OFC_780,Amini,Marriage Certificate,36,49.74863334403643,1704,1645,59,43
APP_1862,OFC_169,Alwar,Marriage Certificate,21,33.24752020031097,1192,1157,35,41
APP_1863,OFC_901,Bardhaman,Domicile Certificate,44,45.88030424044568,3190,3134,56,57
APP_1864,OFC_879,New Delhi,Birth Certificate,20,44.340517222994734,394,339,55,47
APP_1865,OFC_756,Tirunelveli,Birth Certificate,26,49.49419703691537,729,708,21,58
APP_1866,OFC_559,Bilaspur,Death Certificate,27,14.153069086238151,2298,2270,28,48
APP_1867,OFC_547,Haridwar,Income Certificate,46,27.34511403077726,3057,2967,90,58
APP_1868,OFC_458,Central Delhi,Marriage Certificate,13,6.154673896829964,1450,1371,79,32
APP_1869,OFC_416,Baramulla,Marriage Certificate,32,47.65127586532697,440,408,32,52
APP_1870,OFC_157,Margao,Marriage Certificate,38,39.83432355088239,856,782,74,44
APP_1871,OFC_123,Aizawl,Income Certificate,17,26.71625498707616,829,809,20,51
APP_1872,OFC_844,Gangtok,Domicile Certificate,44,25.362621720373543,4302,4222,80,57
APP_1873,OFC_381,Mapusa,Birth Certificate,14,50.085619750943614,616,523,93,58
APP_1874,OFC_618,Mohali,Income Certificate,9,10.390848753223198,1484,1394,90,33
APP_1875,OFC_210,Bathinda,Death Certificate,40,38.06587930195564,215,193,22,33
APP_1876,OFC_117,Jalandhar,Domicile Certificate,6,22.491715124755416,427,392,35,55
APP_1877,OFC_23,Kashipur,Marriage Certificate,29,19.401779227462782,3029,2961,68,57
APP_1878,OFC_33,Vellore,Birth Certificate,39,29.13054641307266,1946,1852,94,47
APP_1879,OFC_923,Siliguri,Birth Certificate,36,51.82892708216112,381,307,74,41
APP_1880,OFC_116,Ajmer,Death Certificate,9,39.20208470165167,111,91,20,54
APP_1881,OFC_947,Minicoy,Income Certificate,27,23.40177290120746,670,609,61,39
APP_1882,OFC_510,Dharamshala,Marriage Certificate,7,34.519524507342,387,334,53,45
APP_1883,OFC_281,Varanasi,Domicile Certificate,28,19.84106826498327,1655,1620,35,48
APP_1884,OFC_898,Bhilwara,Birth Certificate,47,49.526859350324166,1949,1862,87,51
APP_1885,OFC_670,Tuensang,Death Certificate,16,57.61231544137494,348,305,43,34
APP_1886,OFC_445,Havelock,Marriage Certificate,25,49.53087826387485,854,788,66,53
APP_1887,OFC_759,Diglipur,Income Certificate,14,12.571864534355356,879,832,47,33
APP_1888,OFC_484,Anantnag,Caste Certificate,5,58.812736687761536,307,227,80,51
APP_1889,OFC_885,Kolhapur,Death Certificate,35,42.49506403803239,1077,1019,58,35
APP_1890,OFC_320,Nanded,Income Certificate,41,58.410802960061496,1086,1063,23,53
APP_1891,OFC_541,Jaipur,Birth Certificate,44,36.91071967863873,1797,1711,86,44
APP_1892,OFC_797,Purnia,Birth Certificate,38,7.558517298978776,10087,10057,30,45
APP_1893,OFC_824,Bhopal,Marriage Certificate,25,46.97856154327952,670,651,19,47
APP_1894,OFC_618,Bhavnagar,Death Certificate,44,48.34192751911535,819,812,7,32
APP_1895,OFC_293,Mahbubnagar,Domicile Certificate,25,32.2963400402155,1298,1280,18,42
APP_1896,OFC_581,Darbhanga,Income Certificate,27,21.789659590674667,1140,1115,25,35
APP_1897,OFC_166,Thane,Domicile Certificate,26,46.378918515486255,416,397,19,42
APP_1898,OFC_237,Kolkata,Domicile Certificate,8,37.44130515385201,492,447,45,49
APP_1899,OFC_737,Leh,Marriage Certificate,22,55.5681723797085,941,941,0,56
APP_1900,OFC_396,Durgapur,Caste Certificate,32,55.26572094864672,925,897,28,57
APP_1901,OFC_563,Chennai,Income Certificate,48,58.38054075615243,721,638,83,55
APP_1902,OFC_767,Amritsar,Birth Certificate,40,7.965417608437356,4617,4554,63,59
APP_1903,OFC_725,Tiruchirapalli,Domicile Certificate,25,14.469220500544802,3774,3682,92,56
APP_1904,OFC_484,Shimla,Marriage Certificate,34,6.4020263966372095,6122,6110,12,30
APP_1905,OFC_443,Jamnagar,Domicile Certificate,33,24.712123128159917,2387,2329,58,36
APP_1906,OFC_9,Amravati,Caste Certificate,32,8.697574956394577,5499,5474,25,46
APP_1907,OFC_235,Mumbai,Birth Certificate,9,35.79514274346104,123,104,19,58
APP_1908,OFC_904,Nongpoh,Death Certificate,6,13.545369576525768,1158,1060,98,58
APP_1909,OFC_171,Hazaribagh,Caste Certificate,38,44.57122912470555,1522,1490,32,39
APP_1910,OFC_589,Thoothukudi,Domicile Certificate,39,58.58497322903703,1087,1000,87,51
APP_1911,OFC_7,North Delhi,Death Certificate,11,13.128127341307476,947,874,73,48
APP_1912,OFC_66,Shimoga,Birth Certificate,14,53.85770596567127,499,447,52,34
APP_1913,OFC_504,Khammam,Domicile Certificate,37,8.061638033090953,1742,1699,43,54
APP_1914,OFC_472,Naharlagun,Birth Certificate,19,37.89101006601502,368,270,98,41
APP_1915,OFC_539,Bikaner,Birth Certificate,21,57.79916995307214,247,160,87,52
APP_1916,OFC_265,Ranchi,Caste Certificate,31,11.571478560519337,1449,1405,44,58
APP_1917,OFC_70,South Delhi,Death Certificate,7,39.52663924938781,161,122,39,32
APP_1918,OFC_529,Medinipur,Domicile Certificate,13,38.47697900798975,475,419,56,54
APP_1919,OFC_612,Port Blair,Birth Certificate,46,39.980099219392834,1675,1675,0,49
APP_1920,OFC_647,Geyzing,Income Certificate,16,33.43492207669398,397,353,44,35
APP_1921,OFC_375,Tura,Income Certificate,22,55.6839771018647,930,930,0,50
APP_1922,OFC_244,Mandi,Domicile Certificate,46,36.30217764918427,1008,958,50,37
APP_1923,OFC_928,Pathankot,Domicile Certificate,39,21.898323791226577,2586,2549,37,40
APP_1924,OFC_186,Hubli,Birth Certificate,49,37.85693901529341,2452,2432,20,53
APP_1925,OFC_610,Dharmanagar,Domicile Certificate,15,5.06838913763561,4290,4290,0,46
APP_1926,OFC_990,Erode,Birth Certificate,38,18.31219960268256,1680,1589,91,38
APP_1927,OFC_678,Nainital,Death Certificate,10,35.74535964422395,470,399,71,34
APP_1928,OFC_459,Anand,Income Certificate,14,43.16665203905496,779,695,84,49
APP_1929,OFC_681,Agatti,Domicile Certificate,29,12.501452180357216,3211,3178,33,38
APP_1930,OFC_550,Udaipur,Birth Certificate,15,19.405044053146412,2044,2017,27,59
APP_1931,OFC_258,Meerut,Marriage Certificate,33,15.169356737275963,903,835,68,42
APP_1932,OFC_764,Deoghar,Marriage Certificate,38,58.22142516946663,236,228,8,45
APP_1933,OFC_305,Surat,Birth Certificate,24,34.672697474750336,461,412,49,58
APP_1934,OFC_380,Kathua,Domicile Certificate,24,25.6413941455216,933,837,96,51
APP_1935,OFC_932,Gorakhpur,Marriage Certificate,31,57.55144921294565,791,725,66,54
APP_1936,OFC_298,Gandhinagar,Birth Certificate,26,12.974562310148787,4545,4466,79,44
APP_1937,OFC_402,Belgaum,Marriage Certificate,34,17.874348256125376,623,554,69,53
APP_1938,OFC_399,Jammu,Income Certificate,30,53.507933530752766,692,674,18,54
APP_1939,OFC_863,Davanagere,Birth Certificate,47,56.38815045193194,1116,1069,47,42
APP_1940,OFC_900,Asansol,Income Certificate,36,27.01894850190064,653,607,46,31
APP_1941,OFC_693,Mangalore,Domicile Certificate,29,43.07404642777476,1352,1272,80,54
APP_1942,OFC_548,Jamshedpur,Income Certificate,44,41.7682249807302,2365,2295,70,57
APP_1943,OFC_264,Udhampur,Domicile Certificate,29,16.872184542086682,801,788,13,47
APP_1944,OFC_239,Roorkee,Birth Certificate,9,30.020418061840385,615,587,28,52
APP_1945,OFC_309,Adilabad,Marriage Certificate,40,55.21419735370548,212,154,58,39
APP_1946,OFC_515,Guwahati,Domicile Certificate,21,11.083096331541736,2734,2697,37,37
APP_1947,OFC_430,Pasighat,Marriage Certificate,30,22.051430905572303,591,552,39,43
APP_1948,OFC_488,Aurangabad,Marriage Certificate,47,25.979106398195395,1270,1207,63,33
APP_1949,OFC_477,Panaji,Income Certificate,7,47.72845476670692,400,350,50,44
APP_1950,OFC_350,Satna,Caste Certificate,24,6.979097791477618,3694,3689,5,54
APP_1951,OFC_960,Madurai,Caste Certificate,11,48.87978774041829,453,355,98,50
APP_1952,OFC_701,Vasco da Gama,Domicile Certificate,43,30.72527491129588,2400,2301,99,53
APP_1953,OFC_130,Dimapur,Caste Certificate,21,24.786990393319957,1336,1262,74,43
APP_1954,OFC_921,Delhi,Domicile Certificate,45,8.928520570311468,6247,6174,73,32
APP_1955,OFC_959,Rudrapur,Income Certificate,44,48.93677531103489,1174,1134,40,36
APP_1956,OFC_871,Indore,Birth Certificate,40,39.26153819181846,1177,1098,79,47
APP_1957,OFC_649,Allahabad,Income Certificate,38,32.68722598644539,2500,2477,23,49
APP_1958,OFC_498,Haldwani,Birth Certificate,40,47.450001665645246,955,892,63,35
APP_1959,OFC_737,Patna,Income Certificate,26,19.709497791747644,3473,3415,58,51
APP_1960,OFC_894,Champhai,Marriage Certificate,41,57.3931023958739,1456,1394,62,40
APP_1961,OFC_359,Jorhat,Death Certificate,25,15.586442227373192,2426,2355,71,38
APP_1962,OFC_656,Itanagar,Death Certificate,40,37.715390910057415,1644,1627,17,56
APP_1963,OFC_402,Shillong,Death Certificate,6,19.03908106528214,475,420,55,39
APP_1964,OFC_132,Solan,Death Certificate,43,45.17033125533756,1879,1809,70,51
APP_1965,OFC_555,Jowai,Marriage Certificate,45,28.296786095190416,4245,4174,71,59
APP_1966,OFC_452,Namchi,Caste Certificate,18,41.38476877653645,361,359,2,43
APP_1967,OFC_789,Bishnupur,Birth Certificate,16,41.80163759617185,373,287,86,30
APP_1968,OFC_745,Rewa,Caste Certificate,21,52.8289349147428,289,248,41,48
APP_1969,OFC_449,Agra,Domicile Certificate,36,48.050416274636525,681,616,65,34
APP_1970,OFC_223,Bangalore,Death Certificate,8,48.61402296486607,488,419,69,46
APP_1971,OFC_484,Solapur,Caste Certificate,17,55.02244736173938,295,289,6,32
APP_1972,OFC_189,Silchar,Marriage Certificate,22,16.592181295301426,1493,1436,57,37
APP_1973,OFC_602,Nashik,Death Certificate,19,52.94399009935153,195,161,34,39
APP_1974,OFC_343,Mysore,Marriage Certificate,48,32.02345905458267,1311,1233,78,47
APP_1975,OFC_463,Coimbatore,Domicile Certificate,46,18.56879740012657,1616,1526,90,36
APP_1976,OFC_263,Katihar,Income Certificate,12,9.761426744669352,2256,2244,12,48
APP_1977,OFC_970,Bareilly,Caste Certificate,37,32.1829759524187,1533,1518,15,52
APP_1978,OFC_241,Jodhpur,Death Certificate,11,54.4724936012368,305,217,88,35
APP_1979,OFC_38,Bokaro,Domicile Certificate,32,55.833416388908496,398,389,9,38
APP_1980,OFC_605,Jabalpur,Income Certificate,32,19.2447840314798,4106,4070,36,49
APP_1981,OFC_104,East Delhi,Caste Certificate,25,15.523961948602992,2024,1941,83,35
APP_1982,OFC_367,Karimnagar,Domicile Certificate,27,43.73448077511902,869,852,17,54
APP_1983,OFC_971,Serchhip,Domicile Certificate,16,24.25550760161544,366,333,33,31
APP_1984,OFC_263,Rangareddy,Income Certificate,36,31.411396424679,1791,1769,22,37
APP_1985,OFC_383,Salem,Income Certificate,48,40.59807465425157,2313,2265,48,37
APP_1986,OFC_618,Kavaratti,Caste Certificate,32,52.54976890936465,351,329,22,33
APP_1987,OFC_878,Dispur,Death Certificate,28,5.5072250472974815,12468,12465,3,53
APP_1988,OFC_236,Thoubal,Marriage Certificate,46,59.2448361012561,1415,1358,57,48
APP_1989,OFC_228,Chandigarh,Caste Certificate,10,40.533864259930205,324,283,41,42
APP_1990,OFC_403,Nagaon,Income Certificate,24,33.07175923860544,1442,1391,51,52
APP_1991,OFC_465,Udaipur (Tripura),Income Certificate,7,11.474500949544506,568,497,71,56
APP_1992,OFC_4,Warangal,Domicile Certificate,34,8.66145710163393,4621,4614,7,31
APP_1993,OFC_848,Muzaffarpur,Caste Certificate,5,31.783583838092472,331,242,89,36
APP_1994,OFC_602,Ujjain,Marriage Certificate,9,34.10810851174105,387,321,66,35
APP_1995,OFC_16,Imphal,Death Certificate,25,20.71938093434231,2360,2341,19,41
APP_1996,OFC_316,Patiala,Birth Certificate,15,24.12541706699885,960,870,90,43
APP_1997,OFC_373,Gwalior,Death Certificate,22,45.88621948047776,742,729,13,39
APP_1998,OFC_413,Nizamabad,Death Certificate,21,51.148771647972566,588,506,82,34
APP_1999,OFC_754,Pune,Income Certificate,41,56.78480805288816,360,328,32,38
APP_2000,OFC_399,Tawang,Death Certificate,15,38.30056731222588,1032,990,42,50
APP_2001,OFC_527,Kullu,Caste Certificate,33,12.099051591875623,4162,4088,74,47
APP_2002,OFC_57,Mayabunder,Caste Certificate,8,50.17104816506304,205,128,77,53
APP_2003,OFC_854,Lucknow,Domicile Certificate,31,25.41792139607657,2781,2739,42,40
APP_2004,OFC_342,Tezpur,Birth Certificate,38,38.462177519212766,757,686,71,37
APP_2005,OFC_791,Junagadh,Income Certificate,23,45.2445789409546,1299,1223,76,42
APP_2006,OFC_695,Sagar,Domicile Certificate,8,52.025605495205234,310,217,93,35
APP_2007,OFC_730,Nagpur,Marriage Certificate,31,34.34739166591656,661,619,42,34
APP_2008,OFC_157,Howrah,Death Certificate,14,51.72948802194337,264,167,97,54
APP_2009,OFC_497,Srinagar,Death Certificate,6,57.21302782000026,66,21,45,58
APP_2010,OFC_812,Malda,Caste Certificate,23,17.13800680614804,287,223,64,53
APP_2011,OFC_358,Bhagalpur,Income Certificate,19,52.16896248725532,502,415,87,52
APP_2012,OFC_857,Gulbarga,Domicile Certificate,24,25.261855362156183,1001,910,91,33
APP_2013,OFC_693,Begusarai,Caste Certificate,20,29.737786786113677,1347,1248,99,34
APP_2014,OFC_775,Dibrugarh,Caste Certificate,36,36.44455052337733,1117,1096,21,30
APP_2015,OFC_489,Mokokchung,Income Certificate,34,49.138959417482376,1321,1263,58,44
APP_2016,OFC_801,West Delhi,Birth Certificate,18,46.93307919051479,394,340,54,37
APP_2017,OFC_146,Kota,Domicile Certificate,49,54.273611038715096,705,615,90,43
APP_2018,OFC_614,Vadodara,Death Certificate,32,14.742976866106613,2545,2517,28,55
APP_2019,OFC_845,Rajkot,Birth Certificate,25,35.02967744826363,655,626,29,42
APP_2020,OFC_359,Kailashahar,Birth Certificate,42,33.04327101182236,2023,1952,71,37
APP_2021,OFC_127,Agartala,Marriage Certificate,43,27.47018028616156,3070,2992,78,53
APP_2022,OFC_293,Ludhiana,Domicile Certificate,34,14.27469204998393,1295,1230,65,31
APP_2023,OFC_219,Giridih,Domicile Certificate,37,5.821093197980972,10018,9983,35,41
APP_2024,OFC_619,Sikar,Caste Certificate,12,34.413278148821334,697,612,85,47
APP_2025,OFC_196,Kanpur,Marriage Certificate,22,52.774499601374245,835,800,35,41
APP_2026,OFC_647,Kohima,Birth Certificate,46,50.04676114600051,1490,1464,26,46
APP_2027,OFC_954,Ahmedabad,Income Certificate,17,18.355624930633734,1261,1252,9,30
APP_2028,OFC_516,Mangan,Marriage Certificate,36,14.47847700074773,2087,2002,85,43
APP_2029,OFC_149,Dehradun,Domicile Certificate,21,55.855459192032775,78,60,18,47
APP_2030,OFC_54,Churachandpur,Birth Certificate,43,25.29663660104288,2550,2494,56,39
APP_2031,OFC_775,Gaya,Birth Certificate,9,44.05572520260572,418,391,27,58
APP_2032,OFC_936,Dhanbad,Domicile Certificate,47,32.11916107412297,2241,2205,36,31
APP_2033,OFC_649,Lunglei,Birth Certificate,17,18.81925399069199,1276,1181,95,36
APP_2034,OFC_377,Darjeeling,Death Certificate,5,53.67795641664812,93,31,62,42
APP_2035,OFC_356,Manali,Domicile Certificate,35,22.56151761797164,966,922,44,34
APP_2036,OFC_611,Arrah,Domicile Certificate,36,20.37640529538132,3190,3109,81,49
APP_2037,OFC_432,Ramgarh,Death Certificate,5,22.31310986970458,200,171,29,50
APP_2038,OFC_11,Ratlam,Domicile Certificate,36,25.482612920794267,335,270,65,41
APP_2039,OFC_159,Hyderabad,Marriage Certificate,37,59.961471177992415,433,430,3,31
APP_2040,OFC_419,Tumkur,Domicile Certificate,48,16.08909443458274,7627,7601,26,49
APP_2041,OFC_32,Ghaziabad,Domicile Certificate,34,59.29583764152134,591,582,9,45
APP_2042,OFC_72,Amini,Domicile Certificate,7,5.018313233680937,1399,1324,75,40
APP_2043,OFC_650,Alwar,Caste Certificate,7,5.590643998889037,1357,1304,53,58
APP_2044,OFC_740,Bardhaman,Caste Certificate,6,24.324745788247945,250,247,3,31
APP_2045,OFC_375,New Delhi,Caste Certificate,46,58.33733422689463,1307,1282,25,58
APP_2046,OFC_594,Tirunelveli,Death Certificate,45,17.422419989219367,4058,3981,77,53
APP_2047,OFC_550,Bilaspur,Domicile Certificate,19,46.44719474497223,497,421,76,41
APP_2048,OFC_110,Haridwar,Birth Certificate,41,44.9433423679054,1580,1580,0,45
APP_2049,OFC_836,Central Delhi,Income Certificate,40,13.917803338944246,3310,3309,1,32
APP_2050,OFC_362,Baramulla,Income Certificate,45,13.972200323997424,1325,1321,4,30
APP_2051,OFC_287,Margao,Income Certificate,32,27.85808067755673,2441,2349,92,38
APP_2052,OFC_894,Aizawl,Death Certificate,38,27.30388718018689,1525,1439,86,53
APP_2053,OFC_49,Gangtok,Marriage Certificate,47,11.170921045881023,2486,2408,78,47
APP_2054,OFC_583,Mapusa,Death Certificate,33,34.41833485071744,667,639,28,51
APP_2055,OFC_992,Mohali,Income Certificate,42,39.606008659731344,1525,1489,36,37
APP_2056,OFC_808,Bathinda,Marriage Certificate,13,5.181127587513666,2440,2424,16,35
APP_2057,OFC_594,Jalandhar,Marriage Certificate,26,30.0933664215462,1811,1743,68,56
APP_2058,OFC_926,Kashipur,Marriage Certificate,16,6.97142837785084,1939,1914,25,53
APP_2059,OFC_678,Vellore,Domicile Certificate,9,26.59241704997627,885,864,21,54
APP_2060,OFC_76,Siliguri,Caste Certificate,22,30.160192289845043,896,827,69,42
APP_2061,OFC_553,Ajmer,Death Certificate,15,7.919003019425192,729,657,72,43
APP_2062,OFC_805,Minicoy,Caste Certificate,21,43.05462727459915,1056,1029,27,50
APP_2063,OFC_98,Dharamshala,Domicile Certificate,27,9.411978937704369,1696,1651,45,45
APP_2064,OFC_512,Varanasi,Income Certificate,21,16.66238492061278,2102,2082,20,41
APP_2065,OFC_466,Bhilwara,Death Certificate,27,25.434767344727373,594,517,77,51
APP_2066,OFC_2,Tuensang,Death Certificate,27,37.39708403884244,1315,1301,14,40
APP_2067,OFC_534,Havelock,Birth Certificate,34,28.46129525913448,1094,1083,11,49
APP_2068,OFC_816,Diglipur,Marriage Certificate,22,38.37728369816211,417,333,84,32
APP_2069,OFC_62,Anantnag,Birth Certificate,21,37.84184074476521,232,133,99,38
APP_2070,OFC_664,Kolhapur,Income Certificate,28,43.27770038950384,1385,1380,5,42
APP_2071,OFC_798,Nanded,Income Certificate,5,26.811820872136757,489,488,1,57
APP_2072,OFC_606,Jaipur,Marriage Certificate,8,42.31914149903183,251,238,13,35
APP_2073,OFC_647,Purnia,Caste Certificate,11,53.87032604868524,224,146,78,32
APP_2074,OFC_83,Bhopal,Marriage Certificate,33,21.82980248164801,2384,2380,4,47
APP_2075,OFC_170,Bhavnagar,Domicile Certificate,46,45.35042358944116,735,725,10,39
APP_2076,OFC_911,Mahbubnagar,Death Certificate,43,9.530995649312583,11051,11016,35,54
APP_2077,OFC_639,Darbhanga,Birth Certificate,7,13.884780296659825,461,367,94,44
APP_2078,OFC_525,Thane,Caste Certificate,18,7.374213285467271,5343,5283,60,47
APP_2079,OFC_821,Kolkata,Income Certificate,32,38.34636097358859,643,632,11,30
APP_2080,OFC_963,Leh,Marriage Certificate,44,10.634316392795938,4409,4374,35,48
APP_2081,OFC_756,Durgapur,Domicile Certificate,5,26.29167364447988,256,177,79,40
APP_2082,OFC_894,Chennai,Income Certificate,31,14.573706101485358,1676,1619,57,52
APP_2083,OFC_560,Amritsar,Death Certificate,31,36.6459936985468,1687,1620,67,48
APP_2084,OFC_492,Tiruchirapalli,Income Certificate,6,33.70614740420681,220,209,11,48
APP_2085,OFC_888,Shimla,Income Certificate,15,32.61704526820937,840,797,43,42
APP_2086,OFC_604,Jamnagar,Caste Certificate,7,35.249394016281926,290,230,60,44
APP_2087,OFC_588,Amravati,Domicile Certificate,21,53.947806688842505,373,296,77,41
APP_2088,OFC_571,Mumbai,Domicile Certificate,42,18.015395133504576,3504,3472,32,57
APP_2089,OFC_963,Nongpoh,Birth Certificate,31,21.70341580209207,2474,2386,88,41
APP_2090,OFC_966,Hazaribagh,Birth Certificate,47,39.70826323349941,1839,1785,54,37
APP_2091,OFC_727,Thoothukudi,Birth Certificate,44,20.55519963406073,2976,2899,77,35
APP_2092,OFC_415,North Delhi,Death Certificate,23,11.197567516552876,1446,1445,1,51
APP_2093,OFC_275,Shimoga,Birth Certificate,45,49.700152718737215,1119,1074,45,59
APP_2094,OFC_361,Khammam,Death Certificate,26,19.33897514465628,935,852,83,38
APP_2095,OFC_410,Naharlagun,Income Certificate,35,54.81595496014211,1095,1078,17,34
APP_2096,OFC_850,Bikaner,Domicile Certificate,18,28.476353389259245,1213,1139,74,34
APP_2097,OFC_403,Ranchi,Marriage Certificate,9,43.078751915193685,237,216,21,55
APP_2098,OFC_847,South Delhi,Marriage Certificate,19,33.86896555153328,892,881,11,43
APP_2099,OFC_772,Medinipur,Death Certificate,24,27.52573031042153,691,627,64,35
APP_2100,OFC_246,Port Blair,Death Certificate,39,39.9743414443836,2238,2139,99,49
APP_2101,OFC_978,Geyzing,Marriage Certificate,11,56.31258231781431,274,236,38,34
APP_2102,OFC_170,Tura,Caste Certificate,24,27.523663099310404,382,290,92,55
APP_2103,OFC_945,Mandi,Caste Certificate,12,41.75998410069932,861,773,88,58
APP_2104,OFC_756,Pathankot,Income Certificate,12,14.561529880273405,1469,1387,82,51
APP_2105,OFC_725,Hubli,Caste Certificate,23,39.81616707459101,1289,1228,61,58
APP_2106,OFC_478,Dharmanagar,Marriage Certificate,49,48.0597278971508,1740,1696,44,30
APP_2107,OFC_279,Erode,Death Certificate,26,8.961466615168499,3453,3452,1,30
APP_2108,OFC_432,Nainital,Caste Certificate,6,29.001223123233427,196,156,40,34
APP_2109,OFC_761,Anand,Income Certificate,25,7.22451504676504,6436,6366,70,52
APP_2110,OFC_248,Agatti,Marriage Certificate,46,48.84046188870399,531,461,70,56
APP_2111,OFC_665,Udaipur,Caste Certificate,19,41.90469651155738,1234,1144,90,48
APP_2112,OFC_535,Meerut,Death Certificate,42,48.16775715966386,370,288,82,56
APP_2113,OFC_736,Deoghar,Domicile Certificate,35,51.06282767278152,631,574,57,39
APP_2114,OFC_839,Surat,Marriage Certificate,28,27.41395326932391,2751,2744,7,50
APP_2115,OFC_92,Kathua,Domicile Certificate,35,43.41644453505039,1767,1731,36,54
APP_2116,OFC_512,Gorakhpur,Marriage Certificate,22,52.61695014432552,412,362,50,38
APP_2117,OFC_234,Gandhinagar,Income Certificate,14,12.809571326163736,1151,1138,13,44
APP_2118,OFC_378,Belgaum,Income Certificate,22,17.476590252558104,2366,2347,19,58
APP_2119,OFC_599,Jammu,Income Certificate,15,33.51190049333829,627,613,14,49
APP_2120,OFC_607,Davanagere,Marriage Certificate,47,51.40308218909367,1787,1696,91,50
APP_2121,OFC_756,Asansol,Domicile Certificate,22,18.885811363670378,3174,3080,94,52
APP_2122,OFC_262,Mangalore,Caste Certificate,27,27.887689825466808,947,916,31,45
APP_2123,OFC_750,Jamshedpur,Birth Certificate,41,29.145121961950316,3321,3321,0,56
APP_2124,OFC_643,Udhampur,Income Certificate,31,26.349400023475685,1799,1713,86,30
APP_2125,OFC_751,Roorkee,Birth Certificate,5,13.013788886906212,791,746,45,48
APP_2126,OFC_357,Adilabad,Birth Certificate,31,38.0819574614674,342,305,37,35
APP_2127,OFC_230,Guwahati,Domicile Certificate,39,23.97170574319582,1498,1403,95,32
APP_2128,OFC_326,Pasighat,Domicile Certificate,21,30.83635699146926,1268,1244,24,35
APP_2129,OFC_167,Aurangabad,Marriage Certificate,16,51.58315979391983,159,144,15,40
APP_2130,OFC_16,Panaji,Domicile Certificate,23,39.26890683713855,1129,1114,15,58
APP_2131,OFC_515,Satna,Death Certificate,27,17.303102062059274,4122,4083,39,57
APP_2132,OFC_750,Madurai,Marriage Certificate,43,22.678965991885946,3129,3097,32,41
APP_2133,OFC_848,Vasco da Gama,Marriage Certificate,16,52.56407529285872,421,338,83,34
APP_2134,OFC_236,Dimapur,Domicile Certificate,49,14.120648682172158,4847,4830,17,33
APP_2135,OFC_513,Delhi,Birth Certificate,40,32.98517966700472,1105,1053,52,45
APP_2136,OFC_453,Rudrapur,Domicile Certificate,18,53.48502106472512,461,378,83,35
APP_2137,OFC_357,Indore,Caste Certificate,30,31.5490525431528,644,596,48,46
APP_2138,OFC_423,Allahabad,Caste Certificate,14,48.497089772776974,205,146,59,37
APP_2139,OFC_572,Haldwani,Domicile Certificate,25,55.99210156878771,680,627,53,51
APP_2140,OFC_893,Patna,Domicile Certificate,21,38.15929866955239,586,533,53,41
APP_2141,OFC_549,Champhai,Birth Certificate,13,41.14672598176569,343,249,94,45
APP_2142,OFC_115,Jorhat,Birth Certificate,47,38.65526404947808,1176,1146,30,40
APP_2143,OFC_456,Itanagar,Birth Certificate,34,20.87630333216424,3642,3609,33,43
APP_2144,OFC_75,Shillong,Marriage Certificate,37,30.22594890250258,2505,2505,0,53
APP_2145,OFC_762,Solan,Death Certificate,47,7.004171735686676,14638,14621,17,53
APP_2146,OFC_946,Jowai,Death Certificate,33,18.525962699237112,3983,3954,29,49
APP_2147,OFC_56,Namchi,Domicile Certificate,14,21.2196789203034,1348,1265,83,41
APP_2148,OFC_624,Bishnupur,Birth Certificate,5,38.378877496096415,190,169,21,32
APP_2149,OFC_351,Rewa,Birth Certificate,49,12.660316022934316,4864,4855,9,32
APP_2150,OFC_685,Agra,Birth Certificate,37,31.58202311654081,513,509,4,38
APP_2151,OFC_601,Bangalore,Caste Certificate,41,27.46318379875536,3064,3056,8,45
APP_2152,OFC_179,Solapur,Income Certificate,42,40.506550028024414,1563,1464,99,34
APP_2153,OFC_543,Silchar,Marriage Certificate,27,49.989745932988015,709,633,76,57
APP_2154,OFC_23,Nashik,Domicile Certificate,39,57.20341793414281,1064,1038,26,38
APP_2155,OFC_521,Mysore,Domicile Certificate,46,35.56330798365575,2258,2186,72,49
APP_2156,OFC_915,Coimbatore,Death Certificate,42,9.483106981866875,952,901,51,36
APP_2157,OFC_35,Katihar,Birth Certificate,10,6.069708337061721,4651,4624,27,58
APP_2158,OFC_296,Bareilly,Marriage Certificate,29,58.16595192302583,353,296,57,34
APP_2159,OFC_462,Jodhpur,Caste Certificate,37,14.415542377478884,5340,5299,41,40
APP_2160,OFC_72,Bokaro,Birth Certificate,38,30.897245938324144,808,787,21,41
APP_2161,OFC_772,Jabalpur,Death Certificate,40,23.274834531059973,544,490,54,57
APP_2162,OFC_331,East Delhi,Birth Certificate,6,9.65854480747236,597,553,44,51
APP_2163,OFC_950,Karimnagar,Income Certificate,11,33.39737938670149,155,56,99,58
APP_2164,OFC_941,Serchhip,Marriage Certificate,8,21.06044272087511,234,175,59,39
APP_2165,OFC_732,Rangareddy,Death Certificate,8,56.55598506109878,457,419,38,51
APP_2166,OFC_165,Salem,Marriage Certificate,49,47.002570524735006,2030,2008,22,44
APP_2167,OFC_881,Kavaratti,Birth Certificate,17,54.24488485689218,837,786,51,48
APP_2168,OFC_632,Dispur,Marriage Certificate,32,24.36638039224364,1710,1614,96,39
APP_2169,OFC_524,Thoubal,Caste Certificate,7,12.969986222339516,518,470,48,45
APP_2170,OFC_263,Chandigarh,Domicile Certificate,19,44.14169473421233,579,519,60,38
APP_2171,OFC_43,Nagaon,Caste Certificate,48,47.53846061999304,2908,2809,99,52
APP_2172,OFC_739,Udaipur (Tripura),Death Certificate,29,55.186957402012645,1462,1450,12,56
APP_2173,OFC_961,Warangal,Income Certificate,40,40.617731468715846,1279,1196,83,45
APP_2174,OFC_322,Muzaffarpur,Marriage Certificate,41,46.01956342418851,2082,2068,14,49
APP_2175,OFC_918,Ujjain,Birth Certificate,31,49.91423013837678,689,653,36,39
APP_2176,OFC_906,Imphal,Caste Certificate,34,23.920753954915405,3782,3699,83,51
APP_2177,OFC_365,Patiala,Death Certificate,40,54.89957943269624,1512,1448,64,38
APP_2178,OFC_973,Gwalior,Caste Certificate,49,59.8881464894281,925,870,55,49
APP_2179,OFC_352,Nizamabad,Domicile Certificate,13,42.26608741761819,316,289,27,33
APP_2180,OFC_915,Pune,Death Certificate,41,56.27609167302419,1191,1178,13,34
APP_2181,OFC_65,Tawang,Marriage Certificate,36,55.72071612489038,1420,1327,93,38
APP_2182,OFC_612,Kullu,Domicile Certificate,11,18.50345647686528,416,401,15,43
APP_2183,OFC_89,Mayabunder,Income Certificate,35,44.11823254916168,950,884,66,38
APP_2184,OFC_43,Lucknow,Caste Certificate,41,45.52183271026549,2062,2001,61,57
APP_2185,OFC_357,Tezpur,Death Certificate,10,10.69135746595752,1661,1591,70,43
APP_2186,OFC_736,Junagadh,Domicile Certificate,26,20.615506000511395,1998,1919,79,58
APP_2187,OFC_892,Sagar,Caste Certificate,39,9.14260233995048,4617,4562,55,34
APP_2188,OFC_862,Nagpur,Death Certificate,42,59.65913896856578,475,443,32,43
APP_2189,OFC_149,Howrah,Domicile Certificate,24,58.38182603587234,742,688,54,44
APP_2190,OFC_588,Srinagar,Marriage Certificate,28,53.22958073069004,703,612,91,32
APP_2191,OFC_925,Malda,Caste Certificate,46,44.11198540956131,1488,1435,53,34
APP_2192,OFC_546,Bhagalpur,Marriage Certificate,41,32.10698863977153,915,829,86,43
APP_2193,OFC_124,Gulbarga,Birth Certificate,15,37.55849260818321,881,824,57,44
APP_2194,OFC_117,Begusarai,Income Certificate,12,23.54432815588736,1002,989,13,42
APP_2195,OFC_572,Dibrugarh,Birth Certificate,10,31.482780124769768,275,227,48,42
APP_2196,OFC_23,Mokokchung,Caste Certificate,16,54.37902033331313,976,962,14,58
APP_2197,OFC_647,West Delhi,Income Certificate,39,47.7524692547913,1809,1715,94,44
APP_2198,OFC_331,Kota,Death Certificate,5,58.67903351779695,170,116,54,48
APP_2199,OFC_795,Vadodara,Marriage Certificate,45,16.989906741363903,3601,3559,42,45
APP_2200,OFC_685,Rajkot,Caste Certificate,27,19.44949097257508,699,614,85,46
APP_2201,OFC_529,Kailashahar,Income Certificate,44,44.06574862926441,1170,1103,67,34
APP_2202,OFC_648,Agartala,Income Certificate,13,41.02369776841143,634,611,23,38
APP_2203,OFC_35,Ludhiana,Caste Certificate,33,59.67307762224625,480,457,23,36
APP_2204,OFC_252,Giridih,Marriage Certificate,15,55.13652270757339,357,340,17,56
APP_2205,OFC_831,Sikar,Income Certificate,18,28.023198956118254,1260,1171,89,55
APP_2206,OFC_73,Kanpur,Marriage Certificate,36,40.344857541722,1096,1026,70,34
APP_2207,OFC_767,Kohima,Birth Certificate,11,8.217025777601304,1263,1221,42,57
APP_2208,OFC_611,Ahmedabad,Marriage Certificate,5,23.478165422584148,240,153,87,51
APP_2209,OFC_890,Mangan,Marriage Certificate,22,12.757800658863008,3879,3785,94,46
APP_2210,OFC_623,Dehradun,Caste Certificate,29,43.66657390958702,1580,1500,80,50
APP_2211,OFC_438,Churachandpur,Birth Certificate,5,8.587796369711775,1306,1241,65,52
APP_2212,OFC_137,Gaya,Death Certificate,6,52.530359940515964,189,128,61,46
APP_2213,OFC_52,Dhanbad,Marriage Certificate,6,43.70795527690656,263,213,50,58
APP_2214,OFC_904,Lunglei,Caste Certificate,16,5.643644474599094,2595,2521,74,31
APP_2215,OFC_924,Darjeeling,Income Certificate,7,15.46766727358097,918,906,12,44
APP_2216,OFC_85,Manali,Marriage Certificate,38,30.627229450106004,2385,2354,31,48
APP_2217,OFC_398,Arrah,Death Certificate,28,43.83013252619551,553,460,93,33
APP_2218,OFC_407,Ramgarh,Domicile Certificate,22,21.619358434708747,1747,1667,80,37
APP_2219,OFC_206,Ratlam,Income Certificate,41,41.25740733454781,1170,1113,57,55
APP_2220,OFC_976,Hyderabad,Death Certificate,33,5.58975415919118,10004,9964,40,43
APP_2221,OFC_971,Tumkur,Income Certificate,26,14.948072102177637,5549,5508,41,57
APP_2222,OFC_803,Ghaziabad,Birth Certificate,38,46.33290483140004,1118,1108,10,35
APP_2223,OFC_811,Amini,Income Certificate,23,58.50717512166078,529,509,20,43
APP_2224,OFC_925,Alwar,Birth Certificate,41,54.85459225417238,1270,1234,36,55
APP_2225,OFC_933,Bardhaman,Caste Certificate,25,55.16374329385751,789,723,66,38
APP_2226,OFC_969,New Delhi,Caste Certificate,17,49.37678306263209,743,723,20,43
APP_2227,OFC_976,Tirunelveli,Marriage Certificate,28,46.40299036284701,658,593,65,40
APP_2228,OFC_328,Bilaspur,Death Certificate,22,46.77694125082899,534,451,83,38
APP_2229,OFC_671,Haridwar,Income Certificate,36,33.16004711377879,1297,1205,92,42
APP_2230,OFC_161,Central Delhi,Income Certificate,35,42.734178034419344,1007,994,13,38
APP_2231,OFC_316,Baramulla,Marriage Certificate,37,40.19139284528432,473,441,32,43
APP_2232,OFC_471,Margao,Domicile Certificate,36,13.211565952894762,2268,2171,97,34
APP_2233,OFC_887,Aizawl,Domicile Certificate,34,30.0514094815953,1510,1428,82,38
APP_2234,OFC_598,Gangtok,Income Certificate,13,40.588851019644046,619,581,38,53
APP_2235,OFC_669,Mapusa,Caste Certificate,33,20.4915256161348,2186,2177,9,42
APP_2236,OFC_785,Mohali,Income Certificate,7,33.768737657425035,395,325,70,34
APP_2237,OFC_584,Bathinda,Income Certificate,14,10.187825315847473,2232,2137,95,49
APP_2238,OFC_163,Jalandhar,Income Certificate,28,36.46546293276414,1364,1362,2,43
APP_2239,OFC_61,Kashipur,Death Certificate,10,57.322698060151225,578,504,74,58
APP_2240,OFC_510,Vellore,Death Certificate,20,22.903488989719587,1530,1515,15,45
APP_2241,OFC_837,Siliguri,Birth Certificate,18,17.721592782117714,2283,2269,14,53
APP_2242,OFC_53,Ajmer,Domicile Certificate,18,12.353647516031849,1428,1360,68,46
APP_2243,OFC_373,Minicoy,Income Certificate,46,55.1807137551895,2156,2084,72,50
APP_2244,OFC_517,Dharamshala,Marriage Certificate,31,52.38404716639211,495,474,21,55
APP_2245,OFC_661,Varanasi,Death Certificate,13,57.44656768482358,499,455,44,59
APP_2246,OFC_168,Bhilwara,Domicile Certificate,34,6.043413056991344,3968,3888,80,34
APP_2247,OFC_737,Tuensang,Death Certificate,8,43.03135502328685,317,287,30,32
APP_2248,OFC_42,Havelock,Birth Certificate,27,11.778544973765984,4722,4713,9,50
APP_2249,OFC_883,Diglipur,Marriage Certificate,21,48.99277324906993,324,288,36,34
APP_2250,OFC_386,Anantnag,Birth Certificate,41,7.14808983490415,9293,9285,8,57
APP_2251,OFC_696,Kolhapur,Domicile Certificate,49,53.8515178408863,851,792,59,45
APP_2252,OFC_882,Nanded,Marriage Certificate,38,20.442647399313376,798,751,47,33
APP_2253,OFC_118,Jaipur,Caste Certificate,31,10.13644876637682,7657,7563,94,52
APP_2254,OFC_850,Purnia,Marriage Certificate,39,56.79539914352233,1208,1193,15,36
APP_2255,OFC_16,Bhopal,Birth Certificate,34,15.118817368599982,1243,1204,39,31
APP_2256,OFC_115,Bhavnagar,Domicile Certificate,16,38.79910232952313,481,466,15,53
APP_2257,OFC_486,Mahbubnagar,Birth Certificate,8,34.38549598755746,421,332,89,52
APP_2258,OFC_66,Darbhanga,Death Certificate,20,22.210504886037064,1919,1871,48,52
APP_2259,OFC_471,Thane,Caste Certificate,8,7.555381247205029,2425,2374,51,57
APP_2260,OFC_302,Kolkata,Birth Certificate,29,50.57639924499307,414,396,18,32
APP_2261,OFC_556,Leh,Birth Certificate,13,5.477466507446977,897,883,14,32
APP_2262,OFC_735,Durgapur,Birth Certificate,41,22.565477930892595,2707,2691,16,50
APP_2263,OFC_912,Chennai,Marriage Certificate,44,5.545776393969836,6083,5995,88,30
APP_2264,OFC_74,Amritsar,Caste Certificate,37,54.82121606782673,363,317,46,41
APP_2265,OFC_404,Tiruchirapalli,Domicile Certificate,37,54.00045043106967,777,738,39,33
APP_2266,OFC_380,Shimla,Marriage Certificate,34,5.71152907514458,3124,3064,60,38
APP_2267,OFC_172,Jamnagar,Domicile Certificate,20,25.838486317107545,1685,1592,93,44
APP_2268,OFC_296,Amravati,Death Certificate,15,38.062039576293245,425,381,44,33
APP_2269,OFC_402,Mumbai,Domicile Certificate,29,51.51488781016671,710,674,36,34
APP_2270,OFC_297,Nongpoh,Income Certificate,24,34.96265776196131,1268,1264,4,37
APP_2271,OFC_4,Hazaribagh,Domicile Certificate,45,28.95843876525951,2918,2826,92,51
APP_2272,OFC_742,Thoothukudi,Domicile Certificate,28,42.99818330087797,1715,1632,83,55
APP_2273,OFC_310,North Delhi,Birth Certificate,45,46.30855757228375,685,617,68,54
APP_2274,OFC_693,Shimoga,Income Certificate,27,54.48309411526835,314,314,0,46
APP_2275,OFC_671,Khammam,Domicile Certificate,8,32.19377104559436,304,292,12,51
APP_2276,OFC_105,Naharlagun,Income Certificate,22,49.4387817012777,409,375,34,30
APP_2277,OFC_281,Bikaner,Domicile Certificate,24,37.48773805102386,457,390,67,33
APP_2278,OFC_304,Ranchi,Birth Certificate,23,14.174402614276504,1736,1646,90,50
APP_2279,OFC_476,South Delhi,Domicile Certificate,38,23.52345637127484,3452,3433,19,54
APP_2280,OFC_701,Medinipur,Caste Certificate,41,38.43472683634312,1106,1105,1,40
APP_2281,OFC_832,Port Blair,Marriage Certificate,33,48.1900445632698,1317,1237,80,42
APP_2282,OFC_916,Geyzing,Domicile Certificate,13,53.18097183079268,373,289,84,51
APP_2283,OFC_828,Tura,Domicile Certificate,42,21.25878981159653,1560,1508,52,53
APP_2284,OFC_606,Mandi,Domicile Certificate,9,6.605496227195744,559,498,61,33
APP_2285,OFC_491,Pathankot,Income Certificate,28,38.520674170856005,1037,1037,0,59
APP_2286,OFC_362,Hubli,Caste Certificate,28,43.12226963564807,95,79,16,35
APP_2287,OFC_655,Dharmanagar,Marriage Certificate,43,13.184115892065105,2459,2411,48,35
APP_2288,OFC_93,Erode,Domicile Certificate,13,43.51564376381136,370,332,38,36
APP_2289,OFC_117,Nainital,Income Certificate,46,53.30008754343832,1517,1428,89,57
APP_2290,OFC_362,Anand,Caste Certificate,15,40.90802011335879,311,281,30,47
APP_2291,OFC_539,Agatti,Caste Certificate,27,43.45508562446624,172,128,44,40
APP_2292,OFC_721,Udaipur,Birth Certificate,23,7.688852622785188,4805,4791,14,43
APP_2293,OFC_463,Meerut,Marriage Certificate,13,17.459075487484963,508,480,28,53
APP_2294,OFC_273,Deoghar,Domicile Certificate,24,12.598546447389404,2024,1955,69,35
APP_2295,OFC_400,Surat,Marriage Certificate,5,42.84489076767817,351,281,70,51
APP_2296,OFC_486,Kathua,Domicile Certificate,24,39.5966682243186,444,432,12,47
APP_2297,OFC_501,Gorakhpur,Birth Certificate,15,57.40881870866728,197,133,64,41
APP_2298,OFC_572,Gandhinagar,Income Certificate,47,55.33049491843245,1152,1134,18,42
APP_2299,OFC_28,Belgaum,Domicile Certificate,7,51.11954543886788,188,127,61,41
APP_2300,OFC_794,Jammu,Income Certificate,9,48.059579720085424,274,191,83,56
APP_2301,OFC_139,Davanagere,Domicile Certificate,7,36.5329170138985,136,114,22,44
APP_2302,OFC_135,Asansol,Birth Certificate,42,49.137611862599215,998,902,96,36
APP_2303,OFC_928,Mangalore,Domicile Certificate,40,37.54292105587099,347,287,60,34
APP_2304,OFC_909,Jamshedpur,Birth Certificate,38,36.66795581539702,811,772,39,48
APP_2305,OFC_450,Udhampur,Caste Certificate,5,9.181873481974897,1092,1071,21,57
APP_2306,OFC_202,Roorkee,Birth Certificate,24,38.25095767895069,1051,1024,27,34
APP_2307,OFC_343,Adilabad,Income Certificate,11,51.99943601659237,278,277,1,56
APP_2308,OFC_498,Guwahati,Caste Certificate,16,25.83054309932413,1277,1242,35,50
APP_2309,OFC_785,Pasighat,Death Certificate,48,18.40414329546522,6419,6340,79,56
APP_2310,OFC_48,Aurangabad,Death Certificate,37,56.45624939213551,499,439,60,35
APP_2311,OFC_157,Panaji,Marriage Certificate,20,12.089777963490056,2735,2712,23,44
APP_2312,OFC_224,Satna,Death Certificate,41,56.16317200736795,658,657,1,53
APP_2313,OFC_614,Madurai,Birth Certificate,6,47.52413087214912,130,95,35,35
APP_2314,OFC_151,Vasco da Gama,Income Certificate,13,12.240233873304296,1881,1795,86,35
APP_2315,OFC_808,Dimapur,Caste Certificate,22,11.946940017177798,2721,2644,77,36
APP_2316,OFC_344,Delhi,Domicile Certificate,17,44.41019874128105,870,818,52,50
APP_2317,OFC_291,Rudrapur,Death Certificate,34,39.33447794568575,1649,1637,12,38
APP_2318,OFC_445,Indore,Income Certificate,36,36.24276399216663,1677,1587,90,32
APP_2319,OFC_706,Allahabad,Domicile Certificate,14,14.004378971548244,2858,2838,20,52
APP_2320,OFC_298,Haldwani,Income Certificate,36,43.091019533288296,1028,988,40,41
APP_2321,OFC_387,Patna,Birth Certificate,20,27.55626357628365,1072,1066,6,54
APP_2322,OFC_703,Champhai,Marriage Certificate,41,21.659612486497902,1737,1689,48,34
APP_2323,OFC_619,Jorhat,Death Certificate,30,36.766771293508285,1373,1283,90,49
APP_2324,OFC_358,Itanagar,Domicile Certificate,24,33.90723509846153,1112,1044,68,53
APP_2325,OFC_353,Shillong,Domicile Certificate,21,48.81457916370171,568,496,72,30
APP_2326,OFC_735,Solan,Domicile Certificate,47,38.87138457279461,2121,2066,55,46
APP_2327,OFC_343,Jowai,Income Certificate,16,7.747908056951194,2043,1974,69,52
APP_2328,OFC_30,Namchi,Caste Certificate,30,49.94101673556627,878,866,12,38
APP_2329,OFC_877,Bishnupur,Caste Certificate,28,44.37039253367207,1027,940,87,41
APP_2330,OFC_585,Rewa,Marriage Certificate,39,29.86070106816875,1752,1687,65,30
APP_2331,OFC_589,Agra,Death Certificate,34,11.30647633780782,3648,3566,82,33
APP_2332,OFC_824,Bangalore,Caste Certificate,22,14.810551491236597,3129,3078,51,45
APP_2333,OFC_410,Solapur,Caste Certificate,5,58.6105320991629,233,137,96,46
APP_2334,OFC_575,Silchar,Caste Certificate,24,44.72529544699922,419,323,96,42
APP_2335,OFC_954,Nashik,Caste Certificate,5,9.476674840434171,666,634,32,34
APP_2336,OFC_954,Mysore,Marriage Certificate,28,54.46475598218958,879,843,36,46
APP_2337,OFC_476,Coimbatore,Caste Certificate,26,8.33287330543714,2028,1952,76,40
APP_2338,OFC_424,Katihar,Death Certificate,11,29.09756642532617,274,262,12,47
APP_2339,OFC_894,Bareilly,Birth Certificate,27,42.097707832143065,1741,1709,32,45
APP_2340,OFC_176,Jodhpur,Death Certificate,22,52.7724027858551,121,25,96,57
APP_2341,OFC_736,Bokaro,Domicile Certificate,19,14.632734863738236,3165,3133,32,59
APP_2342,OFC_257,Jabalpur,Domicile Certificate,41,31.84343529524096,2355,2346,9,41
APP_2343,OFC_582,East Delhi,Caste Certificate,39,7.571800759614143,6544,6508,36,37
APP_2344,OFC_436,Karimnagar,Domicile Certificate,6,33.95895932463465,167,114,53,36
APP_2345,OFC_281,Serchhip,Caste Certificate,8,10.913987408134188,1247,1155,92,56
APP_2346,OFC_82,Rangareddy,Income Certificate,42,56.92707294584588,1065,1022,43,32
APP_2347,OFC_625,Salem,Birth Certificate,12,58.32943105414077,286,222,64,46
APP_2348,OFC_984,Kavaratti,Caste Certificate,10,14.64646842354869,1040,981,59,34
APP_2349,OFC_303,Dispur,Caste Certificate,27,37.39364891188361,1146,1055,91,40
APP_2350,OFC_245,Thoubal,Death Certificate,25,58.10563971702241,998,909,89,43
APP_2351,OFC_51,Chandigarh,Birth Certificate,29,31.566507835479733,1727,1657,70,39
APP_2352,OFC_728,Nagaon,Marriage Certificate,12,41.7390450806167,757,672,85,54
APP_2353,OFC_750,Udaipur (Tripura),Income Certificate,48,46.11679657117863,1802,1759,43,36
APP_2354,OFC_958,Warangal,Birth Certificate,49,45.81730320935507,1316,1226,90,34
APP_2355,OFC_330,Muzaffarpur,Death Certificate,21,50.92174417675418,673,582,91,53
APP_2356,OFC_691,Ujjain,Death Certificate,13,39.38168160639282,535,439,96,52
APP_2357,OFC_724,Imphal,Marriage Certificate,18,51.39193655767057,515,512,3,59
APP_2358,OFC_939,Patiala,Marriage Certificate,34,52.85621726098759,1359,1319,40,59
APP_2359,OFC_156,Gwalior,Income Certificate,48,26.47631422893587,1972,1874,98,48
APP_2360,OFC_773,Nizamabad,Death Certificate,24,20.448781513531458,2061,2041,20,45
APP_2361,OFC_84,Pune,Marriage Certificate,40,29.06609288309285,1919,1860,59,37
APP_2362,OFC_226,Tawang,Caste Certificate,33,43.43046378326653,773,730,43,36
APP_2363,OFC_718,Kullu,Birth Certificate,46,42.36245511111822,1413,1390,23,40
APP_2364,OFC_216,Mayabunder,Death Certificate,31,58.30309495270348,1315,1235,80,55
APP_2365,OFC_570,Lucknow,Birth Certificate,6,9.52991724945543,1155,1155,0,54
APP_2366,OFC_248,Tezpur,Marriage Certificate,32,43.06632481224699,1660,1626,34,53
APP_2367,OFC_37,Junagadh,Income Certificate,16,42.96428579861944,381,298,83,36
APP_2368,OFC_327,Sagar,Caste Certificate,34,59.801919254471,441,365,76,36
APP_2369,OFC_261,Nagpur,Birth Certificate,36,37.98000650248229,1081,991,90,42
APP_2370,OFC_643,Howrah,Domicile Certificate,23,9.361636111436251,3435,3352,83,31
APP_2371,OFC_163,Srinagar,Domicile Certificate,38,36.489143049308126,1175,1137,38,51
APP_2372,OFC_678,Malda,Income Certificate,44,31.948084697992144,2563,2507,56,41
APP_2373,OFC_213,Bhagalpur,Caste Certificate,9,19.014045346238497,722,673,49,54
APP_2374,OFC_314,Gulbarga,Marriage Certificate,5,47.577899085786,152,73,79,39
APP_2375,OFC_990,Begusarai,Birth Certificate,37,44.33836264166247,645,564,81,40
APP_2376,OFC_580,Dibrugarh,Domicile Certificate,20,35.18484315897671,1349,1257,92,51
APP_2377,OFC_292,Mokokchung,Caste Certificate,48,23.626955868812345,1465,1379,86,39
APP_2378,OFC_635,West Delhi,Caste Certificate,26,17.15515907785563,2405,2396,9,42
APP_2379,OFC_358,Kota,Birth Certificate,6,27.99592475325318,560,469,91,55
APP_2380,OFC_959,Vadodara,Income Certificate,39,57.17074502561682,660,588,72,49
APP_2381,OFC_700,Rajkot,Caste Certificate,17,53.611436730138855,500,454,46,53
APP_2382,OFC_85,Kailashahar,Caste Certificate,32,29.81847793509967,2369,2355,14,53
APP_2383,OFC_74,Agartala,Domicile Certificate,32,30.244147881406786,1134,1129,5,38
APP_2384,OFC_528,Ludhiana,Domicile Certificate,42,42.7159052781766,595,526,69,30
APP_2385,OFC_561,Giridih,Caste Certificate,25,5.498470400265443,4358,4299,59,57
APP_2386,OFC_179,Sikar,Birth Certificate,43,34.764560657595794,1670,1667,3,37
APP_2387,OFC_359,Kanpur,Caste Certificate,47,31.010606427397864,921,847,74,42
APP_2388,OFC_842,Kohima,Domicile Certificate,9,48.421904725300216,141,133,8,54
APP_2389,OFC_201,Ahmedabad,Domicile Certificate,19,26.117439908588214,1569,1561,8,42
APP_2390,OFC_402,Mangan,Birth Certificate,14,50.04816006181424,465,419,46,51
APP_2391,OFC_741,Dehradun,Marriage Certificate,24,6.657772474739042,3224,3164,60,45
APP_2392,OFC_943,Churachandpur,Caste Certificate,6,14.292637260572524,594,568,26,40
APP_2393,OFC_182,Gaya,Marriage Certificate,39,12.01627009684872,2130,2033,97,46
APP_2394,OFC_279,Dhanbad,Death Certificate,13,43.2418122681263,379,360,19,33
APP_2395,OFC_17,Lunglei,Income Certificate,18,47.84746786085877,737,660,77,40
APP_2396,OFC_842,Darjeeling,Income Certificate,12,21.264814772342103,968,872,96,55
APP_2397,OFC_657,Manali,Domicile Certificate,10,24.445430227984215,261,234,27,49
APP_2398,OFC_894,Arrah,Caste Certificate,10,38.13393905747422,547,535,12,49
APP_2399,OFC_862,Ramgarh,Caste Certificate,46,21.614333960042323,2379,2370,9,44
APP_2400,OFC_406,Ratlam,Death Certificate,44,53.17930324390757,1040,1026,14,32
APP_2401,OFC_10,Hyderabad,Domicile Certificate,28,37.20755038712498,1548,1459,89,37
APP_2402,OFC_171,Tumkur,Marriage Certificate,22,15.83461807114173,3355,3297,58,58
APP_2403,OFC_637,Ghaziabad,Caste Certificate,20,8.414316621761984,5683,5604,79,48
APP_2404,OFC_646,Amini,Death Certificate,49,39.29522521796997,3425,3363,62,59
APP_2405,OFC_764,Alwar,Income Certificate,8,49.39380430607015,233,163,70,34
APP_2406,OFC_819,Bardhaman,Income Certificate,46,10.762012172461535,814,781,33,47
APP_2407,OFC_435,New Delhi,Income Certificate,9,46.34580337282687,211,165,46,41
APP_2408,OFC_352,Tirunelveli,Marriage Certificate,16,33.38029106955851,558,466,92,33
APP_2409,OFC_418,Bilaspur,Birth Certificate,23,20.84242053816678,1008,993,15,30
APP_2410,OFC_283,Haridwar,Marriage Certificate,42,37.84596439625258,1382,1368,14,40
APP_2411,OFC_820,Central Delhi,Death Certificate,22,19.95757153213673,1066,1063,3,56
APP_2412,OFC_407,Baramulla,Income Certificate,44,58.109970578946296,566,498,68,30
APP_2413,OFC_65,Margao,Death Certificate,34,18.271590324023016,4191,4149,42,53
APP_2414,OFC_190,Aizawl,Domicile Certificate,24,17.688286789675907,1190,1161,29,38
APP_2415,OFC_91,Gangtok,Caste Certificate,23,42.06559307464951,662,630,32,43
APP_2416,OFC_248,Mapusa,Marriage Certificate,42,46.83930453283153,1006,944,62,34
APP_2417,OFC_642,Mohali,Marriage Certificate,30,55.76676939381698,435,432,3,41
APP_2418,OFC_408,Bathinda,Income Certificate,22,32.40230571475247,1855,1769,86,59
APP_2419,OFC_862,Jalandhar,Domicile Certificate,28,50.56029539766087,781,712,69,58
APP_2420,OFC_917,Kashipur,Income Certificate,28,16.61613702419772,1259,1170,89,38
APP_2421,OFC_889,Vellore,Marriage Certificate,38,5.658827920859038,15049,14993,56,45
APP_2422,OFC_716,Siliguri,Income Certificate,23,23.525595182337582,921,883,38,57
APP_2423,OFC_878,Ajmer,Domicile Certificate,24,11.56649274961396,2992,2932,60,31
APP_2424,OFC_309,Minicoy,Domicile Certificate,26,34.26040015067435,430,338,92,45
APP_2425,OFC_181,Dharamshala,Domicile Certificate,6,48.5004680152971,269,198,71,49
APP_2426,OFC_509,Varanasi,Income Certificate,9,59.8620138481897,149,138,11,44
APP_2427,OFC_29,Bhilwara,Domicile Certificate,15,28.502107298311767,332,290,42,50
APP_2428,OFC_53,Tuensang,Death Certificate,45,13.673920459157324,3925,3890,35,37
APP_2429,OFC_202,Havelock,Caste Certificate,7,7.603912550219197,336,263,73,48
APP_2430,OFC_46,Diglipur,Income Certificate,15,19.17921543455831,1298,1243,55,37
APP_2431,OFC_484,Anantnag,Marriage Certificate,21,40.73244608699612,412,350,62,32
APP_2432,OFC_601,Kolhapur,Domicile Certificate,32,14.604771192281063,1503,1406,97,47
APP_2433,OFC_104,Nanded,Birth Certificate,16,41.39263959301657,934,879,55,54
APP_2434,OFC_553,Jaipur,Income Certificate,22,12.818493026042448,1888,1814,74,54
APP_2435,OFC_930,Purnia,Domicile Certificate,18,31.64338574655665,413,326,87,39
APP_2436,OFC_692,Bhopal,Caste Certificate,49,8.203389902430919,10569,10473,96,45
APP_2437,OFC_273,Bhavnagar,Domicile Certificate,20,18.23438747011621,467,369,98,32
APP_2438,OFC_927,Mahbubnagar,Domicile Certificate,21,9.37344514885443,2592,2545,47,48
APP_2439,OFC_52,Darbhanga,Marriage Certificate,47,17.413668875856036,4899,4867,32,48
APP_2440,OFC_739,Thane,Birth Certificate,5,31.46882053043646,334,260,74,35
APP_2441,OFC_610,Kolkata,Marriage Certificate,44,21.10432992823065,3509,3490,19,33
APP_2442,OFC_699,Leh,Caste Certificate,32,52.07316789555932,643,612,31,53
APP_2443,OFC_153,Durgapur,Domicile Certificate,47,29.67812253299073,1094,1044,50,53
APP_2444,OFC_524,Chennai,Domicile Certificate,15,40.69402090308142,675,606,69,30
APP_2445,OFC_925,Amritsar,Caste Certificate,38,19.77177128764879,2333,2300,33,32
APP_2446,OFC_897,Tiruchirapalli,Caste Certificate,11,15.086110842155597,1560,1535,25,48
APP_2447,OFC_127,Shimla,Caste Certificate,24,22.96315841440874,1701,1619,82,50
APP_2448,OFC_74,Jamnagar,Death Certificate,14,40.9798647468733,477,412,65,33
APP_2449,OFC_809,Amravati,Marriage Certificate,46,31.30477462034317,63,51,12,30
APP_2450,OFC_618,Mumbai,Death Certificate,9,23.805946751793524,214,208,6,45
APP_2451,OFC_367,Nongpoh,Birth Certificate,14,45.58077982782577,342,334,8,57
APP_2452,OFC_730,Hazaribagh,Caste Certificate,9,43.636278145319366,338,252,86,59
APP_2453,OFC_318,Thoothukudi,Domicile Certificate,17,49.96999847084271,504,496,8,53
APP_2454,OFC_203,North Delhi,Caste Certificate,43,36.74474574542384,2512,2472,40,52
APP_2455,OFC_571,Shimoga,Caste Certificate,32,17.427664735070877,1701,1640,61,38
APP_2456,OFC_740,Khammam,Domicile Certificate,7,6.536469245156088,888,881,7,45
APP_2457,OFC_530,Naharlagun,Caste Certificate,48,30.462337980125632,1891,1870,21,49
APP_2458,OFC_147,Bikaner,Domicile Certificate,26,6.69294574644377,3748,3689,59,41
APP_2459,OFC_413,Ranchi,Marriage Certificate,8,9.385615704685168,1283,1272,11,46
APP_2460,OFC_591,South Delhi,Marriage Certificate,40,45.2761846377048,1721,1676,45,49
APP_2461,OFC_2,Medinipur,Caste Certificate,29,53.95898183763182,865,803,62,34
APP_2462,OFC_529,Port Blair,Caste Certificate,39,40.30911383894428,1045,1016,29,48
APP_2463,OFC_543,Geyzing,Birth Certificate,19,21.227056888970356,859,771,88,35
APP_2464,OFC_918,Tura,Death Certificate,12,29.06020250134438,584,487,97,44
APP_2465,OFC_631,Mandi,Marriage Certificate,30,25.44970801118656,2963,2907,56,53
APP_2466,OFC_894,Pathankot,Death Certificate,40,51.94612104662586,1002,950,52,40
APP_2467,OFC_227,Hubli,Marriage Certificate,41,19.647177357888605,2072,1975,97,53
APP_2468,OFC_337,Dharmanagar,Marriage Certificate,44,9.414196599219164,1651,1573,78,37
APP_2469,OFC_71,Erode,Birth Certificate,37,33.20193732944091,1225,1148,77,35
APP_2470,OFC_463,Nainital,Domicile Certificate,21,10.256645544619184,2879,2794,85,35
APP_2471,OFC_436,Anand,Birth Certificate,34,42.91762202513016,856,806,50,33
APP_2472,OFC_343,Agatti,Marriage Certificate,44,55.34309195661077,628,603,25,30
APP_2473,OFC_854,Udaipur,Marriage Certificate,27,27.445067496758423,323,317,6,30
APP_2474,OFC_995,Meerut,Birth Certificate,15,37.828695232355805,487,411,76,51
APP_2475,OFC_565,Deoghar,Income Certificate,47,37.41814434139051,1559,1478,81,52
APP_2476,OFC_130,Surat,Income Certificate,17,49.940715804480654,721,637,84,56
APP_2477,OFC_247,Kathua,Income Certificate,21,41.88487521591728,696,654,42,33
APP_2478,OFC_603,Gorakhpur,Marriage Certificate,30,40.93690471744941,1082,999,83,34
APP_2479,OFC_644,Gandhinagar,Marriage Certificate,12,39.6313173870309,76,66,10,43
APP_2480,OFC_274,Belgaum,Income Certificate,33,25.45612005430697,2934,2884,50,41
APP_2481,OFC_534,Jammu,Death Certificate,45,54.04545035817865,751,691,60,51
APP_2482,OFC_741,Davanagere,Caste Certificate,35,8.299670346239415,5765,5674,91,42
APP_2483,OFC_951,Asansol,Caste Certificate,46,15.771792729679502,4337,4279,58,35
APP_2484,OFC_661,Mangalore,Domicile Certificate,32,28.6341258814314,1539,1488,51,33
APP_2485,OFC_954,Jamshedpur,Birth Certificate,27,48.90569021566699,979,881,98,58
APP_2486,OFC_568,Udhampur,Marriage Certificate,36,15.146972651950769,6298,6291,7,57
APP_2487,OFC_261,Roorkee,Income Certificate,11,36.47582316693415,480,455,25,31
APP_2488,OFC_358,Adilabad,Death Certificate,36,23.70781114112664,1340,1313,27,56
APP_2489,OFC_573,Guwahati,Caste Certificate,23,35.67598272435927,1093,1001,92,45
APP_2490,OFC_691,Pasighat,Birth Certificate,17,48.32213493931295,448,388,60,45
APP_2491,OFC_302,Aurangabad,Income Certificate,33,29.419374483282628,780,701,79,39
APP_2492,OFC_617,Panaji,Death Certificate,25,13.013863646112997,429,384,45,32
APP_2493,OFC_297,Satna,Domicile Certificate,23,46.91193319005132,694,674,20,52
APP_2494,OFC_29,Madurai,Income Certificate,23,37.93961003799207,536,525,11,35
APP_2495,OFC_43,Vasco da Gama,Death Certificate,47,45.11267741161415,1062,972,90,35
APP_2496,OFC_188,Dimapur,Marriage Certificate,35,13.903142255332488,3880,3828,52,53
APP_2497,OFC_82,Delhi,Death Certificate,29,26.956028459838254,259,237,22,39
APP_2498,OFC_783,Rudrapur,Caste Certificate,27,49.56187099113017,513,449,64,30
APP_2499,OFC_537,Indore,Domicile Certificate,12,25.479634884583955,625,535,90,59
APP_2500,OFC_384,Allahabad,Caste Certificate,27,44.92308889224066,1066,968,98,39
APP_2501,OFC_189,Haldwani,Domicile Certificate,35,42.85027301926539,1598,1518,80,37
APP_2502,OFC_473,Patna,Caste Certificate,6,59.40520406901747,151,105,46,38
APP_2503,OFC_681,Champhai,Caste Certificate,40,8.375511139741338,6303,6264,39,57
APP_2504,OFC_175,Jorhat,Caste Certificate,48,23.618252882386148,5267,5182,85,51
APP_2505,OFC_550,Itanagar,Income Certificate,49,26.76667370472741,3687,3606,81,44
APP_2506,OFC_478,Shillong,Death Certificate,43,25.91456832373265,1547,1541,6,45
APP_2507,OFC_662,Solan,Income Certificate,48,48.87846683034371,758,692,66,30
APP_2508,OFC_540,Jowai,Income Certificate,19,53.72033600756429,837,753,84,39
APP_2509,OFC_791,Namchi,Death Certificate,49,41.05909342447438,827,806,21,54
APP_2510,OFC_373,Bishnupur,Birth Certificate,25,29.229748824734077,2183,2169,14,49
APP_2511,OFC_996,Rewa,Marriage Certificate,28,38.28296319949115,903,826,77,33
APP_2512,OFC_64,Agra,Death Certificate,5,38.46248789840379,184,171,13,44
APP_2513,OFC_611,Bangalore,Income Certificate,29,28.566020398612007,863,862,1,38
APP_2514,OFC_509,Solapur,Income Certificate,12,54.87828864684244,471,397,74,36
APP_2515,OFC_132,Silchar,Marriage Certificate,38,37.015922574912224,1019,1017,2,58
APP_2516,OFC_561,Nashik,Marriage Certificate,34,22.728523150649355,1013,993,20,45
APP_2517,OFC_636,Mysore,Domicile Certificate,13,12.305435744321844,199,197,2,48
APP_2518,OFC_516,Coimbatore,Caste Certificate,10,57.67826498605558,185,111,74,31
APP_2519,OFC_398,Katihar,Domicile Certificate,6,19.893741299107734,361,328,33,41
APP_2520,OFC_373,Bareilly,Birth Certificate,47,8.489711701302083,6861,6788,73,37
APP_2521,OFC_267,Jodhpur,Birth Certificate,20,9.307850585940876,3098,3092,6,55
APP_2522,OFC_232,Bokaro,Birth Certificate,16,39.340677552058665,1004,928,76,59
APP_2523,OFC_976,Jabalpur,Caste Certificate,46,23.504617284614508,4979,4953,26,50
APP_2524,OFC_754,East Delhi,Income Certificate,48,19.50812563465507,6965,6875,90,57
APP_2525,OFC_602,Karimnagar,Marriage Certificate,10,20.35581801361188,653,560,93,41
APP_2526,OFC_278,Serchhip,Caste Certificate,13,24.28498448131243,991,986,5,51
APP_2527,OFC_504,Rangareddy,Caste Certificate,9,13.76844137885661,926,901,25,56
APP_2528,OFC_110,Salem,Marriage Certificate,27,8.657961750662,2436,2380,56,32
APP_2529,OFC_541,Kavaratti,Marriage Certificate,10,30.82076832554371,177,120,57,31
APP_2530,OFC_122,Dispur,Death Certificate,12,37.18875841783024,422,324,98,38
APP_2531,OFC_484,Thoubal,Death Certificate,5,23.529290192312505,465,378,87,54
APP_2532,OFC_497,Chandigarh,Birth Certificate,24,58.47872071276256,302,289,13,46
APP_2533,OFC_923,Nagaon,Caste Certificate,36,6.732938640872961,5801,5707,94,47
APP_2534,OFC_529,Udaipur (Tripura),Caste Certificate,47,43.316680154550966,608,540,68,33
APP_2535,OFC_834,Warangal,Birth Certificate,46,8.0070189587655,4892,4853,39,57
APP_2536,OFC_874,Muzaffarpur,Caste Certificate,20,10.870517510802864,1892,1800,92,32
APP_2537,OFC_345,Ujjain,Death Certificate,43,36.52834656664032,2787,2740,47,44
APP_2538,OFC_766,Imphal,Caste Certificate,19,22.31953480757119,689,675,14,49
APP_2539,OFC_585,Patiala,Death Certificate,8,49.9172505477554,223,215,8,34
APP_2540,OFC_206,Gwalior,Income Certificate,24,17.814562890026682,1230,1142,88,56
APP_2541,OFC_26,Nizamabad,Caste Certificate,8,26.190670931869047,508,474,34,49
APP_2542,OFC_811,Pune,Death Certificate,36,55.34847981215908,236,208,28,30
APP_2543,OFC_615,Tawang,Domicile Certificate,21,13.152051039193411,2009,1983,26,40
APP_2544,OFC_793,Kullu,Income Certificate,32,38.41435852029276,1948,1917,31,56
APP_2545,OFC_415,Mayabunder,Marriage Certificate,22,39.05130824168815,765,686,79,44
APP_2546,OFC_149,Lucknow,Income Certificate,34,39.61427026070054,861,792,69,58
APP_2547,OFC_312,Tezpur,Death Certificate,24,19.512293705632977,270,228,42,31
APP_2548,OFC_321,Junagadh,Death Certificate,38,5.123513966271039,17510,17467,43,52
APP_2549,OFC_638,Sagar,Income Certificate,8,40.67311674505034,227,182,45,51
APP_2550,OFC_502,Nagpur,Caste Certificate,8,28.44359110260711,794,733,61,54
APP_2551,OFC_647,Howrah,Income Certificate,48,46.65456738877789,2516,2458,58,56
APP_2552,OFC_851,Srinagar,Income Certificate,29,19.76893746273428,2270,2194,76,51
APP_2553,OFC_215,Malda,Domicile Certificate,31,10.776543562907277,2367,2307,60,51
APP_2554,OFC_991,Bhagalpur,Death Certificate,21,23.74836591689809,884,856,28,35
APP_2555,OFC_976,Gulbarga,Birth Certificate,42,13.059510293399034,4500,4494,6,37
APP_2556,OFC_400,Begusarai,Caste Certificate,19,18.768064409111773,1538,1459,79,43
APP_2557,OFC_17,Dibrugarh,Death Certificate,7,11.337420172027825,1146,1081,65,53
APP_2558,OFC_793,Mokokchung,Marriage Certificate,11,15.18137095606907,453,447,6,47
APP_2559,OFC_350,West Delhi,Caste Certificate,5,58.87054473380317,222,161,61,35
APP_2560,OFC_513,Kota,Domicile Certificate,18,55.104659051135805,299,265,34,55
APP_2561,OFC_404,Vadodara,Death Certificate,13,27.651738578277747,651,636,15,57
APP_2562,OFC_293,Rajkot,Marriage Certificate,26,39.58618837072756,841,789,52,36
APP_2563,OFC_857,Kailashahar,Income Certificate,40,45.43144536290906,1857,1843,14,43
APP_2564,OFC_532,Agartala,Birth Certificate,10,5.712897193680359,1170,1084,86,46
APP_2565,OFC_216,Ludhiana,Marriage Certificate,12,13.111649194258966,2062,1987,75,54
APP_2566,OFC_686,Giridih,Birth Certificate,27,41.72980150509623,1600,1537,63,47
APP_2567,OFC_60,Sikar,Marriage Certificate,6,18.111213068440748,539,508,31,57
APP_2568,OFC_776,Kanpur,Domicile Certificate,7,39.57205380992955,164,103,61,50
APP_2569,OFC_558,Kohima,Marriage Certificate,30,41.34496709029117,1473,1472,1,57
APP_2570,OFC_720,Ahmedabad,Birth Certificate,25,39.30021483740434,389,319,70,58
APP_2571,OFC_232,Mangan,Domicile Certificate,40,19.717459808031904,788,719,69,47
APP_2572,OFC_736,Dehradun,Marriage Certificate,14,53.056458559657926,346,336,10,41
APP_2573,OFC_744,Churachandpur,Death Certificate,23,29.255308051214005,1339,1319,20,47
APP_2574,OFC_754,Gaya,Income Certificate,31,8.281422283183268,4317,4292,25,44
APP_2575,OFC_778,Dhanbad,Domicile Certificate,26,44.1991780513582,858,843,15,40
APP_2576,OFC_560,Lunglei,Birth Certificate,20,12.037699025956655,2993,2931,62,50
APP_2577,OFC_765,Darjeeling,Death Certificate,38,11.331158120761888,4604,4596,8,51
APP_2578,OFC_155,Manali,Caste Certificate,22,14.775488504184557,3275,3227,48,56
APP_2579,OFC_601,Arrah,Marriage Certificate,48,52.01530972966121,437,393,44,32
APP_2580,OFC_419,Ramgarh,Death Certificate,23,10.384957616472404,964,917,47,32
APP_2581,OFC_273,Ratlam,Caste Certificate,41,12.996281088448743,4127,4053,74,47
APP_2582,OFC_304,Hyderabad,Birth Certificate,30,12.566034196189676,5233,5225,8,46
APP_2583,OFC_459,Tumkur,Income Certificate,11,42.58931150012683,352,264,88,31
APP_2584,OFC_421,Ghaziabad,Income Certificate,48,43.358400198555536,3421,3345,76,51
APP_2585,OFC_270,Amini,Death Certificate,13,47.54493016046977,203,166,37,55
APP_2586,OFC_839,Alwar,Birth Certificate,30,51.79396580757876,1009,949,60,47
APP_2587,OFC_351,Bardhaman,Domicile Certificate,45,12.864865315749132,5089,5087,2,37
APP_2588,OFC_406,New Delhi,Marriage Certificate,44,41.41909450820892,1444,1390,54,44
APP_2589,OFC_31,Tirunelveli,Marriage Certificate,21,19.577394079123845,1757,1721,36,46
APP_2590,OFC_181,Bilaspur,Marriage Certificate,19,7.264751442965869,1474,1460,14,39
APP_2591,OFC_454,Haridwar,Death Certificate,22,51.08431710842924,895,815,80,51
APP_2592,OFC_965,Central Delhi,Domicile Certificate,11,46.608309822698274,183,114,69,52
APP_2593,OFC_179,Baramulla,Death Certificate,20,14.671238795802786,1506,1420,86,33
APP_2594,OFC_740,Margao,Birth Certificate,45,23.928993971349215,977,966,11,36
APP_2595,OFC_21,Aizawl,Income Certificate,23,47.41249491602595,996,941,55,59
APP_2596,OFC_728,Gangtok,Death Certificate,22,14.634555761539705,1748,1744,4,44
APP_2597,OFC_484,Mapusa,Marriage Certificate,5,30.618206524898493,400,307,93,58
APP_2598,OFC_509,Mohali,Income Certificate,43,59.0936169247504,1605,1517,88,58
APP_2599,OFC_971,Bathinda,Income Certificate,43,34.857747698801745,1306,1256,50,46
APP_2600,OFC_539,Jalandhar,Caste Certificate,49,39.48436197750344,1106,1013,93,44
APP_2601,OFC_4,Kashipur,Birth Certificate,30,29.48031777798996,944,944,0,34
APP_2602,OFC_980,Vellore,Income Certificate,10,42.61279488109466,396,364,32,45
APP_2603,OFC_820,Siliguri,Birth Certificate,37,5.079597128654963,13511,13438,73,53
APP_2604,OFC_717,Ajmer,Marriage Certificate,8,35.42802791267924,535,500,35,55
APP_2605,OFC_889,Minicoy,Death Certificate,43,45.83728332790506,1235,1196,39,52
APP_2606,OFC_523,Dharamshala,Domicile Certificate,13,8.175495380803959,2564,2541,23,35
APP_2607,OFC_983,Varanasi,Birth Certificate,14,23.53597966884332,782,747,35,40
APP_2608,OFC_50,Bhilwara,Caste Certificate,33,12.94005073783209,3288,3232,56,53
APP_2609,OFC_934,Tuensang,Income Certificate,12,48.90288726305976,567,529,38,46
APP_2610,OFC_601,Havelock,Birth Certificate,28,31.829164387784814,2008,1953,55,56
APP_2611,OFC_380,Diglipur,Income Certificate,30,25.558718952250164,589,530,59,35
APP_2612,OFC_719,Anantnag,Death Certificate,17,34.36418224307593,1521,1488,33,56
APP_2613,OFC_345,Kolhapur,Birth Certificate,26,30.806974580536394,1035,1002,33,43
APP_2614,OFC_845,Nanded,Domicile Certificate,33,34.31954633711413,1790,1699,91,44
APP_2615,OFC_95,Jaipur,Income Certificate,33,5.247128575590609,7725,7677,48,33
APP_2616,OFC_761,Purnia,Caste Certificate,41,47.81633229829354,1145,1104,41,41
APP_2617,OFC_491,Bhopal,Domicile Certificate,44,26.07325016561972,805,743,62,43
APP_2618,OFC_654,Bhavnagar,Marriage Certificate,21,50.45753668394005,709,691,18,42
APP_2619,OFC_160,Mahbubnagar,Marriage Certificate,18,7.663277452949803,2904,2822,82,44
APP_2620,OFC_735,Darbhanga,Birth Certificate,23,58.13639773710151,585,512,73,56
APP_2621,OFC_202,Thane,Birth Certificate,5,42.15464102994282,272,188,84,41
APP_2622,OFC_834,Kolkata,Death Certificate,49,41.17408680354384,1502,1411,91,53
APP_2623,OFC_714,Leh,Marriage Certificate,16,23.39577304874197,840,746,94,32
APP_2624,OFC_126,Durgapur,Marriage Certificate,43,57.7854923432313,320,317,3,52
APP_2625,OFC_124,Chennai,Domicile Certificate,39,20.3710262176301,4450,4355,95,42
APP_2626,OFC_796,Amritsar,Death Certificate,34,35.9291338914426,927,854,73,53
APP_2627,OFC_38,Tiruchirapalli,Income Certificate,36,51.08931121341446,493,411,82,42
APP_2628,OFC_483,Shimla,Domicile Certificate,11,16.353869710142533,1032,1006,26,37
APP_2629,OFC_559,Jamnagar,Caste Certificate,12,20.0936017525116,1134,1078,56,39
APP_2630,OFC_606,Amravati,Birth Certificate,29,6.4793013717271375,5551,5503,48,52
APP_2631,OFC_82,Mumbai,Marriage Certificate,11,55.35132315783431,450,447,3,45
APP_2632,OFC_37,Nongpoh,Death Certificate,29,14.854178116129315,3505,3475,30,42
APP_2633,OFC_654,Hazaribagh,Domicile Certificate,5,38.03545855886198,302,267,35,51
APP_2634,OFC_983,Thoothukudi,Marriage Certificate,15,34.13204145018936,800,707,93,42
APP_2635,OFC_668,North Delhi,Marriage Certificate,33,16.96710426273758,1902,1805,97,44
APP_2636,OFC_577,Shimoga,Birth Certificate,44,55.95034513864531,679,621,58,40
APP_2637,OFC_603,Khammam,Caste Certificate,8,44.803743428186685,161,117,44,47
APP_2638,OFC_347,Naharlagun,Marriage Certificate,45,24.620494789065933,4832,4794,38,46
APP_2639,OFC_288,Bikaner,Death Certificate,40,6.332228612997537,4625,4621,4,41
APP_2640,OFC_897,Ranchi,Income Certificate,5,5.607549803115662,1276,1190,86,52
APP_2641,OFC_855,South Delhi,Domicile Certificate,22,40.5869263511898,807,788,19,38
APP_2642,OFC_370,Medinipur,Income Certificate,42,43.00744997149365,1444,1410,34,38
APP_2643,OFC_722,Port Blair,Caste Certificate,10,20.4235144282053,453,416,37,36
APP_2644,OFC_106,Geyzing,Marriage Certificate,48,45.41437570543411,1282,1278,4,42
APP_2645,OFC_677,Tura,Income Certificate,11,19.19442537468564,814,806,8,32
APP_2646,OFC_657,Mandi,Caste Certificate,37,36.20708700580374,2177,2096,81,53
APP_2647,OFC_447,Pathankot,Marriage Certificate,24,17.32311646752872,3218,3218,0,42
APP_2648,OFC_664,Hubli,Income Certificate,45,43.50352948712604,2623,2612,11,58
APP_2649,OFC_640,Dharmanagar,Income Certificate,40,57.034941793675046,847,796,51,39
APP_2650,OFC_315,Erode,Birth Certificate,17,45.77809399746499,300,241,59,52
APP_2651,OFC_176,Nainital,Marriage Certificate,46,43.82047924051605,575,483,92,47
APP_2652,OFC_824,Anand,Marriage Certificate,46,8.833757548870402,7012,6913,99,32
APP_2653,OFC_813,Agatti,Caste Certificate,44,28.27326735057007,2033,1985,48,58
APP_2654,OFC_741,Udaipur,Marriage Certificate,15,19.278443889500643,393,347,46,32
APP_2655,OFC_216,Meerut,Marriage Certificate,42,14.010319244887532,9147,9136,11,59
APP_2656,OFC_333,Deoghar,Caste Certificate,28,40.71911324181824,828,814,14,50
APP_2657,OFC_16,Surat,Birth Certificate,28,45.42031851877617,741,741,0,40
APP_2658,OFC_208,Kathua,Domicile Certificate,36,47.24838736815168,1276,1263,13,54
APP_2659,OFC_251,Gorakhpur,Income Certificate,26,19.512568182195597,1253,1170,83,33
APP_2660,OFC_570,Gandhinagar,Domicile Certificate,22,46.68972487766189,635,614,21,53
APP_2661,OFC_906,Belgaum,Marriage Certificate,24,33.23748277766201,500,409,91,45
APP_2662,OFC_157,Jammu,Caste Certificate,11,6.833083723694077,802,722,80,31
APP_2663,OFC_864,Davanagere,Death Certificate,44,54.60623025011123,1385,1312,73,48
APP_2664,OFC_745,Asansol,Domicile Certificate,41,43.85661934783093,905,885,20,35
APP_2665,OFC_928,Mangalore,Marriage Certificate,22,25.587278705602312,794,788,6,35
APP_2666,OFC_292,Jamshedpur,Caste Certificate,48,43.29034986000305,2560,2495,65,39
APP_2667,OFC_265,Udhampur,Caste Certificate,15,59.61304896148589,526,453,73,42
APP_2668,OFC_115,Roorkee,Marriage Certificate,5,36.08654825568559,308,290,18,46
APP_2669,OFC_233,Adilabad,Domicile Certificate,35,38.00792211378827,445,362,83,33
APP_2670,OFC_951,Guwahati,Caste Certificate,47,29.87445193879846,376,352,24,37
APP_2671,OFC_436,Pasighat,Caste Certificate,15,22.842702238028973,1402,1362,40,57
APP_2672,OFC_836,Aurangabad,Caste Certificate,45,49.597353323533525,1219,1155,64,43
APP_2673,OFC_371,Panaji,Death Certificate,26,26.456406251184745,1125,1118,7,59
APP_2674,OFC_225,Satna,Birth Certificate,47,39.62941450452926,207,166,41,32
APP_2675,OFC_653,Madurai,Caste Certificate,9,32.51236295145502,400,308,92,47
APP_2676,OFC_540,Vasco da Gama,Death Certificate,13,53.09137735949003,267,212,55,46
APP_2677,OFC_368,Dimapur,Death Certificate,45,24.46352711950925,862,844,18,44
APP_2678,OFC_189,Delhi,Domicile Certificate,43,22.562426772920467,3270,3186,84,35
APP_2679,OFC_759,Rudrapur,Death Certificate,9,38.14478201950863,569,473,96,51
APP_2680,OFC_59,Indore,Birth Certificate,11,27.800518722367467,768,708,60,43
APP_2681,OFC_45,Allahabad,Marriage Certificate,25,20.380108042844974,1617,1577,40,30
APP_2682,OFC_215,Haldwani,Birth Certificate,16,45.87096823053379,792,717,75,50
APP_2683,OFC_495,Patna,Marriage Certificate,9,35.04726436276117,326,311,15,35
APP_2684,OFC_353,Champhai,Birth Certificate,18,43.72456697453463,548,542,6,40
APP_2685,OFC_417,Jorhat,Domicile Certificate,31,12.718500173587827,2771,2677,94,58
APP_2686,OFC_157,Itanagar,Domicile Certificate,27,35.25670012019732,452,415,37,41
APP_2687,OFC_783,Shillong,Domicile Certificate,35,34.720185531668385,1621,1560,61,35
APP_2688,OFC_116,Solan,Income Certificate,5,32.7156999757784,298,264,34,39
APP_2689,OFC_412,Jowai,Domicile Certificate,41,51.88573121039467,2333,2239,94,56
APP_2690,OFC_715,Namchi,Caste Certificate,33,46.83435643318088,909,849,60,47
APP_2691,OFC_700,Bishnupur,Caste Certificate,47,43.1988473232067,1945,1879,66,52
APP_2692,OFC_563,Rewa,Death Certificate,16,13.222847043058836,530,454,76,40
APP_2693,OFC_466,Agra,Caste Certificate,49,47.07719622470877,2148,2098,50,43
APP_2694,OFC_176,Bangalore,Caste Certificate,5,34.2808525634628,121,101,20,42
APP_2695,OFC_675,Solapur,Domicile Certificate,22,21.796615004146112,2895,2829,66,51
APP_2696,OFC_556,Silchar,Birth Certificate,10,54.23220333985046,419,394,25,59
APP_2697,OFC_397,Nashik,Marriage Certificate,34,15.47567529238176,4624,4580,44,38
APP_2698,OFC_867,Mysore,Marriage Certificate,20,44.603018137096655,486,451,35,46
APP_2699,OFC_935,Coimbatore,Caste Certificate,21,6.5571307061876585,5984,5928,56,35
APP_2700,OFC_985,Katihar,Death Certificate,20,10.604501369040168,2691,2611,80,34
APP_2701,OFC_965,Bareilly,Caste Certificate,46,21.96147508007612,3757,3754,3,36
APP_2702,OFC_53,Jodhpur,Domicile Certificate,30,40.02494468514665,1222,1168,54,56
APP_2703,OFC_327,Bokaro,Birth Certificate,13,5.743573605713347,671,582,89,36
APP_2704,OFC_925,Jabalpur,Domicile Certificate,10,34.12569700428769,250,229,21,54
APP_2705,OFC_945,East Delhi,Birth Certificate,23,30.91700919496275,1280,1207,73,33
APP_2706,OFC_354,Karimnagar,Caste Certificate,8,51.43744827734779,411,366,45,58
APP_2707,OFC_586,Serchhip,Birth Certificate,43,34.4227953763607,1145,1093,52,57
APP_2708,OFC_411,Rangareddy,Death Certificate,30,18.44818283567254,1571,1497,74,36
APP_2709,OFC_29,Salem,Birth Certificate,47,7.020114774954587,7513,7495,18,31
APP_2710,OFC_975,Kavaratti,Caste Certificate,12,8.76039836208244,157,100,57,33
APP_2711,OFC_863,Dispur,Birth Certificate,13,20.69256487084205,395,318,77,55
APP_2712,OFC_333,Thoubal,Birth Certificate,19,59.0954011882776,656,563,93,43
APP_2713,OFC_846,Chandigarh,Marriage Certificate,28,15.059205032119497,1856,1809,47,34
APP_2714,OFC_477,Nagaon,Caste Certificate,29,59.91116840044597,397,359,38,49
APP_2715,OFC_387,Udaipur (Tripura),Birth Certificate,22,28.29675620699463,720,636,84,50
APP_2716,OFC_781,Warangal,Income Certificate,16,21.568109945571827,1141,1050,91,48
APP_2717,OFC_851,Muzaffarpur,Marriage Certificate,33,45.451642320579325,612,594,18,48
APP_2718,OFC_751,Ujjain,Income Certificate,16,39.7986347181654,254,203,51,57
APP_2719,OFC_519,Imphal,Death Certificate,17,24.031445621471093,805,779,26,49
APP_2720,OFC_533,Patiala,Caste Certificate,20,10.439693948280569,1675,1653,22,42
APP_2721,OFC_734,Gwalior,Caste Certificate,20,15.555699444994849,1669,1648,21,55
APP_2722,OFC_934,Nizamabad,Caste Certificate,39,28.037834584997128,1965,1924,41,41
APP_2723,OFC_440,Pune,Income Certificate,19,57.08696317804171,806,767,39,47
APP_2724,OFC_3,Tawang,Marriage Certificate,20,8.468218906693403,1292,1260,32,31
APP_2725,OFC_848,Kullu,Marriage Certificate,34,55.12740057260058,791,782,9,34
APP_2726,OFC_208,Mayabunder,Birth Certificate,33,23.786348322560023,2375,2346,29,56
APP_2727,OFC_14,Lucknow,Income Certificate,17,26.46175932497389,1590,1499,91,58
APP_2728,OFC_836,Tezpur,Birth Certificate,22,39.50037017308339,325,296,29,57
APP_2729,OFC_985,Junagadh,Income Certificate,42,19.110717843692328,1245,1159,86,39
APP_2730,OFC_343,Sagar,Marriage Certificate,13,34.62539824595517,547,502,45,37
APP_2731,OFC_157,Nagpur,Caste Certificate,30,25.87624157134592,1249,1239,10,58
APP_2732,OFC_930,Howrah,Marriage Certificate,44,44.7383858902944,1097,1030,67,56
APP_2733,OFC_701,Srinagar,Income Certificate,31,23.23849251894716,1733,1647,86,56
APP_2734,OFC_568,Malda,Death Certificate,43,36.26745810603823,2005,1923,82,44
APP_2735,OFC_139,Bhagalpur,Domicile Certificate,31,11.863889559238611,6952,6926,26,57
APP_2736,OFC_764,Gulbarga,Income Certificate,37,36.77469025605246,1595,1524,71,41
APP_2737,OFC_393,Begusarai,Income Certificate,5,32.56149645320976,190,172,18,59
APP_2738,OFC_605,Dibrugarh,Marriage Certificate,19,18.938537909526826,1937,1856,81,34
APP_2739,OFC_399,Mokokchung,Caste Certificate,34,15.592872579380256,5937,5871,66,54
APP_2740,OFC_207,West Delhi,Domicile Certificate,17,55.83178068025686,527,447,80,37
APP_2741,OFC_374,Kota,Domicile Certificate,30,15.422608642951012,3574,3523,51,53
APP_2742,OFC_573,Vadodara,Marriage Certificate,43,39.81736079116477,1355,1292,63,51
APP_2743,OFC_548,Rajkot,Birth Certificate,6,21.17391375451744,292,249,43,33
APP_2744,OFC_970,Kailashahar,Caste Certificate,38,29.598238952568003,1327,1233,94,41
APP_2745,OFC_897,Agartala,Caste Certificate,11,26.14361173540932,435,410,25,51
APP_2746,OFC_682,Ludhiana,Domicile Certificate,31,14.450934167732385,1749,1651,98,37
APP_2747,OFC_794,Giridih,Birth Certificate,11,49.98301816271596,425,396,29,54
APP_2748,OFC_280,Sikar,Birth Certificate,34,20.409573773639305,2431,2352,79,32
APP_2749,OFC_89,Kanpur,Income Certificate,19,5.33234832719368,3998,3997,1,37
APP_2750,OFC_955,Kohima,Domicile Certificate,9,52.70640995889379,243,204,39,56
APP_2751,OFC_263,Ahmedabad,Caste Certificate,27,41.61061546819244,1276,1265,11,46
APP_2752,OFC_256,Mangan,Death Certificate,34,56.45367070054217,860,776,84,38
APP_2753,OFC_745,Dehradun,Death Certificate,21,21.29716761458742,1625,1617,8,38
APP_2754,OFC_960,Churachandpur,Caste Certificate,19,32.044973404073346,789,786,3,48
APP_2755,OFC_76,Gaya,Death Certificate,27,59.14648157260723,1155,1064,91,57
APP_2756,OFC_586,Dhanbad,Birth Certificate,41,19.208949324374977,1264,1202,62,33
APP_2757,OFC_921,Lunglei,Birth Certificate,45,27.510000075540127,2078,2017,61,34
APP_2758,OFC_401,Darjeeling,Domicile Certificate,46,27.47992605519456,1871,1863,8,49
APP_2759,OFC_606,Manali,Income Certificate,15,39.457729256558025,301,228,73,53
APP_2760,OFC_974,Arrah,Birth Certificate,49,6.836481395593662,9584,9553,31,41
APP_2761,OFC_432,Ramgarh,Birth Certificate,34,40.15365413850139,1477,1476,1,35
APP_2762,OFC_43,Ratlam,Income Certificate,13,58.857930089489535,487,439,48,50
APP_2763,OFC_117,Hyderabad,Caste Certificate,31,14.7433170728318,1340,1291,49,38
APP_2764,OFC_785,Tumkur,Caste Certificate,31,40.34047063335198,306,260,46,56
APP_2765,OFC_927,Ghaziabad,Birth Certificate,20,38.54949008482805,1083,1040,43,58
APP_2766,OFC_902,Amini,Death Certificate,13,35.82832443286417,309,238,71,45
APP_2767,OFC_295,Alwar,Income Certificate,47,17.940614863177306,362,285,77,37
APP_2768,OFC_371,Bardhaman,Birth Certificate,25,37.97304061820419,753,669,84,37
APP_2769,OFC_27,New Delhi,Caste Certificate,47,15.6479162765177,7947,7853,94,51
APP_2770,OFC_224,Tirunelveli,Domicile Certificate,9,9.82540654094905,815,731,84,54
APP_2771,OFC_296,Bilaspur,Death Certificate,9,19.201241606037748,1067,978,89,51
APP_2772,OFC_524,Haridwar,Marriage Certificate,19,19.891085285008423,809,711,98,55
APP_2773,OFC_341,Central Delhi,Death Certificate,44,20.76838689096498,4993,4977,16,46
APP_2774,OFC_110,Baramulla,Death Certificate,26,37.52399603066544,669,604,65,41
APP_2775,OFC_833,Margao,Domicile Certificate,45,26.024143107281628,2442,2423,19,34
APP_2776,OFC_941,Aizawl,Death Certificate,8,41.82163984444397,453,441,12,45
APP_2777,OFC_699,Gangtok,Birth Certificate,26,38.15880639525699,1722,1700,22,49
APP_2778,OFC_10,Mapusa,Death Certificate,30,57.34445153510942,558,462,96,48
APP_2779,OFC_669,Mohali,Income Certificate,19,43.46208989878701,445,441,4,51
APP_2780,OFC_749,Bathinda,Death Certificate,9,40.946643667820126,242,151,91,49
APP_2781,OFC_610,Jalandhar,Caste Certificate,29,45.38502236317265,890,826,64,54
APP_2782,OFC_744,Kashipur,Death Certificate,23,48.0631114540348,613,590,23,53
APP_2783,OFC_956,Vellore,Marriage Certificate,43,35.233365522882096,2776,2708,68,46
APP_2784,OFC_259,Siliguri,Domicile Certificate,17,22.80119510429292,1228,1175,53,31
APP_2785,OFC_983,Ajmer,Caste Certificate,39,46.49026978825551,1222,1199,23,52
APP_2786,OFC_374,Minicoy,Death Certificate,41,12.848519790614294,7006,6934,72,49
APP_2787,OFC_38,Dharamshala,Death Certificate,47,18.39813982557302,2452,2443,9,39
APP_2788,OFC_409,Varanasi,Death Certificate,11,10.97053792717892,1679,1609,70,50
APP_2789,OFC_571,Bhilwara,Domicile Certificate,12,48.2847865321646,306,258,48,52
APP_2790,OFC_666,Tuensang,Death Certificate,36,49.58698961607308,591,516,75,45
APP_2791,OFC_387,Havelock,Caste Certificate,42,53.38749449174561,1027,989,38,40
APP_2792,OFC_33,Diglipur,Domicile Certificate,41,45.78831692134644,1393,1320,73,33
APP_2793,OFC_833,Anantnag,Birth Certificate,17,10.267094805857216,2043,2020,23,55
APP_2794,OFC_773,Kolhapur,Birth Certificate,36,30.59235109668055,2076,2055,21,40
APP_2795,OFC_796,Nanded,Marriage Certificate,22,44.86719251731535,869,826,43,35
APP_2796,OFC_722,Jaipur,Death Certificate,9,45.01261030937593,106,88,18,41
APP_2797,OFC_8,Purnia,Caste Certificate,27,38.94683064182081,1718,1646,72,59
APP_2798,OFC_157,Bhopal,Marriage Certificate,14,19.3999470046948,1074,998,76,37
APP_2799,OFC_465,Bhavnagar,Income Certificate,28,11.819083471504186,1181,1156,25,42
APP_2800,OFC_584,Mahbubnagar,Domicile Certificate,41,29.798603303518792,3066,2969,97,50
APP_2801,OFC_836,Darbhanga,Marriage Certificate,45,41.9632280262019,966,942,24,43
APP_2802,OFC_119,Thane,Birth Certificate,26,39.0719389461412,1242,1232,10,52
APP_2803,OFC_291,Kolkata,Birth Certificate,41,56.57569910205658,421,363,58,30
APP_2804,OFC_419,Leh,Birth Certificate,27,20.071271574820518,2957,2885,72,52
APP_2805,OFC_25,Durgapur,Marriage Certificate,5,54.24846210177457,212,144,68,41
APP_2806,OFC_2,Chennai,Income Certificate,25,30.746541128272757,774,690,84,38
APP_2807,OFC_640,Amritsar,Birth Certificate,9,39.139820661331086,371,325,46,40
APP_2808,OFC_487,Tiruchirapalli,Death Certificate,19,7.729889472011809,3384,3294,90,51
APP_2809,OFC_830,Shimla,Birth Certificate,42,59.50126896206048,1380,1341,39,53
APP_2810,OFC_96,Jamnagar,Marriage Certificate,47,7.419946680707081,11231,11159,72,40
APP_2811,OFC_154,Amravati,Death Certificate,18,16.54043197717943,2762,2728,34,55
APP_2812,OFC_526,Mumbai,Death Certificate,29,5.013490978159619,16401,16382,19,59
APP_2813,OFC_791,Nongpoh,Death Certificate,36,42.91558990120516,1400,1387,13,46
APP_2814,OFC_89,Hazaribagh,Income Certificate,49,6.95310101638081,12446,12365,81,45
APP_2815,OFC_105,Thoothukudi,Income Certificate,38,41.892470482462286,2369,2327,42,51
APP_2816,OFC_68,North Delhi,Death Certificate,48,18.170470544912614,4974,4947,27,52
APP_2817,OFC_491,Shimoga,Caste Certificate,8,54.04551838588026,83,22,61,36
APP_2818,OFC_485,Khammam,Marriage Certificate,6,50.11653274054439,135,135,0,45
APP_2819,OFC_713,Naharlagun,Caste Certificate,43,19.561949216800507,4461,4422,39,46
APP_2820,OFC_819,Bikaner,Birth Certificate,26,46.42028685487015,447,444,3,57
APP_2821,OFC_200,Ranchi,Marriage Certificate,31,51.1990663673961,574,507,67,32
APP_2822,OFC_553,South Delhi,Marriage Certificate,24,29.901549820120355,1783,1696,87,50
APP_2823,OFC_724,Medinipur,Death Certificate,21,36.90946499594003,395,361,34,45
APP_2824,OFC_764,Port Blair,Marriage Certificate,22,45.55408402434347,276,236,40,34
APP_2825,OFC_376,Geyzing,Income Certificate,38,10.543470390239076,6235,6212,23,47
APP_2826,OFC_723,Tura,Marriage Certificate,29,57.56366006183076,923,915,8,41
APP_2827,OFC_87,Mandi,Caste Certificate,34,55.82855726344188,1108,1093,15,53
APP_2828,OFC_816,Pathankot,Income Certificate,29,20.878818023060063,761,671,90,37
APP_2829,OFC_546,Hubli,Death Certificate,20,50.138167865239645,218,211,7,48
APP_2830,OFC_410,Dharmanagar,Death Certificate,21,21.51484097184912,782,691,91,58
APP_2831,OFC_840,Erode,Income Certificate,19,47.56769438806996,489,483,6,33
APP_2832,OFC_701,Nainital,Income Certificate,23,23.42570178542778,878,787,91,59
APP_2833,OFC_443,Anand,Income Certificate,30,31.9772058400361,883,852,31,31
APP_2834,OFC_301,Agatti,Caste Certificate,27,39.36626842064393,1684,1599,85,56
APP_2835,OFC_686,Udaipur,Death Certificate,47,48.00052419569016,946,931,15,40
APP_2836,OFC_482,Meerut,Income Certificate,45,55.88205104749022,1139,1106,33,47
APP_2837,OFC_875,Deoghar,Caste Certificate,47,56.60569783339358,1669,1574,95,44
APP_2838,OFC_656,Surat,Domicile Certificate,45,42.52063657149606,1255,1189,66,30
APP_2839,OFC_65,Kathua,Income Certificate,42,50.45247510706572,1107,1030,77,46
APP_2840,OFC_962,Gorakhpur,Death Certificate,21,51.28997743163424,982,963,19,48
APP_2841,OFC_416,Gandhinagar,Birth Certificate,29,49.05417521867311,593,546,47,46
APP_2842,OFC_604,Belgaum,Income Certificate,19,21.801881547019235,1089,1018,71,48
APP_2843,OFC_160,Jammu,Marriage Certificate,36,32.65884312321174,1786,1706,80,42
APP_2844,OFC_705,Davanagere,Domicile Certificate,11,59.91293300070902,334,277,57,50
APP_2845,OFC_492,Asansol,Domicile Certificate,39,29.823216729271675,1840,1838,2,58
APP_2846,OFC_326,Mangalore,Marriage Certificate,15,27.37189387613013,1064,1023,41,45
APP_2847,OFC_78,Jamshedpur,Death Certificate,23,38.69607423756052,1643,1606,37,50
APP_2848,OFC_600,Udhampur,Income Certificate,42,48.51526779789001,1649,1588,61,58
APP_2849,OFC_61,Roorkee,Death Certificate,30,12.74297739823729,4263,4200,63,38
APP_2850,OFC_353,Adilabad,Domicile Certificate,39,12.369498991649476,3070,3031,39,33
APP_2851,OFC_442,Guwahati,Income Certificate,44,32.21596378456288,2566,2470,96,54
APP_2852,OFC_714,Pasighat,Birth Certificate,49,41.938340510580936,3026,2930,96,58
APP_2853,OFC_490,Aurangabad,Caste Certificate,20,37.63984565438082,894,878,16,48
APP_2854,OFC_66,Panaji,Caste Certificate,41,34.06625705518684,1843,1748,95,59
APP_2855,OFC_1,Satna,Death Certificate,13,32.120533535161016,450,429,21,57
APP_2856,OFC_459,Madurai,Caste Certificate,15,8.597180659386442,2224,2178,46,56
APP_2857,OFC_111,Vasco da Gama,Income Certificate,32,56.22964968877629,755,672,83,31
APP_2858,OFC_388,Dimapur,Death Certificate,49,46.4420219035924,2053,1957,96,51
APP_2859,OFC_981,Delhi,Caste Certificate,49,39.96844641395278,2739,2686,53,51
APP_2860,OFC_656,Rudrapur,Marriage Certificate,45,25.1325918867248,2224,2215,9,50
APP_2861,OFC_955,Indore,Death Certificate,39,20.412108448588704,549,475,74,44
APP_2862,OFC_593,Allahabad,Domicile Certificate,38,13.766908736983698,2886,2850,36,54
APP_2863,OFC_662,Haldwani,Death Certificate,16,53.38862793811595,313,251,62,51
APP_2864,OFC_408,Patna,Birth Certificate,36,51.83847852586645,307,276,31,30
APP_2865,OFC_145,Champhai,Domicile Certificate,21,15.21996015143371,3699,3647,52,58
APP_2866,OFC_29,Jorhat,Domicile Certificate,24,27.9015650522926,798,786,12,31
APP_2867,OFC_24,Itanagar,Caste Certificate,12,23.496597539973735,675,611,64,53
APP_2868,OFC_148,Shillong,Death Certificate,7,33.64823751669588,472,374,98,56
APP_2869,OFC_159,Solan,Birth Certificate,30,39.89648227554565,765,755,10,42
APP_2870,OFC_889,Jowai,Death Certificate,22,47.58602097096381,652,604,48,39
APP_2871,OFC_53,Namchi,Death Certificate,13,59.3438121737594,323,243,80,53
APP_2872,OFC_406,Bishnupur,Birth Certificate,25,33.199304326506336,564,539,25,30
APP_2873,OFC_333,Rewa,Domicile Certificate,17,40.85657668372703,321,227,94,47
APP_2874,OFC_911,Agra,Death Certificate,9,27.78551624598248,251,206,45,38
APP_2875,OFC_734,Bangalore,Marriage Certificate,9,36.941182696883935,211,113,98,52
APP_2876,OFC_686,Solapur,Domicile Certificate,32,25.970150039599588,1382,1366,16,36
APP_2877,OFC_487,Silchar,Income Certificate,7,44.82184781606922,338,321,17,56
APP_2878,OFC_64,Nashik,Income Certificate,34,21.00745925197109,862,841,21,34
APP_2879,OFC_610,Mysore,Income Certificate,45,38.21932646077424,384,321,63,30
APP_2880,OFC_358,Coimbatore,Income Certificate,14,30.456324136888053,974,917,57,40
APP_2881,OFC_966,Katihar,Caste Certificate,42,44.04448887503303,187,170,17,54
APP_2882,OFC_290,Bareilly,Domicile Certificate,42,40.18578061461744,1492,1417,75,52
APP_2883,OFC_378,Jodhpur,Birth Certificate,31,27.06555719091808,1068,1029,39,39
APP_2884,OFC_496,Bokaro,Birth Certificate,13,22.520704200344596,552,528,24,46
APP_2885,OFC_804,Jabalpur,Income Certificate,15,42.94964284263771,700,649,51,35
APP_2886,OFC_158,East Delhi,Caste Certificate,48,27.30342641045171,667,569,98,57
APP_2887,OFC_254,Karimnagar,Caste Certificate,24,43.25421866815078,552,501,51,31
APP_2888,OFC_524,Serchhip,Income Certificate,5,22.025276014970657,427,339,88,55
APP_2889,OFC_487,Rangareddy,Domicile Certificate,47,36.32567155728569,2133,2046,87,34
APP_2890,OFC_778,Salem,Domicile Certificate,15,45.36020378882979,612,606,6,57
APP_2891,OFC_241,Kavaratti,Birth Certificate,8,11.440174462699895,342,296,46,30
APP_2892,OFC_530,Dispur,Caste Certificate,11,25.38307717495405,279,197,82,54
APP_2893,OFC_533,Thoubal,Income Certificate,41,9.642186872645444,11947,11878,69,54
APP_2894,OFC_330,Chandigarh,Death Certificate,19,39.81834437110699,321,283,38,31
APP_2895,OFC_434,Nagaon,Marriage Certificate,25,42.50930728304704,202,171,31,30
APP_2896,OFC_364,Udaipur (Tripura),Income Certificate,48,7.3350489648950035,7459,7429,30,44
APP_2897,OFC_665,Warangal,Death Certificate,22,14.4223664608039,3996,3902,94,58
APP_2898,OFC_439,Muzaffarpur,Marriage Certificate,26,39.92428994243424,1070,1031,39,47
APP_2899,OFC_842,Ujjain,Caste Certificate,47,39.10627066927439,2508,2483,25,43
APP_2900,OFC_323,Imphal,Caste Certificate,39,34.971532193685334,2869,2857,12,58
APP_2901,OFC_544,Patiala,Birth Certificate,26,6.64997320207922,8085,8031,54,54
APP_2902,OFC_903,Gwalior,Income Certificate,38,24.775896127779514,1097,1059,38,40
APP_2903,OFC_518,Nizamabad,Domicile Certificate,27,16.523672924953768,4064,3988,76,50
APP_2904,OFC_2,Pune,Income Certificate,21,32.28773064792226,1125,1045,80,41
APP_2905,OFC_990,Tawang,Income Certificate,49,13.869099113874173,3677,3643,34,58
APP_2906,OFC_605,Kullu,Birth Certificate,7,8.112496618119113,1830,1754,76,43
APP_2907,OFC_409,Mayabunder,Domicile Certificate,24,38.73121243161477,609,511,98,34
APP_2908,OFC_80,Lucknow,Income Certificate,46,18.013513842503503,4312,4244,68,45
APP_2909,OFC_743,Tezpur,Death Certificate,9,18.60838299560253,347,319,28,44
APP_2910,OFC_688,Junagadh,Marriage Certificate,6,13.63723713074506,513,449,64,30
APP_2911,OFC_529,Sagar,Marriage Certificate,20,54.51559874942706,372,370,2,32
APP_2912,OFC_559,Nagpur,Marriage Certificate,15,11.3375572024018,837,768,69,35
APP_2913,OFC_203,Howrah,Birth Certificate,6,6.180047675787381,1682,1606,76,55
APP_2914,OFC_425,Srinagar,Income Certificate,29,28.627033299768392,1183,1086,97,40
APP_2915,OFC_330,Malda,Domicile Certificate,33,59.64057307046806,1650,1587,63,50
APP_2916,OFC_919,Bhagalpur,Birth Certificate,11,11.074560836950107,971,884,87,30
APP_2917,OFC_861,Gulbarga,Income Certificate,43,54.50775311386008,1210,1168,42,46
APP_2918,OFC_729,Begusarai,Death Certificate,15,20.49518760926609,977,971,6,36
APP_2919,OFC_278,Dibrugarh,Death Certificate,26,13.030570191087085,3811,3760,51,43
APP_2920,OFC_349,Mokokchung,Death Certificate,42,6.024556102774462,16269,16243,26,49
APP_2921,OFC_725,West Delhi,Birth Certificate,47,56.1662767399536,1934,1863,71,43
APP_2922,OFC_849,Kota,Death Certificate,17,15.84398214968554,1206,1121,85,38
APP_2923,OFC_705,Vadodara,Income Certificate,42,19.94167436756581,558,470,88,37
APP_2924,OFC_310,Rajkot,Caste Certificate,36,16.41330438876266,3452,3362,90,47
APP_2925,OFC_765,Kailashahar,Domicile Certificate,34,40.993090954684746,2385,2374,11,58
APP_2926,OFC_342,Agartala,Death Certificate,27,40.67736605079453,203,162,41,46
APP_2927,OFC_468,Ludhiana,Marriage Certificate,13,46.46529223871607,147,126,21,31
APP_2928,OFC_130,Giridih,Income Certificate,9,49.56317045945973,370,321,49,41
APP_2929,OFC_97,Sikar,Income Certificate,48,33.71821650940325,1876,1807,69,53
APP_2930,OFC_944,Kanpur,Income Certificate,44,30.033978693217804,1219,1194,25,57
APP_2931,OFC_230,Kohima,Birth Certificate,28,49.04849416854513,846,831,15,41
APP_2932,OFC_65,Ahmedabad,Marriage Certificate,31,19.50422921340811,1531,1475,56,34
APP_2933,OFC_75,Mangan,Death Certificate,14,34.31943041933388,460,459,1,38
APP_2934,OFC_455,Dehradun,Death Certificate,42,17.444461644933718,823,742,81,33
APP_2935,OFC_499,Churachandpur,Death Certificate,31,10.42590929489936,4218,4124,94,59
APP_2936,OFC_565,Gaya,Domicile Certificate,23,46.82922507333907,670,613,57,37
APP_2937,OFC_684,Dhanbad,Death Certificate,47,35.30378357267783,2407,2340,67,40
APP_2938,OFC_930,Lunglei,Death Certificate,13,52.26488776300918,655,597,58,48
APP_2939,OFC_955,Darjeeling,Death Certificate,7,34.416957215000544,455,366,89,35
APP_2940,OFC_26,Manali,Domicile Certificate,15,51.622905690055504,222,213,9,31
APP_2941,OFC_202,Arrah,Domicile Certificate,41,37.97682630137764,1873,1775,98,35
APP_2942,OFC_468,Ramgarh,Income Certificate,41,59.83627072108597,208,112,96,34
APP_2943,OFC_322,Ratlam,Marriage Certificate,16,10.823485270961251,1051,1047,4,30
APP_2944,OFC_329,Hyderabad,Income Certificate,21,45.063171391857765,733,707,26,48
APP_2945,OFC_174,Tumkur,Birth Certificate,15,49.15209081449672,613,541,72,56
APP_2946,OFC_923,Ghaziabad,Income Certificate,8,57.20823507279268,330,319,11,46
APP_2947,OFC_773,Amini,Death Certificate,11,54.4690604317094,219,203,16,47
APP_2948,OFC_59,Alwar,Marriage Certificate,6,39.71142649867373,197,188,9,38
APP_2949,OFC_731,Bardhaman,Death Certificate,5,25.194434686537704,262,252,10,49
APP_2950,OFC_637,New Delhi,Birth Certificate,24,40.34895294148709,782,762,20,55
APP_2951,OFC_934,Tirunelveli,Birth Certificate,23,28.64214759596208,1508,1508,0,54
APP_2952,OFC_516,Bilaspur,Death Certificate,6,13.738546873788676,710,641,69,43
APP_2953,OFC_470,Haridwar,Marriage Certificate,31,58.61931788156032,784,733,51,52
APP_2954,OFC_626,Central Delhi,Birth Certificate,14,59.623637102404444,367,299,68,42
APP_2955,OFC_870,Baramulla,Domicile Certificate,47,16.813452130658987,2986,2964,22,34
APP_2956,OFC_372,Margao,Domicile Certificate,35,15.931386244271804,1773,1695,78,57
APP_2957,OFC_371,Aizawl,Domicile Certificate,32,15.905461093287306,4317,4231,86,57
APP_2958,OFC_781,Gangtok,Birth Certificate,29,16.941327794939713,3817,3791,26,45
APP_2959,OFC_371,Mapusa,Domicile Certificate,47,59.27336959409694,951,900,51,37
APP_2960,OFC_722,Mohali,Income Certificate,13,42.639503068657184,253,231,22,30
APP_2961,OFC_312,Bathinda,Marriage Certificate,20,21.974539441814247,576,505,71,47
APP_2962,OFC_76,Jalandhar,Income Certificate,22,38.357547465557246,641,580,61,33
APP_2963,OFC_971,Kashipur,Income Certificate,46,10.710489730611563,4135,4072,63,45
APP_2964,OFC_610,Vellore,Birth Certificate,48,37.34902605441137,1142,1101,41,31
APP_2965,OFC_675,Siliguri,Caste Certificate,13,45.67087912506012,570,487,83,45
APP_2966,OFC_657,Ajmer,Caste Certificate,30,18.25127131234068,759,731,28,32
APP_2967,OFC_815,Minicoy,Death Certificate,34,25.69320266150512,3566,3492,74,47
APP_2968,OFC_927,Dharamshala,Birth Certificate,46,14.060887871916584,2307,2293,14,32
APP_2969,OFC_308,Varanasi,Marriage Certificate,49,42.91593675850752,2098,2009,89,47
APP_2970,OFC_230,Bhilwara,Marriage Certificate,8,58.73275637465944,202,126,76,32
APP_2971,OFC_584,Tuensang,Domicile Certificate,28,44.96721983211664,494,443,51,55
APP_2972,OFC_140,Havelock,Birth Certificate,16,10.355198020805595,1575,1491,84,58
APP_2973,OFC_240,Diglipur,Marriage Certificate,25,49.08482496031044,108,102,6,37
APP_2974,OFC_133,Anantnag,Income Certificate,30,24.40638047853796,2036,2014,22,40
APP_2975,OFC_717,Kolhapur,Death Certificate,46,43.406629564497614,1403,1398,5,58
APP_2976,OFC_924,Nanded,Birth Certificate,40,13.738345780747224,6710,6660,50,41
APP_2977,OFC_470,Jaipur,Caste Certificate,28,23.208372962719228,415,351,64,42
APP_2978,OFC_298,Purnia,Marriage Certificate,39,24.20927476835397,2688,2665,23,37
APP_2979,OFC_384,Bhopal,Marriage Certificate,10,40.63379870453106,510,438,72,51
APP_2980,OFC_378,Bhavnagar,Domicile Certificate,24,23.18686477825468,1906,1903,3,33
APP_2981,OFC_220,Mahbubnagar,Domicile Certificate,49,26.57570017152146,1543,1519,24,57
APP_2982,OFC_849,Darbhanga,Domicile Certificate,31,12.957023915638338,502,457,45,51
APP_2983,OFC_207,Thane,Birth Certificate,43,27.15397887701378,3238,3163,75,44
APP_2984,OFC_890,Kolkata,Marriage Certificate,5,42.86021914088245,108,16,92,30
APP_2985,OFC_612,Leh,Birth Certificate,48,7.846431999982349,4303,4218,85,51
APP_2986,OFC_556,Durgapur,Marriage Certificate,6,10.055739575629383,596,592,4,45
APP_2987,OFC_131,Chennai,Income Certificate,46,17.117702749141625,5974,5946,28,39
APP_2988,OFC_762,Amritsar,Income Certificate,31,40.8709154205631,1040,974,66,58
APP_2989,OFC_461,Tiruchirapalli,Marriage Certificate,19,39.24693712707595,425,358,67,59
APP_2990,OFC_319,Shimla,Marriage Certificate,49,49.98858891426446,1553,1552,1,47
APP_2991,OFC_249,Jamnagar,Marriage Certificate,21,54.689978235577485,405,353,52,53
APP_2992,OFC_187,Amravati,Birth Certificate,8,41.060806662218354,147,92,55,32
APP_2993,OFC_470,Mumbai,Death Certificate,36,59.01286802684308,1122,1048,74,44
APP_2994,OFC_967,Nongpoh,Domicile Certificate,43,34.217818354427735,2826,2753,73,47
APP_2995,OFC_85,Hazaribagh,Birth Certificate,9,12.382833182721823,418,358,60,52
APP_2996,OFC_252,Thoothukudi,Birth Certificate,28,45.9878619181344,1441,1441,0,45
APP_2997,OFC_201,North Delhi,Income Certificate,43,44.82997803583956,1416,1328,88,33
APP_2998,OFC_152,Shimoga,Birth Certificate,20,32.70764886114889,1310,1257,53,45
APP_2999,OFC_783,Khammam,Income Certificate,47,59.2171338809504,903,876,27,37
APP_3000,OFC_802,Naharlagun,Domicile Certificate,18,22.90254965708784,468,462,6,41
APP_3001,OFC_799,Bikaner,Domicile Certificate,27,36.22970817178458,1768,1750,18,41
APP_3002,OFC_628,Ranchi,Domicile Certificate,38,6.833163993302119,15110,15104,6,55
APP_3003,OFC_340,South Delhi,Domicile Certificate,29,17.083597914553664,1365,1357,8,38
APP_3004,OFC_946,Medinipur,Income Certificate,20,11.800022203590764,2208,2194,14,41
APP_3005,OFC_973,Port Blair,Birth Certificate,36,24.42639860812549,2114,2021,93,44
APP_3006,OFC_681,Geyzing,Death Certificate,26,24.26109147044944,444,427,17,52
APP_3007,OFC_470,Tura,Death Certificate,32,26.677196682494458,2098,2077,21,36
APP_3008,OFC_573,Mandi,Income Certificate,20,58.12693122733883,386,295,91,38
APP_3009,OFC_360,Pathankot,Marriage Certificate,23,36.08172563873417,697,651,46,32
APP_3010,OFC_355,Hubli,Birth Certificate,40,17.502777379921437,4138,4081,57,42
APP_3011,OFC_337,Dharmanagar,Domicile Certificate,22,35.65764117057921,250,205,45,41
APP_3012,OFC_319,Erode,Death Certificate,17,17.191007121541425,814,750,64,41
APP_3013,OFC_729,Nainital,Birth Certificate,31,54.78737079414672,1613,1528,85,56
APP_3014,OFC_653,Anand,Income Certificate,27,46.04984995449082,1429,1419,10,49
APP_3015,OFC_21,Agatti,Income Certificate,16,36.76859975155626,356,328,28,49
APP_3016,OFC_332,Udaipur,Income Certificate,17,25.283276194216388,908,851,57,46
APP_3017,OFC_249,Meerut,Death Certificate,19,44.48931586716153,606,560,46,51
APP_3018,OFC_654,Deoghar,Death Certificate,7,23.438634551217383,582,582,0,54
APP_3019,OFC_812,Surat,Death Certificate,47,58.7336604341176,954,876,78,34
APP_3020,OFC_262,Kathua,Death Certificate,6,59.16410163360598,210,180,30,36
APP_3021,OFC_644,Gorakhpur,Domicile Certificate,17,26.9093767641791,630,580,50,41
APP_3022,OFC_507,Gandhinagar,Marriage Certificate,49,27.875706591618645,3938,3841,97,59
APP_3023,OFC_767,Belgaum,Income Certificate,45,52.73578154566837,1633,1543,90,56
APP_3024,OFC_663,Jammu,Domicile Certificate,21,23.213653525340032,857,842,15,58
APP_3025,OFC_281,Davanagere,Death Certificate,6,29.64381716749405,193,177,16,43
APP_3026,OFC_972,Asansol,Caste Certificate,49,56.3390124793124,527,510,17,40
APP_3027,OFC_193,Mangalore,Death Certificate,24,28.29222713553275,1714,1618,96,45
APP_3028,OFC_773,Jamshedpur,Marriage Certificate,49,40.20016931265649,1117,1087,30,38
APP_3029,OFC_56,Udhampur,Death Certificate,9,25.445451132620395,577,505,72,57
APP_3030,OFC_125,Roorkee,Marriage Certificate,19,35.862318099740776,467,446,21,35
APP_3031,OFC_214,Adilabad,Death Certificate,12,38.16148371665459,94,73,21,47
APP_3032,OFC_491,Guwahati,Marriage Certificate,32,27.670694697920187,1746,1707,39,39
APP_3033,OFC_518,Pasighat,Marriage Certificate,8,41.696388026185225,253,166,87,52
APP_3034,OFC_867,Aurangabad,Domicile Certificate,21,15.331270869399972,2724,2682,42,35
APP_3035,OFC_293,Panaji,Caste Certificate,5,36.78937362495243,284,273,11,53
APP_3036,OFC_794,Satna,Caste Certificate,48,32.23910056205162,1688,1600,88,41
APP_3037,OFC_908,Madurai,Caste Certificate,12,34.78272453655085,566,514,52,36
APP_3038,OFC_162,Vasco da Gama,Birth Certificate,18,28.46250198522641,689,600,89,45
APP_3039,OFC_972,Dimapur,Death Certificate,26,15.014451328764018,1330,1278,52,48
APP_3040,OFC_908,Delhi,Death Certificate,27,24.225696188106564,637,551,86,38
APP_3041,OFC_734,Rudrapur,Caste Certificate,36,24.57765991513737,2405,2316,89,40
APP_3042,OFC_756,Indore,Caste Certificate,9,23.369968097250812,969,927,42,57
APP_3043,OFC_922,Allahabad,Caste Certificate,45,56.25747265944336,814,748,66,46
APP_3044,OFC_416,Haldwani,Death Certificate,25,42.91206126158237,1411,1402,9,54
APP_3045,OFC_403,Patna,Caste Certificate,47,15.578280330171228,5139,5104,35,37
APP_3046,OFC_962,Champhai,Birth Certificate,19,44.11135793546704,847,822,25,50
APP_3047,OFC_983,Jorhat,Marriage Certificate,45,57.49798439994009,699,612,87,52
APP_3048,OFC_207,Itanagar,Domicile Certificate,44,16.219598907617517,1945,1935,10,32
APP_3049,OFC_938,Shillong,Marriage Certificate,19,25.96772214261174,1290,1231,59,46
APP_3050,OFC_171,Solan,Caste Certificate,16,30.951808038464616,901,901,0,45
APP_3051,OFC_346,Jowai,Marriage Certificate,5,53.22083807812543,292,214,78,54
APP_3052,OFC_620,Namchi,Marriage Certificate,31,11.601322847510072,6413,6337,76,56
APP_3053,OFC_542,Bishnupur,Birth Certificate,34,30.560908136470577,2340,2261,79,53
APP_3054,OFC_396,Rewa,Caste Certificate,26,34.10334344224633,1555,1546,9,53
APP_3055,OFC_130,Agra,Caste Certificate,21,20.86645732285503,1909,1850,59,50
APP_3056,OFC_85,Bangalore,Domicile Certificate,46,42.16739686956733,605,603,2,32
APP_3057,OFC_842,Solapur,Birth Certificate,13,11.191280503457786,940,867,73,35
APP_3058,OFC_409,Silchar,Marriage Certificate,21,33.46479929391501,356,313,43,43
APP_3059,OFC_8,Nashik,Domicile Certificate,9,42.47460964248239,192,127,65,51
APP_3060,OFC_543,Mysore,Death Certificate,45,31.43679699352433,2407,2407,0,38
APP_3061,OFC_724,Coimbatore,Marriage Certificate,17,6.62898220197758,2714,2683,31,52
APP_3062,OFC_548,Katihar,Domicile Certificate,33,36.242172639521584,800,711,89,43
APP_3063,OFC_865,Bareilly,Domicile Certificate,39,5.704403294673485,11006,10936,70,43
APP_3064,OFC_321,Jodhpur,Income Certificate,24,52.28487983036531,745,669,76,35
APP_3065,OFC_92,Bokaro,Death Certificate,14,34.06762580853097,1398,1396,2,58
APP_3066,OFC_289,Jabalpur,Income Certificate,5,32.93324687205924,248,159,89,53
APP_3067,OFC_167,East Delhi,Income Certificate,11,34.81471252429482,967,872,95,55
APP_3068,OFC_149,Karimnagar,Caste Certificate,36,29.133308825442967,2033,1958,75,49
APP_3069,OFC_36,Serchhip,Income Certificate,34,23.40524644549601,519,515,4,31
APP_3070,OFC_171,Rangareddy,Marriage Certificate,14,19.8806738694022,493,464,29,35
APP_3071,OFC_496,Salem,Death Certificate,35,50.82687270598284,1426,1355,71,36
APP_3072,OFC_80,Kavaratti,Caste Certificate,7,34.10096355038722,300,226,74,50
APP_3073,OFC_264,Dispur,Death Certificate,16,54.48834007661082,269,206,63,31
APP_3074,OFC_567,Thoubal,Marriage Certificate,41,23.44598845248005,2437,2344,93,47
APP_3075,OFC_936,Chandigarh,Caste Certificate,44,28.5169405335176,3218,3196,22,50
APP_3076,OFC_820,Nagaon,Income Certificate,15,33.33033129316274,1001,919,82,43
APP_3077,OFC_198,Udaipur (Tripura),Caste Certificate,38,19.346212457637883,1103,1092,11,52
APP_3078,OFC_593,Warangal,Income Certificate,36,53.07959029740349,558,463,95,55
APP_3079,OFC_935,Muzaffarpur,Death Certificate,6,8.927341619203998,805,718,87,44
APP_3080,OFC_919,Ujjain,Death Certificate,17,6.416429697126021,6693,6646,47,47
APP_3081,OFC_912,Imphal,Income Certificate,18,53.647552979583736,367,294,73,40
APP_3082,OFC_248,Patiala,Birth Certificate,38,13.29045159144308,3002,2953,49,57
APP_3083,OFC_45,Gwalior,Caste Certificate,39,32.20208139251184,424,327,97,40
APP_3084,OFC_366,Nizamabad,Birth Certificate,18,52.27234880310139,952,869,83,56
APP_3085,OFC_24,Pune,Marriage Certificate,15,31.64678621038215,424,374,50,56
APP_3086,OFC_62,Tawang,Caste Certificate,32,11.296555039859474,1537,1446,91,37
APP_3087,OFC_478,Kullu,Marriage Certificate,13,19.627615522289773,875,813,62,44
APP_3088,OFC_952,Mayabunder,Income Certificate,21,9.309540430119904,2169,2117,52,46
APP_3089,OFC_561,Lucknow,Birth Certificate,10,58.19963364997096,179,135,44,42
APP_3090,OFC_591,Tezpur,Birth Certificate,46,20.806960032570192,1287,1249,38,38
APP_3091,OFC_34,Junagadh,Death Certificate,31,27.39020205151232,1306,1246,60,33
APP_3092,OFC_284,Sagar,Marriage Certificate,37,57.62778179163388,1010,951,59,36
APP_3093,OFC_674,Nagpur,Caste Certificate,29,36.291845808645135,1084,1001,83,36
APP_3094,OFC_18,Howrah,Income Certificate,41,47.80808920493334,996,982,14,49
APP_3095,OFC_376,Srinagar,Marriage Certificate,29,13.787315761452476,2383,2320,63,48
APP_3096,OFC_736,Malda,Birth Certificate,7,24.56232102170404,159,154,5,39
APP_3097,OFC_314,Bhagalpur,Marriage Certificate,12,33.63795481492281,779,724,55,47
APP_3098,OFC_329,Gulbarga,Caste Certificate,32,25.81470057157598,2081,2034,47,37
APP_3099,OFC_613,Begusarai,Marriage Certificate,8,20.437054064318417,320,316,4,53
APP_3100,OFC_660,Dibrugarh,Death Certificate,6,22.884028442090543,493,446,47,39
APP_3101,OFC_209,Mokokchung,Domicile Certificate,42,57.03753047477832,951,862,89,41
APP_3102,OFC_966,West Delhi,Caste Certificate,46,25.82583091888014,1317,1245,72,44
APP_3103,OFC_858,Kota,Birth Certificate,44,58.22746890614166,1411,1329,82,37
APP_3104,OFC_222,Vadodara,Income Certificate,29,32.88938894899924,1433,1355,78,54
APP_3105,OFC_54,Rajkot,Death Certificate,34,22.18027591719144,3110,3025,85,44
APP_3106,OFC_511,Kailashahar,Birth Certificate,47,37.04728310942551,3213,3157,56,54
APP_3107,OFC_438,Agartala,Marriage Certificate,13,30.474603001233348,629,573,56,53
APP_3108,OFC_777,Ludhiana,Birth Certificate,49,41.28023359267385,735,701,34,34
APP_3109,OFC_893,Giridih,Death Certificate,5,53.05544166243915,180,157,23,39
APP_3110,OFC_297,Sikar,Caste Certificate,20,42.08846920567258,819,724,95,39
APP_3111,OFC_8,Kanpur,Domicile Certificate,18,38.88628297067881,954,911,43,51
APP_3112,OFC_437,Kohima,Caste Certificate,32,55.669915044061696,353,341,12,34
APP_3113,OFC_293,Ahmedabad,Income Certificate,6,6.904395744812573,1373,1294,79,43
APP_3114,OFC_551,Mangan,Domicile Certificate,20,33.4447559791184,1053,1033,20,50
APP_3115,OFC_572,Dehradun,Marriage Certificate,16,36.01810022610924,103,51,52,44
APP_3116,OFC_453,Churachandpur,Death Certificate,13,39.13314726766952,669,630,39,41
APP_3117,OFC_942,Gaya,Marriage Certificate,47,21.04599415405694,2517,2443,74,51
APP_3118,OFC_180,Dhanbad,Death Certificate,7,54.69250188665102,128,79,49,32
APP_3119,OFC_299,Lunglei,Death Certificate,48,57.633836009652754,805,788,17,30
APP_3120,OFC_93,Darjeeling,Death Certificate,27,5.987440904958148,3446,3426,20,44
APP_3121,OFC_265,Manali,Marriage Certificate,24,41.63114556598789,1235,1182,53,43
APP_3122,OFC_951,Arrah,Marriage Certificate,48,32.92646915479319,1188,1151,37,33
APP_3123,OFC_925,Ramgarh,Domicile Certificate,44,45.535641250255885,1035,1018,17,38
APP_3124,OFC_34,Ratlam,Birth Certificate,8,26.23262716065208,467,368,99,43
APP_3125,OFC_166,Hyderabad,Caste Certificate,13,19.075055303205808,1042,980,62,51
APP_3126,OFC_670,Tumkur,Caste Certificate,44,5.4617520646277935,6491,6433,58,33
APP_3127,OFC_418,Ghaziabad,Marriage Certificate,37,31.753470665469592,3286,3189,97,52
APP_3128,OFC_390,Amini,Marriage Certificate,39,31.19388249102749,3507,3468,39,59
APP_3129,OFC_515,Alwar,Death Certificate,19,27.987808198693237,1015,960,55,40
APP_3130,OFC_743,Bardhaman,Birth Certificate,29,40.664304114088566,247,161,86,34
APP_3131,OFC_680,New Delhi,Marriage Certificate,23,54.0199511360952,483,437,46,39
APP_3132,OFC_725,Tirunelveli,Death Certificate,44,57.34760633248651,2530,2467,63,58
APP_3133,OFC_389,Bilaspur,Marriage Certificate,14,26.955037278300644,664,595,69,43
APP_3134,OFC_945,Haridwar,Death Certificate,46,44.93618295669396,1230,1201,29,36
APP_3135,OFC_390,Central Delhi,Marriage Certificate,39,6.20249539252583,6118,6026,92,40
APP_3136,OFC_584,Baramulla,Caste Certificate,12,39.61588182892976,209,180,29,39
APP_3137,OFC_530,Margao,Income Certificate,11,56.1675899231124,375,305,70,44
APP_3138,OFC_6,Aizawl,Caste Certificate,44,59.78539518998016,437,369,68,33
APP_3139,OFC_748,Gangtok,Domicile Certificate,11,46.13033161517315,174,98,76,52
APP_3140,OFC_677,Mapusa,Domicile Certificate,49,50.40604691399599,433,433,0,32
APP_3141,OFC_512,Mohali,Marriage Certificate,22,25.589353992690175,1360,1272,88,36
APP_3142,OFC_775,Bathinda,Birth Certificate,36,28.615065121404736,1377,1279,98,32
APP_3143,OFC_477,Jalandhar,Marriage Certificate,15,6.254676053108672,3647,3590,57,47
APP_3144,OFC_842,Kashipur,Domicile Certificate,13,33.1692336292181,742,666,76,40
APP_3145,OFC_955,Vellore,Income Certificate,5,59.049324563691904,198,112,86,40
APP_3146,OFC_798,Siliguri,Caste Certificate,10,35.857129887269,563,529,34,44
APP_3147,OFC_436,Ajmer,Birth Certificate,6,36.44153539830485,102,50,52,38
APP_3148,OFC_943,Minicoy,Birth Certificate,33,46.77647056863015,826,808,18,34
APP_3149,OFC_74,Dharamshala,Marriage Certificate,48,19.62150435953637,5338,5288,50,56
APP_3150,OFC_314,Varanasi,Income Certificate,25,31.197774915121716,585,527,58,49
APP_3151,OFC_350,Bhilwara,Marriage Certificate,39,38.10547229202018,728,712,16,34
APP_3152,OFC_221,Tuensang,Domicile Certificate,21,39.37886602574872,1430,1383,47,53
APP_3153,OFC_760,Havelock,Domicile Certificate,49,41.73272673080946,985,928,57,33
APP_3154,OFC_383,Diglipur,Income Certificate,36,57.29212428920261,570,519,51,34
APP_3155,OFC_377,Anantnag,Death Certificate,36,11.727241624605986,3393,3340,53,35
APP_3156,OFC_718,Kolhapur,Birth Certificate,22,30.57085559137163,902,804,98,39
APP_3157,OFC_453,Nanded,Caste Certificate,18,21.677555434286035,947,898,49,48
APP_3158,OFC_918,Jaipur,Domicile Certificate,35,35.942828743492754,2231,2161,70,59
APP_3159,OFC_196,Purnia,Domicile Certificate,38,24.953231264284824,3013,2954,59,41
APP_3160,OFC_62,Bhopal,Income Certificate,18,29.030434740429204,696,680,16,45
APP_3161,OFC_292,Bhavnagar,Domicile Certificate,11,39.63620394745848,634,594,40,49
APP_3162,OFC_392,Mahbubnagar,Death Certificate,24,27.18798870982621,893,890,3,50
APP_3163,OFC_821,Darbhanga,Income Certificate,9,34.891550003060814,596,576,20,55
APP_3164,OFC_678,Thane,Income Certificate,24,6.083165719835127,4648,4620,28,36
APP_3165,OFC_707,Kolkata,Domicile Certificate,7,51.48526836853804,337,332,5,56
APP_3166,OFC_531,Leh,Caste Certificate,20,59.544219051055904,672,645,27,40
APP_3167,OFC_114,Durgapur,Birth Certificate,44,7.802615952319344,5971,5956,15,39
APP_3168,OFC_480,Chennai,Death Certificate,35,54.721965685630586,652,645,7,42
APP_3169,OFC_726,Amritsar,Death Certificate,27,42.4163489790677,802,735,67,34
APP_3170,OFC_814,Tiruchirapalli,Marriage Certificate,13,14.192609897804092,1402,1388,14,40
APP_3171,OFC_225,Shimla,Birth Certificate,15,50.64996664771535,445,402,43,53
APP_3172,OFC_995,Jamnagar,Death Certificate,37,12.714133426289628,6959,6860,99,51
APP_3173,OFC_231,Amravati,Marriage Certificate,10,47.77588449709807,419,418,1,53
APP_3174,OFC_409,Mumbai,Income Certificate,34,22.96067999920208,3086,3085,1,59
APP_3175,OFC_278,Nongpoh,Death Certificate,23,48.75848725473162,543,474,69,46
APP_3176,OFC_614,Hazaribagh,Birth Certificate,17,16.34020673337261,2308,2215,93,43
APP_3177,OFC_476,Thoothukudi,Death Certificate,8,10.862483801890606,2026,2000,26,51
APP_3178,OFC_86,North Delhi,Domicile Certificate,8,54.12072264307997,272,187,85,42
APP_3179,OFC_947,Shimoga,Income Certificate,13,28.96926578792066,272,224,48,39
APP_3180,OFC_529,Khammam,Income Certificate,32,32.004014655809854,1256,1209,47,46
APP_3181,OFC_530,Naharlagun,Caste Certificate,34,35.47054199167805,1959,1898,61,37
APP_3182,OFC_103,Bikaner,Caste Certificate,23,17.584912193891064,3178,3126,52,47
APP_3183,OFC_68,Ranchi,Birth Certificate,11,12.324925448767456,1149,1071,78,34
APP_3184,OFC_878,South Delhi,Birth Certificate,19,50.22517403378878,613,593,20,47
APP_3185,OFC_661,Medinipur,Caste Certificate,45,58.591008272662265,690,679,11,46
APP_3186,OFC_819,Port Blair,Domicile Certificate,13,56.019791862286674,262,236,26,45
APP_3187,OFC_762,Geyzing,Death Certificate,41,29.170615662267224,2774,2756,18,51
APP_3188,OFC_258,Tura,Marriage Certificate,7,13.214432098997944,660,641,19,44
APP_3189,OFC_777,Mandi,Birth Certificate,47,34.99519889681602,2886,2833,53,36
APP_3190,OFC_935,Pathankot,Marriage Certificate,21,14.196820371347863,565,542,23,57
APP_3191,OFC_570,Hubli,Marriage Certificate,18,56.4600424036726,356,287,69,42
APP_3192,OFC_925,Dharmanagar,Income Certificate,49,19.3973505579738,5444,5402,42,46
APP_3193,OFC_228,Erode,Death Certificate,24,20.171756883207124,3077,3011,66,56
APP_3194,OFC_521,Nainital,Income Certificate,41,32.41188090374999,503,443,60,39
APP_3195,OFC_944,Anand,Death Certificate,27,14.226467572604491,2992,2919,73,58
APP_3196,OFC_52,Agatti,Marriage Certificate,10,40.11418469789054,494,429,65,49
APP_3197,OFC_645,Udaipur,Domicile Certificate,7,10.072016162337,1504,1435,69,55
APP_3198,OFC_55,Meerut,Caste Certificate,6,6.970852827226157,1428,1403,25,46
APP_3199,OFC_46,Deoghar,Death Certificate,46,57.85272767841785,1363,1339,24,47
APP_3200,OFC_51,Surat,Death Certificate,22,34.377514052498306,1065,985,80,36
APP_3201,OFC_731,Kathua,Marriage Certificate,32,31.47114816386189,2126,2090,36,46
APP_3202,OFC_367,Gorakhpur,Birth Certificate,28,59.41593445532615,549,492,57,33
APP_3203,OFC_260,Gandhinagar,Domicile Certificate,29,48.47575435280401,534,495,39,36
APP_3204,OFC_627,Belgaum,Income Certificate,22,13.752893723302307,3345,3304,41,40
APP_3205,OFC_593,Jammu,Death Certificate,45,56.22531634083359,636,574,62,38
APP_3206,OFC_968,Davanagere,Income Certificate,30,39.97509735316867,1936,1911,25,57
APP_3207,OFC_253,Asansol,Birth Certificate,26,42.009073176508224,974,961,13,57
APP_3208,OFC_22,Mangalore,Death Certificate,45,36.51385442184417,1204,1191,13,31
APP_3209,OFC_316,Jamshedpur,Birth Certificate,17,11.816288195966486,811,754,57,40
APP_3210,OFC_134,Udhampur,Birth Certificate,19,5.849480915551138,2559,2477,82,57
APP_3211,OFC_831,Roorkee,Marriage Certificate,16,28.41268815151386,1106,1032,74,59
APP_3212,OFC_962,Adilabad,Income Certificate,18,43.92487544794662,1084,994,90,57
APP_3213,OFC_252,Guwahati,Birth Certificate,34,11.402810817290298,4648,4581,67,48
APP_3214,OFC_873,Pasighat,Domicile Certificate,22,58.79796531475315,424,336,88,51
APP_3215,OFC_976,Aurangabad,Income Certificate,44,34.00321626020278,2194,2176,18,37
APP_3216,OFC_290,Panaji,Domicile Certificate,42,36.656006240322206,2967,2902,65,59
APP_3217,OFC_871,Satna,Domicile Certificate,39,51.86208437230613,1286,1193,93,36
APP_3218,OFC_5,Madurai,Caste Certificate,17,33.76060929358312,332,320,12,47
APP_3219,OFC_285,Vasco da Gama,Marriage Certificate,13,9.937760201609306,671,632,39,41
APP_3220,OFC_731,Dimapur,Caste Certificate,30,39.96575800742347,1152,1110,42,31
APP_3221,OFC_848,Delhi,Death Certificate,5,17.445353388150696,255,171,84,32
APP_3222,OFC_726,Rudrapur,Caste Certificate,5,20.289280391065,507,463,44,49
APP_3223,OFC_558,Indore,Death Certificate,36,32.61103801766652,3065,3048,17,57
APP_3224,OFC_869,Allahabad,Birth Certificate,37,44.26603715019181,159,69,90,30
APP_3225,OFC_921,Haldwani,Income Certificate,48,38.168754451404254,842,788,54,34
APP_3226,OFC_813,Patna,Marriage Certificate,48,42.56465604295632,1905,1848,57,54
APP_3227,OFC_414,Champhai,Birth Certificate,22,57.116731332771415,508,494,14,59
APP_3228,OFC_763,Jorhat,Caste Certificate,25,15.300633475631576,2307,2236,71,31
APP_3229,OFC_242,Itanagar,Death Certificate,26,45.78772757350401,406,361,45,40
APP_3230,OFC_168,Shillong,Caste Certificate,40,32.60038500690945,2926,2834,92,39
APP_3231,OFC_499,Solan,Marriage Certificate,39,8.679699595685143,9682,9613,69,43
APP_3232,OFC_327,Jowai,Death Certificate,12,36.6508867211031,885,861,24,58
APP_3233,OFC_397,Namchi,Income Certificate,21,54.660205944465496,956,921,35,52
APP_3234,OFC_479,Bishnupur,Death Certificate,16,45.69486795119591,147,49,98,33
APP_3235,OFC_421,Rewa,Caste Certificate,49,7.001426097047106,9200,9193,7,44
APP_3236,OFC_478,Agra,Marriage Certificate,5,16.52739160978234,337,332,5,33
APP_3237,OFC_347,Bangalore,Birth Certificate,35,27.64193384961444,1121,1065,56,55
APP_3238,OFC_449,Solapur,Domicile Certificate,6,50.91114714956763,360,340,20,58
APP_3239,OFC_398,Silchar,Income Certificate,10,7.270535673588442,2535,2458,77,52
APP_3240,OFC_125,Nashik,Death Certificate,31,36.6388824721601,1551,1468,83,31
APP_3241,OFC_781,Mysore,Income Certificate,43,56.34217959446046,554,547,7,35
APP_3242,OFC_79,Coimbatore,Death Certificate,5,25.35435616739801,330,301,29,33
APP_3243,OFC_320,Katihar,Marriage Certificate,48,10.205833072112084,2770,2740,30,40
APP_3244,OFC_871,Bareilly,Death Certificate,10,8.659576849297252,2247,2238,9,56
APP_3245,OFC_880,Jodhpur,Domicile Certificate,16,53.48092644413926,254,199,55,56
APP_3246,OFC_107,Bokaro,Marriage Certificate,45,39.16775947616844,1482,1466,16,34
APP_3247,OFC_644,Jabalpur,Income Certificate,26,36.28951499218611,423,397,26,54
APP_3248,OFC_505,East Delhi,Marriage Certificate,23,42.95493565609366,987,900,87,37
APP_3249,OFC_990,Karimnagar,Domicile Certificate,48,39.85013044783814,2101,2003,98,36
APP_3250,OFC_529,Serchhip,Income Certificate,49,34.015436788020885,2803,2729,74,56
APP_3251,OFC_322,Rangareddy,Caste Certificate,27,42.41395202303433,350,339,11,35
APP_3252,OFC_949,Salem,Domicile Certificate,18,15.85385844551928,385,351,34,44
APP_3253,OFC_655,Kavaratti,Birth Certificate,16,11.93394761841422,335,262,73,37
APP_3254,OFC_12,Dispur,Death Certificate,44,58.19458178620896,1115,1077,38,38
APP_3255,OFC_823,Thoubal,Death Certificate,22,33.534664215816946,602,560,42,41
APP_3256,OFC_510,Chandigarh,Death Certificate,14,54.753191594921255,335,302,33,48
APP_3257,OFC_20,Nagaon,Marriage Certificate,43,44.902507446148896,711,694,17,31
APP_3258,OFC_829,Udaipur (Tripura),Death Certificate,40,47.078431874132455,1765,1684,81,50
APP_3259,OFC_251,Warangal,Caste Certificate,7,28.31010301797248,445,387,58,50
APP_3260,OFC_41,Muzaffarpur,Birth Certificate,16,21.59628551613133,1326,1326,0,40
APP_3261,OFC_738,Ujjain,Marriage Certificate,16,11.931001353859177,2320,2319,1,52
APP_3262,OFC_177,Imphal,Death Certificate,29,5.878670586386028,9891,9851,40,48
APP_3263,OFC_245,Patiala,Income Certificate,27,25.633244270618896,2192,2169,23,59
APP_3264,OFC_521,Gwalior,Domicile Certificate,22,31.818426803033613,799,790,9,53
APP_3265,OFC_969,Nizamabad,Death Certificate,5,47.02578823143832,234,172,62,55
APP_3266,OFC_92,Pune,Income Certificate,24,10.75337719311019,2738,2682,56,41
APP_3267,OFC_38,Tawang,Marriage Certificate,40,33.22631386861229,2802,2716,86,54
APP_3268,OFC_801,Kullu,Income Certificate,9,16.70472742788615,1090,1011,79,46
APP_3269,OFC_633,Mayabunder,Birth Certificate,18,23.63269897552417,1732,1648,84,56
APP_3270,OFC_243,Lucknow,Caste Certificate,34,56.536616692458026,986,892,94,31
APP_3271,OFC_231,Tezpur,Marriage Certificate,6,23.45985492352793,97,80,17,57
APP_3272,OFC_269,Junagadh,Income Certificate,46,6.954412604631009,6692,6668,24,56
APP_3273,OFC_820,Sagar,Domicile Certificate,11,18.4629583535246,439,396,43,50
APP_3274,OFC_959,Nagpur,Income Certificate,42,38.79516123156804,2422,2360,62,51
APP_3275,OFC_79,Howrah,Domicile Certificate,27,51.09949697143512,387,384,3,51
APP_3276,OFC_700,Srinagar,Marriage Certificate,30,38.81240572306349,1428,1347,81,36
APP_3277,OFC_545,Malda,Marriage Certificate,11,7.78541231516482,2995,2973,22,53
APP_3278,OFC_367,Bhagalpur,Death Certificate,43,46.99231438663018,1403,1341,62,54
APP_3279,OFC_294,Gulbarga,Death Certificate,32,10.204074612502836,411,400,11,38
APP_3280,OFC_778,Begusarai,Caste Certificate,39,25.40325189871508,3414,3322,92,39
APP_3281,OFC_481,Dibrugarh,Death Certificate,24,34.91869418779126,1520,1434,86,51
APP_3282,OFC_364,Mokokchung,Domicile Certificate,19,55.94049858265319,375,370,5,30
APP_3283,OFC_239,West Delhi,Birth Certificate,21,14.10775298268344,2234,2187,47,58
APP_3284,OFC_62,Kota,Birth Certificate,21,17.578782543257006,2506,2501,5,43
APP_3285,OFC_70,Vadodara,Death Certificate,43,50.514671678453176,720,664,56,57
APP_3286,OFC_889,Rajkot,Birth Certificate,47,37.2320871086604,1559,1494,65,48
APP_3287,OFC_433,Kailashahar,Death Certificate,24,29.74603236826657,1567,1557,10,59
APP_3288,OFC_814,Agartala,Birth Certificate,32,21.654528174886103,2159,2076,83,36
APP_3289,OFC_769,Ludhiana,Caste Certificate,48,35.16043600066768,1940,1875,65,35
APP_3290,OFC_601,Giridih,Marriage Certificate,32,20.33045577935045,1781,1685,96,55
APP_3291,OFC_694,Sikar,Marriage Certificate,45,19.544998736863104,2089,2077,12,41
APP_3292,OFC_810,Kanpur,Caste Certificate,30,26.685878580323276,1247,1178,69,43
APP_3293,OFC_224,Kohima,Caste Certificate,14,55.82747330453966,163,106,57,39
APP_3294,OFC_769,Ahmedabad,Marriage Certificate,24,45.30689482988021,474,415,59,37
APP_3295,OFC_371,Mangan,Marriage Certificate,30,36.65145675161319,645,625,20,59
APP_3296,OFC_538,Dehradun,Birth Certificate,44,57.06166825586156,1044,1038,6,50
APP_3297,OFC_719,Churachandpur,Domicile Certificate,42,23.25387603712559,4577,4565,12,50
APP_3298,OFC_100,Gaya,Birth Certificate,23,13.030836815265792,2362,2273,89,42
APP_3299,OFC_62,Dhanbad,Birth Certificate,21,48.71617661246868,1393,1315,78,56
APP_3300,OFC_403,Lunglei,Marriage Certificate,36,11.155369891930691,3587,3581,6,49
APP_3301,OFC_390,Darjeeling,Domicile Certificate,41,16.964872530670142,3430,3414,16,50
APP_3302,OFC_182,Manali,Birth Certificate,14,35.907898902671384,338,328,10,47
APP_3303,OFC_954,Arrah,Income Certificate,43,54.49718808309334,199,185,14,45
APP_3304,OFC_478,Ramgarh,Domicile Certificate,25,21.112424410004635,1450,1378,72,41
APP_3305,OFC_740,Ratlam,Marriage Certificate,44,37.14729414041129,1501,1426,75,57
APP_3306,OFC_35,Hyderabad,Birth Certificate,5,29.253824530622943,379,366,13,57
APP_3307,OFC_661,Tumkur,Income Certificate,14,33.56256455585062,595,511,84,31
APP_3308,OFC_984,Ghaziabad,Income Certificate,15,31.98652922992246,993,914,79,55
APP_3309,OFC_582,Amini,Marriage Certificate,31,47.40660493192856,222,196,26,50
APP_3310,OFC_97,Alwar,Death Certificate,8,24.7077794172596,475,469,6,37
APP_3311,OFC_823,Bardhaman,Domicile Certificate,7,20.27624926356576,534,459,75,34
APP_3312,OFC_756,New Delhi,Domicile Certificate,32,48.973162562800354,1160,1113,47,47
APP_3313,OFC_916,Tirunelveli,Marriage Certificate,22,5.703850596947805,2827,2802,25,41
APP_3314,OFC_958,Bilaspur,Caste Certificate,20,57.62972972332607,567,529,38,48
APP_3315,OFC_554,Haridwar,Domicile Certificate,26,5.013641303966264,10309,10211,98,40
APP_3316,OFC_212,Central Delhi,Income Certificate,23,17.32869519157115,3226,3221,5,55
APP_3317,OFC_681,Baramulla,Domicile Certificate,11,15.5560942788309,871,847,24,49
APP_3318,OFC_238,Margao,Income Certificate,32,20.773409279614267,3772,3762,10,56
APP_3319,OFC_21,Aizawl,Marriage Certificate,46,27.925371889975576,1470,1406,64,36
APP_3320,OFC_479,Gangtok,Caste Certificate,47,51.86874463671313,2262,2163,99,42
APP_3321,OFC_768,Mapusa,Birth Certificate,37,47.620401305907606,416,349,67,46
APP_3322,OFC_269,Mohali,Caste Certificate,34,45.84519082302619,886,806,80,41
APP_3323,OFC_557,Bathinda,Income Certificate,34,25.50473981477789,2484,2421,63,50
APP_3324,OFC_762,Jalandhar,Death Certificate,22,15.468983349193506,1628,1530,98,38
APP_3325,OFC_291,Kashipur,Marriage Certificate,43,16.95140984669245,2997,2901,96,57
APP_3326,OFC_271,Vellore,Marriage Certificate,24,23.166259263247014,711,687,24,32
APP_3327,OFC_557,Siliguri,Death Certificate,24,41.63130236006092,964,880,84,35
APP_3328,OFC_345,Ajmer,Income Certificate,32,45.63277382617274,867,812,55,55
APP_3329,OFC_215,Minicoy,Birth Certificate,34,18.122973387531765,1702,1624,78,38
APP_3330,OFC_765,Dharamshala,Birth Certificate,9,52.21198246644882,307,217,90,53
APP_3331,OFC_422,Varanasi,Death Certificate,9,15.343768248332788,773,733,40,50
APP_3332,OFC_954,Bhilwara,Income Certificate,47,15.378444823743289,4209,4202,7,30
APP_3333,OFC_776,Tuensang,Death Certificate,27,44.79312474663975,772,750,22,34
APP_3334,OFC_761,Havelock,Birth Certificate,26,41.04480659062544,758,697,61,57
APP_3335,OFC_432,Diglipur,Marriage Certificate,47,58.89332442875872,1138,1055,83,31
APP_3336,OFC_725,Anantnag,Income Certificate,9,58.31536600601564,272,245,27,58
APP_3337,OFC_432,Kolhapur,Death Certificate,46,31.05518165227446,1902,1850,52,30
APP_3338,OFC_831,Nanded,Marriage Certificate,13,9.84779521067134,300,240,60,34
APP_3339,OFC_379,Jaipur,Birth Certificate,42,39.53289103900454,963,891,72,47
APP_3340,OFC_910,Purnia,Domicile Certificate,39,14.289658070354871,6701,6654,47,52
APP_3341,OFC_684,Bhopal,Birth Certificate,19,54.53934723110503,280,250,30,50
APP_3342,OFC_507,Bhavnagar,Marriage Certificate,29,41.492883920284434,1349,1331,18,45
APP_3343,OFC_98,Mahbubnagar,Death Certificate,11,10.449231553954496,1357,1326,31,43
APP_3344,OFC_820,Darbhanga,Domicile Certificate,6,15.967383960286458,664,628,36,37
APP_3345,OFC_508,Thane,Death Certificate,8,45.91636581243631,380,368,12,54
APP_3346,OFC_473,Kolkata,Marriage Certificate,47,48.75101903138354,1370,1284,86,34
APP_3347,OFC_844,Leh,Caste Certificate,30,52.45022219254596,1256,1253,3,57
APP_3348,OFC_756,Durgapur,Death Certificate,49,14.279699909732184,5823,5775,48,57
APP_3349,OFC_60,Chennai,Death Certificate,26,51.162366126255264,852,802,50,58
APP_3350,OFC_554,Amritsar,Birth Certificate,42,37.46219948438549,1680,1639,41,37
APP_3351,OFC_846,Tiruchirapalli,Income Certificate,30,5.437831238107528,12366,12348,18,57
APP_3352,OFC_295,Shimla,Birth Certificate,6,43.94099766869528,191,176,15,35
APP_3353,OFC_875,Jamnagar,Caste Certificate,27,39.84352991001295,490,397,93,34
APP_3354,OFC_334,Amravati,Birth Certificate,15,28.249617749773478,884,872,12,42
APP_3355,OFC_896,Mumbai,Marriage Certificate,13,10.562260257396993,2438,2391,47,49
APP_3356,OFC_4,Nongpoh,Marriage Certificate,7,43.70365139540914,319,269,50,34
APP_3357,OFC_832,Hazaribagh,Marriage Certificate,47,54.83466521487858,1866,1844,22,55
APP_3358,OFC_787,Thoothukudi,Domicile Certificate,48,52.288848433593735,1098,1061,37,35
APP_3359,OFC_639,North Delhi,Caste Certificate,39,54.3568169616544,143,130,13,50
APP_3360,OFC_726,Shimoga,Death Certificate,19,33.152879165103435,740,645,95,55
APP_3361,OFC_697,Khammam,Marriage Certificate,40,40.02962060468949,2375,2366,9,51
APP_3362,OFC_729,Naharlagun,Income Certificate,44,30.988964820159712,2861,2812,49,45
APP_3363,OFC_499,Bikaner,Domicile Certificate,10,49.027145062732,218,210,8,35
APP_3364,OFC_788,Ranchi,Death Certificate,18,49.99429931491,401,358,43,40
APP_3365,OFC_904,South Delhi,Marriage Certificate,43,54.51664864483557,1858,1808,50,58
APP_3366,OFC_359,Medinipur,Death Certificate,31,27.132344661527476,1202,1183,19,44
APP_3367,OFC_501,Port Blair,Birth Certificate,27,6.46680622109027,5270,5189,81,57
APP_3368,OFC_227,Geyzing,Birth Certificate,45,16.526494118517352,2973,2962,11,35
APP_3369,OFC_501,Tura,Birth Certificate,11,32.5567302457428,142,141,1,34
APP_3370,OFC_142,Mandi,Marriage Certificate,46,40.39735519880367,850,806,44,44
APP_3371,OFC_702,Pathankot,Income Certificate,24,24.99149533767317,885,842,43,37
APP_3372,OFC_563,Hubli,Death Certificate,23,15.941156716876796,606,557,49,55
APP_3373,OFC_120,Dharmanagar,Domicile Certificate,34,9.81141100235154,4753,4686,67,59
APP_3374,OFC_785,Erode,Birth Certificate,15,23.86446135309468,1283,1194,89,57
APP_3375,OFC_212,Nainital,Marriage Certificate,45,16.417723836005248,2284,2238,46,30
APP_3376,OFC_81,Anand,Marriage Certificate,28,22.739181506467908,128,107,21,42
APP_3377,OFC_272,Agatti,Caste Certificate,9,39.9770501190384,670,646,24,55
APP_3378,OFC_367,Udaipur,Domicile Certificate,25,50.70077189462167,837,804,33,59
APP_3379,OFC_755,Meerut,Marriage Certificate,23,35.19731994522441,875,807,68,56
APP_3380,OFC_615,Deoghar,Marriage Certificate,39,5.569885089277847,20422,20371,51,56
APP_3381,OFC_784,Surat,Marriage Certificate,13,43.65546386066232,615,611,4,38
APP_3382,OFC_443,Kathua,Domicile Certificate,21,42.73527953709134,375,334,41,34
APP_3383,OFC_938,Gorakhpur,Marriage Certificate,12,14.668210891072844,1973,1916,57,45
APP_3384,OFC_974,Gandhinagar,Marriage Certificate,32,33.83683153960128,781,712,69,56
APP_3385,OFC_407,Belgaum,Domicile Certificate,20,52.71995680253277,229,159,70,59
APP_3386,OFC_301,Jammu,Marriage Certificate,6,44.74020525453416,169,155,14,32
APP_3387,OFC_576,Davanagere,Marriage Certificate,42,46.31465765383289,1939,1902,37,54
APP_3388,OFC_499,Asansol,Birth Certificate,16,56.93227278581766,354,268,86,56
APP_3389,OFC_907,Mangalore,Birth Certificate,24,20.435228603335805,2025,1994,31,49
APP_3390,OFC_286,Jamshedpur,Domicile Certificate,32,40.8302180217941,463,414,49,50
APP_3391,OFC_465,Udhampur,Death Certificate,15,42.60684261166561,573,520,53,58
APP_3392,OFC_570,Roorkee,Income Certificate,40,45.816124795128765,633,621,12,45
APP_3393,OFC_865,Adilabad,Death Certificate,30,48.02916443256772,1068,1004,64,44
APP_3394,OFC_828,Guwahati,Birth Certificate,36,48.585299590029855,1565,1525,40,51
APP_3395,OFC_477,Pasighat,Marriage Certificate,41,49.427268217042894,837,796,41,30
APP_3396,OFC_592,Aurangabad,Death Certificate,34,20.248367199893764,3094,3053,41,53
APP_3397,OFC_568,Panaji,Marriage Certificate,16,26.93485744226668,988,945,43,37
APP_3398,OFC_224,Satna,Caste Certificate,32,48.2267504825035,468,375,93,35
APP_3399,OFC_484,Madurai,Caste Certificate,35,46.92218949434263,123,104,19,39
APP_3400,OFC_501,Vasco da Gama,Caste Certificate,41,29.171302547396238,2002,1951,51,41
APP_3401,OFC_175,Dimapur,Caste Certificate,9,14.029477854691413,346,306,40,31
APP_3402,OFC_556,Delhi,Marriage Certificate,14,6.268766726582223,1313,1244,69,48
APP_3403,OFC_612,Rudrapur,Death Certificate,9,24.433886799942744,726,668,58,48
APP_3404,OFC_285,Indore,Death Certificate,8,33.01903868806441,365,339,26,54
APP_3405,OFC_99,Allahabad,Birth Certificate,13,8.160568290334584,2109,2022,87,51
APP_3406,OFC_710,Haldwani,Marriage Certificate,28,6.011785096384314,10065,10029,36,53
APP_3407,OFC_979,Patna,Income Certificate,24,52.70961817559751,925,881,44,45
APP_3408,OFC_107,Champhai,Marriage Certificate,7,16.429213097609207,463,438,25,34
APP_3409,OFC_404,Jorhat,Domicile Certificate,48,56.13839308358848,1235,1160,75,35
APP_3410,OFC_307,Itanagar,Domicile Certificate,25,16.393497406019733,2010,1974,36,31
APP_3411,OFC_568,Shillong,Death Certificate,23,25.672689810930272,715,624,91,42
APP_3412,OFC_254,Solan,Income Certificate,44,13.820003253012455,4075,4070,5,50
APP_3413,OFC_333,Jowai,Income Certificate,30,15.082859062462042,2643,2639,4,45
APP_3414,OFC_3,Namchi,Income Certificate,10,36.486245103953486,304,289,15,34
APP_3415,OFC_4,Bishnupur,Caste Certificate,47,33.84755695710828,1043,978,65,52
APP_3416,OFC_724,Rewa,Caste Certificate,24,12.2975978263815,5187,5160,27,59
APP_3417,OFC_669,Agra,Marriage Certificate,46,30.29148667823117,2023,1937,86,58
APP_3418,OFC_906,Bangalore,Death Certificate,48,42.93096802417587,1946,1941,5,55
APP_3419,OFC_816,Solapur,Income Certificate,25,17.65730096537215,854,772,82,56
APP_3420,OFC_818,Silchar,Income Certificate,48,44.39707606662142,1263,1176,87,32
APP_3421,OFC_293,Nashik,Birth Certificate,5,41.94378691762007,210,135,75,58
APP_3422,OFC_91,Mysore,Birth Certificate,10,16.89305144137955,795,716,79,36
APP_3423,OFC_464,Coimbatore,Marriage Certificate,11,35.78598531139942,595,578,17,42
APP_3424,OFC_949,Katihar,Birth Certificate,40,8.687169532861835,6835,6787,48,59
APP_3425,OFC_909,Bareilly,Death Certificate,6,48.10214670230216,134,64,70,30
APP_3426,OFC_493,Jodhpur,Death Certificate,9,36.40130816140909,323,287,36,42
APP_3427,OFC_455,Bokaro,Marriage Certificate,5,8.71229349145764,192,169,23,31
APP_3428,OFC_288,Jabalpur,Domicile Certificate,9,46.66960228116145,248,154,94,54
APP_3429,OFC_554,East Delhi,Domicile Certificate,26,44.06699562863064,156,114,42,32
APP_3430,OFC_354,Karimnagar,Domicile Certificate,37,31.20375755680009,1639,1607,32,52
APP_3431,OFC_455,Serchhip,Birth Certificate,11,13.345324520511491,1152,1067,85,38
APP_3432,OFC_378,Rangareddy,Death Certificate,13,46.13189445886694,439,419,20,39
APP_3433,OFC_149,Salem,Caste Certificate,29,20.476209315405008,748,696,52,31
APP_3434,OFC_47,Kavaratti,Marriage Certificate,30,13.85182471113735,2372,2315,57,34
APP_3435,OFC_424,Dispur,Death Certificate,5,15.037354516357514,651,638,13,50
APP_3436,OFC_445,Thoubal,Death Certificate,15,10.240973221458615,3765,3668,97,45
APP_3437,OFC_124,Chandigarh,Caste Certificate,38,37.41719872614006,884,879,5,33
APP_3438,OFC_879,Nagaon,Death Certificate,35,10.52112830337905,3490,3438,52,40
APP_3439,OFC_435,Udaipur (Tripura),Caste Certificate,40,22.786866699428813,3437,3379,58,53
APP_3440,OFC_197,Warangal,Caste Certificate,14,26.046620625920838,532,498,34,58
APP_3441,OFC_924,Muzaffarpur,Birth Certificate,15,24.34286765759973,1176,1092,84,35
APP_3442,OFC_794,Ujjain,Birth Certificate,28,30.408316125507707,1468,1440,28,35
APP_3443,OFC_205,Imphal,Caste Certificate,39,40.86136352771503,946,906,40,51
APP_3444,OFC_739,Patiala,Birth Certificate,8,28.81595038756953,616,549,67,39
APP_3445,OFC_556,Gwalior,Caste Certificate,43,13.924263463187842,1988,1952,36,52
APP_3446,OFC_98,Nizamabad,Death Certificate,42,18.52962237910871,4967,4897,70,47
APP_3447,OFC_297,Pune,Income Certificate,36,30.21058054652841,534,468,66,39
APP_3448,OFC_466,Tawang,Death Certificate,37,37.47839638377632,1196,1169,27,46
APP_3449,OFC_136,Kullu,Marriage Certificate,17,47.97891749790598,468,449,19,37
APP_3450,OFC_186,Mayabunder,Income Certificate,41,29.312126407189837,1313,1290,23,31
APP_3451,OFC_920,Lucknow,Birth Certificate,29,50.218027344448274,756,674,82,59
APP_3452,OFC_881,Tezpur,Income Certificate,32,54.950908670191005,1061,1052,9,37
APP_3453,OFC_355,Junagadh,Caste Certificate,7,8.649469507806511,2186,2098,88,46
APP_3454,OFC_492,Sagar,Marriage Certificate,13,28.235001365906346,1263,1191,72,49
APP_3455,OFC_715,Nagpur,Birth Certificate,37,46.67961377529012,1682,1631,51,47
APP_3456,OFC_460,Howrah,Income Certificate,31,56.24295354387002,893,795,98,57
APP_3457,OFC_526,Srinagar,Domicile Certificate,38,39.5150977976361,1270,1253,17,45
APP_3458,OFC_749,Malda,Domicile Certificate,20,52.52047759593643,831,780,51,45
APP_3459,OFC_937,Bhagalpur,Marriage Certificate,46,23.43048332277716,3058,3029,29,51
APP_3460,OFC_185,Gulbarga,Domicile Certificate,12,36.15442271856596,94,55,39,59
APP_3461,OFC_592,Begusarai,Birth Certificate,43,46.00712060020345,1168,1132,36,46
APP_3462,OFC_976,Dibrugarh,Death Certificate,32,11.770301594830771,1163,1162,1,47
APP_3463,OFC_571,Mokokchung,Birth Certificate,37,19.35328663898448,1338,1284,54,41
APP_3464,OFC_909,West Delhi,Caste Certificate,43,10.717398075814952,6305,6250,55,31
APP_3465,OFC_867,Kota,Birth Certificate,40,9.78525797536049,2338,2272,66,41
APP_3466,OFC_489,Vadodara,Birth Certificate,24,8.207361538837574,1322,1294,28,31
APP_3467,OFC_695,Rajkot,Death Certificate,46,35.69506222019322,1938,1911,27,45
APP_3468,OFC_854,Kailashahar,Death Certificate,15,59.72414643757591,319,258,61,46
APP_3469,OFC_410,Agartala,Income Certificate,39,23.48988045703913,1355,1297,58,47
APP_3470,OFC_557,Ludhiana,Birth Certificate,6,49.88520380413284,142,52,90,55
APP_3471,OFC_180,Giridih,Domicile Certificate,43,33.00540723052264,874,817,57,34
APP_3472,OFC_67,Sikar,Death Certificate,25,35.45060308768352,819,763,56,35
APP_3473,OFC_560,Kanpur,Birth Certificate,28,31.974323888570687,1737,1720,17,42
APP_3474,OFC_293,Kohima,Income Certificate,25,37.48287866476228,558,549,9,41
APP_3475,OFC_312,Ahmedabad,Marriage Certificate,7,17.974109723988548,840,769,71,36
APP_3476,OFC_363,Mangan,Domicile Certificate,30,27.477919129320124,1144,1068,76,39
APP_3477,OFC_690,Dehradun,Domicile Certificate,28,37.715404775811216,1570,1519,51,47
APP_3478,OFC_817,Churachandpur,Birth Certificate,35,53.83359848628814,1552,1471,81,54
APP_3479,OFC_164,Gaya,Income Certificate,13,7.362986604419971,4770,4760,10,51
APP_3480,OFC_131,Dhanbad,Caste Certificate,18,24.23104372952587,980,979,1,48
APP_3481,OFC_685,Lunglei,Marriage Certificate,18,34.71402822156723,178,155,23,57
APP_3482,OFC_245,Darjeeling,Marriage Certificate,19,20.993430336170505,1668,1660,8,47
APP_3483,OFC_443,Manali,Birth Certificate,38,12.948204704445306,4732,4683,49,34
APP_3484,OFC_872,Arrah,Domicile Certificate,9,43.7783150527856,335,335,0,49
APP_3485,OFC_676,Ramgarh,Caste Certificate,36,30.049697908892817,1240,1240,0,43
APP_3486,OFC_347,Ratlam,Death Certificate,31,35.34680300566673,1736,1668,68,40
APP_3487,OFC_668,Hyderabad,Domicile Certificate,21,43.374227901465375,1347,1273,74,48
APP_3488,OFC_786,Tumkur,Caste Certificate,10,37.13803862209625,269,222,47,37
APP_3489,OFC_930,Ghaziabad,Marriage Certificate,47,46.3671970723862,2915,2832,83,53
APP_3490,OFC_781,Amini,Caste Certificate,9,7.069944749671369,1842,1832,10,56
APP_3491,OFC_804,Alwar,Income Certificate,12,16.4611401234352,1506,1449,57,59
APP_3492,OFC_781,Bardhaman,Death Certificate,7,56.38757220237394,248,194,54,40
APP_3493,OFC_321,New Delhi,Caste Certificate,21,28.302286205951305,1362,1263,99,35
APP_3494,OFC_745,Tirunelveli,Caste Certificate,44,42.0687750078862,1465,1425,40,45
APP_3495,OFC_942,Bilaspur,Caste Certificate,44,58.29091804925612,722,676,46,39
APP_3496,OFC_216,Haridwar,Domicile Certificate,25,18.538935301763686,1048,959,89,48
APP_3497,OFC_419,Central Delhi,Death Certificate,36,14.965782961493993,1594,1550,44,43
APP_3498,OFC_504,Baramulla,Marriage Certificate,6,49.58005506376064,278,207,71,48
APP_3499,OFC_945,Margao,Death Certificate,26,19.19720952019133,2298,2275,23,52
APP_3500,OFC_602,Aizawl,Marriage Certificate,43,34.74220910299425,552,501,51,38
APP_3501,OFC_250,Gangtok,Income Certificate,15,34.88949271998847,1128,1062,66,56
APP_3502,OFC_362,Mapusa,Income Certificate,30,39.39978402074226,892,860,32,50
APP_3503,OFC_952,Mohali,Birth Certificate,33,56.57953334816427,355,271,84,54
APP_3504,OFC_781,Bathinda,Domicile Certificate,14,38.91992165535805,473,468,5,35
APP_3505,OFC_626,Jalandhar,Caste Certificate,48,13.800386988876824,4948,4947,1,35
APP_3506,OFC_760,Kashipur,Domicile Certificate,8,59.90901868512498,138,75,63,54
APP_3507,OFC_2,Vellore,Caste Certificate,5,12.7181254210899,341,249,92,40
APP_3508,OFC_641,Siliguri,Death Certificate,13,15.976245364165408,495,465,30,50
APP_3509,OFC_658,Ajmer,Death Certificate,10,24.93954429510812,310,268,42,39
APP_3510,OFC_695,Minicoy,Income Certificate,23,58.009641933436704,475,409,66,55
APP_3511,OFC_119,Dharamshala,Income Certificate,14,34.37308378825679,923,826,97,43
APP_3512,OFC_185,Varanasi,Income Certificate,12,23.57480531420358,596,585,11,59
APP_3513,OFC_587,Bhilwara,Income Certificate,18,39.02009156424302,1175,1082,93,57
APP_3514,OFC_136,Tuensang,Marriage Certificate,22,40.65265633541584,619,530,89,32
APP_3515,OFC_298,Havelock,Birth Certificate,11,12.512142287018968,2309,2286,23,56
APP_3516,OFC_662,Diglipur,Death Certificate,28,22.995875747055734,3004,2980,24,57
APP_3517,OFC_685,Anantnag,Death Certificate,9,12.043138647864303,545,525,20,31
APP_3518,OFC_603,Kolhapur,Income Certificate,21,27.908676608831406,974,941,33,56
APP_3519,OFC_371,Nanded,Marriage Certificate,8,42.07593812770873,124,64,60,38
APP_3520,OFC_828,Jaipur,Income Certificate,26,36.1630044020834,562,553,9,36
APP_3521,OFC_367,Purnia,Death Certificate,29,19.178333834407816,1134,1042,92,36
APP_3522,OFC_523,Bhopal,Caste Certificate,39,53.78641753842197,1559,1522,37,36
APP_3523,OFC_974,Bhavnagar,Income Certificate,39,46.38515778897934,1223,1139,84,33
APP_3524,OFC_140,Mahbubnagar,Marriage Certificate,17,21.239429677376076,438,370,68,34
APP_3525,OFC_493,Darbhanga,Death Certificate,13,14.382926818510304,1695,1654,41,49
APP_3526,OFC_123,Thane,Birth Certificate,23,47.704313062634746,482,407,75,32
APP_3527,OFC_750,Kolkata,Domicile Certificate,30,14.61512518243319,2588,2534,54,33
APP_3528,OFC_714,Leh,Death Certificate,9,24.826680951454737,561,514,47,41
APP_3529,OFC_507,Durgapur,Caste Certificate,12,44.79168751956967,311,300,11,46
APP_3530,OFC_850,Chennai,Income Certificate,24,46.28806322165252,514,457,57,37
APP_3531,OFC_52,Amritsar,Income Certificate,48,54.71043455185121,1171,1128,43,51
APP_3532,OFC_551,Tiruchirapalli,Income Certificate,13,49.00212123405088,411,324,87,44
APP_3533,OFC_967,Shimla,Birth Certificate,19,17.482779550288353,2574,2538,36,42
APP_3534,OFC_849,Jamnagar,Income Certificate,47,5.000304517165589,17902,17883,19,47
APP_3535,OFC_158,Amravati,Marriage Certificate,41,35.549033774174404,818,761,57,53
APP_3536,OFC_427,Mumbai,Death Certificate,9,42.10489441753542,389,340,49,33
APP_3537,OFC_597,Nongpoh,Death Certificate,5,20.573698959822167,182,172,10,31
APP_3538,OFC_405,Hazaribagh,Marriage Certificate,36,25.56538149702117,2907,2869,38,59
APP_3539,OFC_510,Thoothukudi,Marriage Certificate,9,8.11460681680268,2059,2058,1,58
APP_3540,OFC_541,North Delhi,Birth Certificate,48,45.31710175041196,1754,1697,57,55
APP_3541,OFC_990,Shimoga,Domicile Certificate,12,21.286510615336397,399,381,18,48
APP_3542,OFC_989,Khammam,Death Certificate,31,20.378412558726367,148,141,7,59
APP_3543,OFC_27,Naharlagun,Caste Certificate,38,33.1462625282879,1062,1006,56,46
APP_3544,OFC_607,Bikaner,Income Certificate,6,42.359774377475816,83,55,28,35
APP_3545,OFC_507,Ranchi,Birth Certificate,15,19.65184346871795,1540,1455,85,36
APP_3546,OFC_987,South Delhi,Death Certificate,26,52.044373145278655,781,724,57,45
APP_3547,OFC_819,Medinipur,Birth Certificate,25,59.164806454419,164,127,37,31
APP_3548,OFC_245,Port Blair,Caste Certificate,49,6.486605789289108,3197,3118,79,31
APP_3549,OFC_302,Geyzing,Death Certificate,32,19.437110517765213,1024,997,27,45
APP_3550,OFC_524,Tura,Domicile Certificate,44,37.253936194534965,1567,1537,30,59
APP_3551,OFC_201,Mandi,Domicile Certificate,45,15.706267249102334,3205,3184,21,31
APP_3552,OFC_456,Pathankot,Death Certificate,34,37.37808554398601,957,915,42,31
APP_3553,OFC_954,Hubli,Caste Certificate,24,18.18800607528932,2110,2079,31,56
APP_3554,OFC_597,Dharmanagar,Income Certificate,7,43.35250866630879,277,202,75,52
APP_3555,OFC_127,Erode,Marriage Certificate,29,48.36403742702316,622,620,2,44
APP_3556,OFC_55,Nainital,Marriage Certificate,45,26.25814422204305,3421,3404,17,50
APP_3557,OFC_257,Anand,Income Certificate,26,19.2952734147053,2593,2514,79,37
APP_3558,OFC_22,Agatti,Income Certificate,23,11.31152462545899,2822,2804,18,34
APP_3559,OFC_763,Udaipur,Marriage Certificate,10,5.077130230524726,1680,1642,38,37
APP_3560,OFC_900,Meerut,Marriage Certificate,49,12.375899727408042,6187,6094,93,51
APP_3561,OFC_276,Deoghar,Death Certificate,10,6.594542334964953,2225,2131,94,38
APP_3562,OFC_17,Surat,Income Certificate,45,7.46497879865246,10022,9990,32,45
APP_3563,OFC_409,Kathua,Income Certificate,41,17.745852221780815,1543,1462,81,35
APP_3564,OFC_688,Gorakhpur,Domicile Certificate,45,43.14784537838023,2049,2004,45,40
APP_3565,OFC_952,Gandhinagar,Birth Certificate,16,50.457590067720695,488,402,86,43
APP_3566,OFC_256,Belgaum,Income Certificate,7,55.444639368605294,210,153,57,40
APP_3567,OFC_437,Jammu,Death Certificate,25,45.05017161766037,743,715,28,32
APP_3568,OFC_952,Davanagere,Birth Certificate,13,31.704732992684043,464,396,68,43
APP_3569,OFC_47,Asansol,Domicile Certificate,23,37.682766888268425,904,878,26,36
APP_3570,OFC_673,Mangalore,Birth Certificate,42,58.79735951877038,1451,1368,83,45
APP_3571,OFC_813,Jamshedpur,Death Certificate,40,57.07605623756125,577,531,46,36
APP_3572,OFC_962,Udhampur,Income Certificate,47,32.3159827720941,868,850,18,33
APP_3573,OFC_496,Roorkee,Marriage Certificate,10,34.63122686490435,167,132,35,41
APP_3574,OFC_570,Adilabad,Death Certificate,23,48.6937289012962,967,869,98,43
APP_3575,OFC_149,Guwahati,Domicile Certificate,24,57.97739074806076,1029,974,55,52
APP_3576,OFC_138,Pasighat,Income Certificate,43,13.652323252648626,7004,6995,9,57
APP_3577,OFC_833,Aurangabad,Death Certificate,24,23.84705499693899,219,189,30,58
APP_3578,OFC_194,Panaji,Marriage Certificate,5,48.27290285382692,70,67,3,53
APP_3579,OFC_133,Satna,Domicile Certificate,14,31.99591707708408,243,225,18,37
APP_3580,OFC_30,Madurai,Death Certificate,30,18.895185843225285,1829,1767,62,47
APP_3581,OFC_234,Vasco da Gama,Birth Certificate,8,31.53936942494512,366,286,80,36
APP_3582,OFC_506,Dimapur,Income Certificate,49,26.466678975600544,3287,3231,56,56
APP_3583,OFC_868,Delhi,Marriage Certificate,8,56.32023172495568,434,395,39,58
APP_3584,OFC_633,Rudrapur,Income Certificate,45,18.43276328228608,1443,1436,7,32
APP_3585,OFC_941,Indore,Marriage Certificate,32,25.988653081997445,474,462,12,43
APP_3586,OFC_100,Allahabad,Caste Certificate,21,49.77149112164143,839,783,56,58
APP_3587,OFC_908,Haldwani,Marriage Certificate,35,49.65300609108579,1057,984,73,31
APP_3588,OFC_611,Patna,Birth Certificate,7,31.84989546510064,104,35,69,53
APP_3589,OFC_682,Champhai,Death Certificate,35,58.65323514016205,273,269,4,57
APP_3590,OFC_681,Jorhat,Caste Certificate,41,26.85466496320684,2649,2641,8,45
APP_3591,OFC_790,Itanagar,Domicile Certificate,15,8.303574441388674,2267,2246,21,55
APP_3592,OFC_908,Shillong,Caste Certificate,37,39.8629889468562,1127,1039,88,38
APP_3593,OFC_158,Solan,Marriage Certificate,47,46.52605589221841,935,852,83,55
APP_3594,OFC_787,Jowai,Income Certificate,27,22.65090259588408,515,416,99,54
APP_3595,OFC_555,Namchi,Marriage Certificate,21,33.45263638823312,643,558,85,51
APP_3596,OFC_265,Bishnupur,Marriage Certificate,16,9.722427684701714,2979,2889,90,34
APP_3597,OFC_370,Rewa,Income Certificate,14,30.58636737800068,443,400,43,46
APP_3598,OFC_181,Agra,Domicile Certificate,32,48.152311511717535,478,416,62,55
APP_3599,OFC_614,Bangalore,Death Certificate,32,39.54777273805015,785,736,49,38
APP_3600,OFC_546,Solapur,Income Certificate,31,16.26946893679134,2151,2112,39,47
APP_3601,OFC_668,Silchar,Death Certificate,36,46.00305754533559,2310,2304,6,55
APP_3602,OFC_185,Nashik,Marriage Certificate,5,26.898126596810428,206,110,96,51
APP_3603,OFC_9,Mysore,Marriage Certificate,23,36.74376796723344,226,214,12,43
APP_3604,OFC_742,Coimbatore,Domicile Certificate,41,9.077431300422798,5528,5485,43,40
APP_3605,OFC_599,Katihar,Domicile Certificate,46,57.94434531303555,989,982,7,36
APP_3606,OFC_899,Bareilly,Marriage Certificate,6,27.02494322791885,291,205,86,52
APP_3607,OFC_386,Jodhpur,Birth Certificate,6,22.748602890641465,441,411,30,34
APP_3608,OFC_331,Bokaro,Marriage Certificate,20,17.976893787073237,161,144,17,50
APP_3609,OFC_547,Jabalpur,Domicile Certificate,34,15.28314683350421,2892,2871,21,38
APP_3610,OFC_410,East Delhi,Income Certificate,40,51.24665812740519,1885,1802,83,40
APP_3611,OFC_785,Karimnagar,Income Certificate,22,9.12243393071184,3067,2994,73,37
APP_3612,OFC_376,Serchhip,Domicile Certificate,20,10.789314393431765,1218,1148,70,41
APP_3613,OFC_299,Rangareddy,Income Certificate,36,40.33565377836535,1763,1706,57,52
APP_3614,OFC_730,Salem,Domicile Certificate,38,59.419310440890776,339,294,45,34
APP_3615,OFC_778,Kavaratti,Death Certificate,10,28.30520150503648,1015,977,38,49
APP_3616,OFC_276,Dispur,Death Certificate,36,58.86522535486228,896,879,17,48
APP_3617,OFC_511,Thoubal,Marriage Certificate,17,48.181443579625885,313,311,2,30
APP_3618,OFC_796,Chandigarh,Death Certificate,48,42.440196956073976,1409,1405,4,43
APP_3619,OFC_10,Nagaon,Birth Certificate,31,15.138254093782992,3336,3309,27,30
APP_3620,OFC_933,Udaipur (Tripura),Death Certificate,7,48.324201734624864,191,165,26,51
APP_3621,OFC_471,Warangal,Birth Certificate,40,56.020517801399,1537,1458,79,45
APP_3622,OFC_178,Muzaffarpur,Caste Certificate,5,29.96640139125609,137,108,29,56
APP_3623,OFC_907,Ujjain,Birth Certificate,30,20.41108505995368,2319,2259,60,45
APP_3624,OFC_258,Imphal,Caste Certificate,48,54.8566161772916,1858,1801,57,53
APP_3625,OFC_650,Patiala,Death Certificate,40,47.6548069182553,1226,1203,23,54
APP_3626,OFC_440,Gwalior,Marriage Certificate,24,46.95810846737861,720,709,11,42
APP_3627,OFC_651,Nizamabad,Death Certificate,31,22.050761758303796,2720,2650,70,40
APP_3628,OFC_756,Pune,Domicile Certificate,16,57.45345583565479,79,27,52,37
APP_3629,OFC_109,Tawang,Domicile Certificate,38,59.827088082287936,1173,1080,93,46
APP_3630,OFC_520,Kullu,Caste Certificate,9,5.10973754035665,1969,1953,16,51
APP_3631,OFC_805,Mayabunder,Death Certificate,15,35.15096664733811,861,786,75,44
APP_3632,OFC_400,Lucknow,Income Certificate,42,51.26260004880167,980,921,59,37
APP_3633,OFC_704,Tezpur,Marriage Certificate,41,24.519730799108807,2289,2200,89,57
APP_3634,OFC_780,Junagadh,Income Certificate,8,45.34259255928754,289,252,37,58
APP_3635,OFC_626,Sagar,Caste Certificate,9,20.09668457024892,355,352,3,46
APP_3636,OFC_812,Nagpur,Domicile Certificate,12,58.00477034732723,327,267,60,49
APP_3637,OFC_586,Howrah,Income Certificate,10,45.76939898346994,311,227,84,36
APP_3638,OFC_27,Srinagar,Income Certificate,45,29.15884505129688,458,444,14,45
APP_3639,OFC_510,Malda,Income Certificate,29,17.210248305441965,729,659,70,41
APP_3640,OFC_53,Bhagalpur,Death Certificate,25,11.787514249080694,215,196,19,41
APP_3641,OFC_323,Gulbarga,Birth Certificate,24,45.87265544492551,452,375,77,41
APP_3642,OFC_751,Begusarai,Domicile Certificate,38,16.715879086897047,2429,2356,73,47
APP_3643,OFC_387,Dibrugarh,Marriage Certificate,25,26.045835926172547,1751,1739,12,39
APP_3644,OFC_960,Mokokchung,Caste Certificate,32,23.800920579868407,2772,2677,95,55
APP_3645,OFC_75,West Delhi,Domicile Certificate,25,42.87916333718682,1174,1082,92,46
APP_3646,OFC_671,Kota,Income Certificate,36,19.845517440205462,5053,4962,91,49
APP_3647,OFC_811,Vadodara,Marriage Certificate,35,32.07364555705496,1706,1666,40,34
APP_3648,OFC_506,Rajkot,Marriage Certificate,19,59.70453551781527,249,165,84,33
APP_3649,OFC_692,Kailashahar,Birth Certificate,14,15.302324155384309,1531,1505,26,55
APP_3650,OFC_298,Agartala,Marriage Certificate,20,38.65610390533755,812,761,51,51
APP_3651,OFC_480,Ludhiana,Income Certificate,34,18.262444472816085,1691,1673,18,46
APP_3652,OFC_144,Giridih,Income Certificate,7,11.156861709492992,866,844,22,52
APP_3653,OFC_150,Sikar,Income Certificate,20,53.07817783657868,681,646,35,47
APP_3654,OFC_404,Kanpur,Birth Certificate,41,58.1333317601461,551,454,97,30
APP_3655,OFC_620,Kohima,Birth Certificate,48,37.11245417207224,1156,1092,64,36
APP_3656,OFC_895,Ahmedabad,Birth Certificate,32,58.71162675379393,549,517,32,30
APP_3657,OFC_316,Mangan,Domicile Certificate,38,52.64158931009618,255,214,41,37
APP_3658,OFC_160,Dehradun,Income Certificate,23,18.69963021533053,3172,3082,90,57
APP_3659,OFC_423,Churachandpur,Income Certificate,31,6.190917117034516,8947,8851,96,54
APP_3660,OFC_787,Gaya,Income Certificate,31,52.58705454371341,1020,946,74,50
APP_3661,OFC_672,Dhanbad,Income Certificate,33,28.86573690227924,1811,1713,98,37
APP_3662,OFC_50,Lunglei,Marriage Certificate,34,24.91484099202812,1788,1693,95,45
APP_3663,OFC_423,Darjeeling,Death Certificate,11,59.9582319123442,229,213,16,41
APP_3664,OFC_248,Manali,Birth Certificate,17,41.28994443011268,656,633,23,52
APP_3665,OFC_791,Arrah,Death Certificate,5,44.34741001545726,150,127,23,31
APP_3666,OFC_491,Ramgarh,Income Certificate,43,41.36751273504767,1440,1365,75,57
APP_3667,OFC_834,Ratlam,Domicile Certificate,5,38.516594704287954,238,234,4,53
APP_3668,OFC_954,Hyderabad,Income Certificate,39,32.95323897780701,1079,990,89,40
APP_3669,OFC_254,Tumkur,Caste Certificate,47,36.3259507365704,636,617,19,41
APP_3670,OFC_367,Ghaziabad,Income Certificate,6,59.09229007513812,247,194,53,53
APP_3671,OFC_920,Amini,Death Certificate,37,40.10415150782908,1500,1492,8,59
APP_3672,OFC_82,Alwar,Income Certificate,48,54.962753130235015,615,518,97,33
APP_3673,OFC_348,Bardhaman,Birth Certificate,18,46.36023318026295,803,714,89,56
APP_3674,OFC_623,New Delhi,Caste Certificate,44,12.20383380400314,5865,5848,17,56
APP_3675,OFC_410,Tirunelveli,Income Certificate,7,12.508952022621337,743,733,10,35
APP_3676,OFC_930,Bilaspur,Domicile Certificate,5,41.15554753699642,231,140,91,46
APP_3677,OFC_769,Haridwar,Income Certificate,42,18.482503993874783,4244,4147,97,55
APP_3678,OFC_191,Central Delhi,Caste Certificate,22,31.27314253818604,783,684,99,38
APP_3679,OFC_511,Baramulla,Birth Certificate,26,44.50581184890504,700,679,21,53
APP_3680,OFC_37,Margao,Domicile Certificate,11,34.772400990312946,675,624,51,42
APP_3681,OFC_707,Aizawl,Birth Certificate,49,10.172429872560798,9498,9448,50,44
APP_3682,OFC_237,Gangtok,Marriage Certificate,19,53.63140032322017,411,409,2,39
APP_3683,OFC_974,Mapusa,Marriage Certificate,43,21.87301584056333,1990,1910,80,51
APP_3684,OFC_273,Mohali,Income Certificate,37,33.45008593715279,1336,1259,77,44
APP_3685,OFC_52,Bathinda,Marriage Certificate,45,52.00144937927888,1895,1871,24,38
APP_3686,OFC_502,Jalandhar,Marriage Certificate,47,53.70911453401099,402,346,56,35
APP_3687,OFC_96,Kashipur,Death Certificate,27,21.60725970280282,2853,2845,8,53
APP_3688,OFC_440,Vellore,Birth Certificate,26,12.045688780426524,2790,2742,48,46
APP_3689,OFC_149,Siliguri,Income Certificate,33,31.7619308929748,1893,1799,94,36
APP_3690,OFC_183,Ajmer,Income Certificate,13,59.74043338859847,289,245,44,59
APP_3691,OFC_450,Minicoy,Caste Certificate,39,50.437120207563154,669,587,82,31
APP_3692,OFC_870,Dharamshala,Death Certificate,19,29.05428877297753,1057,1036,21,45
APP_3693,OFC_65,Varanasi,Birth Certificate,19,23.3765598306641,1107,1049,58,43
APP_3694,OFC_378,Bhilwara,Income Certificate,43,6.4728766024007545,7685,7685,0,35
APP_3695,OFC_675,Tuensang,Death Certificate,17,28.81737588498343,904,875,29,32
APP_3696,OFC_221,Havelock,Death Certificate,48,37.63528414237711,1956,1881,75,58
APP_3697,OFC_228,Diglipur,Birth Certificate,48,40.41908828537687,1928,1907,21,51
APP_3698,OFC_26,Anantnag,Domicile Certificate,27,45.65819760560529,771,742,29,46
APP_3699,OFC_890,Kolhapur,Marriage Certificate,28,48.54260981890869,560,504,56,54
APP_3700,OFC_529,Nanded,Income Certificate,8,48.38239943486648,225,208,17,47
APP_3701,OFC_561,Jaipur,Marriage Certificate,38,24.492526185788293,1228,1196,32,51
APP_3702,OFC_464,Purnia,Domicile Certificate,16,11.17353041496928,1831,1759,72,33
APP_3703,OFC_740,Bhopal,Death Certificate,7,59.64097519416958,226,149,77,56
APP_3704,OFC_344,Bhavnagar,Caste Certificate,20,10.616243654463544,4027,3937,90,50
APP_3705,OFC_105,Mahbubnagar,Marriage Certificate,48,16.319671427688988,2472,2447,25,51
APP_3706,OFC_455,Darbhanga,Death Certificate,19,44.87289334944468,518,488,30,33
APP_3707,OFC_630,Thane,Domicile Certificate,6,59.82397366155479,310,256,54,56
APP_3708,OFC_502,Kolkata,Income Certificate,6,39.06152000610977,250,181,69,49
APP_3709,OFC_969,Leh,Death Certificate,45,35.63706583542765,2907,2831,76,47
APP_3710,OFC_109,Durgapur,Marriage Certificate,10,23.98108926938071,514,505,9,40
APP_3711,OFC_198,Chennai,Birth Certificate,20,47.213008590324925,1145,1096,49,57
APP_3712,OFC_701,Amritsar,Birth Certificate,7,43.16601698181935,314,308,6,58
APP_3713,OFC_448,Tiruchirapalli,Domicile Certificate,11,14.381314628689545,350,347,3,59
APP_3714,OFC_209,Shimla,Marriage Certificate,49,40.8700624764606,1576,1526,50,32
APP_3715,OFC_583,Jamnagar,Marriage Certificate,45,35.07718959323567,798,746,52,42
APP_3716,OFC_345,Amravati,Death Certificate,41,46.99605421144135,1271,1210,61,37
APP_3717,OFC_975,Mumbai,Caste Certificate,25,22.424077015503887,1635,1537,98,40
APP_3718,OFC_264,Nongpoh,Domicile Certificate,8,5.049982165319936,476,470,6,42
APP_3719,OFC_487,Hazaribagh,Marriage Certificate,19,31.603875589496912,730,666,64,55
APP_3720,OFC_17,Thoothukudi,Caste Certificate,6,9.264329202303877,1224,1215,9,57
APP_3721,OFC_378,North Delhi,Caste Certificate,7,20.24457698581535,320,232,88,55
APP_3722,OFC_600,Shimoga,Birth Certificate,45,27.404819452599877,2322,2269,53,45
APP_3723,OFC_685,Khammam,Income Certificate,40,8.376007000677541,8952,8895,57,40
APP_3724,OFC_767,Naharlagun,Death Certificate,21,14.562713382970884,2541,2521,20,58
APP_3725,OFC_46,Bikaner,Domicile Certificate,6,55.00715189761274,165,118,47,38
APP_3726,OFC_802,Ranchi,Death Certificate,25,37.52373483241741,1439,1365,74,54
APP_3727,OFC_115,South Delhi,Death Certificate,41,56.77917847234481,1474,1452,22,45
APP_3728,OFC_685,Medinipur,Caste Certificate,7,31.890199259865746,158,127,31,51
APP_3729,OFC_201,Port Blair,Birth Certificate,30,30.269062140386847,1689,1664,25,43
APP_3730,OFC_795,Geyzing,Caste Certificate,42,37.95383668873587,2812,2768,44,55
APP_3731,OFC_479,Tura,Caste Certificate,46,25.361933674181643,1868,1803,65,40
APP_3732,OFC_209,Mandi,Domicile Certificate,21,10.550983626566651,2355,2348,7,46
APP_3733,OFC_750,Pathankot,Death Certificate,20,55.380206852011874,444,364,80,49
APP_3734,OFC_984,Hubli,Marriage Certificate,25,57.49747468519031,461,436,25,34
APP_3735,OFC_14,Dharmanagar,Domicile Certificate,34,19.1646984067659,2800,2787,13,58
APP_3736,OFC_434,Erode,Death Certificate,46,8.089345293066604,7206,7195,11,43
APP_3737,OFC_638,Nainital,Death Certificate,5,28.12935464005569,387,365,22,39
APP_3738,OFC_466,Anand,Death Certificate,32,19.63212428065685,2743,2688,55,39
APP_3739,OFC_851,Agatti,Caste Certificate,14,49.4534379894818,455,425,30,37
APP_3740,OFC_792,Udaipur,Death Certificate,41,37.83997949168636,820,734,86,35
APP_3741,OFC_129,Meerut,Birth Certificate,48,53.94846917866619,2898,2843,55,59
APP_3742,OFC_991,Deoghar,Caste Certificate,43,39.86839429954111,935,930,5,50
APP_3743,OFC_197,Surat,Income Certificate,39,35.04833051736999,2079,2049,30,44
APP_3744,OFC_8,Kathua,Income Certificate,10,50.46446395422843,347,281,66,45
APP_3745,OFC_226,Gorakhpur,Domicile Certificate,17,10.562824714987372,256,222,34,53
APP_3746,OFC_609,Gandhinagar,Domicile Certificate,27,32.59718064312021,1014,960,54,38
APP_3747,OFC_387,Belgaum,Death Certificate,13,42.15547850554685,651,624,27,35
APP_3748,OFC_579,Jammu,Caste Certificate,34,16.90595096506161,2819,2786,33,50
APP_3749,OFC_376,Davanagere,Caste Certificate,39,8.336280080522286,12014,11989,25,51
APP_3750,OFC_544,Asansol,Caste Certificate,27,53.35586993818454,305,295,10,34
APP_3751,OFC_333,Mangalore,Death Certificate,36,40.5677150049211,1149,1113,36,36
APP_3752,OFC_127,Jamshedpur,Birth Certificate,28,40.40136978648756,632,575,57,55
APP_3753,OFC_492,Udhampur,Birth Certificate,8,32.77078792475076,229,174,55,45
APP_3754,OFC_583,Roorkee,Caste Certificate,16,59.57936317638854,371,369,2,34
APP_3755,OFC_225,Adilabad,Marriage Certificate,33,37.48040955688229,1218,1216,2,50
APP_3756,OFC_76,Guwahati,Caste Certificate,18,36.86470272877796,1130,1065,65,39
APP_3757,OFC_839,Pasighat,Domicile Certificate,13,19.305154242927067,1980,1964,16,57
APP_3758,OFC_365,Aurangabad,Income Certificate,25,59.13030372452809,159,104,55,55
APP_3759,OFC_565,Panaji,Income Certificate,45,10.255820514748809,11599,11543,56,52
APP_3760,OFC_513,Satna,Marriage Certificate,45,29.18200795329639,491,428,63,37
APP_3761,OFC_352,Madurai,Income Certificate,37,30.709337449545817,104,101,3,39
APP_3762,OFC_118,Vasco da Gama,Domicile Certificate,28,38.57548364326618,1110,1028,82,54
APP_3763,OFC_5,Dimapur,Birth Certificate,24,57.97334969330984,376,360,16,41
APP_3764,OFC_337,Delhi,Domicile Certificate,35,49.51917924994173,1426,1419,7,40
APP_3765,OFC_936,Rudrapur,Death Certificate,7,15.68605864411148,826,818,8,59
APP_3766,OFC_418,Indore,Domicile Certificate,43,50.37048135261735,1062,968,94,54
APP_3767,OFC_195,Allahabad,Caste Certificate,41,42.13971040264985,1356,1327,29,52
APP_3768,OFC_812,Haldwani,Death Certificate,36,13.838315129098952,1414,1337,77,30
APP_3769,OFC_851,Patna,Caste Certificate,29,41.3392112076512,695,617,78,35
APP_3770,OFC_257,Champhai,Death Certificate,34,32.138311258591,1582,1503,79,43
APP_3771,OFC_409,Jorhat,Domicile Certificate,10,56.8801855423301,210,111,99,51
APP_3772,OFC_520,Itanagar,Birth Certificate,18,58.065619755673126,588,556,32,46
APP_3773,OFC_28,Shillong,Marriage Certificate,33,6.875299632341399,13789,13722,67,52
APP_3774,OFC_13,Solan,Marriage Certificate,7,41.23270820388928,359,355,4,37
APP_3775,OFC_783,Jowai,Income Certificate,17,54.71960365267624,227,143,84,47
APP_3776,OFC_162,Namchi,Caste Certificate,34,14.452363612919251,2479,2442,37,43
APP_3777,OFC_410,Bishnupur,Domicile Certificate,43,36.08444279046012,1461,1436,25,41
APP_3778,OFC_76,Rewa,Marriage Certificate,33,38.1812793773109,2418,2405,13,56
APP_3779,OFC_534,Agra,Birth Certificate,15,31.142169721679437,669,576,93,49
APP_3780,OFC_862,Bangalore,Caste Certificate,34,45.0212025054762,924,891,33,47
APP_3781,OFC_869,Solapur,Marriage Certificate,19,57.76874549490401,530,441,89,48
APP_3782,OFC_444,Silchar,Death Certificate,37,26.05105339912787,1257,1171,86,33
APP_3783,OFC_435,Nashik,Caste Certificate,12,28.285840547230368,129,111,18,38
APP_3784,OFC_704,Mysore,Birth Certificate,20,41.44587436736692,933,841,92,31
APP_3785,OFC_603,Coimbatore,Domicile Certificate,39,40.16792822199684,489,440,49,49
APP_3786,OFC_70,Katihar,Marriage Certificate,15,56.66472118667334,353,255,98,34
APP_3787,OFC_391,Bareilly,Caste Certificate,18,13.372702621466384,2787,2771,16,53
APP_3788,OFC_635,Jodhpur,Marriage Certificate,44,55.011430942826586,1291,1194,97,55
APP_3789,OFC_358,Bokaro,Birth Certificate,20,40.948173752462765,1098,1081,17,53
APP_3790,OFC_865,Jabalpur,Marriage Certificate,13,15.65867914864142,1930,1863,67,57
APP_3791,OFC_806,East Delhi,Income Certificate,25,6.088029584413013,5490,5450,40,55
APP_3792,OFC_792,Karimnagar,Birth Certificate,24,16.6668601312617,958,953,5,31
APP_3793,OFC_539,Serchhip,Domicile Certificate,20,52.53099557260944,246,155,91,32
APP_3794,OFC_313,Rangareddy,Caste Certificate,45,10.355132242618582,5958,5922,36,35
APP_3795,OFC_681,Salem,Caste Certificate,32,53.493859755102015,674,596,78,36
APP_3796,OFC_108,Kavaratti,Income Certificate,10,18.50240425196081,683,637,46,48
APP_3797,OFC_656,Dispur,Domicile Certificate,8,15.7145884763459,627,559,68,42
APP_3798,OFC_922,Thoubal,Income Certificate,26,9.671061191640938,3959,3947,12,40
APP_3799,OFC_847,Chandigarh,Death Certificate,9,40.65186888332817,132,76,56,51
APP_3800,OFC_406,Nagaon,Income Certificate,37,13.264527636496044,5052,5047,5,55
APP_3801,OFC_991,Udaipur (Tripura),Income Certificate,18,38.5073474957926,1055,1006,49,57
APP_3802,OFC_37,Warangal,Domicile Certificate,49,35.64632508751269,2085,2015,70,32
APP_3803,OFC_707,Muzaffarpur,Marriage Certificate,27,13.85735490920002,473,471,2,30
APP_3804,OFC_804,Ujjain,Marriage Certificate,17,39.30674020996509,649,615,34,31
APP_3805,OFC_275,Imphal,Death Certificate,23,23.597794003721283,1698,1650,48,32
APP_3806,OFC_862,Patiala,Income Certificate,32,13.45977495033699,2200,2194,6,53
APP_3807,OFC_733,Gwalior,Income Certificate,30,56.01420723539669,190,190,0,36
APP_3808,OFC_931,Nizamabad,Domicile Certificate,16,56.62852440291614,399,323,76,53
APP_3809,OFC_588,Pune,Birth Certificate,31,18.59520117837496,317,284,33,59
APP_3810,OFC_287,Tawang,Death Certificate,18,11.713906641587352,2953,2941,12,34
APP_3811,OFC_226,Kullu,Caste Certificate,42,23.078357209870838,1010,1006,4,44
APP_3812,OFC_446,Mayabunder,Domicile Certificate,21,50.21243041896156,326,272,54,34
APP_3813,OFC_937,Lucknow,Death Certificate,32,14.54505206056134,1841,1746,95,53
APP_3814,OFC_698,Tezpur,Income Certificate,48,5.320826164221694,12267,12199,68,36
APP_3815,OFC_394,Junagadh,Caste Certificate,19,14.246913183704466,434,337,97,39
APP_3816,OFC_7,Sagar,Caste Certificate,28,13.262315935132156,1138,1041,97,30
APP_3817,OFC_957,Nagpur,Caste Certificate,46,28.04326462026309,1758,1702,56,52
APP_3818,OFC_788,Howrah,Domicile Certificate,29,13.035367144924344,1391,1300,91,55
APP_3819,OFC_983,Srinagar,Birth Certificate,23,27.80734213138693,1318,1292,26,50
APP_3820,OFC_799,Malda,Domicile Certificate,11,5.847302147343958,1351,1330,21,40
APP_3821,OFC_760,Bhagalpur,Marriage Certificate,6,36.71408493625724,266,185,81,32
APP_3822,OFC_676,Gulbarga,Death Certificate,43,47.53888188553065,1713,1699,14,34
APP_3823,OFC_350,Begusarai,Death Certificate,40,51.42177923638794,598,564,34,44
APP_3824,OFC_960,Dibrugarh,Income Certificate,32,22.6358827856584,426,356,70,42
APP_3825,OFC_652,Mokokchung,Death Certificate,34,28.188473385026874,1685,1658,27,51
APP_3826,OFC_931,West Delhi,Marriage Certificate,19,36.77232263187218,1373,1300,73,47
APP_3827,OFC_311,Kota,Caste Certificate,30,25.031503043966712,1758,1680,78,33
APP_3828,OFC_607,Vadodara,Caste Certificate,35,25.903741441977783,2284,2213,71,59
APP_3829,OFC_334,Rajkot,Marriage Certificate,42,33.50402016574926,587,526,61,51
APP_3830,OFC_296,Kailashahar,Birth Certificate,9,13.73735302788984,632,539,93,37
APP_3831,OFC_840,Agartala,Caste Certificate,41,34.02464407531991,1830,1751,79,42
APP_3832,OFC_527,Ludhiana,Income Certificate,5,19.063562157052115,488,391,97,57
APP_3833,OFC_506,Giridih,Domicile Certificate,6,45.31889254315183,367,312,55,49
APP_3834,OFC_151,Sikar,Domicile Certificate,33,24.620798397525046,1025,998,27,47
APP_3835,OFC_642,Kanpur,Caste Certificate,16,58.89642691022063,480,401,79,35
APP_3836,OFC_546,Kohima,Domicile Certificate,49,50.34131166674361,468,378,90,48
APP_3837,OFC_652,Ahmedabad,Birth Certificate,37,43.23297870844813,1354,1286,68,30
APP_3838,OFC_693,Mangan,Income Certificate,17,24.11271357755365,936,878,58,35
APP_3839,OFC_168,Dehradun,Income Certificate,8,23.297755203179435,308,261,47,47
APP_3840,OFC_262,Churachandpur,Birth Certificate,42,44.2976510685122,280,253,27,31
APP_3841,OFC_849,Gaya,Income Certificate,41,6.872251464525663,6338,6318,20,32
APP_3842,OFC_464,Dhanbad,Birth Certificate,37,27.2574090396283,1973,1966,7,47
APP_3843,OFC_292,Lunglei,Marriage Certificate,42,36.31982521181268,276,230,46,51
APP_3844,OFC_748,Darjeeling,Marriage Certificate,12,17.783654077106874,1462,1381,81,54
APP_3845,OFC_901,Manali,Marriage Certificate,36,29.76785234806625,1006,962,44,50
APP_3846,OFC_291,Arrah,Caste Certificate,34,13.895393619745173,3083,3025,58,46
APP_3847,OFC_886,Ramgarh,Marriage Certificate,47,12.782739426480894,7659,7595,64,40
APP_3848,OFC_972,Ratlam,Income Certificate,15,46.87412342854716,424,409,15,47
APP_3849,OFC_782,Hyderabad,Domicile Certificate,13,36.07199139362392,119,106,13,35
APP_3850,OFC_212,Tumkur,Birth Certificate,37,37.71019852447302,2451,2366,85,59
APP_3851,OFC_862,Ghaziabad,Caste Certificate,19,59.11603059853435,251,168,83,38
APP_3852,OFC_233,Amini,Income Certificate,38,16.457654866548253,3548,3469,79,40
APP_3853,OFC_432,Alwar,Marriage Certificate,12,14.907772824717169,1692,1677,15,55
APP_3854,OFC_401,Bardhaman,Marriage Certificate,35,58.53075484542251,582,497,85,41
APP_3855,OFC_143,New Delhi,Income Certificate,19,42.78288810376569,343,297,46,33
APP_3856,OFC_137,Tirunelveli,Death Certificate,35,56.20003276190758,947,849,98,32
APP_3857,OFC_694,Bilaspur,Marriage Certificate,43,42.985926966702,592,583,9,45
APP_3858,OFC_785,Haridwar,Domicile Certificate,26,6.572805872265189,2023,1970,53,40
APP_3859,OFC_269,Central Delhi,Marriage Certificate,8,15.972565120273185,661,652,9,48
APP_3860,OFC_813,Baramulla,Income Certificate,22,41.72476517478523,1344,1282,62,43
APP_3861,OFC_81,Margao,Birth Certificate,34,42.97396319996878,1430,1331,99,57
APP_3862,OFC_903,Aizawl,Income Certificate,12,31.17635804352716,486,427,59,59
APP_3863,OFC_675,Gangtok,Income Certificate,15,14.254990990252058,1160,1082,78,56
APP_3864,OFC_984,Mapusa,Death Certificate,32,11.220808695890517,1790,1721,69,40
APP_3865,OFC_983,Mohali,Marriage Certificate,9,17.58160389685937,1158,1121,37,38
APP_3866,OFC_491,Bathinda,Birth Certificate,47,40.044355470738125,562,473,89,31
APP_3867,OFC_932,Jalandhar,Birth Certificate,25,53.11940837592888,850,798,52,51
APP_3868,OFC_362,Kashipur,Death Certificate,36,29.406117651299496,2001,1925,76,56
APP_3869,OFC_679,Vellore,Marriage Certificate,32,13.360866673178744,4506,4493,13,40
APP_3870,OFC_764,Siliguri,Birth Certificate,40,34.2782111247284,2231,2187,44,50
APP_3871,OFC_930,Ajmer,Marriage Certificate,46,11.343390724389408,6665,6592,73,40
APP_3872,OFC_895,Minicoy,Death Certificate,5,26.01840659586501,341,293,48,30
APP_3873,OFC_515,Dharamshala,Domicile Certificate,16,10.198360423825044,2363,2357,6,44
APP_3874,OFC_956,Varanasi,Birth Certificate,15,40.76837706947597,886,842,44,48
APP_3875,OFC_961,Bhilwara,Income Certificate,13,45.51945286499271,1040,944,96,59
APP_3876,OFC_703,Tuensang,Death Certificate,9,59.455990256425046,177,95,82,31
APP_3877,OFC_331,Havelock,Domicile Certificate,17,36.246279955285296,800,710,90,34
APP_3878,OFC_576,Diglipur,Domicile Certificate,14,42.19916098363575,557,525,32,52
APP_3879,OFC_342,Anantnag,Marriage Certificate,47,36.67020100869632,3023,3000,23,55
APP_3880,OFC_195,Kolhapur,Death Certificate,22,37.75030682891413,788,692,96,46
APP_3881,OFC_360,Nanded,Birth Certificate,5,56.96129776331239,45,17,28,46
APP_3882,OFC_969,Jaipur,Domicile Certificate,39,51.47594880317621,456,416,40,34
APP_3883,OFC_769,Purnia,Caste Certificate,44,11.004171023293122,5201,5147,54,55
APP_3884,OFC_536,Bhopal,Caste Certificate,30,10.68782735231969,4614,4539,75,41
APP_3885,OFC_294,Bhavnagar,Caste Certificate,35,40.711122152633735,1403,1383,20,57
APP_3886,OFC_230,Mahbubnagar,Death Certificate,10,8.04900555366124,2832,2818,14,58
APP_3887,OFC_336,Darbhanga,Caste Certificate,44,30.0264460987783,4304,4297,7,52
APP_3888,OFC_78,Thane,Death Certificate,24,19.347112275145783,1831,1789,42,32
APP_3889,OFC_974,Kolkata,Death Certificate,13,55.30201920127937,409,359,50,32
APP_3890,OFC_325,Leh,Income Certificate,31,42.89580400990745,977,954,23,48
APP_3891,OFC_460,Durgapur,Death Certificate,31,58.02195006523878,1380,1353,27,54
APP_3892,OFC_581,Chennai,Income Certificate,36,35.52028899853752,942,911,31,44
APP_3893,OFC_599,Amritsar,Domicile Certificate,20,20.84133683278567,2252,2217,35,58
APP_3894,OFC_432,Tiruchirapalli,Domicile Certificate,46,49.21276096498845,2274,2197,77,53
APP_3895,OFC_567,Shimla,Marriage Certificate,38,45.574817614228685,324,294,30,31
APP_3896,OFC_315,Jamnagar,Income Certificate,37,52.384426605567214,2032,2024,8,56
APP_3897,OFC_415,Amravati,Domicile Certificate,23,47.12113883400365,154,90,64,53
APP_3898,OFC_749,Mumbai,Marriage Certificate,49,48.88960245952715,905,849,56,51
APP_3899,OFC_907,Nongpoh,Caste Certificate,13,26.671479691523675,789,694,95,33
APP_3900,OFC_510,Hazaribagh,Domicile Certificate,24,26.17041874394181,1559,1466,93,31
APP_3901,OFC_81,Thoothukudi,Domicile Certificate,25,30.1620063493386,1919,1835,84,54
APP_3902,OFC_40,North Delhi,Income Certificate,14,58.28999981902604,334,303,31,59
APP_3903,OFC_868,Shimoga,Caste Certificate,41,57.37134398385198,1063,1020,43,45
APP_3904,OFC_555,Khammam,Caste Certificate,6,56.016121301181,228,169,59,52
APP_3905,OFC_957,Naharlagun,Caste Certificate,30,31.97983109055699,1455,1384,71,41
APP_3906,OFC_319,Bikaner,Caste Certificate,25,52.48441164317119,309,280,29,39
APP_3907,OFC_86,Ranchi,Income Certificate,10,9.273827205198092,2760,2685,75,53
APP_3908,OFC_55,South Delhi,Death Certificate,7,14.76097310435227,517,495,22,57
APP_3909,OFC_373,Medinipur,Birth Certificate,9,22.939521024140504,501,481,20,51
APP_3910,OFC_276,Port Blair,Domicile Certificate,36,39.76305757557586,564,551,13,37
APP_3911,OFC_210,Geyzing,Domicile Certificate,44,18.41224842617572,2012,1958,54,30
APP_3912,OFC_408,Tura,Marriage Certificate,21,22.18701233077732,609,550,59,36
APP_3913,OFC_318,Mandi,Marriage Certificate,30,15.586970300405602,3400,3390,10,52
APP_3914,OFC_384,Pathankot,Death Certificate,42,25.00366117651419,2789,2691,98,33
APP_3915,OFC_659,Hubli,Marriage Certificate,28,20.23490540077301,2109,2086,23,36
APP_3916,OFC_335,Dharmanagar,Domicile Certificate,46,42.07887519826531,1781,1762,19,53
APP_3917,OFC_513,Erode,Birth Certificate,41,34.487450981735414,3027,3026,1,52
APP_3918,OFC_733,Nainital,Domicile Certificate,27,26.558340305760463,1457,1374,83,37
APP_3919,OFC_884,Anand,Marriage Certificate,45,16.75594797359511,3923,3857,66,49
APP_3920,OFC_898,Agatti,Death Certificate,44,30.57854386521382,2934,2908,26,48
APP_3921,OFC_471,Udaipur,Domicile Certificate,40,29.64912051798501,2262,2251,11,32
APP_3922,OFC_279,Meerut,Domicile Certificate,15,33.055476469692124,272,246,26,41
APP_3923,OFC_920,Deoghar,Death Certificate,27,33.94944301755844,700,694,6,33
APP_3924,OFC_479,Surat,Domicile Certificate,49,6.519556464596583,14280,14229,51,50
APP_3925,OFC_325,Kathua,Income Certificate,34,24.01100294289485,2439,2350,89,56
APP_3926,OFC_255,Gorakhpur,Domicile Certificate,38,40.1720971253014,1915,1847,68,33
APP_3927,OFC_53,Gandhinagar,Birth Certificate,13,41.66906737528127,350,270,80,44
APP_3928,OFC_849,Belgaum,Caste Certificate,39,23.60459959655536,5010,4998,12,57
APP_3929,OFC_674,Jammu,Marriage Certificate,7,35.766019570798605,303,218,85,37
APP_3930,OFC_411,Davanagere,Caste Certificate,26,21.93782246738746,174,122,52,36
APP_3931,OFC_31,Asansol,Income Certificate,33,8.073788673651585,1217,1198,19,38
APP_3932,OFC_915,Mangalore,Caste Certificate,10,44.09820026543191,500,419,81,55
APP_3933,OFC_292,Jamshedpur,Marriage Certificate,12,16.562423655339686,497,436,61,45
APP_3934,OFC_707,Udhampur,Caste Certificate,5,51.28255610391925,106,94,12,34
APP_3935,OFC_902,Roorkee,Marriage Certificate,33,8.695407728095597,9648,9590,58,54
APP_3936,OFC_741,Adilabad,Birth Certificate,27,52.78320047452731,966,887,79,43
APP_3937,OFC_37,Guwahati,Income Certificate,18,32.51409151556863,403,374,29,43
APP_3938,OFC_29,Pasighat,Marriage Certificate,36,36.52823642394765,884,857,27,41
APP_3939,OFC_440,Aurangabad,Caste Certificate,15,48.18842288560906,383,288,95,50
APP_3940,OFC_208,Panaji,Caste Certificate,14,22.761848551452324,564,541,23,30
APP_3941,OFC_33,Satna,Domicile Certificate,42,51.68476529519221,1389,1303,86,32
APP_3942,OFC_204,Madurai,Caste Certificate,32,42.64542242875272,1440,1349,91,48
APP_3943,OFC_268,Vasco da Gama,Income Certificate,14,18.376280190548695,119,86,33,30
APP_3944,OFC_351,Dimapur,Income Certificate,23,37.10946252346073,1607,1530,77,59
APP_3945,OFC_371,Delhi,Birth Certificate,7,6.529879757875337,1914,1877,37,55
APP_3946,OFC_784,Rudrapur,Domicile Certificate,5,58.33002504507191,285,188,97,59
APP_3947,OFC_486,Indore,Caste Certificate,22,41.16806291588316,662,625,37,59
APP_3948,OFC_251,Allahabad,Domicile Certificate,39,35.98497121470457,1816,1794,22,45
APP_3949,OFC_275,Haldwani,Income Certificate,35,37.05523505281651,191,135,56,45
APP_3950,OFC_21,Patna,Caste Certificate,5,48.92722764706983,191,120,71,39
APP_3951,OFC_716,Champhai,Death Certificate,40,45.406991303044734,1648,1603,45,49
APP_3952,OFC_394,Jorhat,Birth Certificate,28,5.466384656402933,3614,3590,24,36
APP_3953,OFC_563,Itanagar,Income Certificate,41,47.10512072953834,1179,1159,20,55
APP_3954,OFC_736,Shillong,Income Certificate,22,30.17032313710375,1835,1781,54,57
APP_3955,OFC_550,Solan,Death Certificate,12,53.390732286599146,310,240,70,32
APP_3956,OFC_127,Jowai,Birth Certificate,12,54.70293802979374,159,116,43,45
APP_3957,OFC_33,Namchi,Income Certificate,32,23.31569161240534,229,148,81,36
APP_3958,OFC_408,Bishnupur,Domicile Certificate,45,35.252720955188025,1549,1488,61,41
APP_3959,OFC_782,Rewa,Domicile Certificate,38,31.541457452222662,1826,1794,32,36
APP_3960,OFC_260,Agra,Marriage Certificate,36,48.93910976718634,1014,975,39,46
APP_3961,OFC_82,Bangalore,Birth Certificate,11,16.913857043392742,603,504,99,45
APP_3962,OFC_787,Solapur,Caste Certificate,41,27.411404648442577,2054,2008,46,41
APP_3963,OFC_509,Silchar,Marriage Certificate,36,33.753546198575215,795,712,83,34
APP_3964,OFC_658,Nashik,Income Certificate,12,50.05386980417749,372,307,65,39
APP_3965,OFC_901,Mysore,Death Certificate,35,50.37206893291543,567,565,2,32
APP_3966,OFC_535,Coimbatore,Domicile Certificate,13,20.47573833919533,788,745,43,30
APP_3967,OFC_557,Katihar,Death Certificate,5,59.12752266671681,177,149,28,49
APP_3968,OFC_541,Bareilly,Birth Certificate,41,29.891901919596656,1591,1570,21,34
APP_3969,OFC_874,Jodhpur,Income Certificate,7,36.81822524567013,548,492,56,53
APP_3970,OFC_885,Bokaro,Marriage Certificate,6,22.553495294331015,217,165,52,36
APP_3971,OFC_72,Jabalpur,Domicile Certificate,44,47.05596919109461,1836,1781,55,52
APP_3972,OFC_762,East Delhi,Caste Certificate,30,52.05517697709676,1165,1127,38,45
APP_3973,OFC_734,Karimnagar,Caste Certificate,21,6.3761620282826765,1976,1895,81,36
APP_3974,OFC_112,Serchhip,Income Certificate,27,23.48018246478788,638,611,27,38
APP_3975,OFC_952,Rangareddy,Birth Certificate,12,13.162051290844428,856,816,40,36
APP_3976,OFC_141,Salem,Caste Certificate,31,36.98875459009374,634,557,77,31
APP_3977,OFC_337,Kavaratti,Income Certificate,24,46.97649895802516,513,466,47,58
APP_3978,OFC_477,Dispur,Caste Certificate,5,17.423920810256313,168,99,69,50
APP_3979,OFC_495,Thoubal,Death Certificate,9,27.33888212623329,501,406,95,48
APP_3980,OFC_8,Chandigarh,Domicile Certificate,32,19.46094467974089,1789,1690,99,35
APP_3981,OFC_26,Nagaon,Birth Certificate,38,38.51212278455159,1481,1452,29,35
APP_3982,OFC_768,Udaipur (Tripura),Income Certificate,24,31.168625809491104,359,289,70,32
APP_3983,OFC_459,Warangal,Domicile Certificate,6,43.02277383121784,77,59,18,38
APP_3984,OFC_732,Muzaffarpur,Income Certificate,15,32.96027676533872,436,385,51,35
APP_3985,OFC_637,Ujjain,Domicile Certificate,13,11.780939646526544,2231,2217,14,38
APP_3986,OFC_873,Imphal,Marriage Certificate,47,11.144834593841429,10429,10401,28,50
APP_3987,OFC_265,Patiala,Marriage Certificate,26,31.62603891169981,1024,949,75,54
APP_3988,OFC_79,Gwalior,Death Certificate,42,56.2248697717525,637,546,91,43
APP_3989,OFC_790,Nizamabad,Death Certificate,39,59.155677797845456,1296,1285,11,55
APP_3990,OFC_428,Pune,Birth Certificate,47,13.02560524128636,615,576,39,41
APP_3991,OFC_972,Tawang,Caste Certificate,23,15.22444644297222,1473,1374,99,38
APP_3992,OFC_47,Kullu,Income Certificate,12,42.66521595031337,418,416,2,52
APP_3993,OFC_775,Mayabunder,Domicile Certificate,8,7.044136206435691,876,856,20,37
APP_3994,OFC_541,Lucknow,Caste Certificate,11,19.52561298765561,952,942,10,30
APP_3995,OFC_609,Tezpur,Birth Certificate,14,37.72918382779457,496,446,50,33
APP_3996,OFC_443,Junagadh,Marriage Certificate,21,50.59594236788004,779,692,87,38
APP_3997,OFC_225,Sagar,Death Certificate,46,23.602830577799672,1799,1766,33,35
APP_3998,OFC_465,Nagpur,Death Certificate,49,57.68897874964695,2020,1997,23,50
APP_3999,OFC_539,Howrah,Domicile Certificate,35,5.359399707860001,3580,3554,26,32
APP_4000,OFC_833,Srinagar,Death Certificate,35,46.96264380069443,1178,1081,97,42
APP_4001,OFC_159,Malda,Domicile Certificate,26,12.505930884383291,4717,4619,98,54
APP_4002,OFC_308,Bhagalpur,Marriage Certificate,6,40.22669774633947,261,256,5,57
APP_4003,OFC_920,Gulbarga,Birth Certificate,14,32.17586409776408,298,243,55,45
APP_4004,OFC_744,Begusarai,Death Certificate,34,21.84938317744272,500,445,55,48
APP_4005,OFC_662,Dibrugarh,Domicile Certificate,16,5.045999600656081,4879,4812,67,38
APP_4006,OFC_641,Mokokchung,Birth Certificate,9,51.69116256627375,293,290,3,30
APP_4007,OFC_435,West Delhi,Marriage Certificate,30,52.324766410700754,1557,1508,49,51
APP_4008,OFC_192,Kota,Income Certificate,29,39.97461897772186,133,120,13,39
APP_4009,OFC_517,Vadodara,Caste Certificate,48,58.29722994277817,794,737,57,30
APP_4010,OFC_749,Rajkot,Marriage Certificate,39,24.293214393562472,2927,2909,18,53
APP_4011,OFC_157,Kailashahar,Marriage Certificate,46,32.484985989155774,2010,1976,34,40
APP_4012,OFC_89,Agartala,Domicile Certificate,19,52.68129875132372,545,514,31,59
APP_4013,OFC_137,Ludhiana,Marriage Certificate,47,52.07062352803525,1220,1171,49,30
APP_4014,OFC_523,Giridih,Marriage Certificate,27,24.98847554206665,929,890,39,43
APP_4015,OFC_475,Sikar,Birth Certificate,28,54.65577198938443,1086,1047,39,56
APP_4016,OFC_399,Kanpur,Caste Certificate,37,42.6732090012413,1676,1664,12,54
APP_4017,OFC_922,Kohima,Caste Certificate,37,52.78998641458126,1714,1624,90,59
APP_4018,OFC_490,Ahmedabad,Marriage Certificate,25,14.836091332748246,297,275,22,32
APP_4019,OFC_944,Mangan,Marriage Certificate,33,32.23463877288384,1362,1285,77,49
APP_4020,OFC_212,Dehradun,Death Certificate,32,12.281702123427085,5147,5077,70,50
APP_4021,OFC_842,Churachandpur,Caste Certificate,44,17.87562377565125,1828,1818,10,39
APP_4022,OFC_547,Gaya,Income Certificate,21,50.480874226428845,831,743,88,35
APP_4023,OFC_45,Dhanbad,Marriage Certificate,48,5.718837518238072,17407,17374,33,58
APP_4024,OFC_880,Lunglei,Death Certificate,6,27.51626208162536,192,125,67,34
APP_4025,OFC_865,Darjeeling,Caste Certificate,28,29.17479069919988,659,630,29,56
APP_4026,OFC_70,Manali,Death Certificate,9,53.63040752898804,456,430,26,56
APP_4027,OFC_194,Arrah,Domicile Certificate,47,16.431052001949737,4597,4519,78,49
APP_4028,OFC_246,Ramgarh,Death Certificate,19,17.373341791032757,978,963,15,32
APP_4029,OFC_130,Ratlam,Domicile Certificate,20,16.223236315418575,1136,1045,91,30
APP_4030,OFC_752,Hyderabad,Domicile Certificate,48,41.010381493114274,1375,1309,66,33
APP_4031,OFC_608,Tumkur,Income Certificate,26,33.90578323456225,1290,1272,18,35
APP_4032,OFC_792,Ghaziabad,Birth Certificate,5,15.909998343204656,633,600,33,50
APP_4033,OFC_786,Amini,Income Certificate,8,27.93846157425001,795,698,97,57
APP_4034,OFC_833,Alwar,Birth Certificate,8,56.0625925721052,366,346,20,44
APP_4035,OFC_826,Bardhaman,Domicile Certificate,47,41.28432132131448,306,305,1,49
APP_4036,OFC_729,New Delhi,Caste Certificate,35,24.038258136101707,2372,2310,62,49
APP_4037,OFC_494,Tirunelveli,Marriage Certificate,15,8.891189893724555,2901,2830,71,52
APP_4038,OFC_927,Bilaspur,Caste Certificate,26,46.43958369293517,1619,1528,91,54
APP_4039,OFC_415,Haridwar,Domicile Certificate,31,8.272252201801031,6146,6113,33,57
APP_4040,OFC_280,Central Delhi,Income Certificate,47,56.2903917191602,1168,1141,27,53
APP_4041,OFC_748,Baramulla,Income Certificate,33,12.46840480336018,1349,1263,86,31
APP_4042,OFC_931,Margao,Death Certificate,21,13.875535339485271,1591,1509,82,39
APP_4043,OFC_10,Aizawl,Income Certificate,47,28.977148142217334,2802,2783,19,40
APP_4044,OFC_727,Gangtok,Death Certificate,33,42.2014724195943,374,344,30,32
APP_4045,OFC_616,Mapusa,Birth Certificate,15,46.08175767648322,100,75,25,45
APP_4046,OFC_941,Mohali,Death Certificate,17,9.44557833128456,2029,1982,47,57
APP_4047,OFC_589,Bathinda,Caste Certificate,47,51.015623124015264,2189,2169,20,50
APP_4048,OFC_251,Jalandhar,Domicile Certificate,49,49.90284612447002,1743,1663,80,54
APP_4049,OFC_975,Kashipur,Marriage Certificate,14,43.26952421955603,394,322,72,52
APP_4050,OFC_908,Vellore,Birth Certificate,9,47.38559536274904,314,279,35,52
APP_4051,OFC_827,Siliguri,Domicile Certificate,29,55.571394360949206,1379,1298,81,53
APP_4052,OFC_19,Ajmer,Marriage Certificate,41,29.97619774958445,575,482,93,53
APP_4053,OFC_919,Minicoy,Income Certificate,16,16.231848520832923,1101,1011,90,49
APP_4054,OFC_17,Dharamshala,Income Certificate,23,23.56258680801434,2013,1957,56,55
APP_4055,OFC_400,Varanasi,Birth Certificate,36,27.53599826500166,3918,3837,81,55
APP_4056,OFC_850,Bhilwara,Birth Certificate,32,49.89088944453926,669,614,55,34
APP_4057,OFC_433,Tuensang,Birth Certificate,27,43.305195051029735,384,318,66,43
APP_4058,OFC_323,Havelock,Marriage Certificate,46,29.702763582734523,3308,3296,12,38
APP_4059,OFC_821,Diglipur,Birth Certificate,26,25.94541882677913,805,745,60,30
APP_4060,OFC_606,Anantnag,Domicile Certificate,44,35.13663973649555,1770,1717,53,54
APP_4061,OFC_146,Kolhapur,Marriage Certificate,14,55.998945650209656,699,619,80,57
APP_4062,OFC_988,Nanded,Caste Certificate,8,44.42297369958809,117,92,25,32
APP_4063,OFC_324,Jaipur,Income Certificate,37,32.146691058145734,1547,1481,66,35
APP_4064,OFC_588,Purnia,Caste Certificate,45,54.709193389306975,1451,1419,32,46
APP_4065,OFC_489,Bhopal,Death Certificate,30,48.302067321327925,328,318,10,35
APP_4066,OFC_771,Bhavnagar,Marriage Certificate,42,53.456120154553126,1353,1265,88,52
APP_4067,OFC_342,Mahbubnagar,Caste Certificate,48,57.47189687802463,1292,1212,80,35
APP_4068,OFC_609,Darbhanga,Birth Certificate,40,34.04258098209967,1272,1194,78,59
APP_4069,OFC_345,Thane,Marriage Certificate,15,29.785562524097465,522,450,72,51
APP_4070,OFC_977,Kolkata,Death Certificate,21,35.9561899354805,1337,1241,96,59
APP_4071,OFC_199,Leh,Caste Certificate,33,34.83777107703666,809,736,73,32
APP_4072,OFC_403,Durgapur,Marriage Certificate,36,58.440439460814005,422,389,33,30
APP_4073,OFC_769,Chennai,Marriage Certificate,31,33.061180014306856,1769,1721,48,52
APP_4074,OFC_87,Amritsar,Death Certificate,38,32.09599670305725,1532,1496,36,55
APP_4075,OFC_864,Tiruchirapalli,Caste Certificate,34,59.47580722744669,1132,1129,3,42
APP_4076,OFC_533,Shimla,Birth Certificate,27,55.24174626513185,1565,1486,79,59
APP_4077,OFC_955,Jamnagar,Domicile Certificate,18,30.468861959185137,864,779,85,55
APP_4078,OFC_104,Amravati,Income Certificate,32,19.09356709529761,2368,2308,60,57
APP_4079,OFC_229,Mumbai,Birth Certificate,6,9.663792399801542,524,429,95,39
APP_4080,OFC_537,Nongpoh,Death Certificate,46,43.92725664435426,1278,1258,20,43
APP_4081,OFC_14,Hazaribagh,Caste Certificate,27,50.659155281291454,608,514,94,37
APP_4082,OFC_527,Thoothukudi,Marriage Certificate,31,21.005551617602585,3320,3277,43,48
APP_4083,OFC_606,North Delhi,Marriage Certificate,8,49.87139365852037,240,229,11,35
APP_4084,OFC_666,Shimoga,Domicile Certificate,36,33.50542020375458,1286,1236,50,31
APP_4085,OFC_742,Khammam,Domicile Certificate,18,16.1488893748013,1574,1513,61,57
APP_4086,OFC_265,Naharlagun,Death Certificate,44,5.224378376717257,11851,11775,76,42
APP_4087,OFC_257,Bikaner,Income Certificate,15,39.78785255095453,573,532,41,35
APP_4088,OFC_284,Ranchi,Domicile Certificate,25,53.85613136305245,510,505,5,34
APP_4089,OFC_137,South Delhi,Income Certificate,9,22.77310588736889,456,441,15,52
APP_4090,OFC_950,Medinipur,Income Certificate,27,43.2380049834745,1028,990,38,46
APP_4091,OFC_630,Port Blair,Birth Certificate,49,55.3922451197851,1071,1011,60,54
APP_4092,OFC_588,Geyzing,Domicile Certificate,31,37.398593606362574,1964,1942,22,51
APP_4093,OFC_370,Tura,Domicile Certificate,33,9.587183423161395,5206,5196,10,37
APP_4094,OFC_581,Mandi,Marriage Certificate,40,27.166821797450574,1879,1799,80,48
APP_4095,OFC_155,Pathankot,Death Certificate,25,51.45343268737872,709,690,19,43
APP_4096,OFC_572,Hubli,Death Certificate,18,45.511279911251854,409,330,79,42
APP_4097,OFC_559,Dharmanagar,Income Certificate,28,41.201219455176215,204,114,90,40
APP_4098,OFC_496,Erode,Birth Certificate,37,13.881900790937504,955,953,2,36
APP_4099,OFC_879,Nainital,Death Certificate,31,37.64695448701025,1016,992,24,57
APP_4100,OFC_224,Anand,Marriage Certificate,36,35.13650838889531,1878,1871,7,38
APP_4101,OFC_714,Agatti,Marriage Certificate,24,6.782350023444533,5913,5912,1,30
APP_4102,OFC_889,Udaipur,Birth Certificate,36,7.90129831091771,9031,8937,94,48
APP_4103,OFC_533,Meerut,Marriage Certificate,18,15.936677630038403,2017,1937,80,40
APP_4104,OFC_702,Deoghar,Marriage Certificate,25,17.470719278778574,1876,1868,8,32
APP_4105,OFC_44,Surat,Marriage Certificate,48,23.23521890473518,3606,3545,61,33
APP_4106,OFC_915,Kathua,Death Certificate,5,17.96605559955506,641,632,9,49
APP_4107,OFC_897,Gorakhpur,Domicile Certificate,16,13.478400402557304,530,469,61,48
APP_4108,OFC_650,Gandhinagar,Death Certificate,35,12.313070085555488,1445,1400,45,46
APP_4109,OFC_945,Belgaum,Income Certificate,48,24.85584719886472,4050,3956,94,42
APP_4110,OFC_303,Jammu,Death Certificate,8,38.599016007782346,339,287,52,58
APP_4111,OFC_815,Davanagere,Marriage Certificate,11,31.495344034070957,613,585,28,33
APP_4112,OFC_585,Asansol,Domicile Certificate,47,38.69296879631729,1031,990,41,34
APP_4113,OFC_638,Mangalore,Domicile Certificate,17,14.423805133750134,1775,1764,11,48
APP_4114,OFC_744,Jamshedpur,Income Certificate,46,55.64204857981155,336,281,55,31
APP_4115,OFC_170,Udhampur,Domicile Certificate,33,56.51976427953048,391,370,21,49
APP_4116,OFC_24,Roorkee,Marriage Certificate,33,52.612063529494456,770,704,66,50
APP_4117,OFC_377,Adilabad,Domicile Certificate,19,40.76709245425723,185,142,43,56
APP_4118,OFC_698,Guwahati,Income Certificate,35,41.40102606934072,2295,2243,52,57
APP_4119,OFC_863,Pasighat,Birth Certificate,24,57.82835680759885,323,292,31,42
APP_4120,OFC_75,Aurangabad,Birth Certificate,36,33.45914892710581,1057,969,88,50
APP_4121,OFC_501,Panaji,Death Certificate,23,46.56390321202152,1177,1118,59,56
APP_4122,OFC_149,Satna,Caste Certificate,16,43.8989757787279,880,801,79,46
APP_4123,OFC_702,Madurai,Domicile Certificate,13,25.504768455657175,1269,1247,22,45
APP_4124,OFC_57,Vasco da Gama,Domicile Certificate,19,48.332533760876856,567,510,57,49
APP_4125,OFC_287,Dimapur,Death Certificate,42,24.67636276800457,2529,2445,84,52
APP_4126,OFC_572,Delhi,Birth Certificate,45,5.951144300885502,11212,11150,62,33
APP_4127,OFC_209,Rudrapur,Income Certificate,21,27.445341176280287,727,673,54,44
APP_4128,OFC_599,Indore,Income Certificate,12,6.11803450800744,3449,3352,97,47
APP_4129,OFC_995,Allahabad,Death Certificate,32,21.24545319424471,1429,1374,55,30
APP_4130,OFC_334,Haldwani,Caste Certificate,39,52.259809851916216,1289,1249,40,40
APP_4131,OFC_537,Patna,Birth Certificate,33,58.46453334387933,546,468,78,53
APP_4132,OFC_702,Champhai,Death Certificate,34,28.18279275239181,1524,1449,75,49
APP_4133,OFC_187,Jorhat,Domicile Certificate,11,9.597930514758175,1711,1702,9,37
APP_4134,OFC_962,Itanagar,Domicile Certificate,5,12.943884308975171,457,397,60,45
APP_4135,OFC_88,Shillong,Caste Certificate,34,28.72624040174285,287,284,3,57
APP_4136,OFC_753,Solan,Death Certificate,16,41.17559719257384,459,437,22,58
APP_4137,OFC_800,Jowai,Marriage Certificate,28,38.29857625688364,491,406,85,48
APP_4138,OFC_144,Namchi,Death Certificate,15,23.158119285706903,484,403,81,35
APP_4139,OFC_160,Bishnupur,Death Certificate,46,51.53591310979743,2097,2068,29,57
APP_4140,OFC_943,Rewa,Marriage Certificate,38,46.428420646990574,477,443,34,39
APP_4141,OFC_786,Agra,Death Certificate,39,11.148876350125205,6422,6399,23,55
APP_4142,OFC_518,Bangalore,Income Certificate,8,13.703817427689383,1040,965,75,33
APP_4143,OFC_101,Solapur,Income Certificate,38,42.68397171774952,404,336,68,35
APP_4144,OFC_575,Silchar,Marriage Certificate,49,26.08840551612962,2577,2505,72,48
APP_4145,OFC_145,Nashik,Caste Certificate,45,12.371061266016731,6364,6363,1,52
APP_4146,OFC_261,Mysore,Domicile Certificate,47,32.256295619880206,1986,1969,17,47
APP_4147,OFC_145,Coimbatore,Marriage Certificate,43,6.48107558218272,5242,5200,42,44
APP_4148,OFC_115,Katihar,Death Certificate,20,51.53616280428982,232,203,29,49
APP_4149,OFC_95,Bareilly,Birth Certificate,35,56.61696883024254,1424,1419,5,54
APP_4150,OFC_673,Jodhpur,Income Certificate,49,50.810408587955415,1436,1373,63,53
APP_4151,OFC_971,Bokaro,Caste Certificate,10,56.042807039685215,135,38,97,41
APP_4152,OFC_976,Jabalpur,Birth Certificate,20,19.412485326666925,1791,1746,45,33
APP_4153,OFC_145,East Delhi,Birth Certificate,16,24.589984654260828,1533,1452,81,52
APP_4154,OFC_428,Karimnagar,Marriage Certificate,35,57.57196069820435,688,683,5,50
APP_4155,OFC_175,Serchhip,Income Certificate,40,57.43172420177582,1109,1014,95,54
APP_4156,OFC_234,Rangareddy,Birth Certificate,42,58.42501219739891,409,370,39,34
APP_4157,OFC_569,Salem,Death Certificate,41,29.70890015284825,835,831,4,46
APP_4158,OFC_661,Kavaratti,Birth Certificate,39,31.939939832680253,1458,1439,19,44
APP_4159,OFC_189,Dispur,Caste Certificate,45,20.17285923050788,3705,3674,31,44
APP_4160,OFC_585,Thoubal,Domicile Certificate,38,53.03327363579627,913,819,94,44
APP_4161,OFC_445,Chandigarh,Death Certificate,45,39.65406613329276,715,644,71,40
APP_4162,OFC_234,Nagaon,Marriage Certificate,23,58.17490342118813,769,725,44,53
APP_4163,OFC_691,Udaipur (Tripura),Income Certificate,6,46.31343524952043,214,117,97,30
APP_4164,OFC_956,Warangal,Birth Certificate,29,51.87808594671353,168,151,17,44
APP_4165,OFC_190,Muzaffarpur,Marriage Certificate,22,11.83465743748062,4089,4037,52,51
APP_4166,OFC_914,Ujjain,Marriage Certificate,27,37.6396324500373,1417,1388,29,45
APP_4167,OFC_938,Imphal,Death Certificate,22,36.16268486310065,857,789,68,47
APP_4168,OFC_831,Patiala,Birth Certificate,45,30.845436314253657,711,667,44,55
APP_4169,OFC_660,Gwalior,Death Certificate,40,46.72457228319984,796,761,35,51
APP_4170,OFC_895,Nizamabad,Caste Certificate,27,18.632864903392655,1688,1604,84,41
APP_4171,OFC_113,Pune,Caste Certificate,25,18.755789703918342,1858,1834,24,32
APP_4172,OFC_258,Tawang,Domicile Certificate,5,21.27395326908972,386,293,93,56
APP_4173,OFC_736,Kullu,Marriage Certificate,14,41.47192455802495,424,419,5,40
APP_4174,OFC_197,Mayabunder,Domicile Certificate,10,40.84313543226034,226,173,53,35
APP_4175,OFC_935,Lucknow,Caste Certificate,5,20.31973496710153,612,523,89,48
APP_4176,OFC_833,Tezpur,Death Certificate,17,13.267383801764849,3305,3280,25,58
APP_4177,OFC_653,Junagadh,Domicile Certificate,44,10.36102649720831,9572,9570,2,49
APP_4178,OFC_594,Sagar,Domicile Certificate,12,7.337624850742545,2486,2454,32,51
APP_4179,OFC_484,Nagpur,Caste Certificate,49,40.81992719937663,3511,3487,24,55
APP_4180,OFC_564,Howrah,Income Certificate,37,24.268279271338347,1960,1890,70,38
APP_4181,OFC_545,Srinagar,Death Certificate,20,17.27632142018853,2259,2250,9,37
APP_4182,OFC_126,Malda,Death Certificate,21,56.33806213949688,260,229,31,31
APP_4183,OFC_866,Bhagalpur,Caste Certificate,25,37.85454866819264,1105,1073,32,40
APP_4184,OFC_694,Gulbarga,Income Certificate,45,46.03509124735002,1286,1228,58,57
APP_4185,OFC_280,Begusarai,Domicile Certificate,7,33.20914020793982,103,41,62,43
APP_4186,OFC_89,Dibrugarh,Death Certificate,23,52.94108981776333,497,426,71,42
APP_4187,OFC_647,Mokokchung,Death Certificate,7,7.187855856874512,1874,1786,88,47
APP_4188,OFC_358,West Delhi,Death Certificate,25,57.25251866647767,505,492,13,37
APP_4189,OFC_231,Kota,Domicile Certificate,24,11.468180284269014,2030,1979,51,59
APP_4190,OFC_647,Vadodara,Income Certificate,10,16.20093339007216,528,442,86,31
APP_4191,OFC_143,Rajkot,Marriage Certificate,15,48.311231041837374,322,283,39,42
APP_4192,OFC_706,Kailashahar,Income Certificate,24,59.75143288569674,961,869,92,59
APP_4193,OFC_908,Agartala,Caste Certificate,14,51.56478391113177,376,351,25,31
APP_4194,OFC_259,Ludhiana,Birth Certificate,6,50.03979424099255,182,166,16,51
APP_4195,OFC_654,Giridih,Income Certificate,20,33.44161016132847,574,541,33,53
APP_4196,OFC_902,Sikar,Caste Certificate,34,11.662068438983168,4125,4059,66,44
APP_4197,OFC_1,Kanpur,Birth Certificate,9,31.04054756074025,609,526,83,39
APP_4198,OFC_227,Kohima,Caste Certificate,11,42.56374790167565,537,477,60,47
APP_4199,OFC_283,Ahmedabad,Birth Certificate,39,54.11829518398315,358,307,51,33
APP_4200,OFC_683,Mangan,Income Certificate,18,5.790021363670593,5526,5508,18,50
APP_4201,OFC_484,Dehradun,Domicile Certificate,28,29.70478348628944,1049,955,94,30
APP_4202,OFC_682,Churachandpur,Death Certificate,33,58.34586645510211,1085,1017,68,43
APP_4203,OFC_954,Gaya,Caste Certificate,23,45.710693052128974,1069,972,97,57
APP_4204,OFC_149,Dhanbad,Birth Certificate,9,58.42585683919058,146,127,19,32
APP_4205,OFC_25,Lunglei,Birth Certificate,21,58.40201767288959,335,311,24,39
APP_4206,OFC_374,Darjeeling,Death Certificate,37,47.49868049004781,370,305,65,48
APP_4207,OFC_920,Manali,Caste Certificate,38,21.954918715270267,3642,3590,52,59
APP_4208,OFC_87,Arrah,Birth Certificate,36,40.649428054972816,1821,1778,43,59
APP_4209,OFC_150,Ramgarh,Birth Certificate,24,27.646038041042303,2420,2399,21,51
APP_4210,OFC_514,Ratlam,Birth Certificate,32,52.74525078566774,1601,1548,53,56
APP_4211,OFC_648,Hyderabad,Domicile Certificate,23,47.95154939889902,398,398,0,34
APP_4212,OFC_643,Tumkur,Caste Certificate,14,18.758318377729125,1655,1561,94,46
APP_4213,OFC_56,Ghaziabad,Income Certificate,48,11.100227552473832,2724,2646,78,32
APP_4214,OFC_169,Amini,Marriage Certificate,19,52.70029645696552,656,598,58,37
APP_4215,OFC_51,Alwar,Income Certificate,11,16.333242615960565,252,198,54,34
APP_4216,OFC_586,Bardhaman,Domicile Certificate,44,55.641011031822025,629,612,17,43
APP_4217,OFC_865,New Delhi,Income Certificate,18,17.733107444465727,2037,1994,43,59
APP_4218,OFC_419,Tirunelveli,Domicile Certificate,9,51.404782003274725,372,294,78,55
APP_4219,OFC_232,Bilaspur,Income Certificate,26,21.472814544970102,1681,1665,16,55
APP_4220,OFC_250,Haridwar,Caste Certificate,49,5.803236669342501,13755,13699,56,41
APP_4221,OFC_405,Central Delhi,Birth Certificate,29,47.02940646600265,776,770,6,36
APP_4222,OFC_438,Baramulla,Birth Certificate,42,12.191756018475584,5122,5068,54,36
APP_4223,OFC_68,Margao,Caste Certificate,41,58.86024973697366,640,596,44,46
APP_4224,OFC_280,Aizawl,Birth Certificate,25,22.30552206641012,1327,1263,64,31
APP_4225,OFC_708,Gangtok,Caste Certificate,49,49.56590766380192,186,186,0,37
APP_4226,OFC_672,Mapusa,Birth Certificate,18,28.94518131433213,669,646,23,30
APP_4227,OFC_758,Mohali,Marriage Certificate,38,17.212893999603132,1139,1128,11,30
APP_4228,OFC_966,Bathinda,Death Certificate,24,42.35937274598912,1779,1693,86,53
APP_4229,OFC_216,Jalandhar,Birth Certificate,7,21.751899882961947,796,723,73,48
APP_4230,OFC_758,Kashipur,Birth Certificate,5,32.58508906689885,214,168,46,40
APP_4231,OFC_502,Vellore,Marriage Certificate,35,52.09114796964616,799,796,3,38
APP_4232,OFC_363,Siliguri,Caste Certificate,47,9.759115426877871,6292,6233,59,50
APP_4233,OFC_759,Ajmer,Marriage Certificate,30,6.171185812328785,4886,4886,0,33
APP_4234,OFC_685,Minicoy,Death Certificate,34,31.466005286318826,1662,1616,46,56
APP_4235,OFC_676,Dharamshala,Death Certificate,26,47.437524516361776,458,420,38,37
APP_4236,OFC_513,Varanasi,Death Certificate,15,41.95464750910542,667,602,65,39
APP_4237,OFC_894,Bhilwara,Birth Certificate,14,30.527165357059065,1086,1001,85,59
APP_4238,OFC_416,Tuensang,Birth Certificate,30,58.09432834305256,807,732,75,39
APP_4239,OFC_503,Havelock,Caste Certificate,49,45.67835931206285,1892,1887,5,40
APP_4240,OFC_25,Diglipur,Domicile Certificate,12,53.1212944615765,72,24,48,35
APP_4241,OFC_48,Anantnag,Death Certificate,39,5.525402713933299,736,711,25,50
APP_4242,OFC_704,Kolhapur,Domicile Certificate,9,6.631340896035458,1456,1399,57,56
APP_4243,OFC_753,Nanded,Marriage Certificate,37,25.54274649965691,3301,3265,36,49
APP_4244,OFC_381,Jaipur,Marriage Certificate,11,23.382966276909418,616,583,33,37
APP_4245,OFC_148,Purnia,Domicile Certificate,18,50.80035821803812,237,223,14,48
APP_4246,OFC_180,Bhopal,Income Certificate,47,23.383423811047685,4866,4801,65,51
APP_4247,OFC_188,Bhavnagar,Birth Certificate,11,6.904804993503036,3224,3200,24,38
APP_4248,OFC_397,Mahbubnagar,Death Certificate,23,22.00481108723571,2172,2143,29,36
APP_4249,OFC_769,Darbhanga,Birth Certificate,20,52.75504064778156,678,639,39,56
APP_4250,OFC_387,Thane,Domicile Certificate,5,29.36809578169612,363,277,86,32
APP_4251,OFC_655,Kolkata,Caste Certificate,30,40.93863730941719,477,388,89,36
APP_4252,OFC_950,Leh,Caste Certificate,21,18.124317223704765,654,633,21,45
APP_4253,OFC_350,Durgapur,Marriage Certificate,35,28.66143095291028,1952,1913,39,56
APP_4254,OFC_881,Chennai,Domicile Certificate,46,56.73367711809034,2118,2034,84,52
APP_4255,OFC_736,Amritsar,Birth Certificate,10,17.38032696517971,464,369,95,35
APP_4256,OFC_235,Tiruchirapalli,Income Certificate,25,42.210883746841645,451,365,86,55
APP_4257,OFC_364,Shimla,Death Certificate,24,45.042900914804974,967,877,90,55
APP_4258,OFC_836,Jamnagar,Income Certificate,27,6.027113618317591,1317,1236,81,38
APP_4259,OFC_984,Amravati,Income Certificate,8,32.91443923036205,603,509,94,39
APP_4260,OFC_542,Mumbai,Domicile Certificate,27,35.05741301891115,1874,1824,50,43
APP_4261,OFC_237,Nongpoh,Caste Certificate,42,45.47852605786389,843,770,73,47
APP_4262,OFC_808,Hazaribagh,Income Certificate,13,27.52030903018525,476,379,97,32
APP_4263,OFC_235,Thoothukudi,Domicile Certificate,26,11.9684424833534,2970,2937,33,38
APP_4264,OFC_834,North Delhi,Income Certificate,14,29.45920902733564,1291,1193,98,57
APP_4265,OFC_377,Shimoga,Domicile Certificate,7,20.30741632264872,436,431,5,45
APP_4266,OFC_8,Khammam,Domicile Certificate,38,18.810123638521645,1847,1765,82,30
APP_4267,OFC_47,Naharlagun,Marriage Certificate,18,50.16337852169602,492,400,92,40
APP_4268,OFC_488,Bikaner,Domicile Certificate,15,44.85248950160035,390,299,91,30
APP_4269,OFC_653,Ranchi,Marriage Certificate,44,33.10775672534183,2138,2119,19,52
APP_4270,OFC_152,South Delhi,Marriage Certificate,17,54.14279785188499,644,578,66,50
APP_4271,OFC_564,Medinipur,Domicile Certificate,46,24.13133375643181,1687,1677,10,41
APP_4272,OFC_708,Port Blair,Caste Certificate,42,37.12315517669098,3288,3243,45,56
APP_4273,OFC_41,Geyzing,Marriage Certificate,41,6.565477192596122,13506,13440,66,46
APP_4274,OFC_297,Tura,Death Certificate,45,13.23960370379325,2559,2517,42,45
APP_4275,OFC_252,Mandi,Marriage Certificate,42,32.63210527416741,3269,3178,91,49
APP_4276,OFC_696,Pathankot,Birth Certificate,22,23.483144111428505,1557,1528,29,36
APP_4277,OFC_419,Hubli,Caste Certificate,27,23.60739580686538,2399,2385,14,37
APP_4278,OFC_915,Dharmanagar,Income Certificate,12,19.3429707754034,686,604,82,38
APP_4279,OFC_992,Erode,Domicile Certificate,14,15.440951545079228,934,892,42,47
APP_4280,OFC_293,Nainital,Domicile Certificate,29,21.771976728725,1217,1121,96,30
APP_4281,OFC_299,Anand,Marriage Certificate,31,13.484567791111576,4908,4829,79,50
APP_4282,OFC_170,Agatti,Death Certificate,13,55.40395371969693,449,379,70,37
APP_4283,OFC_833,Udaipur,Caste Certificate,47,13.321158763246482,6862,6775,87,54
APP_4284,OFC_996,Meerut,Death Certificate,19,19.870378899776767,2255,2163,92,48
APP_4285,OFC_277,Deoghar,Caste Certificate,22,58.22386380876367,154,61,93,33
APP_4286,OFC_254,Surat,Marriage Certificate,10,34.51077622732258,601,579,22,58
APP_4287,OFC_768,Kathua,Death Certificate,45,6.550095102200277,3436,3406,30,30
APP_4288,OFC_643,Gorakhpur,Domicile Certificate,8,24.505164045414467,291,256,35,35
APP_4289,OFC_507,Gandhinagar,Death Certificate,11,17.79393469624741,1815,1737,78,49
APP_4290,OFC_466,Belgaum,Income Certificate,14,42.19522322076374,413,327,86,40
APP_4291,OFC_635,Jammu,Death Certificate,32,21.286356063803204,774,734,40,42
APP_4292,OFC_695,Davanagere,Income Certificate,9,51.94686392367637,295,243,52,31
APP_4293,OFC_663,Asansol,Domicile Certificate,43,53.22545386686955,1420,1387,33,30
APP_4294,OFC_60,Mangalore,Income Certificate,10,28.46981585307502,991,946,45,59
APP_4295,OFC_215,Jamshedpur,Death Certificate,6,42.13042784963968,252,199,53,45
APP_4296,OFC_598,Udhampur,Domicile Certificate,49,20.894559588848416,4048,4022,26,35
APP_4297,OFC_370,Roorkee,Income Certificate,7,48.224383010867285,348,275,73,55
APP_4298,OFC_134,Adilabad,Domicile Certificate,10,44.18514832784383,186,88,98,54
APP_4299,OFC_889,Guwahati,Income Certificate,12,28.6956168467962,489,455,34,51
APP_4300,OFC_499,Pasighat,Domicile Certificate,42,57.09493574044822,1529,1519,10,47
APP_4301,OFC_864,Aurangabad,Caste Certificate,12,51.87633745673372,356,290,66,45
APP_4302,OFC_88,Panaji,Income Certificate,24,33.43589357826556,408,331,77,44
APP_4303,OFC_898,Satna,Birth Certificate,34,20.364367027364807,2368,2296,72,56
APP_4304,OFC_455,Madurai,Income Certificate,32,7.281250782247806,2834,2823,11,32
APP_4305,OFC_812,Vasco da Gama,Marriage Certificate,48,55.74060147533128,881,879,2,42
APP_4306,OFC_108,Dimapur,Birth Certificate,20,38.7296398793336,656,614,42,33
APP_4307,OFC_848,Delhi,Marriage Certificate,27,16.69461427645392,1354,1296,58,41
APP_4308,OFC_403,Rudrapur,Income Certificate,39,7.172465306294141,2463,2384,79,43
APP_4309,OFC_340,Indore,Caste Certificate,5,25.55300198642814,276,207,69,43
APP_4310,OFC_570,Allahabad,Caste Certificate,7,8.635670300622747,565,546,19,33
APP_4311,OFC_21,Haldwani,Marriage Certificate,7,10.451457190322635,1406,1369,37,57
APP_4312,OFC_165,Patna,Domicile Certificate,21,9.060923026355525,2168,2136,32,30
APP_4313,OFC_390,Champhai,Caste Certificate,32,29.876287378735697,1817,1740,77,55
APP_4314,OFC_190,Jorhat,Marriage Certificate,17,35.20477306709838,1081,1006,75,54
APP_4315,OFC_763,Itanagar,Marriage Certificate,36,30.12524720471054,1874,1847,27,54
APP_4316,OFC_344,Shillong,Caste Certificate,34,31.12994333595749,2809,2787,22,50
APP_4317,OFC_899,Solan,Death Certificate,11,6.12721337962661,2918,2882,36,40
APP_4318,OFC_611,Jowai,Birth Certificate,40,52.25339096191349,1501,1409,92,47
APP_4319,OFC_356,Namchi,Income Certificate,31,40.099289534299885,2031,2004,27,46
APP_4320,OFC_54,Bishnupur,Death Certificate,47,14.940998818156242,2453,2385,68,59
APP_4321,OFC_480,Rewa,Income Certificate,10,29.615196900191904,328,248,80,54
APP_4322,OFC_166,Agra,Death Certificate,45,50.17042129175347,808,723,85,41
APP_4323,OFC_551,Bangalore,Income Certificate,27,35.32058678161526,250,175,75,30
APP_4324,OFC_868,Solapur,Caste Certificate,42,46.42369338773548,499,460,39,31
APP_4325,OFC_336,Silchar,Death Certificate,17,58.67644407674421,496,493,3,57
APP_4326,OFC_804,Nashik,Income Certificate,36,22.62079242901109,2237,2148,89,50
APP_4327,OFC_8,Mysore,Death Certificate,31,34.501276603763245,820,742,78,37
APP_4328,OFC_747,Coimbatore,Death Certificate,27,36.08289836249416,730,724,6,34
APP_4329,OFC_823,Katihar,Birth Certificate,13,52.19547265243644,724,685,39,57
APP_4330,OFC_561,Bareilly,Birth Certificate,26,36.9903506946246,948,865,83,36
APP_4331,OFC_725,Jodhpur,Domicile Certificate,8,15.52604733175807,1611,1584,27,59
APP_4332,OFC_331,Bokaro,Birth Certificate,44,16.56256851586506,2507,2455,52,55
APP_4333,OFC_877,Jabalpur,Marriage Certificate,20,21.247033607115974,802,754,48,30
APP_4334,OFC_594,East Delhi,Birth Certificate,40,37.89907582843784,1583,1566,17,31
APP_4335,OFC_494,Karimnagar,Domicile Certificate,6,29.588867486260824,302,245,57,35
APP_4336,OFC_125,Serchhip,Caste Certificate,22,12.840508114898949,588,525,63,31
APP_4337,OFC_227,Rangareddy,Marriage Certificate,14,43.15753223007616,334,286,48,59
APP_4338,OFC_330,Salem,Caste Certificate,31,54.37681229893317,543,464,79,44
APP_4339,OFC_298,Kavaratti,Income Certificate,25,6.435726961191985,5917,5917,0,34
APP_4340,OFC_575,Dispur,Birth Certificate,26,16.81013252257933,4177,4167,10,56
APP_4341,OFC_738,Thoubal,Birth Certificate,46,41.02167404822612,1981,1892,89,51
APP_4342,OFC_940,Chandigarh,Death Certificate,19,15.103210776852253,2367,2336,31,39
APP_4343,OFC_570,Nagaon,Domicile Certificate,44,58.99691380738083,706,663,43,42
APP_4344,OFC_67,Udaipur (Tripura),Income Certificate,39,19.229598281394964,1923,1863,60,47
APP_4345,OFC_77,Warangal,Caste Certificate,32,51.60757048787504,461,456,5,53
APP_4346,OFC_670,Muzaffarpur,Domicile Certificate,17,5.678077704625223,4431,4353,78,43
APP_4347,OFC_818,Ujjain,Domicile Certificate,43,23.075975544986736,3581,3488,93,38
APP_4348,OFC_673,Imphal,Caste Certificate,27,5.71972361135456,3404,3359,45,33
APP_4349,OFC_911,Patiala,Death Certificate,30,52.33598008247775,926,903,23,50
APP_4350,OFC_322,Gwalior,Birth Certificate,17,21.60583949701596,877,805,72,46
APP_4351,OFC_864,Nizamabad,Caste Certificate,44,19.33393653828422,4844,4840,4,50
APP_4352,OFC_410,Pune,Income Certificate,47,15.906235038615382,776,707,69,53
APP_4353,OFC_182,Tawang,Caste Certificate,23,41.37210185392167,653,615,38,40
APP_4354,OFC_820,Kullu,Domicile Certificate,23,39.77216183882716,445,385,60,42
APP_4355,OFC_353,Mayabunder,Birth Certificate,6,30.859222387382985,220,181,39,42
APP_4356,OFC_971,Lucknow,Caste Certificate,32,15.889642900896256,1811,1767,44,47
APP_4357,OFC_375,Tezpur,Death Certificate,23,17.75595724293096,716,656,60,43
APP_4358,OFC_372,Junagadh,Death Certificate,6,25.56420095319261,397,313,84,39
APP_4359,OFC_73,Sagar,Death Certificate,21,35.72890769463296,864,796,68,42
APP_4360,OFC_61,Nagpur,Birth Certificate,35,52.96048694249932,257,218,39,33
APP_4361,OFC_663,Howrah,Income Certificate,24,30.56236754756015,2215,2124,91,47
APP_4362,OFC_223,Srinagar,Domicile Certificate,9,13.427733484829051,2050,1981,69,57
APP_4363,OFC_701,Malda,Domicile Certificate,19,58.41918409436769,210,195,15,49
APP_4364,OFC_522,Bhagalpur,Domicile Certificate,12,43.06323897350941,779,697,82,55
APP_4365,OFC_678,Gulbarga,Birth Certificate,49,12.199500438179562,5142,5095,47,43
APP_4366,OFC_92,Begusarai,Birth Certificate,37,9.08242622830558,4843,4823,20,36
APP_4367,OFC_313,Dibrugarh,Birth Certificate,44,24.54172719270825,3117,3019,98,54
APP_4368,OFC_713,Mokokchung,Domicile Certificate,15,9.88423506093226,3624,3557,67,42
APP_4369,OFC_237,West Delhi,Marriage Certificate,30,5.430934521207311,4586,4561,25,36
APP_4370,OFC_885,Kota,Marriage Certificate,21,56.267563976219336,325,321,4,33
APP_4371,OFC_413,Vadodara,Domicile Certificate,41,24.37966959497572,3017,2965,52,44
APP_4372,OFC_813,Rajkot,Birth Certificate,6,6.325637871368853,911,881,30,44
APP_4373,OFC_601,Kailashahar,Domicile Certificate,32,39.02099923403743,768,675,93,39
APP_4374,OFC_505,Agartala,Birth Certificate,7,7.1346877744742905,461,388,73,42
APP_4375,OFC_207,Ludhiana,Death Certificate,44,20.75994257056337,1861,1818,43,55
APP_4376,OFC_458,Giridih,Domicile Certificate,23,5.776524841720539,4437,4351,86,38
APP_4377,OFC_635,Sikar,Marriage Certificate,8,9.752662866537754,356,329,27,35
APP_4378,OFC_77,Kanpur,Marriage Certificate,15,42.99785726172473,495,454,41,36
APP_4379,OFC_419,Kohima,Income Certificate,11,42.96007179626781,464,456,8,50
APP_4380,OFC_856,Ahmedabad,Caste Certificate,15,39.4704030648589,832,771,61,58
APP_4381,OFC_279,Mangan,Death Certificate,17,52.36835572881634,196,196,0,51
APP_4382,OFC_979,Dehradun,Domicile Certificate,32,48.82038936247762,99,81,18,40
APP_4383,OFC_391,Churachandpur,Birth Certificate,16,56.236696214325264,410,348,62,47
APP_4384,OFC_192,Gaya,Income Certificate,45,47.89285868469662,1676,1670,6,43
APP_4385,OFC_684,Dhanbad,Domicile Certificate,7,26.05752747849144,523,480,43,41
APP_4386,OFC_669,Lunglei,Marriage Certificate,25,31.550708219867623,1650,1647,3,45
APP_4387,OFC_425,Darjeeling,Death Certificate,34,16.644459532221425,304,298,6,54
APP_4388,OFC_378,Manali,Caste Certificate,41,49.14501293470744,1064,1033,31,37
APP_4389,OFC_397,Arrah,Death Certificate,41,21.275116365784086,1369,1305,64,47
APP_4390,OFC_658,Ramgarh,Death Certificate,28,14.544655933183604,3398,3315,83,35
APP_4391,OFC_559,Ratlam,Income Certificate,28,19.48928825778024,3240,3168,72,45
APP_4392,OFC_150,Hyderabad,Death Certificate,35,36.70661510788085,1164,1143,21,30
APP_4393,OFC_818,Tumkur,Birth Certificate,40,47.95149288098851,1579,1569,10,59
APP_4394,OFC_197,Ghaziabad,Income Certificate,37,43.11173596461712,1182,1116,66,33
APP_4395,OFC_389,Amini,Income Certificate,42,37.17326614294852,812,767,45,37
APP_4396,OFC_461,Alwar,Domicile Certificate,27,44.21131104194107,1077,1074,3,37
APP_4397,OFC_130,Bardhaman,Income Certificate,11,50.77094588231139,325,270,55,41
APP_4398,OFC_253,New Delhi,Domicile Certificate,44,12.167325893403117,3128,3034,94,48
APP_4399,OFC_352,Tirunelveli,Income Certificate,25,17.042967519890272,869,868,1,50
APP_4400,OFC_62,Bilaspur,Marriage Certificate,37,20.6996883233519,1864,1862,2,45
APP_4401,OFC_601,Haridwar,Domicile Certificate,38,8.269562896080279,11521,11435,86,58
APP_4402,OFC_804,Central Delhi,Income Certificate,29,8.15341181223807,3452,3448,4,44
APP_4403,OFC_4,Baramulla,Caste Certificate,23,25.57827715682261,2416,2342,74,53
APP_4404,OFC_727,Margao,Domicile Certificate,21,24.019802437467856,804,764,40,33
APP_4405,OFC_834,Aizawl,Marriage Certificate,37,59.63416533494705,1217,1148,69,48
APP_4406,OFC_627,Gangtok,Marriage Certificate,26,53.001498487096114,404,392,12,32
APP_4407,OFC_549,Mapusa,Domicile Certificate,32,18.52998174940234,2638,2553,85,59
APP_4408,OFC_70,Mohali,Income Certificate,46,42.397646794475065,327,231,96,41
APP_4409,OFC_467,Bathinda,Caste Certificate,12,51.94214645157117,624,579,45,58
APP_4410,OFC_251,Jalandhar,Domicile Certificate,19,45.303662009659234,899,816,83,59
APP_4411,OFC_358,Kashipur,Caste Certificate,12,57.3424195934332,365,304,61,39
APP_4412,OFC_52,Vellore,Marriage Certificate,22,41.94678231224311,374,373,1,52
APP_4413,OFC_197,Siliguri,Birth Certificate,38,24.94661446341733,1930,1915,15,36
APP_4414,OFC_211,Ajmer,Caste Certificate,20,12.071420409724697,1006,968,38,51
APP_4415,OFC_270,Minicoy,Income Certificate,45,45.082349472730535,1079,991,88,48
APP_4416,OFC_45,Dharamshala,Domicile Certificate,31,34.62384665961473,915,861,54,37
APP_4417,OFC_368,Varanasi,Death Certificate,46,25.11858851751441,1654,1643,11,50
APP_4418,OFC_769,Bhilwara,Income Certificate,37,27.907379650784154,745,740,5,59
APP_4419,OFC_597,Tuensang,Domicile Certificate,20,35.7954909113149,1053,1021,32,49
APP_4420,OFC_760,Havelock,Marriage Certificate,5,17.90780774534573,339,277,62,30
APP_4421,OFC_799,Diglipur,Income Certificate,45,48.36674344543393,1897,1872,25,37
APP_4422,OFC_795,Anantnag,Domicile Certificate,35,26.948162167517832,1416,1345,71,33
APP_4423,OFC_955,Kolhapur,Death Certificate,6,39.42194285473264,343,262,81,45
APP_4424,OFC_891,Nanded,Birth Certificate,43,17.139495920188374,3313,3220,93,56
APP_4425,OFC_927,Jaipur,Marriage Certificate,26,13.625435353683242,2143,2084,59,35
APP_4426,OFC_30,Purnia,Marriage Certificate,47,22.80495898581753,1384,1373,11,30
APP_4427,OFC_824,Bhopal,Birth Certificate,35,46.62287745134513,1124,1038,86,48
APP_4428,OFC_570,Bhavnagar,Death Certificate,5,47.27223027349322,116,82,34,41
APP_4429,OFC_942,Mahbubnagar,Income Certificate,33,32.3763374303994,1334,1304,30,41
APP_4430,OFC_358,Darbhanga,Birth Certificate,35,47.77801664205433,787,703,84,46
APP_4431,OFC_800,Thane,Death Certificate,23,6.548493416938907,2631,2549,82,30
APP_4432,OFC_543,Kolkata,Birth Certificate,11,59.931996099448206,166,116,50,58
APP_4433,OFC_442,Leh,Caste Certificate,15,59.06725337293658,39,32,7,30
APP_4434,OFC_891,Durgapur,Domicile Certificate,23,25.23573119042084,1432,1425,7,38
APP_4435,OFC_308,Chennai,Income Certificate,30,18.897007378170244,403,390,13,32
APP_4436,OFC_413,Amritsar,Marriage Certificate,7,28.9817184909989,276,234,42,37
APP_4437,OFC_563,Tiruchirapalli,Domicile Certificate,17,9.868592432690969,1933,1892,41,33
APP_4438,OFC_943,Shimla,Income Certificate,38,23.312903143483247,2618,2530,88,37
APP_4439,OFC_511,Jamnagar,Caste Certificate,43,50.00646369892112,2377,2368,9,54
APP_4440,OFC_506,Amravati,Death Certificate,33,33.709980315283545,1516,1422,94,56
APP_4441,OFC_863,Mumbai,Domicile Certificate,44,37.3812631722667,599,525,74,43
APP_4442,OFC_790,Nongpoh,Marriage Certificate,7,31.39835835668152,293,255,38,35
APP_4443,OFC_997,Hazaribagh,Death Certificate,44,59.83290154161818,615,584,31,42
APP_4444,OFC_685,Thoothukudi,Death Certificate,16,28.2608537384778,932,880,52,56
APP_4445,OFC_518,North Delhi,Caste Certificate,11,23.1333642295504,439,412,27,33
APP_4446,OFC_893,Shimoga,Death Certificate,41,58.75091389961461,855,854,1,31
APP_4447,OFC_660,Khammam,Income Certificate,16,10.65182944929558,1660,1562,98,46
APP_4448,OFC_809,Naharlagun,Caste Certificate,16,30.53015993370645,571,570,1,30
APP_4449,OFC_750,Bikaner,Income Certificate,39,29.28675704936324,904,860,44,42
APP_4450,OFC_117,Ranchi,Marriage Certificate,23,6.627850026667169,9729,9713,16,50
APP_4451,OFC_77,South Delhi,Birth Certificate,18,34.63208420875989,682,619,63,50
APP_4452,OFC_398,Medinipur,Death Certificate,9,26.849679609495865,495,440,55,43
APP_4453,OFC_709,Port Blair,Death Certificate,6,33.398236666095514,204,187,17,42
APP_4454,OFC_697,Geyzing,Caste Certificate,23,34.90572247849558,401,398,3,40
APP_4455,OFC_349,Tura,Marriage Certificate,6,38.563808395255705,117,31,86,54
APP_4456,OFC_929,Mandi,Death Certificate,17,58.96459328482665,578,578,0,41
APP_4457,OFC_861,Pathankot,Domicile Certificate,27,17.906824715218313,1373,1333,40,53
APP_4458,OFC_234,Hubli,Domicile Certificate,11,40.346191105351714,212,142,70,58
APP_4459,OFC_692,Dharmanagar,Income Certificate,20,43.66030832156572,1311,1218,93,46
APP_4460,OFC_174,Erode,Birth Certificate,13,22.071495399331788,226,201,25,45
APP_4461,OFC_670,Nainital,Caste Certificate,28,55.15712793698615,638,565,73,33
APP_4462,OFC_516,Anand,Domicile Certificate,27,7.668154604179874,4692,4661,31,30
APP_4463,OFC_205,Agatti,Domicile Certificate,32,41.54642716254513,1117,1035,82,48
APP_4464,OFC_225,Udaipur,Birth Certificate,48,10.989886942821766,5937,5888,49,32
APP_4465,OFC_777,Meerut,Death Certificate,22,44.94253385002269,251,199,52,51
APP_4466,OFC_983,Deoghar,Income Certificate,28,37.508215670037735,725,677,48,32
APP_4467,OFC_852,Surat,Birth Certificate,26,56.222890709948814,907,856,51,57
APP_4468,OFC_961,Kathua,Domicile Certificate,9,10.546792215922563,1842,1749,93,44
APP_4469,OFC_389,Gorakhpur,Income Certificate,35,11.538035453745705,1616,1542,74,54
APP_4470,OFC_438,Gandhinagar,Caste Certificate,41,32.52595971161169,3458,3457,1,59
APP_4471,OFC_969,Belgaum,Birth Certificate,29,17.52866144503283,2277,2209,68,56
APP_4472,OFC_399,Jammu,Death Certificate,35,18.283642015498067,1016,1016,0,39
APP_4473,OFC_984,Davanagere,Caste Certificate,44,47.81039764546386,2278,2261,17,57
APP_4474,OFC_942,Asansol,Caste Certificate,47,58.56196148319864,913,850,63,43
APP_4475,OFC_528,Mangalore,Death Certificate,33,22.865932532786708,1272,1249,23,48
APP_4476,OFC_803,Jamshedpur,Domicile Certificate,23,49.55470424221184,880,787,93,52
APP_4477,OFC_993,Udhampur,Birth Certificate,29,6.1370120522062654,9056,9001,55,36
APP_4478,OFC_854,Roorkee,Death Certificate,21,40.3943182195557,293,242,51,52
APP_4479,OFC_716,Adilabad,Domicile Certificate,13,20.13148306810418,1303,1236,67,56
APP_4480,OFC_255,Guwahati,Birth Certificate,10,26.235888252915323,580,560,20,56
APP_4481,OFC_598,Pasighat,Marriage Certificate,26,47.61405129583176,1617,1583,34,54
APP_4482,OFC_872,Aurangabad,Domicile Certificate,44,14.349657775053355,8895,8811,84,58
APP_4483,OFC_9,Panaji,Marriage Certificate,31,23.31964017325571,3244,3202,42,56
APP_4484,OFC_855,Satna,Death Certificate,35,47.44358832104249,1181,1114,67,49
APP_4485,OFC_501,Madurai,Birth Certificate,47,28.00750603242274,606,605,1,53
APP_4486,OFC_954,Vasco da Gama,Income Certificate,48,24.580471961676388,3835,3755,80,48
APP_4487,OFC_263,Dimapur,Death Certificate,31,36.52641938021925,580,490,90,52
APP_4488,OFC_151,Delhi,Birth Certificate,14,6.533658752861475,820,773,47,52
APP_4489,OFC_490,Rudrapur,Domicile Certificate,26,18.457070432792623,1149,1093,56,39
APP_4490,OFC_930,Indore,Domicile Certificate,17,41.14280798377458,835,816,19,49
APP_4491,OFC_59,Allahabad,Marriage Certificate,19,40.87419803157344,337,254,83,43
APP_4492,OFC_305,Haldwani,Domicile Certificate,27,50.7214710824401,858,796,62,36
APP_4493,OFC_677,Patna,Birth Certificate,17,53.94013582533078,233,148,85,52
APP_4494,OFC_340,Champhai,Caste Certificate,14,51.06362203443464,266,252,14,39
APP_4495,OFC_805,Jorhat,Caste Certificate,10,41.780350720354384,554,457,97,34
APP_4496,OFC_929,Itanagar,Income Certificate,25,12.66944735381728,3379,3370,9,52
APP_4497,OFC_853,Shillong,Marriage Certificate,5,20.0357336832706,377,278,99,47
APP_4498,OFC_587,Solan,Domicile Certificate,21,47.24987612407657,421,365,56,57
APP_4499,OFC_634,Jowai,Caste Certificate,8,16.351988977980728,1038,1004,34,58
APP_4500,OFC_773,Namchi,Marriage Certificate,6,58.094595788207286,192,158,34,32
APP_4501,OFC_682,Bishnupur,Death Certificate,38,21.400717545626303,1694,1661,33,32
APP_4502,OFC_618,Rewa,Birth Certificate,30,51.71811891079464,1461,1456,5,46
APP_4503,OFC_271,Agra,Marriage Certificate,37,12.279420052149453,5225,5192,33,46
APP_4504,OFC_188,Bangalore,Birth Certificate,34,36.41748583808904,2509,2441,68,56
APP_4505,OFC_568,Solapur,Caste Certificate,24,49.52497961533748,370,286,84,46
APP_4506,OFC_957,Silchar,Death Certificate,43,22.323709920518667,2526,2497,29,47
APP_4507,OFC_854,Nashik,Caste Certificate,21,27.095590209024035,1117,1092,25,41
APP_4508,OFC_414,Mysore,Death Certificate,17,20.130363158618977,1491,1473,18,43
APP_4509,OFC_831,Coimbatore,Marriage Certificate,17,38.82696861697536,477,457,20,48
APP_4510,OFC_727,Katihar,Income Certificate,37,18.040255711807475,1160,1158,2,31
APP_4511,OFC_770,Bareilly,Death Certificate,26,35.42118965456871,1571,1477,94,41
APP_4512,OFC_247,Jodhpur,Domicile Certificate,42,19.432964163648297,3846,3823,23,51
APP_4513,OFC_58,Bokaro,Marriage Certificate,25,59.73111369663923,997,946,51,41
APP_4514,OFC_740,Jabalpur,Death Certificate,40,54.69389983023185,1809,1749,60,52
APP_4515,OFC_160,East Delhi,Domicile Certificate,22,27.116488914503417,1473,1453,20,58
APP_4516,OFC_462,Karimnagar,Income Certificate,36,35.72811095832116,2086,2035,51,50
APP_4517,OFC_465,Serchhip,Marriage Certificate,38,23.623785260802343,1516,1448,68,46
APP_4518,OFC_410,Rangareddy,Caste Certificate,28,57.36287344694565,514,503,11,30
APP_4519,OFC_775,Salem,Domicile Certificate,20,33.18681994902441,517,452,65,32
APP_4520,OFC_488,Kavaratti,Caste Certificate,15,40.47026978907896,484,473,11,40
APP_4521,OFC_720,Dispur,Caste Certificate,37,16.00829389807423,2328,2324,4,35
APP_4522,OFC_782,Thoubal,Domicile Certificate,43,15.393563993841742,4542,4465,77,43
APP_4523,OFC_119,Chandigarh,Birth Certificate,31,52.0100018352333,1315,1259,56,55
APP_4524,OFC_122,Nagaon,Income Certificate,32,48.75104426271005,196,107,89,40
APP_4525,OFC_385,Udaipur (Tripura),Birth Certificate,25,17.292645669432822,2474,2457,17,53
APP_4526,OFC_133,Warangal,Marriage Certificate,37,56.98640495043548,1142,1052,90,58
APP_4527,OFC_321,Muzaffarpur,Death Certificate,14,33.09085739074496,683,664,19,43
APP_4528,OFC_268,Ujjain,Marriage Certificate,26,9.915612783670625,3582,3560,22,43
APP_4529,OFC_537,Imphal,Domicile Certificate,39,35.0417109594524,2031,2025,6,44
APP_4530,OFC_487,Patiala,Caste Certificate,41,35.14506364959425,1657,1561,96,32
APP_4531,OFC_273,Gwalior,Birth Certificate,47,47.749957518737226,1612,1583,29,54
APP_4532,OFC_525,Nizamabad,Death Certificate,22,14.504896562490533,1362,1280,82,49
APP_4533,OFC_337,Pune,Domicile Certificate,16,30.947503853968808,787,741,46,31
APP_4534,OFC_445,Tawang,Death Certificate,33,39.02202120298861,1548,1479,69,32
APP_4535,OFC_901,Kullu,Birth Certificate,29,57.71604254490574,195,106,89,39
APP_4536,OFC_857,Mayabunder,Income Certificate,49,35.7444268035631,2103,2040,63,42
APP_4537,OFC_443,Lucknow,Income Certificate,24,9.329577525645014,2585,2532,53,53
APP_4538,OFC_5,Tezpur,Death Certificate,35,25.67440942948281,1284,1236,48,36
APP_4539,OFC_869,Junagadh,Caste Certificate,6,34.1922185412508,296,224,72,56
APP_4540,OFC_7,Sagar,Domicile Certificate,36,36.128279800053946,2484,2456,28,53
APP_4541,OFC_139,Nagpur,Death Certificate,23,6.916808856436591,4137,4043,94,34
APP_4542,OFC_572,Howrah,Birth Certificate,32,54.05179836803769,1301,1266,35,52
APP_4543,OFC_757,Srinagar,Marriage Certificate,19,54.77982218511424,226,164,62,30
APP_4544,OFC_328,Malda,Death Certificate,7,36.37708201227103,434,387,47,48
APP_4545,OFC_139,Bhagalpur,Caste Certificate,39,43.08799896312075,1176,1139,37,44
APP_4546,OFC_645,Gulbarga,Marriage Certificate,16,50.24658858414672,233,174,59,57
APP_4547,OFC_165,Begusarai,Income Certificate,16,31.39693402245984,98,62,36,42
APP_4548,OFC_711,Dibrugarh,Income Certificate,5,19.945392072932464,408,395,13,50
APP_4549,OFC_80,Mokokchung,Income Certificate,22,29.88452408324669,2128,2062,66,54
APP_4550,OFC_321,West Delhi,Marriage Certificate,44,46.558956050078415,1527,1495,32,43
APP_4551,OFC_934,Kota,Marriage Certificate,17,52.28014541290343,741,656,85,52
APP_4552,OFC_850,Vadodara,Death Certificate,8,54.97157344928335,237,195,42,50
APP_4553,OFC_243,Rajkot,Income Certificate,17,31.696695287030355,1652,1634,18,58
APP_4554,OFC_929,Kailashahar,Marriage Certificate,7,9.69331402645411,1384,1370,14,37
APP_4555,OFC_271,Agartala,Death Certificate,27,34.946908542544605,987,902,85,43
APP_4556,OFC_928,Ludhiana,Domicile Certificate,11,28.18377947020999,747,649,98,31
APP_4557,OFC_241,Giridih,Birth Certificate,6,27.510196462600884,379,293,86,39
APP_4558,OFC_615,Sikar,Domicile Certificate,38,44.05442285265787,1660,1580,80,50
APP_4559,OFC_577,Kanpur,Death Certificate,11,50.44974070125339,476,431,45,48
APP_4560,OFC_30,Kohima,Marriage Certificate,36,34.20861011220492,2480,2461,19,48
APP_4561,OFC_917,Ahmedabad,Caste Certificate,43,21.555387217756103,2854,2852,2,49
APP_4562,OFC_458,Mangan,Caste Certificate,20,49.17060289429888,461,393,68,38
APP_4563,OFC_109,Dehradun,Death Certificate,47,18.655565277377494,788,755,33,40
APP_4564,OFC_112,Churachandpur,Death Certificate,31,15.846743426147889,1925,1832,93,38
APP_4565,OFC_668,Gaya,Death Certificate,7,21.472383972403087,118,48,70,31
APP_4566,OFC_699,Dhanbad,Death Certificate,12,24.054611872693595,1007,990,17,59
APP_4567,OFC_835,Lunglei,Birth Certificate,27,14.414259277050125,2237,2176,61,39
APP_4568,OFC_144,Darjeeling,Caste Certificate,11,6.891839463422455,1588,1511,77,43
APP_4569,OFC_102,Manali,Income Certificate,26,13.846295420494323,2136,2070,66,55
APP_4570,OFC_855,Arrah,Death Certificate,44,58.469726155565695,1323,1293,30,37
APP_4571,OFC_844,Ramgarh,Birth Certificate,22,12.838706636745597,4291,4273,18,59
APP_4572,OFC_761,Ratlam,Death Certificate,13,21.44337682194254,1184,1163,21,41
APP_4573,OFC_881,Hyderabad,Marriage Certificate,14,41.48572044625466,599,502,97,58
APP_4574,OFC_5,Tumkur,Marriage Certificate,17,48.32643335445211,357,343,14,46
APP_4575,OFC_30,Ghaziabad,Domicile Certificate,32,55.03949400928309,660,586,74,33
APP_4576,OFC_118,Amini,Death Certificate,19,17.71132291990669,981,895,86,31
APP_4577,OFC_140,Alwar,Death Certificate,25,32.08326970626108,1476,1449,27,42
APP_4578,OFC_741,Bardhaman,Caste Certificate,40,22.3607836464742,1721,1718,3,50
APP_4579,OFC_770,New Delhi,Income Certificate,49,53.07012804573527,2222,2159,63,45
APP_4580,OFC_823,Tirunelveli,Birth Certificate,7,10.373371901571067,1219,1152,67,54
APP_4581,OFC_587,Bilaspur,Domicile Certificate,6,11.027282684485012,1013,978,35,47
APP_4582,OFC_317,Haridwar,Domicile Certificate,20,9.41805672995304,4477,4389,88,42
APP_4583,OFC_718,Central Delhi,Income Certificate,18,47.34898981343508,628,602,26,54
APP_4584,OFC_81,Baramulla,Death Certificate,5,59.91605264942658,82,41,41,51
APP_4585,OFC_566,Margao,Domicile Certificate,14,58.86922705072248,344,256,88,30
APP_4586,OFC_296,Aizawl,Marriage Certificate,43,53.35677730232807,378,284,94,30
APP_4587,OFC_189,Gangtok,Death Certificate,20,45.0923588549834,785,747,38,32
APP_4588,OFC_101,Mapusa,Income Certificate,14,21.245767734644843,1509,1460,49,48
APP_4589,OFC_951,Mohali,Caste Certificate,46,25.91441195628028,998,921,77,37
APP_4590,OFC_395,Bathinda,Income Certificate,48,14.223988684452916,6095,6032,63,54
APP_4591,OFC_324,Jalandhar,Domicile Certificate,31,57.065521646365305,921,864,57,38
APP_4592,OFC_635,Kashipur,Marriage Certificate,40,8.615722134175465,5462,5452,10,34
APP_4593,OFC_84,Vellore,Birth Certificate,31,30.41449172523928,394,323,71,56
APP_4594,OFC_156,Siliguri,Marriage Certificate,22,37.18608044679377,1060,1058,2,38
APP_4595,OFC_113,Ajmer,Birth Certificate,20,40.21291327082126,780,695,85,36
APP_4596,OFC_473,Minicoy,Death Certificate,10,7.070039936356048,2398,2324,74,58
APP_4597,OFC_954,Dharamshala,Birth Certificate,45,18.42963578086445,1095,1068,27,39
APP_4598,OFC_725,Varanasi,Income Certificate,43,51.97879698162737,1265,1182,83,37
APP_4599,OFC_651,Bhilwara,Marriage Certificate,31,34.89617258623437,1373,1284,89,55
APP_4600,OFC_413,Tuensang,Death Certificate,16,32.40973931633091,624,619,5,32
APP_4601,OFC_601,Havelock,Domicile Certificate,39,33.49009162932953,2576,2509,67,44
APP_4602,OFC_994,Diglipur,Income Certificate,6,8.243186481099068,208,136,72,33
APP_4603,OFC_379,Anantnag,Caste Certificate,5,51.775561428410604,266,177,89,57
APP_4604,OFC_65,Kolhapur,Birth Certificate,47,38.96721228501527,928,893,35,34
APP_4605,OFC_555,Nanded,Domicile Certificate,25,26.047189195457676,466,369,97,40
APP_4606,OFC_457,Jaipur,Birth Certificate,23,14.955550234394323,3380,3300,80,54
APP_4607,OFC_56,Purnia,Domicile Certificate,44,23.94793762205584,2729,2634,95,42
APP_4608,OFC_187,Bhopal,Birth Certificate,41,24.888498769386047,1987,1968,19,32
APP_4609,OFC_716,Bhavnagar,Domicile Certificate,6,29.67382767874806,244,212,32,58
APP_4610,OFC_330,Mahbubnagar,Birth Certificate,5,5.885209132897349,1238,1148,90,50
APP_4611,OFC_46,Darbhanga,Income Certificate,29,13.736391797318644,4191,4154,37,58
APP_4612,OFC_961,Thane,Marriage Certificate,36,25.040851049988667,2421,2355,66,55
APP_4613,OFC_485,Kolkata,Domicile Certificate,26,18.43714624635012,1268,1247,21,43
APP_4614,OFC_376,Leh,Income Certificate,11,28.17753277466849,295,238,57,46
APP_4615,OFC_480,Durgapur,Birth Certificate,20,7.254687274228891,3115,3063,52,53
APP_4616,OFC_48,Chennai,Death Certificate,42,33.969593101013146,1773,1741,32,40
APP_4617,OFC_693,Amritsar,Caste Certificate,40,14.28909420406929,6445,6360,85,55
APP_4618,OFC_267,Tiruchirapalli,Income Certificate,29,36.38568801222077,551,488,63,42
APP_4619,OFC_256,Shimla,Caste Certificate,46,7.44112524268319,7469,7450,19,34
APP_4620,OFC_440,Jamnagar,Marriage Certificate,24,33.348219452860434,373,304,69,53
APP_4621,OFC_51,Amravati,Domicile Certificate,20,29.90552921784719,661,617,44,39
APP_4622,OFC_262,Mumbai,Marriage Certificate,31,9.355676411321848,4380,4310,70,35
APP_4623,OFC_333,Nongpoh,Caste Certificate,21,25.728445899688435,1186,1143,43,33
APP_4624,OFC_116,Hazaribagh,Death Certificate,28,36.75342606060941,136,134,2,36
APP_4625,OFC_685,Thoothukudi,Domicile Certificate,48,37.81351507492346,3034,2987,47,57
APP_4626,OFC_447,North Delhi,Marriage Certificate,8,22.399511236712865,453,446,7,36
APP_4627,OFC_582,Shimoga,Birth Certificate,40,39.1588154628922,1034,998,36,37
APP_4628,OFC_408,Khammam,Marriage Certificate,25,38.45210360696784,968,899,69,48
APP_4629,OFC_296,Naharlagun,Birth Certificate,15,53.66122664404554,583,485,98,52
APP_4630,OFC_796,Bikaner,Caste Certificate,32,6.502762650653372,10995,10993,2,52
APP_4631,OFC_197,Ranchi,Income Certificate,32,11.953014466694126,2412,2360,52,54
APP_4632,OFC_327,South Delhi,Marriage Certificate,29,7.855716578317617,4523,4447,76,47
APP_4633,OFC_791,Medinipur,Birth Certificate,5,14.707415686184202,166,138,28,37
APP_4634,OFC_230,Port Blair,Domicile Certificate,22,25.97437203544292,266,197,69,39
APP_4635,OFC_648,Geyzing,Marriage Certificate,14,33.26302864640766,360,326,34,56
APP_4636,OFC_19,Tura,Domicile Certificate,45,50.5162823267265,988,948,40,33
APP_4637,OFC_615,Mandi,Caste Certificate,31,23.95145748076821,959,954,5,45
APP_4638,OFC_213,Pathankot,Birth Certificate,15,20.502751886041786,405,349,56,30
APP_4639,OFC_557,Hubli,Domicile Certificate,49,35.18409496305948,2689,2679,10,38
APP_4640,OFC_382,Dharmanagar,Caste Certificate,44,22.53609411583332,3184,3144,40,43
APP_4641,OFC_542,Erode,Birth Certificate,49,7.929913987728366,1269,1237,32,55
APP_4642,OFC_178,Nainital,Caste Certificate,44,51.896488849515904,1557,1531,26,57
APP_4643,OFC_942,Anand,Birth Certificate,9,7.833132067366444,1603,1594,9,46
APP_4644,OFC_655,Agatti,Birth Certificate,47,48.630122582659645,1586,1514,72,51
APP_4645,OFC_910,Udaipur,Birth Certificate,35,6.423374084192682,6397,6344,53,36
APP_4646,OFC_597,Meerut,Income Certificate,11,59.35209055717088,277,257,20,30
APP_4647,OFC_117,Deoghar,Death Certificate,48,55.95814605139938,1192,1110,82,43
APP_4648,OFC_972,Surat,Caste Certificate,23,20.896893710042924,2372,2350,22,42
APP_4649,OFC_773,Kathua,Income Certificate,43,45.726042785858944,827,817,10,46
APP_4650,OFC_462,Gorakhpur,Birth Certificate,28,58.96649478516781,610,521,89,30
APP_4651,OFC_891,Gandhinagar,Birth Certificate,19,41.53002756896005,418,330,88,48
APP_4652,OFC_927,Belgaum,Domicile Certificate,13,47.067873061042405,515,503,12,52
APP_4653,OFC_75,Jammu,Caste Certificate,22,12.334161907478569,2341,2332,9,30
APP_4654,OFC_29,Davanagere,Birth Certificate,43,35.86835422115065,1379,1305,74,37
APP_4655,OFC_587,Asansol,Caste Certificate,40,28.59624258690744,1047,983,64,42
APP_4656,OFC_297,Mangalore,Marriage Certificate,42,21.882672537912697,2850,2792,58,58
APP_4657,OFC_571,Jamshedpur,Death Certificate,7,23.88579959997091,832,773,59,53
APP_4658,OFC_241,Udhampur,Caste Certificate,32,27.052061768675475,829,826,3,42
APP_4659,OFC_687,Roorkee,Death Certificate,35,42.73052221573178,379,379,0,56
APP_4660,OFC_88,Adilabad,Income Certificate,44,11.364315558902137,5112,5108,4,42
APP_4661,OFC_651,Guwahati,Income Certificate,12,9.769532489896475,1949,1883,66,38
APP_4662,OFC_795,Pasighat,Income Certificate,8,52.023436239377794,267,207,60,48
APP_4663,OFC_448,Aurangabad,Income Certificate,45,41.20499298441382,1615,1582,33,34
APP_4664,OFC_261,Panaji,Death Certificate,30,27.3644117786606,1837,1820,17,50
APP_4665,OFC_65,Satna,Income Certificate,15,39.52323859307324,947,931,16,57
APP_4666,OFC_163,Madurai,Birth Certificate,48,16.90128536531276,2284,2265,19,40
APP_4667,OFC_963,Vasco da Gama,Caste Certificate,28,23.847052047708733,2666,2642,24,54
APP_4668,OFC_201,Dimapur,Marriage Certificate,13,27.855851876875256,541,460,81,38
APP_4669,OFC_603,Delhi,Death Certificate,48,38.38698543426765,1604,1594,10,31
APP_4670,OFC_561,Rudrapur,Domicile Certificate,26,24.80825644056375,2657,2597,60,56
APP_4671,OFC_356,Indore,Caste Certificate,31,25.81941620272583,1870,1841,29,58
APP_4672,OFC_87,Allahabad,Marriage Certificate,10,37.49722334729811,630,542,88,57
APP_4673,OFC_83,Haldwani,Birth Certificate,48,12.973786998471624,8925,8867,58,58
APP_4674,OFC_31,Patna,Income Certificate,39,23.17805449923062,3363,3284,79,42
APP_4675,OFC_671,Champhai,Death Certificate,29,35.70669342014502,1164,1071,93,58
APP_4676,OFC_461,Jorhat,Death Certificate,38,36.726079277455526,1638,1631,7,51
APP_4677,OFC_593,Itanagar,Caste Certificate,40,15.982531702557544,1972,1887,85,46
APP_4678,OFC_106,Shillong,Caste Certificate,20,12.081012909885402,3263,3202,61,40
APP_4679,OFC_376,Solan,Marriage Certificate,21,42.53430585446549,451,362,89,56
APP_4680,OFC_191,Jowai,Domicile Certificate,38,17.585812006997536,3452,3353,99,37
APP_4681,OFC_487,Namchi,Caste Certificate,6,6.353821478815763,954,859,95,40
APP_4682,OFC_722,Bishnupur,Birth Certificate,26,59.580941382829096,867,814,53,43
APP_4683,OFC_528,Rewa,Birth Certificate,6,15.126552862889168,702,640,62,52
APP_4684,OFC_831,Agra,Marriage Certificate,20,24.622290075193813,874,793,81,36
APP_4685,OFC_563,Bangalore,Marriage Certificate,23,28.556883895100107,1899,1897,2,50
APP_4686,OFC_413,Solapur,Caste Certificate,23,55.84004263653865,680,677,3,31
APP_4687,OFC_524,Silchar,Marriage Certificate,15,21.139748365572537,1846,1819,27,58
APP_4688,OFC_515,Nashik,Caste Certificate,16,56.64869132392205,611,542,69,41
APP_4689,OFC_282,Mysore,Death Certificate,30,16.23102047021169,3367,3366,1,45
APP_4690,OFC_41,Coimbatore,Marriage Certificate,29,34.80186719121093,1170,1146,24,38
APP_4691,OFC_243,Katihar,Caste Certificate,25,46.12256016281485,846,835,11,38
APP_4692,OFC_400,Bareilly,Birth Certificate,43,40.061139173920736,1661,1614,47,56
APP_4693,OFC_576,Jodhpur,Birth Certificate,7,56.73291854320589,157,144,13,44
APP_4694,OFC_82,Bokaro,Death Certificate,11,43.67794625125827,374,302,72,32
APP_4695,OFC_123,Jabalpur,Income Certificate,23,19.231815819588128,1964,1903,61,30
APP_4696,OFC_624,East Delhi,Domicile Certificate,22,38.88368080130339,1430,1398,32,57
APP_4697,OFC_700,Karimnagar,Caste Certificate,38,52.85359445556305,728,665,63,43
APP_4698,OFC_621,Serchhip,Marriage Certificate,30,16.17189775869675,3966,3887,79,48
APP_4699,OFC_721,Rangareddy,Domicile Certificate,29,40.27384969420078,1941,1867,74,50
APP_4700,OFC_246,Salem,Birth Certificate,43,34.366093347664446,192,127,65,40
APP_4701,OFC_92,Kavaratti,Marriage Certificate,26,56.21845831157747,280,256,24,34
APP_4702,OFC_787,Dispur,Caste Certificate,6,38.07474380055929,150,138,12,41
APP_4703,OFC_213,Thoubal,Domicile Certificate,18,19.271071422025628,1980,1885,95,36
APP_4704,OFC_789,Chandigarh,Caste Certificate,41,25.27438099949151,2607,2521,86,52
APP_4705,OFC_594,Nagaon,Death Certificate,6,11.452981912620068,893,808,85,42
APP_4706,OFC_180,Udaipur (Tripura),Marriage Certificate,41,43.6686782497298,1028,983,45,38
APP_4707,OFC_421,Warangal,Birth Certificate,27,43.14496354146296,604,533,71,55
APP_4708,OFC_208,Muzaffarpur,Death Certificate,38,35.33664577774417,1815,1814,1,53
APP_4709,OFC_637,Ujjain,Domicile Certificate,48,22.175700768970767,3790,3779,11,38
APP_4710,OFC_712,Imphal,Marriage Certificate,45,42.02275862091128,1898,1828,70,31
APP_4711,OFC_691,Patiala,Death Certificate,9,7.196336542086292,2551,2482,69,37
APP_4712,OFC_301,Gwalior,Birth Certificate,40,42.18259328259712,2694,2646,48,53
APP_4713,OFC_762,Nizamabad,Marriage Certificate,23,11.991162902399768,1684,1614,70,35
APP_4714,OFC_510,Pune,Birth Certificate,44,24.037860953886074,2580,2517,63,53
APP_4715,OFC_811,Tawang,Domicile Certificate,18,31.210446998529136,490,449,41,57
APP_4716,OFC_326,Kullu,Domicile Certificate,9,47.17378783173899,161,156,5,58
APP_4717,OFC_346,Mayabunder,Caste Certificate,13,6.006785950069508,1694,1654,40,31
APP_4718,OFC_133,Lucknow,Domicile Certificate,7,57.63844477087933,66,50,16,42
APP_4719,OFC_505,Tezpur,Caste Certificate,19,12.085363690510407,1381,1379,2,36
APP_4720,OFC_80,Junagadh,Death Certificate,21,12.903989412216925,1536,1477,59,57
APP_4721,OFC_349,Sagar,Caste Certificate,34,50.68737123570007,531,449,82,51
APP_4722,OFC_594,Nagpur,Income Certificate,33,33.970816654103935,1321,1271,50,42
APP_4723,OFC_603,Howrah,Income Certificate,37,57.00705935480034,1069,994,75,35
APP_4724,OFC_918,Srinagar,Death Certificate,28,45.57496188971596,601,503,98,46
APP_4725,OFC_12,Malda,Income Certificate,40,12.586025507625166,4316,4223,93,55
APP_4726,OFC_320,Bhagalpur,Death Certificate,21,16.099718073180114,868,827,41,59
APP_4727,OFC_796,Gulbarga,Death Certificate,25,38.38125068173632,841,833,8,51
APP_4728,OFC_296,Begusarai,Income Certificate,14,51.787722977861804,481,406,75,32
APP_4729,OFC_373,Dibrugarh,Marriage Certificate,40,27.44359988775998,1266,1202,64,40
APP_4730,OFC_874,Mokokchung,Domicile Certificate,42,58.55157830313098,1451,1418,33,58
APP_4731,OFC_168,West Delhi,Death Certificate,15,18.395868707311077,1490,1474,16,36
APP_4732,OFC_658,Kota,Marriage Certificate,40,21.03224220475855,3322,3307,15,51
APP_4733,OFC_604,Vadodara,Income Certificate,10,19.43543256375412,1321,1303,18,54
APP_4734,OFC_31,Rajkot,Birth Certificate,41,10.274347863376928,7915,7820,95,56
APP_4735,OFC_809,Kailashahar,Caste Certificate,30,55.92549487694853,521,489,32,48
APP_4736,OFC_354,Agartala,Caste Certificate,34,48.05925024730881,178,155,23,56
APP_4737,OFC_171,Ludhiana,Birth Certificate,49,24.73589441464209,823,741,82,52
APP_4738,OFC_914,Giridih,Birth Certificate,7,15.403252219528104,211,206,5,45
APP_4739,OFC_469,Sikar,Marriage Certificate,34,19.91976136371712,513,443,70,48
APP_4740,OFC_948,Kanpur,Marriage Certificate,20,35.004752367338824,724,659,65,40
APP_4741,OFC_784,Kohima,Death Certificate,29,35.862360667487835,1782,1727,55,49
APP_4742,OFC_874,Ahmedabad,Birth Certificate,29,24.27619126415165,3256,3229,27,51
APP_4743,OFC_607,Mangan,Birth Certificate,46,54.431213538028175,1395,1320,75,38
APP_4744,OFC_240,Dehradun,Caste Certificate,7,49.4435905642316,265,244,21,49
APP_4745,OFC_785,Churachandpur,Domicile Certificate,48,37.42892234182963,1681,1603,78,40
APP_4746,OFC_107,Gaya,Domicile Certificate,35,10.5519139422886,3404,3357,47,49
APP_4747,OFC_233,Dhanbad,Domicile Certificate,27,13.851695053410143,3149,3076,73,51
APP_4748,OFC_895,Lunglei,Income Certificate,6,12.402897251392629,1405,1387,18,58
APP_4749,OFC_809,Darjeeling,Domicile Certificate,16,19.51954609592615,612,514,98,58
APP_4750,OFC_294,Manali,Caste Certificate,22,17.062737884012336,1218,1132,86,31
APP_4751,OFC_938,Arrah,Death Certificate,48,11.215722226437954,5067,4973,94,39
APP_4752,OFC_250,Ramgarh,Domicile Certificate,38,38.60157825362845,163,148,15,33
APP_4753,OFC_293,Ratlam,Domicile Certificate,49,18.56725206283581,294,212,82,31
APP_4754,OFC_115,Hyderabad,Income Certificate,38,39.112930933742405,975,959,16,48
APP_4755,OFC_171,Tumkur,Death Certificate,44,8.691409604323415,4166,4163,3,36
APP_4756,OFC_863,Ghaziabad,Death Certificate,31,19.922292699024464,2923,2828,95,42
APP_4757,OFC_660,Amini,Income Certificate,21,32.4242148151577,264,209,55,42
APP_4758,OFC_276,Alwar,Death Certificate,40,57.85784074454512,237,212,25,31
APP_4759,OFC_479,Bardhaman,Birth Certificate,6,6.217890584134028,1196,1189,7,32
APP_4760,OFC_626,New Delhi,Birth Certificate,31,37.16341359472482,265,237,28,39
APP_4761,OFC_243,Tirunelveli,Income Certificate,30,12.471720065604966,3245,3189,56,53
APP_4762,OFC_613,Bilaspur,Income Certificate,18,12.371142879652515,2432,2385,47,38
APP_4763,OFC_946,Haridwar,Income Certificate,49,44.95012236595837,642,560,82,32
APP_4764,OFC_767,Central Delhi,Birth Certificate,17,53.4790446218292,597,560,37,53
APP_4765,OFC_686,Baramulla,Death Certificate,10,43.75457380935395,402,371,31,32
APP_4766,OFC_20,Margao,Death Certificate,23,50.61525015400633,488,459,29,58
APP_4767,OFC_766,Aizawl,Marriage Certificate,42,54.43643881291837,726,682,44,41
APP_4768,OFC_971,Gangtok,Caste Certificate,36,13.824961313528783,6963,6942,21,55
APP_4769,OFC_561,Mapusa,Caste Certificate,20,8.16066463279438,5059,4996,63,58
APP_4770,OFC_919,Mohali,Income Certificate,40,26.400169875960877,2271,2181,90,35
APP_4771,OFC_14,Bathinda,Birth Certificate,7,33.40771321176972,312,270,42,30
APP_4772,OFC_812,Jalandhar,Birth Certificate,49,57.60513265724065,1665,1579,86,52
APP_4773,OFC_477,Kashipur,Death Certificate,47,51.18787601686576,1214,1164,50,49
APP_4774,OFC_649,Vellore,Caste Certificate,26,53.830362038420375,463,400,63,33
APP_4775,OFC_376,Siliguri,Income Certificate,49,35.580125186727884,1284,1213,71,43
APP_4776,OFC_928,Ajmer,Income Certificate,41,17.408496729806657,4499,4427,72,58
APP_4777,OFC_200,Minicoy,Birth Certificate,21,47.44944261162493,855,790,65,58
APP_4778,OFC_327,Dharamshala,Marriage Certificate,15,34.336632553302266,342,288,54,46
APP_4779,OFC_769,Varanasi,Marriage Certificate,35,42.62061291145525,1408,1388,20,34
APP_4780,OFC_396,Bhilwara,Domicile Certificate,10,53.14031473850043,321,261,60,53
APP_4781,OFC_200,Tuensang,Income Certificate,49,34.46552853559321,1637,1606,31,49
APP_4782,OFC_865,Havelock,Death Certificate,42,45.94580681801192,1049,964,85,48
APP_4783,OFC_362,Diglipur,Domicile Certificate,32,45.16587177682168,598,588,10,38
APP_4784,OFC_783,Anantnag,Caste Certificate,49,35.793765677945274,1093,1078,15,45
APP_4785,OFC_46,Kolhapur,Marriage Certificate,9,34.43425672107517,485,413,72,45
APP_4786,OFC_789,Nanded,Income Certificate,48,56.98005178451936,1125,1088,37,42
APP_4787,OFC_977,Jaipur,Death Certificate,40,19.668847672112637,1343,1256,87,37
APP_4788,OFC_136,Purnia,Birth Certificate,32,39.29014185306001,1392,1301,91,40
APP_4789,OFC_414,Bhopal,Caste Certificate,27,23.29339566962039,2689,2656,33,51
APP_4790,OFC_199,Bhavnagar,Domicile Certificate,47,45.68636610436339,869,825,44,43
APP_4791,OFC_533,Mahbubnagar,Caste Certificate,42,7.320065920318698,12395,12338,57,46
APP_4792,OFC_385,Darbhanga,Death Certificate,15,28.345079708779547,854,849,5,54
APP_4793,OFC_628,Thane,Income Certificate,12,34.78134106986444,198,144,54,31
APP_4794,OFC_599,Kolkata,Birth Certificate,24,11.84561871846072,2505,2421,84,38
APP_4795,OFC_15,Leh,Death Certificate,25,33.43029251980898,169,126,43,50
APP_4796,OFC_309,Durgapur,Birth Certificate,32,54.51122129833117,696,620,76,38
APP_4797,OFC_703,Chennai,Domicile Certificate,9,9.482120566705568,1670,1589,81,50
APP_4798,OFC_170,Amritsar,Death Certificate,46,56.7637697757991,2258,2231,27,53
APP_4799,OFC_317,Tiruchirapalli,Income Certificate,31,15.661564288768847,3578,3514,64,41
APP_4800,OFC_667,Shimla,Birth Certificate,16,13.029375722006996,2081,2046,35,51
APP_4801,OFC_528,Jamnagar,Birth Certificate,10,47.03841470693953,159,117,42,43
APP_4802,OFC_998,Amravati,Birth Certificate,11,14.788679751459364,769,706,63,44
APP_4803,OFC_335,Mumbai,Birth Certificate,49,14.000378942353931,3446,3348,98,41
APP_4804,OFC_397,Nongpoh,Income Certificate,19,6.443446784572799,2516,2495,21,32
APP_4805,OFC_82,Hazaribagh,Death Certificate,23,11.087554661951724,4857,4847,10,45
APP_4806,OFC_97,Thoothukudi,Domicile Certificate,8,16.163480772623206,533,445,88,54
APP_4807,OFC_157,North Delhi,Caste Certificate,44,59.86258543356739,1923,1886,37,53
APP_4808,OFC_25,Shimoga,Caste Certificate,34,49.7821506457657,657,599,58,42
APP_4809,OFC_720,Khammam,Birth Certificate,21,33.875284463433985,485,461,24,34
APP_4810,OFC_845,Naharlagun,Marriage Certificate,33,51.49093064282243,1450,1410,40,54
APP_4811,OFC_408,Bikaner,Birth Certificate,48,17.438643438372917,2407,2313,94,46
APP_4812,OFC_301,Ranchi,Marriage Certificate,49,20.7120914177638,3805,3730,75,59
APP_4813,OFC_981,South Delhi,Birth Certificate,27,12.476761076943657,3558,3536,22,39
APP_4814,OFC_183,Medinipur,Caste Certificate,12,59.69769631126189,285,197,88,43
APP_4815,OFC_270,Port Blair,Income Certificate,32,55.19414636966123,691,622,69,51
APP_4816,OFC_132,Geyzing,Death Certificate,38,19.557501321367575,3818,3729,89,36
APP_4817,OFC_795,Tura,Death Certificate,24,24.21475267631572,1349,1331,18,46
APP_4818,OFC_444,Mandi,Birth Certificate,48,26.462934276681622,2595,2555,40,53
APP_4819,OFC_597,Pathankot,Caste Certificate,49,27.164400174780404,1845,1826,19,38
APP_4820,OFC_257,Hubli,Domicile Certificate,34,41.92870284170089,1234,1153,81,43
APP_4821,OFC_187,Dharmanagar,Domicile Certificate,29,40.78838924542543,629,536,93,43
APP_4822,OFC_536,Erode,Birth Certificate,41,31.94751528674475,2206,2113,93,54
APP_4823,OFC_744,Nainital,Domicile Certificate,18,16.203587521360873,641,564,77,34
APP_4824,OFC_122,Anand,Birth Certificate,40,31.24367994591153,986,967,19,44
APP_4825,OFC_700,Agatti,Income Certificate,37,53.27429846940329,1022,1010,12,51
APP_4826,OFC_718,Udaipur,Birth Certificate,21,59.27777617515895,844,747,97,41
APP_4827,OFC_850,Meerut,Marriage Certificate,7,13.578850881440523,298,261,37,33
APP_4828,OFC_468,Deoghar,Domicile Certificate,41,33.52987987998307,2371,2359,12,49
APP_4829,OFC_763,Surat,Death Certificate,41,34.51466217382229,1332,1254,78,45
APP_4830,OFC_425,Kathua,Income Certificate,32,19.3525226775934,2028,1930,98,36
APP_4831,OFC_458,Gorakhpur,Birth Certificate,29,54.43238645399034,1344,1305,39,52
APP_4832,OFC_185,Gandhinagar,Caste Certificate,23,20.121629855635184,2644,2557,87,57
APP_4833,OFC_63,Belgaum,Caste Certificate,28,28.50861374244875,1550,1487,63,36
APP_4834,OFC_99,Jammu,Marriage Certificate,32,58.2197137317625,429,371,58,55
APP_4835,OFC_925,Davanagere,Domicile Certificate,38,22.827210014862494,2992,2897,95,38
APP_4836,OFC_218,Asansol,Domicile Certificate,40,32.892820737841205,3348,3276,72,51
APP_4837,OFC_579,Mangalore,Birth Certificate,43,42.73404458548945,2088,2023,65,59
APP_4838,OFC_13,Jamshedpur,Income Certificate,27,9.813418174759374,2756,2723,33,48
APP_4839,OFC_771,Udhampur,Caste Certificate,40,50.04301712995575,1730,1638,92,55
APP_4840,OFC_879,Roorkee,Death Certificate,48,21.767813494812025,3243,3148,95,32
APP_4841,OFC_666,Adilabad,Caste Certificate,5,50.12948919993557,157,130,27,44
APP_4842,OFC_512,Guwahati,Death Certificate,17,10.84598690535926,815,726,89,37
APP_4843,OFC_466,Pasighat,Domicile Certificate,16,36.054798293469126,830,825,5,58
APP_4844,OFC_648,Aurangabad,Domicile Certificate,35,6.86340154813038,3225,3160,65,42
APP_4845,OFC_634,Panaji,Income Certificate,24,9.255152775584245,6004,5974,30,47
APP_4846,OFC_453,Satna,Income Certificate,44,56.36448335556299,637,549,88,40
APP_4847,OFC_374,Madurai,Income Certificate,11,7.644836496033916,2460,2445,15,47
APP_4848,OFC_356,Vasco da Gama,Domicile Certificate,31,17.73414489875163,1104,1058,46,39
APP_4849,OFC_502,Dimapur,Marriage Certificate,27,26.22590625747668,730,706,24,35
APP_4850,OFC_819,Delhi,Birth Certificate,30,51.451377840766895,1685,1685,0,55
APP_4851,OFC_786,Rudrapur,Income Certificate,12,8.801289207810266,627,553,74,35
APP_4852,OFC_501,Indore,Domicile Certificate,46,49.71490312341606,1264,1171,93,56
APP_4853,OFC_386,Allahabad,Income Certificate,33,53.38595150408551,1526,1493,33,55
APP_4854,OFC_893,Haldwani,Income Certificate,41,29.68063499685026,4090,4055,35,53
APP_4855,OFC_762,Patna,Death Certificate,20,10.14530404424323,1842,1751,91,41
APP_4856,OFC_604,Champhai,Income Certificate,23,29.528046616967597,1071,988,83,48
APP_4857,OFC_588,Jorhat,Domicile Certificate,44,33.15386750140884,2405,2351,54,53
APP_4858,OFC_669,Itanagar,Income Certificate,11,18.295003834976534,679,593,86,37
APP_4859,OFC_878,Shillong,Death Certificate,19,33.55584638498304,1496,1461,35,45
APP_4860,OFC_368,Solan,Caste Certificate,46,42.41182777482599,713,711,2,54
APP_4861,OFC_193,Jowai,Birth Certificate,17,9.56134950668035,1331,1279,52,36
APP_4862,OFC_556,Namchi,Birth Certificate,41,33.0521351014769,2229,2143,86,35
APP_4863,OFC_411,Bishnupur,Marriage Certificate,15,24.063177748541328,974,879,95,48
APP_4864,OFC_579,Rewa,Marriage Certificate,44,15.805381813844123,2338,2256,82,33
APP_4865,OFC_592,Agra,Birth Certificate,12,55.55454845348271,88,18,70,37
APP_4866,OFC_248,Bangalore,Domicile Certificate,26,45.47273557476535,395,298,97,40
APP_4867,OFC_288,Solapur,Income Certificate,47,31.67133736851605,3626,3622,4,47
APP_4868,OFC_765,Silchar,Domicile Certificate,37,34.9803915983378,923,887,36,56
APP_4869,OFC_755,Nashik,Domicile Certificate,8,42.49311904491768,204,170,34,31
APP_4870,OFC_330,Mysore,Caste Certificate,21,35.25507547142408,1065,1039,26,49
APP_4871,OFC_958,Coimbatore,Marriage Certificate,48,55.44871264505244,1051,952,99,43
APP_4872,OFC_369,Katihar,Death Certificate,10,9.028325387232112,628,539,89,53
APP_4873,OFC_752,Bareilly,Death Certificate,36,27.758188144477348,2550,2488,62,51
APP_4874,OFC_746,Jodhpur,Income Certificate,49,28.09266046756258,1485,1428,57,53
APP_4875,OFC_504,Bokaro,Income Certificate,25,36.759347483340186,1296,1246,50,51
APP_4876,OFC_981,Jabalpur,Domicile Certificate,16,48.22814637322871,449,352,97,49
APP_4877,OFC_259,East Delhi,Death Certificate,15,13.242162215840356,1398,1344,54,44
APP_4878,OFC_542,Karimnagar,Domicile Certificate,42,17.78559353805261,2316,2313,3,33
APP_4879,OFC_705,Serchhip,Caste Certificate,9,40.48075534603343,444,356,88,39
APP_4880,OFC_694,Rangareddy,Birth Certificate,46,38.826912650776656,2234,2214,20,34
APP_4881,OFC_181,Salem,Caste Certificate,27,52.18961936463173,1544,1510,34,52
APP_4882,OFC_718,Kavaratti,Birth Certificate,24,42.49115991093944,699,618,81,32
APP_4883,OFC_510,Dispur,Marriage Certificate,25,23.389329263501548,2882,2795,87,55
APP_4884,OFC_853,Thoubal,Marriage Certificate,9,19.41865682410662,236,224,12,53
APP_4885,OFC_41,Chandigarh,Caste Certificate,15,19.78923312355328,1320,1225,95,46
APP_4886,OFC_732,Nagaon,Domicile Certificate,44,22.322940041583767,1841,1835,6,55
APP_4887,OFC_951,Udaipur (Tripura),Caste Certificate,7,48.72644067658196,65,24,41,40
APP_4888,OFC_644,Warangal,Marriage Certificate,18,48.54411593237068,552,527,25,57
APP_4889,OFC_88,Muzaffarpur,Birth Certificate,42,26.79168691447005,866,856,10,51
APP_4890,OFC_447,Ujjain,Domicile Certificate,11,38.37964555077346,244,211,33,32
APP_4891,OFC_435,Imphal,Birth Certificate,45,18.13158222116984,3990,3898,92,41
APP_4892,OFC_425,Patiala,Death Certificate,21,22.7514452362455,888,880,8,38
APP_4893,OFC_1,Gwalior,Domicile Certificate,48,13.571232596693635,2314,2265,49,46
APP_4894,OFC_680,Nizamabad,Income Certificate,11,18.453135054253067,310,310,0,39
APP_4895,OFC_495,Pune,Domicile Certificate,17,52.42123783574121,278,218,60,37
APP_4896,OFC_514,Tawang,Marriage Certificate,16,35.52891760762428,155,116,39,31
APP_4897,OFC_537,Kullu,Marriage Certificate,14,31.316803770307047,1057,1045,12,45
APP_4898,OFC_450,Mayabunder,Caste Certificate,46,18.61781099651443,4481,4467,14,46
APP_4899,OFC_953,Lucknow,Marriage Certificate,35,49.205719527792,756,712,44,49
APP_4900,OFC_155,Tezpur,Caste Certificate,44,34.74333306248329,532,497,35,54
APP_4901,OFC_53,Junagadh,Birth Certificate,28,46.79750411635757,571,521,50,41
APP_4902,OFC_504,Sagar,Caste Certificate,32,43.827813857080905,984,904,80,41
APP_4903,OFC_789,Nagpur,Caste Certificate,48,46.871852647196384,1193,1141,52,53
APP_4904,OFC_750,Howrah,Death Certificate,40,27.65683687135724,2047,2031,16,41
APP_4905,OFC_550,Srinagar,Caste Certificate,33,39.12917675728392,960,865,95,56
APP_4906,OFC_743,Malda,Death Certificate,17,57.14397460798113,363,354,9,55
APP_4907,OFC_668,Bhagalpur,Domicile Certificate,17,48.22685374450023,572,495,77,31
APP_4908,OFC_497,Gulbarga,Marriage Certificate,48,11.462497851275655,8375,8339,36,38
APP_4909,OFC_689,Begusarai,Birth Certificate,37,15.059453530126078,2717,2619,98,45
APP_4910,OFC_551,Dibrugarh,Domicile Certificate,19,40.644491557781045,809,756,53,48
APP_4911,OFC_874,Mokokchung,Marriage Certificate,7,39.86997240954675,414,337,77,46
APP_4912,OFC_519,West Delhi,Marriage Certificate,46,29.56976567855619,2802,2787,15,44
APP_4913,OFC_321,Kota,Death Certificate,40,6.327131660807904,17199,17191,8,53
APP_4914,OFC_229,Vadodara,Death Certificate,20,58.12668323220728,603,545,58,33
APP_4915,OFC_766,Rajkot,Marriage Certificate,39,56.95191581082089,352,308,44,38
APP_4916,OFC_829,Kailashahar,Income Certificate,36,8.798836709795033,6905,6890,15,50
APP_4917,OFC_553,Agartala,Death Certificate,34,5.270403193895906,7936,7924,12,55
APP_4918,OFC_80,Ludhiana,Domicile Certificate,32,48.35520431632326,1486,1446,40,42
APP_4919,OFC_953,Giridih,Domicile Certificate,47,31.917696530558885,2309,2216,93,30
APP_4920,OFC_272,Sikar,Domicile Certificate,17,41.04042063755602,429,338,91,33
APP_4921,OFC_539,Kanpur,Income Certificate,25,19.88302010816417,2357,2331,26,41
APP_4922,OFC_96,Kohima,Birth Certificate,30,35.44648372037754,555,495,60,52
APP_4923,OFC_925,Ahmedabad,Domicile Certificate,31,6.473300870820041,7970,7943,27,42
APP_4924,OFC_233,Mangan,Caste Certificate,8,57.76589487081921,207,164,43,39
APP_4925,OFC_364,Dehradun,Domicile Certificate,48,9.4959800024625,3923,3905,18,37
APP_4926,OFC_492,Churachandpur,Death Certificate,33,33.29985395789372,2806,2725,81,53
APP_4927,OFC_382,Gaya,Birth Certificate,17,18.44307586467433,1165,1163,2,32
APP_4928,OFC_658,Dhanbad,Marriage Certificate,6,23.178627460318527,195,170,25,38
APP_4929,OFC_668,Lunglei,Death Certificate,23,50.23033355000445,1115,1070,45,50
APP_4930,OFC_188,Darjeeling,Marriage Certificate,28,36.0351847857784,531,470,61,30
APP_4931,OFC_758,Manali,Caste Certificate,42,9.02385475393238,4380,4290,90,49
APP_4932,OFC_439,Arrah,Domicile Certificate,49,56.20831922188961,1577,1575,2,49
APP_4933,OFC_350,Ramgarh,Domicile Certificate,20,5.414714955142824,5817,5766,51,53
APP_4934,OFC_664,Ratlam,Marriage Certificate,44,50.18122248120672,1644,1567,77,39
APP_4935,OFC_365,Hyderabad,Caste Certificate,42,21.65562584840657,1981,1950,31,49
APP_4936,OFC_816,Tumkur,Birth Certificate,33,34.59299809497689,2029,1936,93,51
APP_4937,OFC_752,Ghaziabad,Domicile Certificate,7,40.28233949378355,533,462,71,48
APP_4938,OFC_463,Amini,Marriage Certificate,25,8.0859375266603,5480,5458,22,35
APP_4939,OFC_121,Alwar,Birth Certificate,45,39.99972850598775,599,592,7,32
APP_4940,OFC_368,Bardhaman,Caste Certificate,14,20.858340122509624,873,852,21,38
APP_4941,OFC_773,New Delhi,Domicile Certificate,38,32.06639676741216,1134,1123,11,40
APP_4942,OFC_215,Tirunelveli,Death Certificate,40,26.49341832038085,2987,2978,9,44
APP_4943,OFC_158,Bilaspur,Death Certificate,34,45.42699741433054,1288,1278,10,35
APP_4944,OFC_546,Haridwar,Domicile Certificate,6,5.299641524863384,2490,2431,59,40
APP_4945,OFC_636,Central Delhi,Marriage Certificate,45,47.84775638215166,839,787,52,36
APP_4946,OFC_982,Baramulla,Domicile Certificate,27,26.1661428208198,1252,1182,70,34
APP_4947,OFC_887,Margao,Marriage Certificate,19,16.649556270171814,543,446,97,30
APP_4948,OFC_131,Aizawl,Domicile Certificate,15,30.26912522469969,861,763,98,36
APP_4949,OFC_773,Gangtok,Death Certificate,29,40.37032515617472,606,588,18,32
APP_4950,OFC_297,Mapusa,Marriage Certificate,33,14.537579058524749,1918,1823,95,48
APP_4951,OFC_439,Mohali,Caste Certificate,27,45.31231342078208,772,702,70,55
APP_4952,OFC_393,Bathinda,Caste Certificate,8,16.6516277303362,1321,1287,34,58
APP_4953,OFC_250,Jalandhar,Death Certificate,40,57.934320799594765,640,638,2,50
APP_4954,OFC_834,Kashipur,Domicile Certificate,24,17.368785532375533,489,433,56,33
APP_4955,OFC_599,Vellore,Birth Certificate,43,17.275040637900297,1570,1488,82,47
APP_4956,OFC_502,Siliguri,Caste Certificate,23,49.677287993374335,106,82,24,40
APP_4957,OFC_779,Ajmer,Caste Certificate,23,42.0001048224966,747,667,80,31
APP_4958,OFC_727,Minicoy,Income Certificate,33,41.14845555678112,1182,1083,99,45
APP_4959,OFC_868,Dharamshala,Birth Certificate,21,43.14190857906714,926,842,84,54
APP_4960,OFC_949,Varanasi,Income Certificate,25,59.51684120438156,770,746,24,58
APP_4961,OFC_961,Bhilwara,Birth Certificate,32,54.07267503706481,1162,1067,95,49
APP_4962,OFC_287,Tuensang,Marriage Certificate,40,26.571191798727497,2395,2345,50,37
APP_4963,OFC_123,Havelock,Domicile Certificate,33,41.63091036073195,1155,1068,87,45
APP_4964,OFC_479,Diglipur,Income Certificate,39,13.964686932368446,6239,6234,5,53
APP_4965,OFC_509,Anantnag,Caste Certificate,30,35.356286367294054,1784,1777,7,57
APP_4966,OFC_624,Kolhapur,Domicile Certificate,41,20.56143555693944,2081,1994,87,31
APP_4967,OFC_343,Nanded,Marriage Certificate,45,10.24582841784019,4854,4837,17,48
APP_4968,OFC_514,Jaipur,Caste Certificate,34,31.84698244086988,1882,1854,28,36
APP_4969,OFC_616,Purnia,Caste Certificate,18,19.465266418590097,1755,1728,27,53
APP_4970,OFC_449,Bhopal,Death Certificate,35,57.4822341124255,913,904,9,45
APP_4971,OFC_433,Bhavnagar,Marriage Certificate,35,55.83316152385508,1338,1328,10,47
APP_4972,OFC_738,Mahbubnagar,Income Certificate,36,34.032046510626884,1852,1830,22,53
APP_4973,OFC_205,Darbhanga,Marriage Certificate,32,59.20281981601029,629,600,29,42
APP_4974,OFC_185,Thane,Marriage Certificate,29,53.93209372668599,548,457,91,49
APP_4975,OFC_574,Kolkata,Marriage Certificate,39,43.87677412024257,350,259,91,41
APP_4976,OFC_403,Leh,Caste Certificate,42,30.767628168899925,2039,1997,42,34
APP_4977,OFC_511,Durgapur,Death Certificate,46,49.718048419660896,1996,1937,59,55
APP_4978,OFC_519,Chennai,Domicile Certificate,32,55.819998412555,774,694,80,50
APP_4979,OFC_269,Amritsar,Caste Certificate,31,46.25267459213751,687,608,79,37
APP_4980,OFC_304,Tiruchirapalli,Marriage Certificate,22,20.820583419923857,875,778,97,36
APP_4981,OFC_315,Shimla,Birth Certificate,17,40.314869762767,630,624,6,55
APP_4982,OFC_43,Jamnagar,Marriage Certificate,19,14.617576221697062,1115,1086,29,30
APP_4983,OFC_117,Amravati,Birth Certificate,24,39.68999946822221,1359,1333,26,47
APP_4984,OFC_784,Mumbai,Caste Certificate,25,24.20533167686476,1221,1128,93,39
APP_4985,OFC_780,Nongpoh,Domicile Certificate,23,19.58629087136285,1079,1025,54,38
APP_4986,OFC_390,Hazaribagh,Caste Certificate,39,20.33667433834823,3009,2943,66,35
APP_4987,OFC_702,Thoothukudi,Death Certificate,21,27.6881067614814,362,326,36,50
APP_4988,OFC_437,North Delhi,Birth Certificate,37,29.820227721519664,415,357,58,34
APP_4989,OFC_240,Shimoga,Marriage Certificate,37,35.17667291661845,1289,1282,7,34
APP_4990,OFC_498,Khammam,Domicile Certificate,37,26.85805198265408,1327,1326,1,35
APP_4991,OFC_654,Naharlagun,Death Certificate,16,21.68920957514894,1924,1852,72,48
APP_4992,OFC_109,Bikaner,Caste Certificate,37,54.62112777417487,637,577,60,37
APP_4993,OFC_539,Ranchi,Marriage Certificate,39,36.37284596644616,2071,2067,4,38
APP_4994,OFC_747,South Delhi,Marriage Certificate,44,13.76301898667396,4865,4817,48,35
APP_4995,OFC_315,Medinipur,Birth Certificate,7,50.66160014921675,148,143,5,34
APP_4996,OFC_555,Port Blair,Death Certificate,18,42.20767122745374,238,224,14,49
APP_4997,OFC_180,Geyzing,Death Certificate,6,37.11795957789219,191,178,13,53
APP_4998,OFC_656,Tura,Death Certificate,36,15.7596306786866,1634,1588,46,52
APP_4999,OFC_56,Mandi,Domicile Certificate,20,18.281901096693773,2594,2569,25,45
APP_5000,OFC_764,Pathankot,Income Certificate,14,36.8599433847514,486,432,54,46
APP_5001,OFC_842,Hubli,Caste Certificate,10,16.53535540120813,1133,1075,58,45
APP_5002,OFC_905,Dharmanagar,Domicile Certificate,30,18.77804414555269,3014,2998,16,56
APP_5003,OFC_666,Erode,Birth Certificate,9,43.22656108474809,304,241,63,41
APP_5004,OFC_665,Nainital,Domicile Certificate,21,51.98469228517102,296,219,77,32
APP_5005,OFC_250,Anand,Death Certificate,14,13.698995163081143,1376,1339,37,42
APP_5006,OFC_832,Agatti,Domicile Certificate,27,28.823721824294005,1436,1339,97,45
APP_5007,OFC_409,Udaipur,Domicile Certificate,27,49.82562707022001,529,443,86,53
APP_5008,OFC_960,Meerut,Domicile Certificate,28,40.53598864594128,1173,1111,62,57
APP_5009,OFC_519,Deoghar,Death Certificate,31,59.90907297637426,1453,1437,16,57
APP_5010,OFC_969,Surat,Income Certificate,21,22.842562926309164,399,375,24,35
APP_5011,OFC_233,Kathua,Death Certificate,16,8.881140877479785,2226,2208,18,36
APP_5012,OFC_796,Gorakhpur,Income Certificate,48,28.34341467917284,1054,1002,52,50
APP_5013,OFC_756,Gandhinagar,Marriage Certificate,24,22.26067783244836,1323,1233,90,55
APP_5014,OFC_714,Belgaum,Birth Certificate,41,24.463892619342555,1420,1324,96,44
APP_5015,OFC_258,Jammu,Income Certificate,23,17.64476155852106,1531,1471,60,47
APP_5016,OFC_961,Davanagere,Marriage Certificate,22,36.655009600494495,619,582,37,37
APP_5017,OFC_384,Asansol,Marriage Certificate,17,16.16333447243085,1357,1260,97,30
APP_5018,OFC_4,Mangalore,Domicile Certificate,25,58.17172813696709,618,597,21,59
APP_5019,OFC_100,Jamshedpur,Birth Certificate,7,45.4982731461027,436,377,59,57
APP_5020,OFC_968,Udhampur,Domicile Certificate,19,23.53807944632126,1183,1109,74,36
APP_5021,OFC_343,Roorkee,Domicile Certificate,41,58.087279309932185,1042,968,74,56
APP_5022,OFC_54,Adilabad,Caste Certificate,46,46.93222349400963,2148,2071,77,59
APP_5023,OFC_509,Guwahati,Death Certificate,5,40.63472903093985,270,241,29,40
APP_5024,OFC_510,Pasighat,Income Certificate,34,57.51844512104229,335,281,54,39
APP_5025,OFC_576,Aurangabad,Death Certificate,15,13.68688632229702,779,715,64,33
APP_5026,OFC_695,Panaji,Death Certificate,49,34.659567657180816,2239,2143,96,39
APP_5027,OFC_799,Satna,Caste Certificate,22,28.56366608191994,2022,1937,85,55
APP_5028,OFC_685,Madurai,Domicile Certificate,24,47.94665739659485,479,401,78,47
APP_5029,OFC_5,Vasco da Gama,Marriage Certificate,33,47.804442936655725,1099,1068,31,48
APP_5030,OFC_71,Dimapur,Income Certificate,34,57.26220096555933,555,530,25,41
APP_5031,OFC_613,Delhi,Income Certificate,14,52.1622657936484,531,508,23,54
APP_5032,OFC_155,Rudrapur,Caste Certificate,28,43.81789174974118,1307,1234,73,57
APP_5033,OFC_630,Indore,Domicile Certificate,21,45.99606259710465,600,596,4,33
APP_5034,OFC_796,Allahabad,Death Certificate,31,41.06896449250444,529,481,48,30
APP_5035,OFC_136,Haldwani,Death Certificate,34,8.922451062983614,1051,1002,49,32
APP_5036,OFC_463,Patna,Caste Certificate,15,58.61360901228589,370,334,36,52
APP_5037,OFC_722,Champhai,Income Certificate,14,38.487194910088455,293,224,69,36
APP_5038,OFC_556,Jorhat,Birth Certificate,31,29.129690206209904,2330,2293,37,54
APP_5039,OFC_258,Itanagar,Domicile Certificate,5,15.46035069964229,341,333,8,58
APP_5040,OFC_81,Shillong,Death Certificate,22,29.262750531866647,1163,1148,15,54
APP_5041,OFC_856,Solan,Birth Certificate,16,38.43074588279556,727,645,82,38
APP_5042,OFC_978,Jowai,Domicile Certificate,9,49.17972132324086,71,27,44,56
APP_5043,OFC_159,Namchi,Income Certificate,27,44.56457515313338,1038,1012,26,41
APP_5044,OFC_702,Bishnupur,Caste Certificate,29,40.67870084056759,2257,2189,68,59
APP_5045,OFC_767,Rewa,Marriage Certificate,39,15.63473702853552,923,900,23,46
APP_5046,OFC_51,Agra,Income Certificate,6,43.22284096856578,152,73,79,38
APP_5047,OFC_767,Bangalore,Birth Certificate,21,48.38548139212074,400,337,63,32
APP_5048,OFC_361,Solapur,Caste Certificate,37,51.76055016977968,1244,1176,68,33
APP_5049,OFC_985,Silchar,Income Certificate,10,53.83608422879206,286,277,9,43
APP_5050,OFC_570,Nashik,Birth Certificate,16,59.58174528648962,351,333,18,36
APP_5051,OFC_745,Mysore,Marriage Certificate,15,7.53749423317703,3530,3497,33,48
APP_5052,OFC_261,Coimbatore,Marriage Certificate,11,32.994612229822884,1054,957,97,53
APP_5053,OFC_354,Katihar,Birth Certificate,39,29.094934229033093,3127,3084,43,53
APP_5054,OFC_199,Bareilly,Birth Certificate,14,21.84036320010647,255,206,49,53
APP_5055,OFC_886,Jodhpur,Death Certificate,38,22.204595879715104,5049,4961,88,56
APP_5056,OFC_139,Bokaro,Death Certificate,10,34.48585288620292,541,510,31,41
APP_5057,OFC_732,Jabalpur,Domicile Certificate,29,48.60760604625955,1116,1047,69,49
APP_5058,OFC_75,East Delhi,Death Certificate,5,28.20451121152521,49,6,43,38
APP_5059,OFC_250,Karimnagar,Death Certificate,42,27.507779536713077,3209,3155,54,46
APP_5060,OFC_547,Serchhip,Caste Certificate,38,15.78938557976278,730,674,56,33
APP_5061,OFC_684,Rangareddy,Birth Certificate,20,17.771600063350732,1662,1570,92,48
APP_5062,OFC_482,Salem,Income Certificate,18,29.831019341276956,1197,1121,76,44
APP_5063,OFC_582,Kavaratti,Income Certificate,35,17.15992676984863,3515,3452,63,47
APP_5064,OFC_91,Dispur,Death Certificate,6,12.396751046357174,760,748,12,30
APP_5065,OFC_615,Thoubal,Birth Certificate,45,15.979972105500774,3072,3042,30,43
APP_5066,OFC_917,Chandigarh,Caste Certificate,47,23.96374251179922,3572,3567,5,55
APP_5067,OFC_613,Nagaon,Caste Certificate,17,58.53651709884413,246,161,85,33
APP_5068,OFC_429,Udaipur (Tripura),Income Certificate,36,18.17047814146833,1700,1695,5,40
APP_5069,OFC_687,Warangal,Birth Certificate,17,42.445594708016166,671,642,29,41
APP_5070,OFC_16,Muzaffarpur,Birth Certificate,26,41.1676515436965,1491,1400,91,49
APP_5071,OFC_500,Ujjain,Death Certificate,8,19.45204167707761,862,787,75,54
APP_5072,OFC_853,Imphal,Death Certificate,48,12.082312374497096,1391,1388,3,33
APP_5073,OFC_332,Patiala,Birth Certificate,33,29.662467470924305,1883,1873,10,41
APP_5074,OFC_714,Gwalior,Caste Certificate,16,26.609474495035432,611,533,78,50
APP_5075,OFC_52,Nizamabad,Death Certificate,48,33.02374510178619,3531,3504,27,49
APP_5076,OFC_503,Pune,Caste Certificate,35,45.79781952460506,1863,1807,56,59
APP_5077,OFC_849,Tawang,Death Certificate,40,58.51018127205164,1306,1256,50,53
APP_5078,OFC_323,Kullu,Caste Certificate,20,51.46370364861751,434,405,29,42
APP_5079,OFC_399,Mayabunder,Death Certificate,36,19.136750258111057,3862,3790,72,59
APP_5080,OFC_283,Lucknow,Caste Certificate,33,20.59965146253033,4010,3924,86,52
APP_5081,OFC_924,Tezpur,Caste Certificate,7,24.637644917914425,420,405,15,44
APP_5082,OFC_492,Junagadh,Caste Certificate,39,51.27731100757953,781,743,38,45
APP_5083,OFC_120,Sagar,Death Certificate,34,41.4942115459702,628,627,1,47
APP_5084,OFC_322,Nagpur,Death Certificate,44,58.30763538813963,1799,1730,69,53
APP_5085,OFC_528,Howrah,Income Certificate,10,23.4079558063946,508,418,90,32
APP_5086,OFC_156,Srinagar,Domicile Certificate,31,58.24605403522266,1135,1098,37,57
APP_5087,OFC_71,Malda,Death Certificate,39,31.46896885028628,892,892,0,52
APP_5088,OFC_453,Bhagalpur,Domicile Certificate,8,24.47553980143981,97,44,53,34
APP_5089,OFC_464,Gulbarga,Caste Certificate,22,5.205019902464199,10045,9992,53,54
APP_5090,OFC_792,Begusarai,Caste Certificate,39,36.52153882711647,2559,2510,49,40
APP_5091,OFC_628,Dibrugarh,Marriage Certificate,38,28.63405902647807,1444,1388,56,32
APP_5092,OFC_260,Mokokchung,Death Certificate,49,47.01610069240933,1450,1381,69,35
APP_5093,OFC_365,West Delhi,Birth Certificate,34,10.257124464171268,804,738,66,43
APP_5094,OFC_466,Kota,Caste Certificate,49,11.738074665472734,966,894,72,37
APP_5095,OFC_671,Vadodara,Death Certificate,7,20.34053377145596,544,526,18,46
APP_5096,OFC_8,Rajkot,Marriage Certificate,48,38.27995050980642,2926,2915,11,57
APP_5097,OFC_259,Kailashahar,Death Certificate,49,41.84327172602399,1567,1528,39,42
APP_5098,OFC_731,Agartala,Income Certificate,27,31.219906085571356,1472,1389,83,39
APP_5099,OFC_661,Ludhiana,Death Certificate,32,56.5651251533471,785,705,80,56
APP_5100,OFC_957,Giridih,Birth Certificate,21,44.40400696708201,667,586,81,43
APP_5101,OFC_316,Sikar,Income Certificate,48,34.20296721667269,991,922,69,40
APP_5102,OFC_201,Kanpur,Death Certificate,45,41.23619145757947,1633,1563,70,42
APP_5103,OFC_395,Kohima,Caste Certificate,23,51.884205263790605,936,853,83,43
APP_5104,OFC_875,Ahmedabad,Birth Certificate,8,10.83733072490468,1362,1309,53,34
APP_5105,OFC_707,Mangan,Marriage Certificate,10,7.131040942930165,2974,2907,67,37
APP_5106,OFC_580,Dehradun,Domicile Certificate,36,48.88272081301487,755,731,24,45
APP_5107,OFC_38,Churachandpur,Death Certificate,15,28.367246933848435,647,576,71,33
APP_5108,OFC_321,Gaya,Domicile Certificate,8,55.19627269198897,282,210,72,50
APP_5109,OFC_667,Dhanbad,Birth Certificate,5,35.52690741535917,292,216,76,32
APP_5110,OFC_486,Lunglei,Death Certificate,38,30.941022131705797,512,438,74,58
APP_5111,OFC_535,Darjeeling,Domicile Certificate,12,32.495490030945845,672,611,61,53
APP_5112,OFC_825,Manali,Caste Certificate,12,22.618684707709228,486,451,35,52
APP_5113,OFC_849,Arrah,Birth Certificate,32,16.902699739290917,3434,3371,63,49
APP_5114,OFC_860,Ramgarh,Domicile Certificate,46,29.287654738253018,3185,3144,41,59
APP_5115,OFC_947,Ratlam,Income Certificate,29,51.86229170460435,361,281,80,30
APP_5116,OFC_964,Hyderabad,Birth Certificate,35,37.53930935531566,668,618,50,39
APP_5117,OFC_149,Tumkur,Domicile Certificate,48,25.96092190037632,2776,2696,80,41
APP_5118,OFC_72,Ghaziabad,Caste Certificate,31,35.072376232678884,1972,1965,7,54
APP_5119,OFC_730,Amini,Death Certificate,46,19.39984636918025,2125,2089,36,58
APP_5120,OFC_730,Alwar,Domicile Certificate,6,24.04137074878983,404,368,36,33
APP_5121,OFC_67,Bardhaman,Caste Certificate,28,46.827132332902615,652,558,94,47
APP_5122,OFC_723,New Delhi,Birth Certificate,39,6.285339125643276,11856,11799,57,49
APP_5123,OFC_770,Tirunelveli,Marriage Certificate,19,25.214199839649,1280,1254,26,49
APP_5124,OFC_14,Bilaspur,Caste Certificate,32,7.79866037051541,7856,7792,64,50
APP_5125,OFC_338,Haridwar,Marriage Certificate,6,40.18726486379364,312,242,70,47
APP_5126,OFC_736,Central Delhi,Caste Certificate,27,53.35968055631247,108,83,25,58
APP_5127,OFC_871,Baramulla,Caste Certificate,6,35.95599762422029,206,114,92,33
APP_5128,OFC_444,Margao,Marriage Certificate,48,19.646224107629493,728,704,24,31
APP_5129,OFC_165,Aizawl,Income Certificate,30,15.848758034382207,2821,2768,53,57
APP_5130,OFC_593,Gangtok,Income Certificate,49,37.81271139941828,1672,1591,81,48
APP_5131,OFC_265,Mapusa,Caste Certificate,37,19.626429477808347,829,777,52,30
APP_5132,OFC_648,Mohali,Domicile Certificate,23,31.463038327807013,1784,1693,91,50
APP_5133,OFC_332,Bathinda,Death Certificate,21,26.92382936159168,1492,1445,47,49
APP_5134,OFC_921,Jalandhar,Marriage Certificate,5,27.94486756301941,490,467,23,57
APP_5135,OFC_867,Kashipur,Domicile Certificate,24,43.64086316623427,751,692,59,33
APP_5136,OFC_124,Vellore,Domicile Certificate,26,26.697293694327865,1504,1467,37,40
APP_5137,OFC_861,Siliguri,Death Certificate,36,42.37588677270227,1028,978,50,35
APP_5138,OFC_349,Ajmer,Caste Certificate,35,40.54907896633159,1241,1181,60,42
APP_5139,OFC_876,Minicoy,Domicile Certificate,24,11.579654343887755,3767,3734,33,43
APP_5140,OFC_584,Dharamshala,Caste Certificate,15,43.77142494885072,378,359,19,45
APP_5141,OFC_59,Varanasi,Domicile Certificate,20,37.76898225819981,457,444,13,51
APP_5142,OFC_319,Bhilwara,Birth Certificate,21,52.59314935972901,465,395,70,39
APP_5143,OFC_360,Tuensang,Income Certificate,25,35.16561974295159,787,689,98,36
APP_5144,OFC_507,Havelock,Domicile Certificate,30,50.67511702245125,1023,950,73,48
APP_5145,OFC_182,Diglipur,Death Certificate,14,21.19086956599173,702,698,4,40
APP_5146,OFC_54,Anantnag,Death Certificate,18,41.74937351917673,762,688,74,40
APP_5147,OFC_532,Kolhapur,Death Certificate,25,55.80960837892938,758,736,22,43
APP_5148,OFC_500,Nanded,Marriage Certificate,20,13.106342055378532,1932,1861,71,42
APP_5149,OFC_908,Jaipur,Caste Certificate,29,8.929129311376819,4395,4380,15,33
APP_5150,OFC_367,Purnia,Income Certificate,25,54.827685258413,498,427,71,45
APP_5151,OFC_216,Bhopal,Birth Certificate,25,33.19698351011253,414,333,81,55
APP_5152,OFC_753,Bhavnagar,Birth Certificate,24,42.778075256698735,886,861,25,35
APP_5153,OFC_94,Mahbubnagar,Caste Certificate,43,26.426602184772104,4324,4239,85,47
APP_5154,OFC_900,Darbhanga,Birth Certificate,18,45.82345541765909,138,110,28,32
APP_5155,OFC_970,Thane,Caste Certificate,22,23.94333789090656,1404,1383,21,58
APP_5156,OFC_278,Kolkata,Birth Certificate,6,32.814737526363174,108,76,32,31
APP_5157,OFC_530,Leh,Domicile Certificate,23,45.90519337634316,486,461,25,39
APP_5158,OFC_543,Durgapur,Marriage Certificate,43,25.57898883417457,1090,1058,32,46
APP_5159,OFC_538,Chennai,Caste Certificate,16,34.032578499721254,328,231,97,44
APP_5160,OFC_537,Amritsar,Death Certificate,45,17.142042494738906,1037,1013,24,34
APP_5161,OFC_863,Tiruchirapalli,Death Certificate,47,7.878369777373511,12775,12765,10,54
APP_5162,OFC_480,Shimla,Income Certificate,9,14.393297405224882,810,799,11,35
APP_5163,OFC_866,Jamnagar,Caste Certificate,31,19.36311919872512,2049,1980,69,39
APP_5164,OFC_916,Amravati,Domicile Certificate,24,16.718116621812477,452,353,99,49
APP_5165,OFC_401,Mumbai,Birth Certificate,12,19.672395118614684,1025,947,78,39
APP_5166,OFC_140,Nongpoh,Marriage Certificate,46,13.880010680763892,4090,4007,83,30
APP_5167,OFC_764,Hazaribagh,Income Certificate,15,54.20609142107183,325,320,5,41
APP_5168,OFC_427,Thoothukudi,Income Certificate,15,55.299105600721056,346,296,50,30
APP_5169,OFC_578,North Delhi,Marriage Certificate,19,35.75673312333217,1064,1025,39,43
APP_5170,OFC_549,Shimoga,Domicile Certificate,5,18.867672427770664,713,699,14,48
APP_5171,OFC_433,Khammam,Birth Certificate,7,15.457845980355236,1267,1251,16,55
APP_5172,OFC_238,Naharlagun,Income Certificate,40,21.20462605403019,968,878,90,43
APP_5173,OFC_568,Bikaner,Birth Certificate,43,21.06114551185424,5417,5366,51,47
APP_5174,OFC_287,Ranchi,Caste Certificate,39,51.21285612741799,1112,1052,60,49
APP_5175,OFC_872,South Delhi,Birth Certificate,15,54.03903681336645,120,96,24,42
APP_5176,OFC_642,Medinipur,Caste Certificate,10,14.39990416892603,850,779,71,31
APP_5177,OFC_889,Port Blair,Birth Certificate,15,15.091182693703283,1450,1366,84,32
APP_5178,OFC_26,Geyzing,Birth Certificate,11,57.14658545150126,343,339,4,57
APP_5179,OFC_246,Tura,Income Certificate,43,24.35506610862589,1939,1915,24,47
APP_5180,OFC_212,Mandi,Death Certificate,40,58.35466398257644,1483,1417,66,45
APP_5181,OFC_987,Pathankot,Income Certificate,42,53.3352530180428,1004,908,96,32
APP_5182,OFC_731,Hubli,Birth Certificate,28,25.15361244579932,2176,2132,44,42
APP_5183,OFC_428,Dharmanagar,Birth Certificate,34,26.2859966654421,1648,1623,25,30
APP_5184,OFC_627,Erode,Caste Certificate,34,21.55709844299328,2882,2874,8,36
APP_5185,OFC_582,Nainital,Domicile Certificate,10,31.280458021519983,744,722,22,55
APP_5186,OFC_330,Anand,Income Certificate,47,32.323900676122875,648,597,51,43
APP_5187,OFC_241,Agatti,Birth Certificate,41,5.735397412223493,15787,15759,28,59
APP_5188,OFC_459,Udaipur,Marriage Certificate,19,26.648422660034363,1282,1265,17,45
APP_5189,OFC_201,Meerut,Marriage Certificate,22,37.49540623546262,1107,1029,78,44
APP_5190,OFC_123,Deoghar,Domicile Certificate,11,13.443593739330309,1328,1256,72,36
APP_5191,OFC_942,Surat,Income Certificate,36,46.67960689386976,1227,1154,73,58
APP_5192,OFC_155,Kathua,Marriage Certificate,36,50.2076491197591,1183,1152,31,45
APP_5193,OFC_961,Gorakhpur,Marriage Certificate,17,33.902579987342,306,292,14,35
APP_5194,OFC_864,Gandhinagar,Death Certificate,25,41.70002416155491,939,891,48,30
APP_5195,OFC_447,Belgaum,Birth Certificate,30,43.32270500896024,882,809,73,32
APP_5196,OFC_606,Jammu,Domicile Certificate,13,43.117489591196026,463,423,40,33
APP_5197,OFC_680,Davanagere,Marriage Certificate,37,23.205659382377213,2449,2374,75,36
APP_5198,OFC_795,Asansol,Birth Certificate,25,20.66972518868055,2033,1969,64,56
APP_5199,OFC_562,Mangalore,Domicile Certificate,17,18.649068591981997,1178,1136,42,51
APP_5200,OFC_877,Jamshedpur,Death Certificate,6,53.87368747048789,184,132,52,30
APP_5201,OFC_779,Udhampur,Marriage Certificate,10,41.72832635208805,668,621,47,56
APP_5202,OFC_388,Roorkee,Domicile Certificate,42,49.48012441310087,530,444,86,57
APP_5203,OFC_810,Adilabad,Domicile Certificate,40,27.587947596734697,585,487,98,34
APP_5204,OFC_837,Guwahati,Marriage Certificate,25,8.67904409409027,3491,3405,86,30
APP_5205,OFC_198,Pasighat,Domicile Certificate,16,6.496449900626317,3075,3063,12,59
APP_5206,OFC_971,Aurangabad,Birth Certificate,43,43.55802303504971,1248,1202,46,30
APP_5207,OFC_928,Panaji,Marriage Certificate,28,41.037783991153056,1105,1029,76,44
APP_5208,OFC_447,Satna,Death Certificate,8,33.285696651008976,669,628,41,56
APP_5209,OFC_830,Madurai,Marriage Certificate,47,32.49972208283937,2692,2639,53,56
APP_5210,OFC_784,Vasco da Gama,Income Certificate,33,7.32958848438361,12849,12794,55,56
APP_5211,OFC_53,Dimapur,Caste Certificate,5,56.68858252685613,130,123,7,58
APP_5212,OFC_148,Delhi,Income Certificate,33,11.962719805226094,7625,7609,16,55
APP_5213,OFC_568,Rudrapur,Caste Certificate,28,18.234363299874936,2483,2426,57,39
APP_5214,OFC_23,Indore,Death Certificate,12,21.07888971401251,1262,1214,48,54
APP_5215,OFC_661,Allahabad,Birth Certificate,15,15.661086122602596,979,929,50,35
APP_5216,OFC_185,Haldwani,Birth Certificate,28,14.8130217140428,1808,1772,36,30
APP_5217,OFC_952,Patna,Marriage Certificate,11,24.70095162989103,353,272,81,43
APP_5218,OFC_907,Champhai,Domicile Certificate,14,29.682338299970148,856,830,26,48
APP_5219,OFC_382,Jorhat,Marriage Certificate,38,49.68381418851319,1378,1315,63,47
APP_5220,OFC_94,Itanagar,Death Certificate,39,52.76020977443767,650,620,30,34
APP_5221,OFC_870,Shillong,Birth Certificate,29,5.029069366345678,7383,7333,50,34
APP_5222,OFC_924,Solan,Marriage Certificate,46,6.784687198201161,5038,4991,47,52
APP_5223,OFC_46,Jowai,Income Certificate,41,5.925080948839328,10709,10660,49,43
APP_5224,OFC_432,Namchi,Caste Certificate,35,26.63226999906473,1201,1125,76,54
APP_5225,OFC_284,Bishnupur,Marriage Certificate,36,9.95177623558816,6786,6769,17,51
APP_5226,OFC_514,Rewa,Caste Certificate,38,37.79207337991114,430,429,1,52
APP_5227,OFC_70,Agra,Birth Certificate,23,24.166852662058886,1425,1375,50,32
APP_5228,OFC_618,Bangalore,Birth Certificate,32,6.245812272450249,5775,5699,76,59
APP_5229,OFC_726,Solapur,Domicile Certificate,37,21.04182080316124,1736,1684,52,42
APP_5230,OFC_559,Silchar,Death Certificate,14,24.87382841672564,957,900,57,37
APP_5231,OFC_417,Nashik,Income Certificate,23,16.842992959942567,1044,1012,32,43
APP_5232,OFC_412,Mysore,Birth Certificate,46,17.44064655169776,6193,6170,23,59
APP_5233,OFC_577,Coimbatore,Death Certificate,27,28.027297462581263,696,642,54,34
APP_5234,OFC_236,Katihar,Birth Certificate,17,38.41243274156015,983,950,33,56
APP_5235,OFC_411,Bareilly,Death Certificate,16,45.23290533164984,149,138,11,33
APP_5236,OFC_36,Jodhpur,Death Certificate,20,22.678113263633183,698,689,9,31
APP_5237,OFC_43,Bokaro,Domicile Certificate,44,42.46106176575119,500,433,67,46
APP_5238,OFC_481,Jabalpur,Domicile Certificate,32,33.07208335190459,1659,1598,61,32
APP_5239,OFC_212,East Delhi,Domicile Certificate,35,49.87273183451367,503,488,15,30
APP_5240,OFC_750,Karimnagar,Income Certificate,38,34.70163374640166,3123,3066,57,58
APP_5241,OFC_90,Serchhip,Income Certificate,26,29.18559945624628,866,815,51,36
APP_5242,OFC_221,Rangareddy,Caste Certificate,34,51.92667803830856,470,425,45,45
APP_5243,OFC_389,Salem,Birth Certificate,7,29.939555469888663,384,319,65,30
APP_5244,OFC_95,Kavaratti,Caste Certificate,8,13.647468704320588,1662,1595,67,47
APP_5245,OFC_640,Dispur,Marriage Certificate,34,16.84074812226667,1287,1204,83,41
APP_5246,OFC_897,Thoubal,Domicile Certificate,45,57.033765157017,236,224,12,34
APP_5247,OFC_969,Chandigarh,Death Certificate,46,46.70348753753039,218,187,31,45
APP_5248,OFC_608,Nagaon,Birth Certificate,49,19.382005195981243,7223,7142,81,54
APP_5249,OFC_452,Udaipur (Tripura),Death Certificate,30,52.95125492522232,892,833,59,44
APP_5250,OFC_4,Warangal,Birth Certificate,16,34.74508584548401,742,695,47,30
APP_5251,OFC_332,Muzaffarpur,Birth Certificate,32,39.24322292057018,1296,1226,70,38
APP_5252,OFC_854,Ujjain,Marriage Certificate,22,24.37678644298449,910,881,29,30
APP_5253,OFC_615,Imphal,Income Certificate,37,19.343924939429236,1374,1351,23,57
APP_5254,OFC_556,Patiala,Death Certificate,18,37.94680690516432,1191,1092,99,53
APP_5255,OFC_178,Gwalior,Domicile Certificate,16,51.22131799565253,302,284,18,45
APP_5256,OFC_527,Nizamabad,Caste Certificate,20,31.20045850007585,1042,997,45,36
APP_5257,OFC_24,Pune,Caste Certificate,40,55.041837419133216,705,637,68,43
APP_5258,OFC_448,Tawang,Caste Certificate,41,56.64603560790872,1587,1528,59,50
APP_5259,OFC_266,Kullu,Caste Certificate,10,36.09131266561155,885,820,65,56
APP_5260,OFC_466,Mayabunder,Caste Certificate,46,19.813971314570047,1632,1542,90,33
APP_5261,OFC_827,Lucknow,Marriage Certificate,40,56.040887966003886,1663,1579,84,49
APP_5262,OFC_185,Tezpur,Domicile Certificate,49,31.077906581748177,1825,1734,91,50
APP_5263,OFC_458,Junagadh,Caste Certificate,43,16.077875830541664,6732,6714,18,47
APP_5264,OFC_155,Sagar,Domicile Certificate,20,49.33957882428279,625,594,31,42
APP_5265,OFC_659,Nagpur,Marriage Certificate,34,53.39766452846942,649,572,77,45
APP_5266,OFC_361,Howrah,Marriage Certificate,40,22.955562008160705,2264,2173,91,46
APP_5267,OFC_525,Srinagar,Birth Certificate,18,37.02132448163206,1109,1081,28,57
APP_5268,OFC_865,Malda,Domicile Certificate,24,7.81330908434855,5049,5004,45,40
APP_5269,OFC_158,Bhagalpur,Marriage Certificate,40,48.33492150594456,847,755,92,31
APP_5270,OFC_978,Gulbarga,Death Certificate,5,46.2817006896489,234,146,88,43
APP_5271,OFC_774,Begusarai,Income Certificate,47,38.362354261170175,3099,3080,19,56
APP_5272,OFC_641,Dibrugarh,Income Certificate,32,24.64698395032989,2446,2394,52,42
APP_5273,OFC_659,Mokokchung,Death Certificate,23,12.938851369079178,1604,1583,21,39
APP_5274,OFC_454,West Delhi,Birth Certificate,27,46.22406218612547,607,567,40,58
APP_5275,OFC_974,Kota,Marriage Certificate,34,11.77533342126799,1305,1221,84,46
APP_5276,OFC_601,Vadodara,Domicile Certificate,30,30.062238376515324,775,763,12,59
APP_5277,OFC_401,Rajkot,Birth Certificate,35,44.56891922328606,764,690,74,48
APP_5278,OFC_506,Kailashahar,Birth Certificate,29,57.80983976222714,277,210,67,31
APP_5279,OFC_119,Agartala,Death Certificate,29,15.039702872806192,766,712,54,51
APP_5280,OFC_198,Ludhiana,Death Certificate,30,10.265067649651012,3192,3172,20,34
APP_5281,OFC_208,Giridih,Caste Certificate,31,47.67917223135209,924,867,57,46
APP_5282,OFC_341,Sikar,Marriage Certificate,11,48.90734513412815,314,234,80,47
APP_5283,OFC_56,Kanpur,Caste Certificate,43,14.183944585030517,3562,3515,47,35
APP_5284,OFC_218,Kohima,Marriage Certificate,34,15.024141416141036,1614,1586,28,30
APP_5285,OFC_623,Ahmedabad,Caste Certificate,32,26.573517161980888,832,764,68,32
APP_5286,OFC_627,Mangan,Domicile Certificate,24,26.62605191073461,1362,1325,37,32
APP_5287,OFC_280,Dehradun,Domicile Certificate,10,56.27654578596894,124,52,72,51
APP_5288,OFC_521,Churachandpur,Caste Certificate,44,59.94871584116645,1264,1176,88,53
APP_5289,OFC_850,Gaya,Marriage Certificate,29,48.50396274946888,1004,981,23,52
APP_5290,OFC_65,Dhanbad,Caste Certificate,19,47.18936271613205,394,316,78,57
APP_5291,OFC_151,Lunglei,Income Certificate,16,8.809876181383935,1397,1387,10,30
APP_5292,OFC_60,Darjeeling,Death Certificate,48,35.662699374277764,1442,1389,53,46
APP_5293,OFC_639,Manali,Death Certificate,34,37.105934082318754,748,661,87,53
APP_5294,OFC_312,Arrah,Income Certificate,16,41.81576057804751,160,62,98,58
APP_5295,OFC_815,Ramgarh,Domicile Certificate,16,47.6584153245892,641,550,91,38
APP_5296,OFC_923,Ratlam,Caste Certificate,9,38.16037487125404,252,211,41,32
APP_5297,OFC_847,Hyderabad,Caste Certificate,42,57.087766385910086,610,561,49,46
APP_5298,OFC_611,Tumkur,Birth Certificate,19,6.783795122531018,924,847,77,41
APP_5299,OFC_851,Ghaziabad,Domicile Certificate,43,40.66700094236808,2111,2032,79,41
APP_5300,OFC_149,Amini,Income Certificate,19,47.00548778584197,302,265,37,49
APP_5301,OFC_485,Alwar,Death Certificate,26,46.55508238868525,544,479,65,33
APP_5302,OFC_781,Bardhaman,Income Certificate,32,45.65161703158374,376,348,28,45
APP_5303,OFC_277,New Delhi,Domicile Certificate,24,8.894237270627016,3343,3287,56,56
APP_5304,OFC_147,Tirunelveli,Birth Certificate,30,6.523646781690316,9575,9487,88,38
APP_5305,OFC_245,Bilaspur,Income Certificate,49,37.6535957311014,2545,2484,61,49
APP_5306,OFC_633,Haridwar,Domicile Certificate,44,6.2774841632733205,15985,15911,74,42
APP_5307,OFC_442,Central Delhi,Income Certificate,35,18.04017568122567,4280,4245,35,47
APP_5308,OFC_76,Baramulla,Death Certificate,42,13.523462092615532,4699,4699,0,35
APP_5309,OFC_659,Margao,Birth Certificate,33,43.077886908420666,926,828,98,31
APP_5310,OFC_437,Aizawl,Domicile Certificate,18,43.909376048520585,560,517,43,35
APP_5311,OFC_951,Gangtok,Birth Certificate,45,47.238927728086686,541,528,13,36
APP_5312,OFC_321,Mapusa,Domicile Certificate,41,45.56388038815447,1938,1909,29,45
APP_5313,OFC_29,Mohali,Death Certificate,28,18.37209435895822,1297,1200,97,54
APP_5314,OFC_554,Bathinda,Marriage Certificate,23,12.520208669663743,2468,2381,87,37
APP_5315,OFC_184,Jalandhar,Marriage Certificate,26,33.798950811642655,809,806,3,41
APP_5316,OFC_417,Kashipur,Birth Certificate,47,54.89075083011384,1375,1305,70,58
APP_5317,OFC_946,Vellore,Domicile Certificate,45,57.11247142756425,1083,1063,20,35
APP_5318,OFC_742,Siliguri,Domicile Certificate,35,25.10594521528824,2666,2638,28,35
APP_5319,OFC_819,Ajmer,Income Certificate,16,7.119893836294279,6052,5993,59,58
APP_5320,OFC_946,Minicoy,Marriage Certificate,30,23.4169429227563,1970,1958,12,52
APP_5321,OFC_640,Dharamshala,Death Certificate,24,11.410349512101284,4306,4238,68,52
APP_5322,OFC_985,Varanasi,Domicile Certificate,26,51.18071656083409,403,336,67,31
APP_5323,OFC_726,Bhilwara,Death Certificate,46,23.31315785525059,1544,1514,30,50
APP_5324,OFC_59,Tuensang,Income Certificate,49,8.342030451682442,10625,10528,97,53
APP_5325,OFC_573,Havelock,Birth Certificate,7,42.19110040959223,239,204,35,33
APP_5326,OFC_999,Diglipur,Marriage Certificate,6,25.88259085545636,402,379,23,56
APP_5327,OFC_862,Anantnag,Domicile Certificate,10,24.79780461931438,529,450,79,30
APP_5328,OFC_694,Kolhapur,Domicile Certificate,42,14.529411426761536,1447,1438,9,30
APP_5329,OFC_276,Nanded,Death Certificate,21,26.154664953160093,940,841,99,51
APP_5330,OFC_200,Jaipur,Marriage Certificate,23,58.23625056093722,592,510,82,48
APP_5331,OFC_25,Purnia,Death Certificate,32,11.010390015227484,910,860,50,36
APP_5332,OFC_11,Bhopal,Birth Certificate,30,50.63987893680346,577,483,94,50
APP_5333,OFC_292,Bhavnagar,Birth Certificate,25,7.425322821170308,2427,2354,73,48
APP_5334,OFC_40,Mahbubnagar,Birth Certificate,15,16.338752965575146,1199,1140,59,47
APP_5335,OFC_488,Darbhanga,Birth Certificate,11,33.566804815680975,601,507,94,33
APP_5336,OFC_381,Thane,Marriage Certificate,8,43.38453170315727,385,303,82,54
APP_5337,OFC_923,Kolkata,Death Certificate,48,22.999338982137758,884,785,99,30
APP_5338,OFC_639,Leh,Caste Certificate,23,29.74201594836364,1517,1481,36,56
APP_5339,OFC_215,Durgapur,Income Certificate,48,8.910952736882365,13038,12976,62,44
APP_5340,OFC_494,Chennai,Marriage Certificate,38,38.86124803534599,1127,1106,21,34
APP_5341,OFC_772,Amritsar,Domicile Certificate,22,18.15186052473545,1894,1804,90,51
APP_5342,OFC_696,Tiruchirapalli,Death Certificate,22,19.95093598470748,1368,1283,85,47
APP_5343,OFC_35,Shimla,Marriage Certificate,8,49.33158959163917,566,522,44,57
APP_5344,OFC_773,Jamnagar,Domicile Certificate,24,56.68525381868614,705,647,58,31
APP_5345,OFC_676,Amravati,Income Certificate,44,32.413885546792926,1688,1635,53,44
APP_5346,OFC_352,Mumbai,Caste Certificate,32,35.35548285347987,1194,1109,85,58
APP_5347,OFC_676,Nongpoh,Domicile Certificate,27,31.97498029296239,1126,1061,65,39
APP_5348,OFC_910,Hazaribagh,Birth Certificate,5,53.57738196926108,191,96,95,30
APP_5349,OFC_195,Thoothukudi,Birth Certificate,12,26.15898801563675,691,593,98,53
APP_5350,OFC_733,North Delhi,Marriage Certificate,18,44.711669120083855,1040,1020,20,58
APP_5351,OFC_55,Shimoga,Birth Certificate,6,49.86946035463029,108,52,56,42
APP_5352,OFC_847,Khammam,Death Certificate,36,57.04467845816035,232,173,59,39
APP_5353,OFC_460,Naharlagun,Marriage Certificate,8,36.29230998422682,475,425,50,39
APP_5354,OFC_909,Bikaner,Death Certificate,33,41.266737493903335,1691,1624,67,39
APP_5355,OFC_188,Ranchi,Marriage Certificate,31,36.56386424849579,867,850,17,44
APP_5356,OFC_71,South Delhi,Income Certificate,42,40.91664579517085,1353,1312,41,35
APP_5357,OFC_554,Medinipur,Income Certificate,17,33.81789545331873,1278,1187,91,53
APP_5358,OFC_775,Port Blair,Birth Certificate,34,53.37119948695671,862,805,57,52
APP_5359,OFC_805,Geyzing,Income Certificate,24,49.26935657308822,431,360,71,41
APP_5360,OFC_872,Tura,Death Certificate,11,37.7318964535246,529,467,62,51
APP_5361,OFC_289,Mandi,Caste Certificate,30,17.08425646411915,2824,2784,40,43
APP_5362,OFC_288,Pathankot,Birth Certificate,25,56.02960538739726,537,467,70,43
APP_5363,OFC_94,Hubli,Marriage Certificate,49,14.82834583117976,815,797,18,38
APP_5364,OFC_677,Dharmanagar,Caste Certificate,37,34.98288632888524,862,813,49,50
APP_5365,OFC_794,Erode,Birth Certificate,40,16.538243108925904,4241,4146,95,42
APP_5366,OFC_498,Nainital,Caste Certificate,37,8.73117340487986,4881,4855,26,34
APP_5367,OFC_406,Anand,Caste Certificate,14,59.02166188256792,99,98,1,31
APP_5368,OFC_665,Agatti,Death Certificate,16,18.215144827411063,220,133,87,37
APP_5369,OFC_112,Udaipur,Caste Certificate,21,51.09145302390937,391,385,6,30
APP_5370,OFC_185,Meerut,Birth Certificate,5,26.65915093058757,274,261,13,32
APP_5371,OFC_14,Deoghar,Birth Certificate,13,53.00582667304881,292,272,20,31
APP_5372,OFC_26,Surat,Marriage Certificate,47,51.87480287721361,524,436,88,54
APP_5373,OFC_573,Kathua,Marriage Certificate,18,51.94098188676252,162,161,1,32
APP_5374,OFC_166,Gorakhpur,Caste Certificate,46,21.244642714321063,4294,4197,97,46
APP_5375,OFC_77,Gandhinagar,Death Certificate,42,49.63730852464105,1706,1700,6,49
APP_5376,OFC_12,Belgaum,Caste Certificate,48,56.956087848626495,1388,1386,2,30
APP_5377,OFC_435,Jammu,Income Certificate,46,29.7142162038776,3706,3651,55,50
APP_5378,OFC_565,Davanagere,Birth Certificate,38,26.973785352894804,2150,2081,69,55
APP_5379,OFC_624,Asansol,Birth Certificate,5,30.696585151923944,461,410,51,57
APP_5380,OFC_233,Mangalore,Income Certificate,40,11.92038821673198,8205,8126,79,53
APP_5381,OFC_287,Jamshedpur,Death Certificate,12,53.82637858944909,185,129,56,31
APP_5382,OFC_527,Udhampur,Marriage Certificate,35,58.99757977603863,786,758,28,58
APP_5383,OFC_343,Roorkee,Marriage Certificate,8,34.88428485066704,334,292,42,43
APP_5384,OFC_659,Adilabad,Income Certificate,30,59.51950821357901,298,221,77,41
APP_5385,OFC_606,Guwahati,Domicile Certificate,35,35.79185212747153,1438,1362,76,40
APP_5386,OFC_550,Pasighat,Domicile Certificate,35,10.220692541728958,2827,2742,85,40
APP_5387,OFC_165,Aurangabad,Income Certificate,36,13.392326412000068,2969,2957,12,38
APP_5388,OFC_244,Panaji,Domicile Certificate,34,55.91350090327273,977,967,10,48
APP_5389,OFC_228,Satna,Domicile Certificate,25,57.02732495585416,787,755,32,52
APP_5390,OFC_196,Madurai,Death Certificate,31,13.484705032671805,3451,3420,31,55
APP_5391,OFC_262,Vasco da Gama,Marriage Certificate,16,39.25373341993564,394,312,82,33
APP_5392,OFC_466,Dimapur,Marriage Certificate,48,21.337924928980275,2532,2434,98,50
APP_5393,OFC_177,Delhi,Marriage Certificate,7,22.759443996487025,931,863,68,54
APP_5394,OFC_562,Rudrapur,Birth Certificate,49,36.80919180952914,1132,1113,19,36
APP_5395,OFC_424,Indore,Birth Certificate,38,25.41768129899561,1696,1612,84,47
APP_5396,OFC_585,Allahabad,Birth Certificate,7,6.396062033417094,1092,1019,73,33
APP_5397,OFC_536,Haldwani,Domicile Certificate,11,56.20305135781589,83,50,33,34
APP_5398,OFC_413,Patna,Birth Certificate,36,28.97327841697905,2401,2329,72,56
APP_5399,OFC_638,Champhai,Domicile Certificate,14,44.78503601054496,1019,969,50,56
APP_5400,OFC_666,Jorhat,Domicile Certificate,13,40.831506438444,339,287,52,34
APP_5401,OFC_65,Itanagar,Marriage Certificate,9,54.3983623239218,307,235,72,48
APP_5402,OFC_188,Shillong,Birth Certificate,42,21.09910512707086,1329,1328,1,55
APP_5403,OFC_416,Solan,Marriage Certificate,25,52.85342935734971,1046,1007,39,52
APP_5404,OFC_375,Jowai,Marriage Certificate,7,20.67927173284261,447,446,1,38
APP_5405,OFC_111,Namchi,Marriage Certificate,14,51.43885019920415,613,531,82,54
APP_5406,OFC_207,Bishnupur,Death Certificate,15,50.98738193964068,324,268,56,30
APP_5407,OFC_432,Rewa,Marriage Certificate,41,10.58518001314092,1907,1871,36,47
APP_5408,OFC_413,Agra,Birth Certificate,12,34.21057051242899,705,658,47,58
APP_5409,OFC_535,Bangalore,Caste Certificate,38,34.67656226250806,725,680,45,30
APP_5410,OFC_929,Solapur,Caste Certificate,24,50.37514363305435,365,280,85,43
APP_5411,OFC_592,Silchar,Income Certificate,39,53.26425722655502,750,730,20,59
APP_5412,OFC_233,Nashik,Birth Certificate,17,57.67369975882063,382,307,75,33
APP_5413,OFC_700,Mysore,Marriage Certificate,26,54.00893138111716,820,810,10,45
APP_5414,OFC_412,Coimbatore,Marriage Certificate,9,47.646976433193686,248,241,7,42
APP_5415,OFC_69,Katihar,Caste Certificate,20,20.686085959896378,2228,2164,64,42
APP_5416,OFC_245,Bareilly,Domicile Certificate,15,54.81878736998406,304,268,36,38
APP_5417,OFC_401,Jodhpur,Birth Certificate,42,16.74335488491859,3675,3659,16,54
APP_5418,OFC_313,Bokaro,Birth Certificate,10,10.71765738391493,615,562,53,30
APP_5419,OFC_700,Jabalpur,Income Certificate,38,41.80353942944823,614,564,50,30
APP_5420,OFC_385,East Delhi,Income Certificate,17,59.6944200358501,539,496,43,47
APP_5421,OFC_831,Karimnagar,Income Certificate,21,36.17259227336805,1096,1015,81,40
APP_5422,OFC_71,Serchhip,Domicile Certificate,30,42.67595989447442,1275,1194,81,55
APP_5423,OFC_89,Rangareddy,Death Certificate,36,21.92895015999949,2783,2740,43,47
APP_5424,OFC_540,Salem,Birth Certificate,24,22.276525662828337,1243,1226,17,45
APP_5425,OFC_180,Kavaratti,Domicile Certificate,20,29.14501927886168,963,953,10,34
APP_5426,OFC_731,Dispur,Death Certificate,7,15.79600562192521,218,156,62,57
APP_5427,OFC_641,Thoubal,Caste Certificate,8,17.25423323972011,734,667,67,33
APP_5428,OFC_668,Chandigarh,Birth Certificate,20,48.325980173756285,397,347,50,46
APP_5429,OFC_512,Nagaon,Income Certificate,43,12.710198036808224,2662,2660,2,59
APP_5430,OFC_437,Udaipur (Tripura),Income Certificate,28,57.38811628265449,715,637,78,54
APP_5431,OFC_597,Warangal,Death Certificate,8,54.48404211312875,385,369,16,58
APP_5432,OFC_954,Muzaffarpur,Domicile Certificate,17,11.30756528101534,3274,3257,17,59
APP_5433,OFC_208,Ujjain,Caste Certificate,30,29.00150101141448,1019,947,72,42
APP_5434,OFC_668,Imphal,Marriage Certificate,22,22.85990923785389,1997,1987,10,49
APP_5435,OFC_85,Patiala,Domicile Certificate,31,7.6850191494779985,2511,2447,64,32
APP_5436,OFC_986,Gwalior,Caste Certificate,25,28.529127868065967,1125,1117,8,58
APP_5437,OFC_377,Nizamabad,Birth Certificate,32,20.069396367087077,673,615,58,41
APP_5438,OFC_804,Pune,Domicile Certificate,17,7.618146754389421,5984,5925,59,56
APP_5439,OFC_164,Tawang,Death Certificate,44,36.00898177184541,473,391,82,39
APP_5440,OFC_583,Kullu,Income Certificate,7,56.48866148013197,91,9,82,48
APP_5441,OFC_150,Mayabunder,Birth Certificate,45,17.17422082942552,4904,4862,42,46
APP_5442,OFC_365,Lucknow,Death Certificate,9,24.18656079065557,660,577,83,44
APP_5443,OFC_995,Tezpur,Caste Certificate,21,56.3088066360944,182,174,8,43
APP_5444,OFC_716,Junagadh,Death Certificate,44,22.131131272139168,1845,1839,6,45
APP_5445,OFC_951,Sagar,Marriage Certificate,29,58.33902720276728,117,81,36,34
APP_5446,OFC_496,Nagpur,Death Certificate,28,44.6981114324407,817,745,72,43
APP_5447,OFC_950,Howrah,Birth Certificate,17,24.892839079453715,630,533,97,48
APP_5448,OFC_856,Srinagar,Income Certificate,41,34.00047645218912,843,828,15,46
APP_5449,OFC_449,Malda,Income Certificate,47,5.702798064862508,7085,7050,35,42
APP_5450,OFC_219,Bhagalpur,Birth Certificate,30,28.509382896527303,1605,1512,93,33
APP_5451,OFC_476,Gulbarga,Birth Certificate,35,25.43071753615044,2736,2686,50,58
APP_5452,OFC_92,Begusarai,Income Certificate,33,59.14883800396983,880,799,81,40
APP_5453,OFC_513,Dibrugarh,Domicile Certificate,30,32.52549697097933,2487,2457,30,52
APP_5454,OFC_616,Mokokchung,Caste Certificate,5,22.97010412519352,277,275,2,49
APP_5455,OFC_865,West Delhi,Domicile Certificate,12,25.79474676715372,257,191,66,30
APP_5456,OFC_303,Kota,Birth Certificate,44,35.82372207096544,749,724,25,31
APP_5457,OFC_703,Vadodara,Death Certificate,32,23.649014621480102,3458,3389,69,57
APP_5458,OFC_250,Rajkot,Income Certificate,40,43.69924916321767,801,773,28,33
APP_5459,OFC_475,Kailashahar,Death Certificate,29,54.39479755874145,834,756,78,30
APP_5460,OFC_482,Agartala,Caste Certificate,22,50.35812978257724,387,322,65,33
APP_5461,OFC_276,Ludhiana,Domicile Certificate,27,26.61702164223609,2349,2263,86,57
APP_5462,OFC_898,Giridih,Death Certificate,15,21.793406431253565,432,380,52,51
APP_5463,OFC_370,Sikar,Caste Certificate,38,38.38480626247176,906,826,80,33
APP_5464,OFC_519,Kanpur,Birth Certificate,36,44.62652198733056,840,783,57,30
APP_5465,OFC_502,Kohima,Birth Certificate,41,8.587862366217482,3331,3270,61,54
APP_5466,OFC_715,Ahmedabad,Domicile Certificate,46,50.40461406868594,732,698,34,35
APP_5467,OFC_54,Mangan,Marriage Certificate,30,34.554342973206936,898,813,85,40
APP_5468,OFC_217,Dehradun,Death Certificate,44,31.42328450789056,1842,1755,87,59
APP_5469,OFC_433,Churachandpur,Birth Certificate,49,32.67069265828415,2494,2436,58,55
APP_5470,OFC_571,Gaya,Death Certificate,36,51.52153275590473,360,297,63,37
APP_5471,OFC_503,Dhanbad,Caste Certificate,28,29.845191682119324,1534,1472,62,45
APP_5472,OFC_702,Lunglei,Domicile Certificate,18,19.87564948258765,234,213,21,52
APP_5473,OFC_426,Darjeeling,Caste Certificate,21,55.40378936398562,254,204,50,42
APP_5474,OFC_620,Manali,Death Certificate,16,45.03517969886039,758,708,50,48
APP_5475,OFC_635,Arrah,Marriage Certificate,39,53.40574993315381,1045,992,53,37
APP_5476,OFC_739,Ramgarh,Birth Certificate,45,54.83964815683488,798,775,23,30
APP_5477,OFC_849,Ratlam,Caste Certificate,6,38.92273873961346,151,116,35,36
APP_5478,OFC_607,Hyderabad,Marriage Certificate,21,58.0051378228604,629,567,62,43
APP_5479,OFC_866,Tumkur,Domicile Certificate,15,44.92779451231011,581,553,28,38
APP_5480,OFC_236,Ghaziabad,Birth Certificate,32,40.771631055935806,498,487,11,53
APP_5481,OFC_261,Amini,Caste Certificate,19,23.214341217887934,953,877,76,32
APP_5482,OFC_370,Alwar,Marriage Certificate,40,58.81543999270376,893,801,92,58
APP_5483,OFC_32,Bardhaman,Marriage Certificate,48,34.85215441727009,2307,2213,94,51
APP_5484,OFC_59,New Delhi,Marriage Certificate,15,41.69420679992944,629,615,14,46
APP_5485,OFC_97,Tirunelveli,Birth Certificate,42,8.313117487788919,7967,7914,53,44
APP_5486,OFC_41,Bilaspur,Caste Certificate,27,55.276098365675885,816,745,71,37
APP_5487,OFC_939,Haridwar,Caste Certificate,30,15.457521579588889,6166,6160,6,58
APP_5488,OFC_667,Central Delhi,Caste Certificate,44,12.980483527774126,3346,3265,81,45
APP_5489,OFC_80,Baramulla,Domicile Certificate,20,5.752125365213873,4814,4779,35,40
APP_5490,OFC_405,Margao,Marriage Certificate,48,48.5697421823742,1018,963,55,41
APP_5491,OFC_831,Aizawl,Income Certificate,30,7.616515969999495,10002,9909,93,50
APP_5492,OFC_252,Gangtok,Birth Certificate,8,49.63013586112109,217,131,86,33
APP_5493,OFC_1,Mapusa,Birth Certificate,7,10.949483003778944,417,329,88,42
APP_5494,OFC_883,Mohali,Marriage Certificate,9,36.06781567410231,422,384,38,48
APP_5495,OFC_143,Bathinda,Death Certificate,14,25.381791208965776,443,400,43,31
APP_5496,OFC_42,Jalandhar,Death Certificate,40,11.844240233246303,6652,6640,12,49
APP_5497,OFC_173,Kashipur,Caste Certificate,24,19.615802935289,1856,1769,87,43
APP_5498,OFC_256,Vellore,Domicile Certificate,19,41.93857482413458,1196,1102,94,51
APP_5499,OFC_109,Siliguri,Domicile Certificate,28,12.066891518565804,5692,5603,89,59
APP_5500,OFC_24,Ajmer,Caste Certificate,37,36.53220754456583,2565,2490,75,51
APP_5501,OFC_783,Minicoy,Caste Certificate,46,7.342134415160915,2633,2546,87,45
APP_5502,OFC_279,Dharamshala,Marriage Certificate,5,25.437304576586403,206,165,41,30
APP_5503,OFC_644,Varanasi,Marriage Certificate,43,51.025317686119216,361,312,49,37
APP_5504,OFC_942,Bhilwara,Domicile Certificate,12,37.249797985438576,267,173,94,39
APP_5505,OFC_217,Tuensang,Income Certificate,41,34.61814239603682,1097,1048,49,38
APP_5506,OFC_225,Havelock,Income Certificate,6,19.12043666214132,270,181,89,49
APP_5507,OFC_116,Diglipur,Death Certificate,44,48.88743879849834,841,780,61,43
APP_5508,OFC_217,Anantnag,Marriage Certificate,41,55.38573963298343,1305,1264,41,42
APP_5509,OFC_421,Kolhapur,Income Certificate,27,9.141264107964515,6455,6381,74,56
APP_5510,OFC_431,Nanded,Domicile Certificate,9,27.153783944161443,296,237,59,46
APP_5511,OFC_943,Jaipur,Income Certificate,49,38.58931327237154,1391,1383,8,31
APP_5512,OFC_238,Purnia,Domicile Certificate,6,50.566764437343785,42,23,19,39
APP_5513,OFC_16,Bhopal,Domicile Certificate,17,21.739013941853926,2344,2331,13,54
APP_5514,OFC_386,Bhavnagar,Death Certificate,24,7.834363050640922,3203,3117,86,45
APP_5515,OFC_77,Mahbubnagar,Caste Certificate,44,44.810681946798574,1041,976,65,37
APP_5516,OFC_463,Darbhanga,Caste Certificate,27,40.90506852769408,1015,961,54,59
APP_5517,OFC_120,Thane,Death Certificate,47,54.6154274223844,489,400,89,35
APP_5518,OFC_875,Kolkata,Death Certificate,13,37.62848191440287,923,918,5,56
APP_5519,OFC_387,Leh,Domicile Certificate,49,16.145627036792547,1010,911,99,38
APP_5520,OFC_916,Durgapur,Birth Certificate,38,15.96325423847038,2207,2164,43,32
APP_5521,OFC_888,Chennai,Death Certificate,30,25.40821898559121,326,284,42,37
APP_5522,OFC_341,Amritsar,Domicile Certificate,45,5.462854867447896,14588,14518,70,43
APP_5523,OFC_227,Tiruchirapalli,Income Certificate,8,34.81970289739179,131,80,51,33
APP_5524,OFC_697,Shimla,Birth Certificate,42,43.73710663128425,1010,995,15,34
APP_5525,OFC_753,Jamnagar,Marriage Certificate,36,11.273352889938485,3149,3068,81,35
APP_5526,OFC_332,Amravati,Marriage Certificate,15,36.39814879491928,547,452,95,32
APP_5527,OFC_483,Mumbai,Death Certificate,21,45.351061352639896,445,355,90,58
APP_5528,OFC_406,Nongpoh,Marriage Certificate,28,16.3136691538924,689,643,46,33
APP_5529,OFC_152,Hazaribagh,Income Certificate,22,58.32504605962031,702,611,91,49
APP_5530,OFC_591,Thoothukudi,Marriage Certificate,18,45.904799629509775,244,147,97,31
APP_5531,OFC_204,North Delhi,Caste Certificate,13,7.366933630707173,4279,4277,2,55
APP_5532,OFC_526,Shimoga,Income Certificate,35,48.05533694256766,1241,1163,78,33
APP_5533,OFC_364,Khammam,Domicile Certificate,40,53.089666397246894,552,530,22,51
APP_5534,OFC_809,Naharlagun,Caste Certificate,20,47.74143031517912,572,511,61,55
APP_5535,OFC_252,Bikaner,Domicile Certificate,39,19.076232092484965,1561,1549,12,56
APP_5536,OFC_101,Ranchi,Death Certificate,49,19.182315063054645,1403,1314,89,36
APP_5537,OFC_136,South Delhi,Marriage Certificate,30,42.23300063154314,1491,1418,73,47
APP_5538,OFC_458,Medinipur,Marriage Certificate,37,54.263492519355104,952,947,5,42
APP_5539,OFC_936,Port Blair,Birth Certificate,9,15.504080219210309,652,630,22,33
APP_5540,OFC_225,Geyzing,Caste Certificate,27,5.734176979016213,4655,4574,81,30
APP_5541,OFC_142,Tura,Death Certificate,25,53.79628718379693,909,828,81,54
APP_5542,OFC_599,Mandi,Marriage Certificate,24,7.29383289286147,5385,5316,69,55
APP_5543,OFC_931,Pathankot,Marriage Certificate,29,30.440960772003063,1036,1012,24,57
APP_5544,OFC_6,Hubli,Death Certificate,14,33.83576221744689,392,337,55,32
APP_5545,OFC_978,Dharmanagar,Marriage Certificate,16,11.7755910951963,481,475,6,46
APP_5546,OFC_320,Erode,Birth Certificate,23,15.55943507610549,2247,2238,9,42
APP_5547,OFC_812,Nainital,Death Certificate,11,57.939242867204776,590,495,95,51
APP_5548,OFC_789,Anand,Death Certificate,7,9.75666664225075,1887,1853,34,58
APP_5549,OFC_687,Agatti,Marriage Certificate,40,19.85691943363001,3161,3088,73,38
APP_5550,OFC_496,Udaipur,Marriage Certificate,30,15.42905801849074,4837,4818,19,59
APP_5551,OFC_802,Meerut,Domicile Certificate,41,18.50903768462552,3712,3692,20,30
APP_5552,OFC_405,Deoghar,Income Certificate,46,7.114556718350071,1872,1775,97,45
APP_5553,OFC_481,Surat,Birth Certificate,42,38.11261943934372,1571,1509,62,36
APP_5554,OFC_586,Kathua,Death Certificate,6,41.70425620223039,300,208,92,40
APP_5555,OFC_566,Gorakhpur,Death Certificate,44,41.297075998942255,1034,966,68,47
APP_5556,OFC_811,Gandhinagar,Death Certificate,27,24.041623004772187,635,622,13,33
APP_5557,OFC_975,Belgaum,Caste Certificate,25,34.36624922016498,628,580,48,50
APP_5558,OFC_101,Jammu,Birth Certificate,29,49.72845690459975,765,666,99,37
APP_5559,OFC_372,Davanagere,Domicile Certificate,45,33.510735176313325,1681,1640,41,30
APP_5560,OFC_31,Asansol,Death Certificate,30,55.839783872411694,1353,1286,67,56
APP_5561,OFC_517,Mangalore,Income Certificate,8,51.866652735002646,328,233,95,41
APP_5562,OFC_864,Jamshedpur,Death Certificate,35,59.628376856725055,1343,1341,2,49
APP_5563,OFC_540,Udhampur,Domicile Certificate,36,46.45472604488725,2156,2097,59,51
APP_5564,OFC_493,Roorkee,Death Certificate,32,26.709522040317918,646,639,7,59
APP_5565,OFC_813,Adilabad,Marriage Certificate,37,34.124180509926845,1739,1641,98,35
APP_5566,OFC_812,Guwahati,Birth Certificate,19,30.240335340397564,230,198,32,55
APP_5567,OFC_899,Pasighat,Marriage Certificate,28,23.40634157776244,516,457,59,36
APP_5568,OFC_745,Aurangabad,Death Certificate,5,7.651245232231009,692,631,61,34
APP_5569,OFC_900,Panaji,Marriage Certificate,49,21.51497177465844,3840,3805,35,51
APP_5570,OFC_390,Satna,Domicile Certificate,42,18.4146193019368,245,182,63,40
APP_5571,OFC_973,Madurai,Caste Certificate,17,46.72924903474754,169,144,25,45
APP_5572,OFC_49,Vasco da Gama,Death Certificate,43,56.25831041571384,682,640,42,55
APP_5573,OFC_908,Dimapur,Death Certificate,17,23.50454263749725,485,462,23,35
APP_5574,OFC_64,Delhi,Domicile Certificate,20,59.41099938759909,758,723,35,40
APP_5575,OFC_947,Rudrapur,Income Certificate,18,32.21870755082016,1110,1041,69,44
APP_5576,OFC_510,Indore,Birth Certificate,12,54.81982808268337,503,462,41,48
APP_5577,OFC_551,Allahabad,Marriage Certificate,42,21.686173347311737,2502,2448,54,49
APP_5578,OFC_950,Haldwani,Death Certificate,27,43.843235233907855,1185,1134,51,33
APP_5579,OFC_405,Patna,Domicile Certificate,16,32.14829932980676,821,780,41,57
APP_5580,OFC_945,Champhai,Caste Certificate,22,45.87224326401375,756,671,85,53
APP_5581,OFC_751,Jorhat,Birth Certificate,22,34.82611865404237,610,518,92,53
APP_5582,OFC_540,Itanagar,Income Certificate,36,14.343752806267124,1189,1174,15,43
APP_5583,OFC_780,Shillong,Marriage Certificate,25,6.383801131290531,4134,4133,1,35
APP_5584,OFC_329,Solan,Domicile Certificate,15,59.9721140040369,297,294,3,41
APP_5585,OFC_593,Jowai,Marriage Certificate,46,45.47643278109084,1923,1861,62,40
APP_5586,OFC_393,Namchi,Marriage Certificate,15,25.202740705612516,580,481,99,44
APP_5587,OFC_492,Bishnupur,Birth Certificate,10,37.44563948696866,662,657,5,50
APP_5588,OFC_328,Rewa,Income Certificate,29,45.07253515378258,615,585,30,45
APP_5589,OFC_949,Agra,Death Certificate,26,41.77460690309309,637,541,96,43
APP_5590,OFC_225,Bangalore,Caste Certificate,28,30.657856811269276,2103,2063,40,57
APP_5591,OFC_966,Solapur,Death Certificate,15,44.90319393637433,587,561,26,52
APP_5592,OFC_136,Silchar,Death Certificate,27,5.1981708052939215,6627,6620,7,53
APP_5593,OFC_340,Nashik,Marriage Certificate,18,46.461145639662966,969,918,51,55
APP_5594,OFC_52,Mysore,Income Certificate,16,39.32191356415271,1245,1214,31,56
APP_5595,OFC_608,Coimbatore,Death Certificate,44,14.210611539043027,5251,5208,43,42
APP_5596,OFC_564,Katihar,Caste Certificate,29,6.3744389779087625,4902,4803,99,47
APP_5597,OFC_191,Bareilly,Marriage Certificate,13,27.6822055732608,663,596,67,50
APP_5598,OFC_992,Jodhpur,Marriage Certificate,42,45.66070940839165,1159,1082,77,38
APP_5599,OFC_696,Bokaro,Caste Certificate,26,56.49528122826924,558,460,98,57
APP_5600,OFC_462,Jabalpur,Domicile Certificate,10,16.205287150046917,727,650,77,53
APP_5601,OFC_296,East Delhi,Income Certificate,13,51.78482793657077,313,219,94,51
APP_5602,OFC_417,Karimnagar,Income Certificate,24,9.584583049216429,1055,1044,11,37
APP_5603,OFC_985,Serchhip,Death Certificate,17,24.27238809859126,766,758,8,30
APP_5604,OFC_123,Rangareddy,Marriage Certificate,29,19.17352903856859,1450,1363,87,56
APP_5605,OFC_49,Salem,Marriage Certificate,45,54.79211926539691,1750,1738,12,43
APP_5606,OFC_513,Kavaratti,Death Certificate,41,12.968524414917232,4190,4115,75,48
APP_5607,OFC_882,Dispur,Marriage Certificate,34,54.74567618719728,873,786,87,35
APP_5608,OFC_149,Thoubal,Income Certificate,42,52.16618039775534,1402,1344,58,32
APP_5609,OFC_916,Chandigarh,Marriage Certificate,31,10.698975878517954,5980,5912,68,52
APP_5610,OFC_84,Nagaon,Birth Certificate,28,5.853200756896527,1702,1664,38,44
APP_5611,OFC_478,Udaipur (Tripura),Domicile Certificate,10,40.58771753192693,319,306,13,41
APP_5612,OFC_639,Warangal,Income Certificate,18,50.168830063021055,677,674,3,54
APP_5613,OFC_479,Muzaffarpur,Caste Certificate,20,5.929653894363446,5879,5852,27,31
APP_5614,OFC_446,Ujjain,Death Certificate,16,5.714973913430735,1648,1648,0,51
APP_5615,OFC_137,Imphal,Income Certificate,22,32.39123231976363,1331,1314,17,41
APP_5616,OFC_36,Patiala,Income Certificate,20,55.85156469940301,161,109,52,42
APP_5617,OFC_376,Gwalior,Income Certificate,16,21.94056350041633,721,650,71,55
APP_5618,OFC_469,Nizamabad,Caste Certificate,24,57.92540323734278,143,51,92,31
APP_5619,OFC_188,Pune,Income Certificate,38,14.856255982267408,5591,5520,71,37
APP_5620,OFC_923,Tawang,Domicile Certificate,15,51.84635217722701,321,284,37,51
APP_5621,OFC_801,Kullu,Birth Certificate,11,10.203868631889105,3415,3320,95,58
APP_5622,OFC_352,Mayabunder,Caste Certificate,14,40.3192844149641,580,510,70,54
APP_5623,OFC_712,Lucknow,Domicile Certificate,21,24.481163840224077,1720,1637,83,42
APP_5624,OFC_440,Tezpur,Birth Certificate,13,39.00104516465683,311,292,19,58
APP_5625,OFC_402,Junagadh,Marriage Certificate,12,48.31217256486458,288,252,36,52
APP_5626,OFC_183,Sagar,Caste Certificate,40,36.23838799773494,2522,2446,76,43
APP_5627,OFC_275,Nagpur,Caste Certificate,14,5.307060027308749,4191,4136,55,55
APP_5628,OFC_95,Howrah,Caste Certificate,9,18.830170239994462,686,640,46,44
APP_5629,OFC_862,Srinagar,Caste Certificate,16,13.269492004416875,1736,1669,67,30
APP_5630,OFC_529,Malda,Death Certificate,37,32.9264187360495,2057,2046,11,42
APP_5631,OFC_154,Bhagalpur,Birth Certificate,22,29.788117778020037,1239,1209,30,59
APP_5632,OFC_435,Gulbarga,Income Certificate,5,38.64155403573401,268,258,10,38
APP_5633,OFC_146,Begusarai,Domicile Certificate,24,14.327862768100644,3766,3712,54,43
APP_5634,OFC_494,Dibrugarh,Birth Certificate,40,31.0429527236211,1811,1727,84,35
APP_5635,OFC_658,Mokokchung,Marriage Certificate,12,43.26982507134438,621,540,81,38
APP_5636,OFC_330,West Delhi,Income Certificate,24,34.898757707001764,1596,1537,59,52
APP_5637,OFC_894,Kota,Caste Certificate,45,14.164642337793971,2520,2513,7,34
APP_5638,OFC_581,Vadodara,Marriage Certificate,48,48.43478568462374,2093,2059,34,59
APP_5639,OFC_214,Rajkot,Birth Certificate,11,52.04934351124644,373,288,85,59
APP_5640,OFC_475,Kailashahar,Domicile Certificate,31,51.652710944979866,434,411,23,53
APP_5641,OFC_231,Agartala,Marriage Certificate,28,22.68615029373497,885,807,78,35
APP_5642,OFC_511,Ludhiana,Birth Certificate,17,35.43229402092778,632,568,64,33
APP_5643,OFC_886,Giridih,Marriage Certificate,42,57.07457516772155,1328,1327,1,58
APP_5644,OFC_189,Sikar,Domicile Certificate,20,48.27793685724008,446,367,79,56
APP_5645,OFC_401,Kanpur,Birth Certificate,9,10.424646399402738,706,680,26,40
APP_5646,OFC_880,Kohima,Marriage Certificate,30,47.4435145177056,466,400,66,42
APP_5647,OFC_4,Ahmedabad,Death Certificate,5,38.95557815999621,279,217,62,34
APP_5648,OFC_426,Mangan,Birth Certificate,34,54.65444327006272,1112,1044,68,54
APP_5649,OFC_653,Dehradun,Marriage Certificate,43,56.72531064560151,1102,1064,38,50
APP_5650,OFC_961,Churachandpur,Domicile Certificate,15,39.431642567990245,524,476,48,34
APP_5651,OFC_892,Gaya,Birth Certificate,47,55.06769701065567,473,412,61,41
APP_5652,OFC_117,Dhanbad,Death Certificate,23,12.479423583899528,4406,4403,3,43
APP_5653,OFC_486,Lunglei,Income Certificate,29,35.03603886661648,1215,1189,26,36
APP_5654,OFC_524,Darjeeling,Marriage Certificate,32,18.587480581971075,2059,2018,41,46
APP_5655,OFC_301,Manali,Marriage Certificate,34,50.66578129021674,742,657,85,55
APP_5656,OFC_346,Arrah,Caste Certificate,26,27.739940017515675,1176,1164,12,53
APP_5657,OFC_381,Ramgarh,Caste Certificate,15,12.74008238175558,1288,1270,18,57
APP_5658,OFC_783,Ratlam,Death Certificate,27,26.540532518714567,1436,1402,34,34
APP_5659,OFC_600,Hyderabad,Death Certificate,24,24.365113879166337,1523,1504,19,38
APP_5660,OFC_670,Tumkur,Caste Certificate,5,15.4648789722943,414,344,70,38
APP_5661,OFC_182,Ghaziabad,Death Certificate,34,5.643540531050155,5588,5561,27,37
APP_5662,OFC_782,Amini,Birth Certificate,36,22.299537466393357,2699,2648,51,44
APP_5663,OFC_560,Alwar,Death Certificate,45,40.48322562115257,1251,1245,6,47
APP_5664,OFC_81,Bardhaman,Income Certificate,9,44.42983254413851,479,417,62,47
APP_5665,OFC_352,New Delhi,Death Certificate,31,8.586043306821509,3127,3092,35,38
APP_5666,OFC_42,Tirunelveli,Death Certificate,42,45.50079587761924,1181,1108,73,49
APP_5667,OFC_93,Bilaspur,Domicile Certificate,29,41.06203599983224,511,497,14,31
APP_5668,OFC_184,Haridwar,Marriage Certificate,31,33.43584865645233,1621,1608,13,54
APP_5669,OFC_717,Central Delhi,Death Certificate,21,10.404034832462324,2604,2536,68,39
APP_5670,OFC_208,Baramulla,Caste Certificate,13,5.579581553162436,3057,3006,51,43
APP_5671,OFC_927,Margao,Death Certificate,24,59.39803137502434,622,616,6,34
APP_5672,OFC_959,Aizawl,Marriage Certificate,22,37.5017715943294,243,151,92,30
APP_5673,OFC_559,Gangtok,Caste Certificate,16,29.601154145141763,268,237,31,41
APP_5674,OFC_234,Mapusa,Domicile Certificate,37,51.38254857244346,1404,1321,83,46
APP_5675,OFC_222,Mohali,Caste Certificate,29,56.222013778403095,1166,1080,86,47
APP_5676,OFC_34,Bathinda,Caste Certificate,38,24.846302211403916,1390,1363,27,49
APP_5677,OFC_698,Jalandhar,Death Certificate,41,26.753769019891987,1727,1661,66,31
APP_5678,OFC_479,Kashipur,Caste Certificate,20,50.77926541344877,894,836,58,55
APP_5679,OFC_53,Vellore,Birth Certificate,42,48.63615382430692,1602,1526,76,59
APP_5680,OFC_996,Siliguri,Death Certificate,10,46.01804140363999,301,284,17,31
APP_5681,OFC_480,Ajmer,Domicile Certificate,17,17.296273997398544,884,876,8,33
APP_5682,OFC_154,Minicoy,Marriage Certificate,34,50.16149896696191,1089,1037,52,54
APP_5683,OFC_466,Dharamshala,Death Certificate,18,9.815078744328384,2703,2662,41,42
APP_5684,OFC_285,Varanasi,Death Certificate,30,15.597123250452318,4518,4496,22,51
APP_5685,OFC_13,Bhilwara,Income Certificate,14,11.366709476373508,1870,1866,4,31
APP_5686,OFC_665,Tuensang,Death Certificate,39,33.82530055013612,1910,1880,30,36
APP_5687,OFC_775,Havelock,Death Certificate,34,18.679231356962912,2061,2056,5,36
APP_5688,OFC_677,Diglipur,Birth Certificate,19,10.14420220868389,3609,3521,88,43
APP_5689,OFC_274,Anantnag,Birth Certificate,38,30.06129305883285,645,547,98,43
APP_5690,OFC_396,Kolhapur,Marriage Certificate,27,25.649991089272245,855,838,17,46
APP_5691,OFC_493,Nanded,Birth Certificate,48,49.59617509916173,1765,1714,51,32
APP_5692,OFC_167,Jaipur,Death Certificate,49,51.19091868820925,1671,1597,74,42
APP_5693,OFC_167,Purnia,Birth Certificate,10,6.991390851110336,2749,2720,29,44
APP_5694,OFC_519,Bhopal,Domicile Certificate,19,49.580255710414775,978,931,47,56
APP_5695,OFC_654,Bhavnagar,Income Certificate,20,15.78917944126908,2016,1925,91,37
APP_5696,OFC_797,Mahbubnagar,Marriage Certificate,10,37.09905459190406,661,577,84,45
APP_5697,OFC_343,Darbhanga,Death Certificate,48,7.385944177490398,8147,8108,39,45
APP_5698,OFC_978,Thane,Death Certificate,48,54.794655246204606,1721,1673,48,33
APP_5699,OFC_937,Kolkata,Income Certificate,47,26.235018921363228,1918,1870,48,33
APP_5700,OFC_421,Leh,Marriage Certificate,34,11.225330222202093,4414,4317,97,54
APP_5701,OFC_943,Durgapur,Death Certificate,29,22.150601610834936,2459,2412,47,56
APP_5702,OFC_235,Chennai,Birth Certificate,5,48.01491964770952,232,197,35,36
APP_5703,OFC_485,Amritsar,Caste Certificate,42,49.52347982020485,1915,1820,95,49
APP_5704,OFC_101,Tiruchirapalli,Marriage Certificate,22,5.646391545611185,2817,2722,95,32
APP_5705,OFC_208,Shimla,Caste Certificate,30,7.609744529781077,6545,6455,90,45
APP_5706,OFC_356,Jamnagar,Caste Certificate,24,44.45004611876044,1176,1159,17,57
APP_5707,OFC_408,Amravati,Death Certificate,21,16.235354729532826,1390,1335,55,40
APP_5708,OFC_838,Mumbai,Caste Certificate,32,45.37844822451024,1558,1496,62,45
APP_5709,OFC_446,Nongpoh,Birth Certificate,33,38.45714370480325,1017,1006,11,36
APP_5710,OFC_218,Hazaribagh,Income Certificate,34,17.110363749630384,2088,2056,32,59
APP_5711,OFC_346,Thoothukudi,Marriage Certificate,6,33.3537948411594,213,151,62,31
APP_5712,OFC_601,North Delhi,Domicile Certificate,49,23.211290704903625,3445,3404,41,37
APP_5713,OFC_333,Shimoga,Birth Certificate,30,43.17200609674822,1270,1200,70,36
APP_5714,OFC_200,Khammam,Marriage Certificate,49,16.444013772275415,635,585,50,58
APP_5715,OFC_915,Naharlagun,Income Certificate,47,56.42226387389152,802,737,65,36
APP_5716,OFC_909,Bikaner,Domicile Certificate,31,5.209365442056025,10721,10675,46,45
APP_5717,OFC_46,Ranchi,Death Certificate,43,42.693369741764805,538,454,84,42
APP_5718,OFC_905,South Delhi,Birth Certificate,29,54.445292094760525,407,397,10,43
APP_5719,OFC_36,Medinipur,Income Certificate,36,26.137307317482065,1803,1741,62,32
APP_5720,OFC_516,Port Blair,Marriage Certificate,47,58.044576356965486,1103,1007,96,55
APP_5721,OFC_816,Geyzing,Domicile Certificate,14,29.022743260743702,869,855,14,47
APP_5722,OFC_527,Tura,Income Certificate,5,6.610390467407935,637,597,40,56
APP_5723,OFC_538,Mandi,Birth Certificate,13,31.40895350004977,286,284,2,53
APP_5724,OFC_971,Pathankot,Marriage Certificate,5,46.734295631926855,150,138,12,45
APP_5725,OFC_421,Hubli,Marriage Certificate,30,16.15747867141964,4683,4604,79,55
APP_5726,OFC_144,Dharmanagar,Domicile Certificate,14,13.634289563124709,1351,1345,6,41
APP_5727,OFC_598,Erode,Income Certificate,42,38.28069406531421,525,481,44,41
APP_5728,OFC_358,Nainital,Death Certificate,21,58.01987700204936,1041,950,91,51
APP_5729,OFC_337,Anand,Marriage Certificate,13,43.02932116709325,332,332,0,43
APP_5730,OFC_530,Agatti,Death Certificate,40,52.9369022220319,720,666,54,59
APP_5731,OFC_560,Udaipur,Marriage Certificate,18,40.03671740309978,494,452,42,46
APP_5732,OFC_641,Meerut,Marriage Certificate,28,56.65901698489824,499,491,8,37
APP_5733,OFC_874,Deoghar,Death Certificate,11,40.52554820670315,294,267,27,55
APP_5734,OFC_751,Surat,Domicile Certificate,38,18.0142616734722,2247,2246,1,45
APP_5735,OFC_435,Kathua,Caste Certificate,8,38.978554589956,144,111,33,41
APP_5736,OFC_565,Gorakhpur,Income Certificate,34,11.166592601832765,2664,2598,66,34
APP_5737,OFC_639,Gandhinagar,Domicile Certificate,14,41.06534233275029,214,132,82,32
APP_5738,OFC_925,Belgaum,Domicile Certificate,6,59.31858143015194,174,85,89,48
APP_5739,OFC_588,Jammu,Marriage Certificate,42,9.760471383251392,9676,9668,8,42
APP_5740,OFC_224,Davanagere,Birth Certificate,45,36.066995082245,1566,1553,13,38
APP_5741,OFC_839,Asansol,Income Certificate,10,56.34824861091443,130,42,88,35
APP_5742,OFC_120,Mangalore,Marriage Certificate,18,27.59534941358617,1897,1820,77,56
APP_5743,OFC_225,Jamshedpur,Marriage Certificate,20,27.66969969121193,1049,1018,31,57
APP_5744,OFC_25,Udhampur,Caste Certificate,27,23.29877990264458,402,343,59,32
APP_5745,OFC_490,Roorkee,Income Certificate,38,51.03689446036351,1632,1623,9,56
APP_5746,OFC_568,Adilabad,Caste Certificate,8,49.19950688744312,376,303,73,46
APP_5747,OFC_44,Guwahati,Death Certificate,38,44.54272682728848,1172,1165,7,44
APP_5748,OFC_424,Pasighat,Domicile Certificate,26,58.73104995839608,914,896,18,49
APP_5749,OFC_398,Aurangabad,Domicile Certificate,11,22.4738609691461,1053,1030,23,39
APP_5750,OFC_922,Panaji,Death Certificate,38,25.797939761550293,2612,2568,44,34
APP_5751,OFC_980,Satna,Income Certificate,30,56.84904029808004,1001,968,33,47
APP_5752,OFC_510,Madurai,Income Certificate,12,10.216166185334924,3085,3040,45,58
APP_5753,OFC_713,Vasco da Gama,Caste Certificate,46,22.67669391065089,2450,2360,90,33
APP_5754,OFC_329,Dimapur,Income Certificate,43,47.50503248555996,1120,1081,39,42
APP_5755,OFC_161,Delhi,Birth Certificate,43,35.20574894217294,876,840,36,49
APP_5756,OFC_889,Rudrapur,Income Certificate,21,22.004070779406945,1897,1817,80,43
APP_5757,OFC_181,Indore,Marriage Certificate,36,40.46748318700307,1528,1513,15,54
APP_5758,OFC_217,Allahabad,Caste Certificate,22,24.766637875951677,528,524,4,37
APP_5759,OFC_940,Haldwani,Domicile Certificate,29,50.34691047211831,616,543,73,52
APP_5760,OFC_62,Patna,Caste Certificate,22,31.64582119877169,416,369,47,51
APP_5761,OFC_451,Champhai,Death Certificate,32,13.74798553827585,3553,3480,73,37
APP_5762,OFC_814,Jorhat,Caste Certificate,45,50.38301418242948,263,199,64,30
APP_5763,OFC_928,Itanagar,Caste Certificate,25,55.52298776781938,1249,1163,86,49
APP_5764,OFC_970,Shillong,Caste Certificate,19,39.56302856269302,1137,1118,19,48
APP_5765,OFC_474,Solan,Caste Certificate,46,40.16537477146468,508,500,8,42
APP_5766,OFC_563,Jowai,Domicile Certificate,11,44.164529915551846,303,279,24,48
APP_5767,OFC_436,Namchi,Domicile Certificate,5,55.33678242328757,137,77,60,56
APP_5768,OFC_186,Bishnupur,Marriage Certificate,17,58.09184510379186,372,360,12,31
APP_5769,OFC_438,Rewa,Income Certificate,34,24.65420265428328,1222,1188,34,37
APP_5770,OFC_976,Agra,Marriage Certificate,46,26.58523861618924,3047,2982,65,46
APP_5771,OFC_170,Bangalore,Income Certificate,39,53.833060203413474,683,676,7,31
APP_5772,OFC_343,Solapur,Death Certificate,36,54.13169193996503,1184,1085,99,40
APP_5773,OFC_838,Silchar,Income Certificate,33,33.13230375078434,1476,1401,75,37
APP_5774,OFC_620,Nashik,Income Certificate,23,33.1120559367408,864,782,82,31
APP_5775,OFC_962,Mysore,Domicile Certificate,14,17.523349475667793,1627,1535,92,44
APP_5776,OFC_341,Coimbatore,Income Certificate,35,11.183387053774746,1235,1175,60,49
APP_5777,OFC_662,Katihar,Domicile Certificate,47,43.00113374187999,584,505,79,58
APP_5778,OFC_715,Bareilly,Caste Certificate,16,45.53950038970747,628,593,35,31
APP_5779,OFC_431,Jodhpur,Domicile Certificate,12,45.87053950565976,265,256,9,34
APP_5780,OFC_847,Bokaro,Domicile Certificate,6,50.16293193046965,168,160,8,42
APP_5781,OFC_19,Jabalpur,Death Certificate,42,28.98568182978925,1205,1154,51,47
APP_5782,OFC_138,East Delhi,Caste Certificate,25,29.44891015088084,1858,1835,23,44
APP_5783,OFC_255,Karimnagar,Death Certificate,27,47.77292434568624,592,566,26,37
APP_5784,OFC_874,Serchhip,Income Certificate,45,29.228994765226304,2382,2316,66,43
APP_5785,OFC_242,Rangareddy,Birth Certificate,16,18.09980893239534,1351,1333,18,57
APP_5786,OFC_676,Salem,Caste Certificate,26,32.82691399741077,1022,942,80,33
APP_5787,OFC_377,Kavaratti,Domicile Certificate,43,26.9815698165658,1714,1657,57,55
APP_5788,OFC_325,Dispur,Domicile Certificate,9,54.314448441857714,197,98,99,37
APP_5789,OFC_330,Thoubal,Caste Certificate,47,14.189810494203352,3629,3554,75,49
APP_5790,OFC_672,Chandigarh,Caste Certificate,23,19.58922872266517,1066,1035,31,54
APP_5791,OFC_228,Nagaon,Caste Certificate,24,31.09167096837829,943,921,22,34
APP_5792,OFC_593,Udaipur (Tripura),Caste Certificate,45,25.508584876962143,3138,3098,40,46
APP_5793,OFC_776,Warangal,Marriage Certificate,47,16.276081837908997,3255,3242,13,32
APP_5794,OFC_898,Muzaffarpur,Marriage Certificate,42,20.83177576745984,778,689,89,36
APP_5795,OFC_563,Ujjain,Caste Certificate,48,53.65540645783171,1315,1290,25,30
APP_5796,OFC_230,Imphal,Death Certificate,15,33.90870217440508,683,676,7,58
APP_5797,OFC_290,Patiala,Marriage Certificate,28,40.59515007336436,996,990,6,39
APP_5798,OFC_353,Gwalior,Marriage Certificate,24,10.38427249771166,3426,3420,6,35
APP_5799,OFC_712,Nizamabad,Income Certificate,8,8.441536963134457,1623,1566,57,45
APP_5800,OFC_552,Pune,Domicile Certificate,29,38.17555264742462,1748,1657,91,42
APP_5801,OFC_179,Tawang,Caste Certificate,14,27.656573869697684,526,447,79,49
APP_5802,OFC_873,Kullu,Death Certificate,38,24.728320626170326,2906,2830,76,46
APP_5803,OFC_719,Mayabunder,Domicile Certificate,34,51.28951403004572,1049,1001,48,31
APP_5804,OFC_253,Lucknow,Caste Certificate,38,21.838317090207948,849,812,37,31
APP_5805,OFC_341,Tezpur,Domicile Certificate,14,25.09783241830782,937,919,18,41
APP_5806,OFC_535,Junagadh,Caste Certificate,26,7.429303485143771,2469,2372,97,43
APP_5807,OFC_95,Sagar,Marriage Certificate,6,44.16410495366004,241,200,41,36
APP_5808,OFC_650,Nagpur,Birth Certificate,22,29.53377026339545,652,592,60,38
APP_5809,OFC_487,Howrah,Domicile Certificate,44,8.393740455864132,10759,10664,95,40
APP_5810,OFC_273,Srinagar,Marriage Certificate,39,58.67902673325982,884,793,91,44
APP_5811,OFC_747,Malda,Domicile Certificate,29,41.444567216738825,448,379,69,33
APP_5812,OFC_777,Bhagalpur,Birth Certificate,25,37.06973573010991,192,155,37,35
APP_5813,OFC_77,Gulbarga,Death Certificate,5,47.63415878850125,183,120,63,59
APP_5814,OFC_71,Begusarai,Marriage Certificate,6,23.16191530106212,392,336,56,33
APP_5815,OFC_455,Dibrugarh,Caste Certificate,5,10.573111530708204,879,794,85,54
APP_5816,OFC_581,Mokokchung,Domicile Certificate,42,33.2903849692161,1060,991,69,38
APP_5817,OFC_751,West Delhi,Domicile Certificate,13,52.20968098100116,551,485,66,55
APP_5818,OFC_30,Kota,Birth Certificate,12,54.3681854845663,436,403,33,37
APP_5819,OFC_352,Vadodara,Domicile Certificate,41,48.74861324188216,1080,1034,46,36
APP_5820,OFC_607,Rajkot,Marriage Certificate,15,26.439551852462504,805,732,73,48
APP_5821,OFC_157,Kailashahar,Marriage Certificate,21,41.63774424677749,666,580,86,51
APP_5822,OFC_487,Agartala,Death Certificate,21,30.333860274463675,206,156,50,40
APP_5823,OFC_382,Ludhiana,Caste Certificate,20,33.83537465006943,739,646,93,43
APP_5824,OFC_37,Giridih,Caste Certificate,25,29.770277192029425,753,727,26,37
APP_5825,OFC_4,Sikar,Caste Certificate,28,54.46731140869842,432,368,64,42
APP_5826,OFC_332,Kanpur,Birth Certificate,40,56.47772998807252,1439,1438,1,55
APP_5827,OFC_900,Kohima,Income Certificate,8,48.76784233460506,135,127,8,50
APP_5828,OFC_460,Ahmedabad,Income Certificate,36,19.863914369573703,1424,1399,25,30
APP_5829,OFC_694,Mangan,Birth Certificate,24,56.36374649392116,333,276,57,54
APP_5830,OFC_875,Dehradun,Caste Certificate,31,29.99666716179497,1123,1098,25,59
APP_5831,OFC_833,Churachandpur,Domicile Certificate,38,27.410637521976486,2747,2727,20,55
APP_5832,OFC_352,Gaya,Birth Certificate,45,5.585096211747418,18898,18804,94,48
APP_5833,OFC_356,Dhanbad,Income Certificate,23,10.361034583921716,3469,3392,77,37
APP_5834,OFC_860,Lunglei,Income Certificate,37,40.02484703249944,2743,2707,36,57
APP_5835,OFC_549,Darjeeling,Birth Certificate,46,20.93150064142113,820,748,72,40
APP_5836,OFC_736,Manali,Caste Certificate,25,49.68352941309543,1150,1064,86,43
APP_5837,OFC_50,Arrah,Caste Certificate,16,38.50938433709136,638,563,75,30
APP_5838,OFC_203,Ramgarh,Domicile Certificate,32,54.0040911885258,1017,989,28,45
APP_5839,OFC_436,Ratlam,Domicile Certificate,38,31.036448487558847,1408,1370,38,58
APP_5840,OFC_799,Hyderabad,Marriage Certificate,20,20.503430985953717,376,319,57,47
APP_5841,OFC_871,Tumkur,Caste Certificate,48,25.42575535771016,3920,3909,11,52
APP_5842,OFC_89,Ghaziabad,Domicile Certificate,28,29.993177798077816,787,745,42,43
APP_5843,OFC_859,Amini,Death Certificate,6,18.314854457633277,545,512,33,38
APP_5844,OFC_892,Alwar,Income Certificate,40,43.70967740613485,2419,2364,55,52
APP_5845,OFC_105,Bardhaman,Marriage Certificate,27,24.43044790053166,1399,1320,79,31
APP_5846,OFC_907,New Delhi,Domicile Certificate,13,9.42575528658856,3695,3652,43,48
APP_5847,OFC_281,Tirunelveli,Domicile Certificate,45,18.831187255958323,1508,1445,63,34
APP_5848,OFC_44,Bilaspur,Birth Certificate,15,41.874824184164574,443,352,91,57
APP_5849,OFC_898,Haridwar,Marriage Certificate,35,59.61322195349082,918,847,71,57
APP_5850,OFC_193,Central Delhi,Death Certificate,36,14.25304703406461,3036,2953,83,41
APP_5851,OFC_98,Baramulla,Caste Certificate,26,42.78757935526303,655,625,30,46
APP_5852,OFC_570,Margao,Death Certificate,47,38.57688414850035,2343,2313,30,40
APP_5853,OFC_860,Aizawl,Death Certificate,16,20.655039797187168,509,439,70,47
APP_5854,OFC_458,Gangtok,Marriage Certificate,15,26.42867924079744,525,485,40,51
APP_5855,OFC_6,Mapusa,Birth Certificate,42,33.03927806416624,2211,2137,74,53
APP_5856,OFC_889,Mohali,Marriage Certificate,23,29.599896406968632,832,763,69,52
APP_5857,OFC_717,Bathinda,Income Certificate,40,27.094649068034958,1354,1330,24,35
APP_5858,OFC_941,Jalandhar,Death Certificate,37,24.326228448047814,1299,1240,59,50
APP_5859,OFC_183,Kashipur,Death Certificate,14,23.800702814174304,989,902,87,38
APP_5860,OFC_90,Vellore,Caste Certificate,20,34.82052364792743,522,470,52,50
APP_5861,OFC_403,Siliguri,Caste Certificate,8,44.57200380608445,87,70,17,38
APP_5862,OFC_556,Ajmer,Birth Certificate,47,20.86860050669157,4515,4446,69,35
APP_5863,OFC_71,Minicoy,Income Certificate,10,41.5232611198166,506,459,47,43
APP_5864,OFC_169,Dharamshala,Income Certificate,32,46.160979346941446,2169,2104,65,52
APP_5865,OFC_869,Varanasi,Caste Certificate,43,20.98631634012702,952,945,7,38
APP_5866,OFC_171,Bhilwara,Marriage Certificate,43,5.219395000277999,11346,11343,3,47
APP_5867,OFC_19,Tuensang,Marriage Certificate,37,6.07019869480633,9080,8995,85,36
APP_5868,OFC_982,Havelock,Domicile Certificate,30,25.09632906836103,1296,1249,47,36
APP_5869,OFC_368,Diglipur,Death Certificate,24,49.71622860916074,1180,1101,79,46
APP_5870,OFC_946,Anantnag,Death Certificate,45,18.323237546343133,1692,1642,50,30
APP_5871,OFC_505,Kolhapur,Caste Certificate,6,56.23213639879064,130,118,12,34
APP_5872,OFC_872,Nanded,Death Certificate,34,51.64478752870608,1393,1314,79,38
APP_5873,OFC_448,Jaipur,Birth Certificate,14,16.033553140418324,997,968,29,46
APP_5874,OFC_564,Purnia,Marriage Certificate,8,26.22667513801284,209,173,36,39
APP_5875,OFC_994,Bhopal,Birth Certificate,39,6.360334977279986,8708,8686,22,36
APP_5876,OFC_166,Bhavnagar,Income Certificate,23,23.812058045442576,1170,1081,89,33
APP_5877,OFC_58,Mahbubnagar,Caste Certificate,46,7.850666984526323,7299,7208,91,50
APP_5878,OFC_707,Darbhanga,Domicile Certificate,48,51.08018074530449,1518,1424,94,40
APP_5879,OFC_139,Thane,Death Certificate,31,36.15170648333614,875,848,27,38
APP_5880,OFC_168,Kolkata,Marriage Certificate,25,23.73007836058577,1803,1767,36,46
APP_5881,OFC_920,Leh,Caste Certificate,6,11.471348457317628,876,827,49,50
APP_5882,OFC_649,Durgapur,Birth Certificate,17,31.468610450221643,1307,1256,51,45
APP_5883,OFC_257,Chennai,Marriage Certificate,27,56.86044113389898,511,420,91,44
APP_5884,OFC_550,Amritsar,Marriage Certificate,21,47.27209715758476,199,168,31,54
APP_5885,OFC_830,Tiruchirapalli,Death Certificate,49,26.60893787356264,2426,2402,24,35
APP_5886,OFC_273,Shimla,Birth Certificate,48,28.239474508406904,1157,1086,71,35
APP_5887,OFC_315,Jamnagar,Death Certificate,14,34.135341378191896,660,566,94,49
APP_5888,OFC_861,Amravati,Domicile Certificate,37,6.407199804640544,694,627,67,54
APP_5889,OFC_791,Mumbai,Income Certificate,45,10.891331480197652,9997,9942,55,52
APP_5890,OFC_915,Nongpoh,Income Certificate,47,44.584022436485824,1688,1618,70,53
APP_5891,OFC_79,Hazaribagh,Caste Certificate,23,33.953115404382906,610,552,58,38
APP_5892,OFC_917,Thoothukudi,Marriage Certificate,9,54.60605645183284,580,500,80,55
APP_5893,OFC_407,North Delhi,Marriage Certificate,22,9.004399440707939,2429,2332,97,41
APP_5894,OFC_722,Shimoga,Birth Certificate,48,39.640645235780354,1071,1007,64,45
APP_5895,OFC_426,Khammam,Death Certificate,44,18.489949643939266,741,647,94,33
APP_5896,OFC_565,Naharlagun,Caste Certificate,34,25.28946603857236,1240,1188,52,38
APP_5897,OFC_478,Bikaner,Birth Certificate,41,59.59756728900713,1470,1465,5,53
APP_5898,OFC_609,Ranchi,Marriage Certificate,19,36.69881386347736,561,463,98,32
APP_5899,OFC_624,South Delhi,Caste Certificate,35,57.246133372236685,317,316,1,45
APP_5900,OFC_501,Medinipur,Caste Certificate,22,39.96182669946281,780,701,79,46
APP_5901,OFC_230,Port Blair,Domicile Certificate,37,11.679006015671284,3433,3384,49,43
APP_5902,OFC_174,Geyzing,Income Certificate,33,49.208884264978096,839,792,47,33
APP_5903,OFC_90,Tura,Marriage Certificate,27,20.42039312773296,2436,2366,70,39
APP_5904,OFC_393,Mandi,Marriage Certificate,17,48.78476184139405,93,27,66,32
APP_5905,OFC_968,Pathankot,Income Certificate,22,11.880192726595723,3341,3254,87,34
APP_5906,OFC_618,Hubli,Death Certificate,5,16.1253173531942,586,490,96,37
APP_5907,OFC_643,Dharmanagar,Caste Certificate,5,14.298991216707012,509,431,78,42
APP_5908,OFC_882,Erode,Domicile Certificate,40,49.54132749155577,569,540,29,59
APP_5909,OFC_491,Nainital,Death Certificate,47,52.47010324798074,1250,1217,33,39
APP_5910,OFC_37,Anand,Caste Certificate,36,31.39381057720728,99,62,37,41
APP_5911,OFC_882,Agatti,Birth Certificate,10,10.138704427543296,1809,1731,78,48
APP_5912,OFC_71,Udaipur,Income Certificate,7,5.456647888895842,794,730,64,55
APP_5913,OFC_191,Meerut,Birth Certificate,8,57.364896561289655,110,66,44,57
APP_5914,OFC_397,Deoghar,Marriage Certificate,33,31.32662253211315,648,552,96,56
APP_5915,OFC_957,Surat,Caste Certificate,24,15.246235815409996,804,737,67,36
APP_5916,OFC_696,Kathua,Birth Certificate,12,24.178078384355278,564,546,18,30
APP_5917,OFC_330,Gorakhpur,Domicile Certificate,33,51.909480450244416,806,744,62,42
APP_5918,OFC_766,Gandhinagar,Marriage Certificate,36,29.215690037618437,1155,1096,59,36
APP_5919,OFC_491,Belgaum,Caste Certificate,23,49.57280177779327,44,14,30,34
APP_5920,OFC_717,Jammu,Income Certificate,10,23.349626640367475,506,437,69,55
APP_5921,OFC_216,Davanagere,Death Certificate,32,41.04939508582056,1058,1013,45,32
APP_5922,OFC_677,Asansol,Caste Certificate,47,17.80494103845008,4917,4853,64,48
APP_5923,OFC_853,Mangalore,Death Certificate,25,51.21026905266223,1185,1105,80,56
APP_5924,OFC_529,Jamshedpur,Marriage Certificate,33,7.260324229498934,7979,7884,95,35
APP_5925,OFC_331,Udhampur,Birth Certificate,34,49.331132176633545,1115,1059,56,54
APP_5926,OFC_3,Roorkee,Caste Certificate,14,37.077640336992886,558,471,87,44
APP_5927,OFC_932,Adilabad,Domicile Certificate,25,57.26491473387335,296,219,77,49
APP_5928,OFC_214,Guwahati,Birth Certificate,47,56.91515450817136,560,500,60,31
APP_5929,OFC_476,Pasighat,Death Certificate,39,15.744744852969772,5349,5260,89,48
APP_5930,OFC_153,Aurangabad,Birth Certificate,49,14.673669148149012,1985,1908,77,39
APP_5931,OFC_419,Panaji,Caste Certificate,44,45.78176126125732,1529,1490,39,42
APP_5932,OFC_153,Satna,Birth Certificate,31,52.01696187004514,767,687,80,45
APP_5933,OFC_676,Madurai,Caste Certificate,38,29.98925486244669,2162,2083,79,51
APP_5934,OFC_628,Vasco da Gama,Marriage Certificate,5,49.1975318097356,257,180,77,44
APP_5935,OFC_742,Dimapur,Death Certificate,37,41.03541231747101,1650,1605,45,58
APP_5936,OFC_989,Delhi,Marriage Certificate,43,35.52391513824912,1677,1670,7,37
APP_5937,OFC_242,Rudrapur,Domicile Certificate,23,51.017609090775686,647,644,3,52
APP_5938,OFC_704,Indore,Marriage Certificate,47,35.416288112476536,682,653,29,40
APP_5939,OFC_933,Allahabad,Marriage Certificate,34,38.289319005040376,1171,1163,8,51
APP_5940,OFC_968,Haldwani,Caste Certificate,32,48.07162552443608,1181,1118,63,48
APP_5941,OFC_501,Patna,Domicile Certificate,20,25.010923669481727,2093,2054,39,54
APP_5942,OFC_172,Champhai,Income Certificate,14,50.377799389978414,580,496,84,39
APP_5943,OFC_998,Jorhat,Marriage Certificate,43,23.3319732443572,1163,1132,31,48
APP_5944,OFC_226,Itanagar,Marriage Certificate,20,9.855298987023549,3113,3051,62,57
APP_5945,OFC_256,Shillong,Death Certificate,35,45.70631025727452,1054,980,74,31
APP_5946,OFC_657,Solan,Income Certificate,22,52.97954822833624,408,316,92,32
APP_5947,OFC_577,Jowai,Domicile Certificate,25,13.697589138184156,2306,2239,67,33
APP_5948,OFC_427,Namchi,Birth Certificate,40,40.55812902707572,1157,1114,43,33
APP_5949,OFC_714,Bishnupur,Income Certificate,8,24.15735537336454,635,565,70,31
APP_5950,OFC_478,Rewa,Birth Certificate,12,18.865986713434147,557,531,26,58
APP_5951,OFC_486,Agra,Income Certificate,13,57.66673438539607,305,258,47,30
APP_5952,OFC_401,Bangalore,Caste Certificate,6,38.9265839730942,260,259,1,54
APP_5953,OFC_784,Solapur,Marriage Certificate,6,14.142706375827393,399,364,35,52
APP_5954,OFC_23,Silchar,Income Certificate,48,47.13692247826711,1229,1175,54,30
APP_5955,OFC_664,Nashik,Caste Certificate,7,35.24784264945739,428,421,7,52
APP_5956,OFC_858,Mysore,Income Certificate,13,54.26787509914209,447,369,78,43
APP_5957,OFC_786,Coimbatore,Domicile Certificate,49,39.16375924220512,1011,926,85,33
APP_5958,OFC_463,Katihar,Income Certificate,13,37.4823255095299,334,334,0,41
APP_5959,OFC_71,Bareilly,Income Certificate,39,50.837428174879264,650,559,91,45
APP_5960,OFC_572,Jodhpur,Caste Certificate,47,18.54896753484213,5251,5179,72,56
APP_5961,OFC_554,Bokaro,Domicile Certificate,13,30.57551291876149,459,378,81,52
APP_5962,OFC_767,Jabalpur,Death Certificate,19,40.21556388950909,686,654,32,44
APP_5963,OFC_135,East Delhi,Birth Certificate,38,45.01372862148536,1247,1174,73,49
APP_5964,OFC_334,Karimnagar,Income Certificate,15,23.332147190832814,223,168,55,39
APP_5965,OFC_398,Serchhip,Death Certificate,32,47.04163837709815,559,504,55,44
APP_5966,OFC_100,Rangareddy,Income Certificate,49,18.828749342997167,7440,7344,96,55
APP_5967,OFC_317,Salem,Income Certificate,37,19.20096098950112,4637,4601,36,51
APP_5968,OFC_403,Kavaratti,Caste Certificate,39,12.087145885140442,4880,4834,46,59
APP_5969,OFC_368,Dispur,Caste Certificate,8,44.159773142426566,385,376,9,45
APP_5970,OFC_262,Thoubal,Caste Certificate,44,16.871582351298237,3135,3063,72,48
APP_5971,OFC_773,Chandigarh,Income Certificate,25,24.439609392023097,2983,2939,44,56
APP_5972,OFC_514,Nagaon,Marriage Certificate,36,32.661236237478285,2147,2067,80,40
APP_5973,OFC_249,Udaipur (Tripura),Caste Certificate,27,18.23164560875268,1337,1270,67,49
APP_5974,OFC_993,Warangal,Caste Certificate,42,11.289551244922114,4926,4913,13,34
APP_5975,OFC_360,Muzaffarpur,Caste Certificate,43,41.8528028501274,113,42,71,54
APP_5976,OFC_128,Ujjain,Caste Certificate,8,56.04298108776747,329,232,97,53
APP_5977,OFC_834,Imphal,Income Certificate,18,27.987862058344884,993,946,47,47
APP_5978,OFC_247,Patiala,Birth Certificate,39,9.426407606568455,8537,8492,45,43
APP_5979,OFC_989,Gwalior,Caste Certificate,6,49.60796012416059,279,201,78,31
APP_5980,OFC_270,Nizamabad,Caste Certificate,14,9.97818596406064,1630,1620,10,47
APP_5981,OFC_986,Pune,Death Certificate,36,14.122072472156576,4646,4617,29,44
APP_5982,OFC_489,Tawang,Marriage Certificate,19,45.944371140521895,1082,1039,43,56
APP_5983,OFC_977,Kullu,Caste Certificate,19,13.456305417667055,1815,1778,37,39
APP_5984,OFC_68,Mayabunder,Income Certificate,7,36.70936185001666,290,194,96,33
APP_5985,OFC_365,Lucknow,Caste Certificate,35,23.75801324018631,2695,2652,43,58
APP_5986,OFC_588,Tezpur,Income Certificate,13,41.38354652951777,214,194,20,59
APP_5987,OFC_675,Junagadh,Domicile Certificate,20,31.27956693758324,623,580,43,35
APP_5988,OFC_409,Sagar,Marriage Certificate,20,56.900209546310045,624,599,25,49
APP_5989,OFC_154,Nagpur,Marriage Certificate,34,8.809103006841537,7286,7205,81,39
APP_5990,OFC_70,Howrah,Income Certificate,15,17.25134074350683,836,825,11,30
APP_5991,OFC_418,Srinagar,Caste Certificate,7,18.53312574889054,1124,1060,64,56
APP_5992,OFC_248,Malda,Marriage Certificate,5,36.19710506122597,227,194,33,31
APP_5993,OFC_904,Bhagalpur,Death Certificate,33,37.46603327225512,597,539,58,36
APP_5994,OFC_248,Gulbarga,Domicile Certificate,16,12.404043709705594,451,444,7,30
APP_5995,OFC_157,Begusarai,Birth Certificate,28,32.93301328015391,1400,1383,17,48
APP_5996,OFC_695,Dibrugarh,Death Certificate,49,15.539159576227734,4922,4915,7,54
APP_5997,OFC_995,Mokokchung,Birth Certificate,28,47.53472833162986,613,584,29,37
APP_5998,OFC_533,West Delhi,Domicile Certificate,20,17.70171832011826,988,927,61,31
APP_5999,OFC_890,Kota,Domicile Certificate,11,52.222484992513245,212,173,39,31
APP_6000,OFC_11,Vadodara,Death Certificate,8,22.43348048928855,325,321,4,39
APP_6001,OFC_580,Rajkot,Caste Certificate,13,46.35205880968973,341,248,93,39
APP_6002,OFC_436,Kailashahar,Caste Certificate,35,22.70840266282248,2740,2678,62,45
APP_6003,OFC_489,Agartala,Birth Certificate,42,26.958474593407537,1184,1092,92,51
APP_6004,OFC_345,Ludhiana,Birth Certificate,27,47.3384594129545,840,790,50,55
APP_6005,OFC_277,Giridih,Caste Certificate,10,21.300506123841892,63,62,1,52
APP_6006,OFC_975,Sikar,Domicile Certificate,10,30.452409680874847,509,439,70,55
APP_6007,OFC_313,Kanpur,Income Certificate,17,51.20445997194305,237,231,6,33
APP_6008,OFC_28,Kohima,Income Certificate,42,33.95012753386543,1179,1125,54,37
APP_6009,OFC_542,Ahmedabad,Income Certificate,6,17.71428565123677,156,115,41,54
APP_6010,OFC_361,Mangan,Income Certificate,16,42.28691377646727,420,383,37,43
APP_6011,OFC_416,Dehradun,Domicile Certificate,9,57.75212496320473,173,149,24,50
APP_6012,OFC_591,Churachandpur,Caste Certificate,25,33.41995405821817,2097,2053,44,52
APP_6013,OFC_725,Gaya,Birth Certificate,10,35.94137869298168,282,242,40,32
APP_6014,OFC_258,Dhanbad,Birth Certificate,27,26.57446287749477,645,560,85,50
APP_6015,OFC_71,Lunglei,Caste Certificate,28,48.75421970331718,126,120,6,36
APP_6016,OFC_458,Darjeeling,Caste Certificate,34,49.60654623182566,1638,1564,74,47
APP_6017,OFC_454,Manali,Marriage Certificate,32,51.68524400886304,943,942,1,54
APP_6018,OFC_512,Arrah,Birth Certificate,49,30.97408460681255,1065,1016,49,44
APP_6019,OFC_498,Ramgarh,Domicile Certificate,18,52.37048525003067,439,396,43,30
APP_6020,OFC_36,Ratlam,Caste Certificate,9,41.15795442564474,142,90,52,53
APP_6021,OFC_317,Hyderabad,Caste Certificate,39,24.817668228482145,1772,1682,90,36
APP_6022,OFC_903,Tumkur,Marriage Certificate,41,22.294198429512647,1501,1473,28,34
APP_6023,OFC_482,Ghaziabad,Marriage Certificate,15,44.52298290977122,431,369,62,34
APP_6024,OFC_898,Amini,Marriage Certificate,28,43.57275129984515,457,435,22,40
APP_6025,OFC_169,Alwar,Domicile Certificate,28,9.59394509354538,7505,7441,64,53
APP_6026,OFC_523,Bardhaman,Caste Certificate,16,58.2455179530599,525,521,4,39
APP_6027,OFC_205,New Delhi,Caste Certificate,43,20.581548253890936,1653,1566,87,31
APP_6028,OFC_597,Tirunelveli,Birth Certificate,18,41.12022164014337,119,67,52,34
APP_6029,OFC_57,Bilaspur,Income Certificate,42,30.941948534000787,2801,2709,92,59
APP_6030,OFC_226,Haridwar,Death Certificate,5,31.41577773373583,112,103,9,56
APP_6031,OFC_63,Central Delhi,Domicile Certificate,19,18.42146269752769,351,350,1,52
APP_6032,OFC_600,Baramulla,Death Certificate,38,26.26537425593792,1606,1564,42,53
APP_6033,OFC_539,Margao,Caste Certificate,40,16.1096405498527,3358,3341,17,44
APP_6034,OFC_126,Aizawl,Birth Certificate,33,55.446434737211376,746,666,80,48
APP_6035,OFC_15,Gangtok,Domicile Certificate,31,54.07808200285024,738,647,91,33
APP_6036,OFC_319,Mapusa,Marriage Certificate,19,10.506654042127996,2597,2589,8,35
APP_6037,OFC_302,Mohali,Birth Certificate,11,51.49966930355647,142,136,6,45
APP_6038,OFC_977,Bathinda,Caste Certificate,36,40.30842538668925,1665,1630,35,55
APP_6039,OFC_74,Jalandhar,Death Certificate,46,53.95431278071296,1766,1676,90,41
APP_6040,OFC_68,Kashipur,Income Certificate,48,6.18134773017783,9290,9279,11,42
APP_6041,OFC_555,Vellore,Income Certificate,28,35.73300029991029,1155,1093,62,44
APP_6042,OFC_399,Siliguri,Domicile Certificate,13,48.95644228874235,428,355,73,55
APP_6043,OFC_154,Ajmer,Birth Certificate,33,45.92774474267125,1481,1471,10,55
APP_6044,OFC_973,Minicoy,Domicile Certificate,35,51.06073308429254,1320,1309,11,59
APP_6045,OFC_888,Dharamshala,Domicile Certificate,36,9.498467118442957,897,839,58,30
APP_6046,OFC_989,Varanasi,Marriage Certificate,27,9.442420754014735,6546,6480,66,46
APP_6047,OFC_778,Bhilwara,Death Certificate,6,46.001641833856645,224,177,47,46
APP_6048,OFC_793,Tuensang,Domicile Certificate,11,9.907126423639545,709,644,65,36
APP_6049,OFC_226,Havelock,Caste Certificate,9,42.932125519866986,361,310,51,45
APP_6050,OFC_218,Diglipur,Marriage Certificate,47,59.005020817175605,633,550,83,44
APP_6051,OFC_43,Anantnag,Marriage Certificate,34,7.958108361320858,2301,2261,40,52
APP_6052,OFC_108,Kolhapur,Death Certificate,13,42.27375580055046,213,203,10,31
APP_6053,OFC_755,Nanded,Caste Certificate,15,8.69481046010151,2860,2851,9,55
APP_6054,OFC_841,Jaipur,Death Certificate,35,47.46815784887325,1306,1218,88,57
APP_6055,OFC_414,Purnia,Birth Certificate,13,52.46497778091535,108,74,34,47
APP_6056,OFC_386,Bhopal,Caste Certificate,19,18.535839109779445,930,904,26,49
APP_6057,OFC_744,Bhavnagar,Death Certificate,30,17.552536478560103,1659,1596,63,47
APP_6058,OFC_416,Mahbubnagar,Death Certificate,34,35.021226963473296,886,885,1,31
APP_6059,OFC_263,Darbhanga,Income Certificate,19,46.45066877268287,615,561,54,34
APP_6060,OFC_386,Thane,Death Certificate,31,59.73836310622263,740,671,69,32
APP_6061,OFC_782,Kolkata,Marriage Certificate,6,37.74688552714671,329,284,45,37
APP_6062,OFC_934,Leh,Death Certificate,16,25.18089888233869,267,266,1,32
APP_6063,OFC_792,Durgapur,Marriage Certificate,30,59.51100448514271,782,724,58,45
APP_6064,OFC_47,Chennai,Caste Certificate,39,13.465607303242267,9551,9495,56,59
APP_6065,OFC_411,Amritsar,Income Certificate,22,12.333344659946029,1591,1582,9,47
APP_6066,OFC_644,Tiruchirapalli,Caste Certificate,48,48.91467380750158,2279,2204,75,40
APP_6067,OFC_440,Shimla,Birth Certificate,36,17.290523906729575,3848,3817,31,45
APP_6068,OFC_915,Jamnagar,Death Certificate,7,56.61436238064973,225,220,5,35
APP_6069,OFC_52,Amravati,Birth Certificate,23,24.60103171608157,1304,1263,41,45
APP_6070,OFC_675,Mumbai,Death Certificate,9,49.73874200472696,146,54,92,32
APP_6071,OFC_89,Nongpoh,Income Certificate,16,50.61786486108944,785,698,87,55
APP_6072,OFC_622,Hazaribagh,Income Certificate,6,58.021548855462754,240,185,55,59
APP_6073,OFC_416,Thoothukudi,Income Certificate,31,28.615934420186043,1868,1802,66,51
APP_6074,OFC_163,North Delhi,Caste Certificate,17,17.48007734502591,2509,2495,14,51
APP_6075,OFC_393,Shimoga,Death Certificate,11,31.365063748987563,688,618,70,38
APP_6076,OFC_132,Khammam,Birth Certificate,42,7.07492384124062,3436,3416,20,36
APP_6077,OFC_369,Naharlagun,Death Certificate,15,35.33014863457622,532,435,97,51
APP_6078,OFC_722,Bikaner,Birth Certificate,5,36.92548617810159,393,309,84,49
APP_6079,OFC_551,Ranchi,Domicile Certificate,37,52.021271955506215,578,501,77,45
APP_6080,OFC_651,South Delhi,Income Certificate,42,25.598570828554,2766,2756,10,58
APP_6081,OFC_48,Medinipur,Birth Certificate,38,52.521674818875056,312,302,10,35
APP_6082,OFC_644,Port Blair,Marriage Certificate,12,12.909833906738884,2719,2691,28,52
APP_6083,OFC_701,Geyzing,Marriage Certificate,12,36.126463007500575,766,701,65,45
APP_6084,OFC_909,Tura,Domicile Certificate,18,38.46180944663341,570,482,88,35
APP_6085,OFC_756,Mandi,Caste Certificate,12,5.713447290560595,3964,3868,96,42
APP_6086,OFC_700,Pathankot,Death Certificate,34,35.37129753235623,776,746,30,31
APP_6087,OFC_695,Hubli,Birth Certificate,39,49.987245378569874,1538,1508,30,50
APP_6088,OFC_941,Dharmanagar,Income Certificate,7,15.45528359967297,1273,1266,7,57
APP_6089,OFC_333,Erode,Domicile Certificate,30,21.559652256477293,617,521,96,54
APP_6090,OFC_319,Nainital,Death Certificate,25,20.33026988656215,2546,2451,95,42
APP_6091,OFC_91,Anand,Caste Certificate,43,49.169268766309045,1025,932,93,40
APP_6092,OFC_52,Agatti,Death Certificate,31,6.096344601437889,6850,6777,73,34
APP_6093,OFC_957,Udaipur,Death Certificate,37,23.43599808437484,2504,2414,90,57
APP_6094,OFC_418,Meerut,Birth Certificate,17,16.34267425158422,2333,2253,80,48
APP_6095,OFC_776,Deoghar,Caste Certificate,17,55.083064818905626,131,124,7,33
APP_6096,OFC_404,Surat,Income Certificate,25,34.39136913329396,1489,1400,89,55
APP_6097,OFC_394,Kathua,Income Certificate,43,23.290548264143325,3265,3202,63,41
APP_6098,OFC_885,Gorakhpur,Birth Certificate,46,54.28971479929902,1367,1330,37,59
APP_6099,OFC_880,Gandhinagar,Birth Certificate,13,40.86380652564623,308,224,84,34
APP_6100,OFC_282,Belgaum,Domicile Certificate,49,32.48615031839069,2799,2767,32,43
APP_6101,OFC_115,Jammu,Caste Certificate,11,54.29510256226334,234,150,84,36
APP_6102,OFC_273,Davanagere,Death Certificate,27,47.87437622395969,796,775,21,44
APP_6103,OFC_429,Asansol,Income Certificate,15,22.39943837209129,676,653,23,30
APP_6104,OFC_555,Mangalore,Domicile Certificate,49,27.17542379831161,1734,1665,69,57
APP_6105,OFC_922,Jamshedpur,Birth Certificate,33,25.78503369499629,1261,1234,27,55
APP_6106,OFC_298,Udhampur,Income Certificate,32,41.33837104210637,456,448,8,48
APP_6107,OFC_661,Roorkee,Domicile Certificate,32,41.50902035756823,933,872,61,36
APP_6108,OFC_2,Adilabad,Death Certificate,24,12.368389952804687,2973,2958,15,34
APP_6109,OFC_605,Guwahati,Domicile Certificate,24,32.98553181989668,1928,1852,76,55
APP_6110,OFC_700,Pasighat,Income Certificate,6,28.08355375678994,463,384,79,53
APP_6111,OFC_934,Aurangabad,Marriage Certificate,30,36.33121155848083,2520,2436,84,58
APP_6112,OFC_788,Panaji,Marriage Certificate,30,5.056182447779928,7019,6936,83,38
APP_6113,OFC_706,Satna,Death Certificate,49,19.397977823124087,3925,3911,14,59
APP_6114,OFC_189,Madurai,Caste Certificate,25,30.56703202321352,1414,1400,14,42
APP_6115,OFC_904,Vasco da Gama,Marriage Certificate,25,6.381480481816762,4161,4120,41,32
APP_6116,OFC_392,Dimapur,Caste Certificate,12,21.313832375082345,1234,1144,90,36
APP_6117,OFC_251,Delhi,Income Certificate,44,25.0246853382553,2735,2706,29,32
APP_6118,OFC_675,Rudrapur,Domicile Certificate,11,38.13877478586748,325,292,33,31
APP_6119,OFC_917,Indore,Domicile Certificate,7,14.419795414074086,881,854,27,50
APP_6120,OFC_505,Allahabad,Marriage Certificate,36,54.796563391230286,1710,1685,25,49
APP_6121,OFC_121,Haldwani,Birth Certificate,11,26.526303629091483,663,620,43,56
APP_6122,OFC_149,Patna,Marriage Certificate,24,55.9372144335206,446,397,49,30
APP_6123,OFC_981,Champhai,Marriage Certificate,47,50.83803814295077,1910,1829,81,57
APP_6124,OFC_855,Jorhat,Caste Certificate,9,17.355664874510417,565,532,33,47
APP_6125,OFC_852,Itanagar,Death Certificate,41,43.06517192657719,1014,1005,9,55
APP_6126,OFC_919,Shillong,Caste Certificate,20,37.66186613794713,997,927,70,44
APP_6127,OFC_181,Solan,Income Certificate,35,11.6294461518045,1979,1927,52,31
APP_6128,OFC_505,Jowai,Marriage Certificate,44,47.08825055364749,1565,1518,47,57
APP_6129,OFC_521,Namchi,Marriage Certificate,18,19.46333174011287,1254,1158,96,38
APP_6130,OFC_555,Bishnupur,Income Certificate,14,29.184971367839,257,199,58,42
APP_6131,OFC_977,Rewa,Domicile Certificate,37,28.89101134128332,1036,944,92,41
APP_6132,OFC_920,Agra,Income Certificate,13,24.751854460382276,436,384,52,39
APP_6133,OFC_829,Bangalore,Birth Certificate,28,55.90303463637304,1115,1077,38,51
APP_6134,OFC_236,Solapur,Domicile Certificate,37,28.297701842859038,2181,2086,95,49
APP_6135,OFC_504,Silchar,Caste Certificate,33,47.31586947657284,1646,1645,1,56
APP_6136,OFC_809,Nashik,Death Certificate,29,51.17738379366271,908,833,75,55
APP_6137,OFC_737,Mysore,Marriage Certificate,8,28.119981723641526,639,567,72,37
APP_6138,OFC_104,Coimbatore,Caste Certificate,35,18.889352831692463,3138,3134,4,42
APP_6139,OFC_48,Katihar,Birth Certificate,37,6.580718401438695,2326,2237,89,49
APP_6140,OFC_317,Bareilly,Caste Certificate,36,47.70259318108857,572,550,22,32
APP_6141,OFC_618,Jodhpur,Birth Certificate,40,31.198650152585724,1306,1224,82,34
APP_6142,OFC_317,Bokaro,Death Certificate,7,49.40515457685684,195,99,96,40
APP_6143,OFC_520,Jabalpur,Marriage Certificate,34,13.77416551720732,2538,2502,36,59
APP_6144,OFC_65,East Delhi,Caste Certificate,42,57.90472875181123,709,658,51,59
APP_6145,OFC_676,Karimnagar,Income Certificate,46,49.86584709423194,2122,2090,32,49
APP_6146,OFC_55,Serchhip,Caste Certificate,38,22.93369211660359,2276,2241,35,32
APP_6147,OFC_94,Rangareddy,Birth Certificate,36,13.444375146667142,1813,1750,63,44
APP_6148,OFC_765,Salem,Caste Certificate,19,33.46413063760069,1298,1230,68,59
APP_6149,OFC_730,Kavaratti,Marriage Certificate,31,18.507704074947185,4889,4861,28,56
APP_6150,OFC_76,Dispur,Domicile Certificate,26,53.36345850182797,560,547,13,32
APP_6151,OFC_156,Thoubal,Domicile Certificate,42,27.01116717637873,1764,1722,42,30
APP_6152,OFC_527,Chandigarh,Death Certificate,28,40.54998396325581,1840,1795,45,55
APP_6153,OFC_164,Nagaon,Caste Certificate,9,26.202914800771424,190,166,24,31
APP_6154,OFC_583,Udaipur (Tripura),Caste Certificate,44,27.045009202381667,623,611,12,43
APP_6155,OFC_999,Warangal,Domicile Certificate,13,52.77435866128364,204,156,48,31
APP_6156,OFC_679,Muzaffarpur,Income Certificate,20,10.08501984961896,3458,3386,72,40
APP_6157,OFC_501,Ujjain,Death Certificate,36,39.40346612869296,1217,1159,58,36
APP_6158,OFC_153,Imphal,Marriage Certificate,28,25.18521702295536,1919,1900,19,38
APP_6159,OFC_214,Patiala,Marriage Certificate,46,48.12806448488334,2509,2424,85,53
APP_6160,OFC_608,Gwalior,Caste Certificate,28,49.96166334636391,655,608,47,51
APP_6161,OFC_593,Nizamabad,Domicile Certificate,8,35.39774472280911,124,64,60,37
APP_6162,OFC_720,Pune,Marriage Certificate,24,28.235472391560453,1262,1181,81,34
APP_6163,OFC_318,Tawang,Domicile Certificate,27,55.81360693733954,177,129,48,59
APP_6164,OFC_958,Kullu,Income Certificate,44,49.589318863112695,1027,1023,4,41
APP_6165,OFC_498,Mayabunder,Birth Certificate,35,33.268315470775406,1293,1228,65,55
APP_6166,OFC_6,Lucknow,Birth Certificate,41,44.765052477267645,2281,2198,83,57
APP_6167,OFC_539,Tezpur,Income Certificate,22,18.868957568984108,2664,2626,38,57
APP_6168,OFC_84,Junagadh,Caste Certificate,21,53.1395823128673,395,321,74,58
APP_6169,OFC_489,Sagar,Death Certificate,13,28.01428311472557,676,609,67,43
APP_6170,OFC_434,Nagpur,Marriage Certificate,32,47.0993575990268,321,302,19,54
APP_6171,OFC_321,Howrah,Domicile Certificate,31,15.924063474980604,1829,1765,64,35
APP_6172,OFC_801,Srinagar,Marriage Certificate,30,59.18347172391591,759,694,65,46
APP_6173,OFC_416,Malda,Marriage Certificate,37,49.07308599543927,1311,1274,37,44
APP_6174,OFC_295,Bhagalpur,Domicile Certificate,49,37.73434512324858,2459,2429,30,47
APP_6175,OFC_895,Gulbarga,Caste Certificate,35,56.32507387152016,878,791,87,54
APP_6176,OFC_615,Begusarai,Marriage Certificate,31,50.38479169410076,1490,1403,87,43
APP_6177,OFC_228,Dibrugarh,Caste Certificate,31,44.40263900976999,679,654,25,31
APP_6178,OFC_729,Mokokchung,Caste Certificate,43,56.354862244661554,888,802,86,52
APP_6179,OFC_43,West Delhi,Caste Certificate,38,24.302775641291987,160,158,2,54
APP_6180,OFC_228,Kota,Birth Certificate,26,11.922743941037451,5105,5102,3,57
APP_6181,OFC_557,Vadodara,Death Certificate,26,52.215772103131926,1435,1356,79,52
APP_6182,OFC_391,Rajkot,Birth Certificate,23,42.42901003102752,194,183,11,46
APP_6183,OFC_218,Kailashahar,Domicile Certificate,16,21.806164163636254,1825,1793,32,59
APP_6184,OFC_686,Agartala,Domicile Certificate,49,17.127871769857066,6257,6160,97,43
APP_6185,OFC_704,Ludhiana,Birth Certificate,24,59.675542026067966,744,711,33,34
APP_6186,OFC_476,Giridih,Domicile Certificate,21,28.74534162991856,885,872,13,34
APP_6187,OFC_789,Sikar,Domicile Certificate,19,30.421859563404677,1374,1331,43,52
APP_6188,OFC_308,Kanpur,Domicile Certificate,9,18.20790951901468,1235,1164,71,59
APP_6189,OFC_98,Kohima,Income Certificate,32,27.553928249325143,943,879,64,46
APP_6190,OFC_410,Ahmedabad,Income Certificate,7,26.359356236873385,319,307,12,49
APP_6191,OFC_901,Mangan,Domicile Certificate,46,10.91267044588307,4309,4240,69,34
APP_6192,OFC_120,Dehradun,Birth Certificate,33,56.4913721863865,275,248,27,51
APP_6193,OFC_74,Churachandpur,Income Certificate,40,43.555929224074845,264,247,17,31
APP_6194,OFC_918,Gaya,Birth Certificate,40,31.970632137776004,447,389,58,39
APP_6195,OFC_772,Dhanbad,Domicile Certificate,23,54.18451098621672,854,825,29,55
APP_6196,OFC_766,Lunglei,Death Certificate,21,6.392109325550103,8098,8029,69,57
APP_6197,OFC_903,Darjeeling,Caste Certificate,38,25.289283947140135,1780,1699,81,51
APP_6198,OFC_128,Manali,Domicile Certificate,10,55.82356486180674,426,399,27,53
APP_6199,OFC_65,Arrah,Domicile Certificate,16,16.56771848573002,2013,1962,51,41
APP_6200,OFC_143,Ramgarh,Marriage Certificate,13,6.581361302961167,2366,2323,43,37
APP_6201,OFC_823,Ratlam,Caste Certificate,17,56.40896012644773,458,377,81,55
APP_6202,OFC_665,Hyderabad,Marriage Certificate,24,57.69030367720119,454,412,42,33
APP_6203,OFC_634,Tumkur,Income Certificate,22,8.805457625684152,5315,5251,64,48
APP_6204,OFC_114,Ghaziabad,Income Certificate,14,54.46718061064438,569,543,26,59
APP_6205,OFC_233,Amini,Domicile Certificate,49,17.078947180543654,3425,3382,43,50
APP_6206,OFC_177,Alwar,Death Certificate,48,11.673367273297222,2595,2502,93,35
APP_6207,OFC_882,Bardhaman,Death Certificate,24,12.690750760181333,3596,3509,87,33
APP_6208,OFC_8,New Delhi,Income Certificate,42,59.38492846641612,364,270,94,40
APP_6209,OFC_749,Tirunelveli,Domicile Certificate,12,12.884084522689497,2514,2471,43,53
APP_6210,OFC_607,Bilaspur,Birth Certificate,27,54.56467772555308,482,441,41,33
APP_6211,OFC_372,Haridwar,Birth Certificate,10,11.744541471635484,2182,2107,75,47
APP_6212,OFC_639,Central Delhi,Domicile Certificate,6,49.71390123885486,299,201,98,42
APP_6213,OFC_75,Baramulla,Marriage Certificate,18,58.48780578851979,337,285,52,49
APP_6214,OFC_376,Margao,Caste Certificate,9,5.120273787310334,344,275,69,53
APP_6215,OFC_93,Aizawl,Death Certificate,46,30.856257655903747,1872,1797,75,40
APP_6216,OFC_205,Gangtok,Caste Certificate,20,25.89266447117409,825,735,90,41
APP_6217,OFC_7,Mapusa,Birth Certificate,17,23.3789899429782,1108,1016,92,31
APP_6218,OFC_477,Mohali,Marriage Certificate,45,21.03219178858192,1584,1510,74,49
APP_6219,OFC_788,Bathinda,Birth Certificate,8,39.964552464066806,459,437,22,59
APP_6220,OFC_979,Jalandhar,Caste Certificate,11,14.707343076624117,1133,1058,75,49
APP_6221,OFC_974,Kashipur,Income Certificate,8,58.99102957574201,282,191,91,49
APP_6222,OFC_696,Vellore,Domicile Certificate,18,39.0920427012577,821,734,87,44
APP_6223,OFC_106,Siliguri,Income Certificate,47,47.59427745779679,979,974,5,30
APP_6224,OFC_885,Ajmer,Birth Certificate,31,34.57657168193819,1425,1421,4,51
APP_6225,OFC_348,Minicoy,Death Certificate,10,49.56092110113601,458,390,68,45
APP_6226,OFC_151,Dharamshala,Caste Certificate,40,18.411741955609934,2351,2279,72,45
APP_6227,OFC_351,Varanasi,Birth Certificate,24,14.692768219828867,4143,4100,43,48
APP_6228,OFC_617,Bhilwara,Marriage Certificate,6,34.29385776602804,278,250,28,51
APP_6229,OFC_248,Tuensang,Caste Certificate,49,11.418736261562689,8572,8535,37,44
APP_6230,OFC_694,Havelock,Marriage Certificate,32,55.712517620094594,570,520,50,58
APP_6231,OFC_663,Diglipur,Income Certificate,31,6.354309684471245,3845,3780,65,49
APP_6232,OFC_978,Anantnag,Domicile Certificate,35,39.7215410529501,972,948,24,35
APP_6233,OFC_862,Kolhapur,Caste Certificate,31,16.6910352669,4953,4892,61,48
APP_6234,OFC_771,Nanded,Caste Certificate,18,42.43252918130102,1354,1350,4,57
APP_6235,OFC_575,Jaipur,Death Certificate,13,37.13809008311406,436,356,80,44
APP_6236,OFC_61,Purnia,Caste Certificate,24,26.353517332072457,691,679,12,33
APP_6237,OFC_603,Bhopal,Death Certificate,17,57.03621034034276,401,393,8,47
APP_6238,OFC_707,Bhavnagar,Caste Certificate,13,58.6195168571076,401,334,67,52
APP_6239,OFC_509,Mahbubnagar,Marriage Certificate,46,31.969200230301183,2419,2371,48,32
APP_6240,OFC_708,Darbhanga,Birth Certificate,16,29.293442889323696,577,574,3,31
APP_6241,OFC_659,Thane,Birth Certificate,12,18.72497612868907,1582,1518,64,57
APP_6242,OFC_340,Kolkata,Caste Certificate,16,11.995941163669194,947,923,24,36
APP_6243,OFC_561,Leh,Domicile Certificate,31,8.751929808583233,4055,3980,75,36
APP_6244,OFC_920,Durgapur,Domicile Certificate,23,29.59627352236392,455,367,88,43
APP_6245,OFC_642,Chennai,Domicile Certificate,14,28.77894382978956,466,384,82,50
APP_6246,OFC_290,Amritsar,Marriage Certificate,18,23.381596056779035,1522,1455,67,52
APP_6247,OFC_659,Tiruchirapalli,Caste Certificate,48,48.9864456545962,2446,2434,12,44
APP_6248,OFC_249,Shimla,Death Certificate,6,11.404183403872176,473,375,98,50
APP_6249,OFC_893,Jamnagar,Death Certificate,7,24.71737993944988,251,219,32,31
APP_6250,OFC_653,Amravati,Caste Certificate,41,14.50035232048923,2626,2548,78,38
APP_6251,OFC_436,Mumbai,Income Certificate,10,57.38685558724189,182,101,81,51
APP_6252,OFC_701,Nongpoh,Domicile Certificate,41,46.65442533483528,1217,1139,78,59
APP_6253,OFC_414,Hazaribagh,Marriage Certificate,15,46.85683276981426,598,523,75,43
APP_6254,OFC_242,Thoothukudi,Marriage Certificate,30,19.598223661843413,1821,1792,29,47
APP_6255,OFC_968,North Delhi,Income Certificate,28,15.558707953468454,3943,3855,88,48
APP_6256,OFC_417,Shimoga,Death Certificate,19,14.928531202130728,713,676,37,33
APP_6257,OFC_949,Khammam,Marriage Certificate,12,8.55437628853538,1832,1757,75,50
APP_6258,OFC_901,Naharlagun,Income Certificate,7,9.66545828233016,915,874,41,43
APP_6259,OFC_887,Bikaner,Marriage Certificate,38,27.2318957159774,1401,1327,74,59
APP_6260,OFC_681,Ranchi,Caste Certificate,9,14.308992118488728,1321,1224,97,55
APP_6261,OFC_91,South Delhi,Domicile Certificate,17,48.87582688120276,185,146,39,44
APP_6262,OFC_603,Medinipur,Birth Certificate,14,55.34842674708431,288,203,85,48
APP_6263,OFC_413,Port Blair,Income Certificate,24,48.396727957707625,507,483,24,47
APP_6264,OFC_260,Geyzing,Death Certificate,26,52.57225736393592,905,835,70,51
APP_6265,OFC_929,Tura,Domicile Certificate,30,17.257435346488712,1244,1171,73,31
APP_6266,OFC_221,Mandi,Birth Certificate,35,14.423117546845896,2810,2718,92,43
APP_6267,OFC_895,Pathankot,Caste Certificate,28,47.066951177684494,1074,1000,74,45
APP_6268,OFC_243,Hubli,Marriage Certificate,22,14.478082238219129,1683,1599,84,31
APP_6269,OFC_113,Dharmanagar,Birth Certificate,18,50.94144955358628,75,37,38,36
APP_6270,OFC_533,Erode,Income Certificate,24,58.12366260786031,479,389,90,36
APP_6271,OFC_548,Nainital,Birth Certificate,44,58.13774031732517,452,386,66,34
APP_6272,OFC_198,Anand,Domicile Certificate,19,20.904830242037416,1391,1356,35,59
APP_6273,OFC_43,Agatti,Caste Certificate,49,25.206365003117515,1774,1769,5,44
APP_6274,OFC_255,Udaipur,Domicile Certificate,6,30.568793690163105,193,107,86,56
APP_6275,OFC_40,Meerut,Marriage Certificate,11,58.34997213222138,340,291,49,35
APP_6276,OFC_454,Deoghar,Birth Certificate,47,11.779028751140856,8354,8282,72,36
APP_6277,OFC_80,Surat,Birth Certificate,33,31.19998483940456,1842,1815,27,52
APP_6278,OFC_562,Kathua,Domicile Certificate,26,50.946826474882805,693,597,96,37
APP_6279,OFC_749,Gorakhpur,Income Certificate,9,21.13246051982478,394,335,59,59
APP_6280,OFC_390,Gandhinagar,Marriage Certificate,23,30.555829582301516,1638,1621,17,52
APP_6281,OFC_223,Belgaum,Domicile Certificate,22,13.49029132783972,4004,3986,18,55
APP_6282,OFC_862,Jammu,Income Certificate,31,7.039779165272174,8931,8928,3,48
APP_6283,OFC_132,Davanagere,Domicile Certificate,6,58.228019780285656,180,84,96,30
APP_6284,OFC_705,Asansol,Death Certificate,39,36.82483871418163,1214,1189,25,43
APP_6285,OFC_90,Mangalore,Income Certificate,39,18.494193768794723,2756,2711,45,57
APP_6286,OFC_358,Jamshedpur,Death Certificate,22,17.211026906969828,2493,2398,95,59
APP_6287,OFC_30,Udhampur,Caste Certificate,7,6.819103487472416,2389,2329,60,51
APP_6288,OFC_406,Roorkee,Death Certificate,49,10.869070845186064,8037,7965,72,56
APP_6289,OFC_907,Adilabad,Income Certificate,29,58.00920577210846,1421,1419,2,56
APP_6290,OFC_260,Guwahati,Income Certificate,5,16.477304969900697,201,153,48,45
APP_6291,OFC_521,Pasighat,Caste Certificate,9,5.677148199801628,2551,2505,46,45
APP_6292,OFC_62,Aurangabad,Caste Certificate,37,51.6143338242715,801,722,79,50
APP_6293,OFC_607,Panaji,Income Certificate,12,24.69756813950048,1110,1059,51,53
APP_6294,OFC_888,Satna,Domicile Certificate,40,50.53731975596293,1215,1204,11,34
APP_6295,OFC_570,Madurai,Domicile Certificate,28,24.77845474962441,835,814,21,37
APP_6296,OFC_79,Vasco da Gama,Marriage Certificate,41,18.13434250477896,3678,3642,36,57
APP_6297,OFC_589,Dimapur,Caste Certificate,15,37.70961939351668,705,680,25,38
APP_6298,OFC_568,Delhi,Caste Certificate,40,37.12977714222112,1757,1659,98,33
APP_6299,OFC_865,Rudrapur,Caste Certificate,13,18.259663404758378,1955,1868,87,49
APP_6300,OFC_67,Indore,Domicile Certificate,43,48.51309742405948,732,706,26,40
APP_6301,OFC_236,Allahabad,Death Certificate,42,52.88107055283844,196,143,53,49
APP_6302,OFC_121,Haldwani,Marriage Certificate,17,25.39781474042293,1277,1180,97,42
APP_6303,OFC_508,Patna,Birth Certificate,10,28.80699189304102,452,411,41,40
APP_6304,OFC_160,Champhai,Caste Certificate,42,52.29269229683469,301,268,33,37
APP_6305,OFC_422,Jorhat,Marriage Certificate,16,16.54044160900417,1852,1851,1,56
APP_6306,OFC_870,Itanagar,Marriage Certificate,47,37.03435447525666,1494,1494,0,42
APP_6307,OFC_760,Shillong,Death Certificate,20,37.29187837737713,1372,1324,48,48
APP_6308,OFC_475,Solan,Domicile Certificate,7,58.71231239314511,279,209,70,51
APP_6309,OFC_332,Jowai,Death Certificate,20,47.24782550551093,303,252,51,39
APP_6310,OFC_714,Namchi,Marriage Certificate,10,14.793382883051144,883,878,5,34
APP_6311,OFC_991,Bishnupur,Income Certificate,9,40.3198311843418,144,116,28,54
APP_6312,OFC_271,Rewa,Marriage Certificate,7,57.83302430133298,149,148,1,32
APP_6313,OFC_531,Agra,Domicile Certificate,22,54.396476860307246,336,308,28,51
APP_6314,OFC_723,Bangalore,Income Certificate,26,10.78614292744031,1538,1515,23,37
APP_6315,OFC_235,Solapur,Domicile Certificate,17,12.56614118016314,2078,2068,10,42
APP_6316,OFC_236,Silchar,Death Certificate,25,45.52948643515426,1004,951,53,35
APP_6317,OFC_277,Nashik,Income Certificate,33,24.725677663792457,3035,2954,81,56
APP_6318,OFC_5,Mysore,Caste Certificate,20,54.0804691224929,799,731,68,54
APP_6319,OFC_496,Coimbatore,Domicile Certificate,24,28.36899802304923,2234,2196,38,58
APP_6320,OFC_740,Katihar,Income Certificate,6,22.468047251132138,129,42,87,54
APP_6321,OFC_434,Bareilly,Birth Certificate,42,59.303820270226765,1749,1686,63,58
APP_6322,OFC_508,Jodhpur,Domicile Certificate,27,57.48193465633182,579,522,57,30
APP_6323,OFC_71,Bokaro,Birth Certificate,8,40.173734501354254,259,249,10,31
APP_6324,OFC_254,Jabalpur,Domicile Certificate,12,34.558381239076304,502,499,3,45
APP_6325,OFC_798,East Delhi,Death Certificate,39,59.41005539853492,448,442,6,43
APP_6326,OFC_155,Karimnagar,Birth Certificate,33,16.033511669537873,3098,3083,15,38
APP_6327,OFC_38,Serchhip,Birth Certificate,48,49.61112525161902,1619,1557,62,43
APP_6328,OFC_71,Rangareddy,Birth Certificate,25,51.21960762239491,758,751,7,46
APP_6329,OFC_18,Salem,Marriage Certificate,27,27.92189051781848,1261,1191,70,42
APP_6330,OFC_362,Kavaratti,Income Certificate,25,17.47533488559371,2181,2099,82,44
APP_6331,OFC_356,Dispur,Income Certificate,38,54.15943248252883,1222,1203,19,33
APP_6332,OFC_823,Thoubal,Birth Certificate,10,43.44485596793887,245,206,39,33
APP_6333,OFC_643,Chandigarh,Death Certificate,47,8.47050673841617,14898,14883,15,52
APP_6334,OFC_743,Nagaon,Marriage Certificate,39,48.13992582891523,724,634,90,30
APP_6335,OFC_627,Udaipur (Tripura),Caste Certificate,28,9.777957779530706,613,578,35,31
APP_6336,OFC_904,Warangal,Income Certificate,19,43.70032110731261,299,219,80,54
APP_6337,OFC_861,Muzaffarpur,Caste Certificate,26,41.05803317683907,856,787,69,31
APP_6338,OFC_948,Ujjain,Marriage Certificate,41,8.151463162324648,5554,5506,48,45
APP_6339,OFC_945,Imphal,Domicile Certificate,17,31.39258215888001,886,872,14,55
APP_6340,OFC_696,Patiala,Death Certificate,15,53.48102768548083,580,486,94,42
APP_6341,OFC_409,Gwalior,Birth Certificate,21,53.02614936504856,792,758,34,48
APP_6342,OFC_275,Nizamabad,Birth Certificate,44,10.09629770347526,3653,3627,26,48
APP_6343,OFC_456,Pune,Marriage Certificate,26,6.516310582670648,4243,4150,93,36
APP_6344,OFC_997,Tawang,Birth Certificate,49,55.82735125345358,1131,1130,1,38
APP_6345,OFC_82,Kullu,Death Certificate,6,22.61537524096343,104,60,44,52
APP_6346,OFC_431,Mayabunder,Income Certificate,36,36.49393794678265,468,421,47,47
APP_6347,OFC_568,Lucknow,Marriage Certificate,44,12.429812415160873,4089,4042,47,48
APP_6348,OFC_504,Tezpur,Domicile Certificate,32,49.499279459529326,1021,1021,0,47
APP_6349,OFC_993,Junagadh,Caste Certificate,16,23.26065504686075,836,832,4,52
APP_6350,OFC_913,Sagar,Domicile Certificate,49,48.69921310956117,144,119,25,31
APP_6351,OFC_507,Nagpur,Birth Certificate,16,25.771766184777476,1235,1204,31,43
APP_6352,OFC_359,Howrah,Marriage Certificate,30,30.143128172046445,2327,2321,6,53
APP_6353,OFC_157,Srinagar,Domicile Certificate,28,43.855173619702846,1070,994,76,49
APP_6354,OFC_99,Malda,Marriage Certificate,39,45.39366513908144,1198,1169,29,50
APP_6355,OFC_121,Bhagalpur,Marriage Certificate,30,26.275548226725483,339,259,80,38
APP_6356,OFC_181,Gulbarga,Caste Certificate,38,35.15579955054727,407,374,33,38
APP_6357,OFC_792,Begusarai,Death Certificate,29,53.61558464800455,716,711,5,51
APP_6358,OFC_142,Dibrugarh,Domicile Certificate,37,59.91873204400749,1135,1088,47,34
APP_6359,OFC_262,Mokokchung,Income Certificate,12,21.49171403257826,639,576,63,35
APP_6360,OFC_388,West Delhi,Income Certificate,25,8.953609899707917,4153,4065,88,47
APP_6361,OFC_171,Kota,Marriage Certificate,26,15.587064677001257,2039,1951,88,41
APP_6362,OFC_238,Vadodara,Marriage Certificate,40,24.584773369803894,62,42,20,34
APP_6363,OFC_377,Rajkot,Income Certificate,34,27.97837513220964,3390,3385,5,56
APP_6364,OFC_100,Kailashahar,Birth Certificate,43,9.47239689583182,5053,4970,83,30
APP_6365,OFC_166,Agartala,Domicile Certificate,15,21.931815388116267,1473,1383,90,58
APP_6366,OFC_934,Ludhiana,Death Certificate,8,59.849900465760406,186,185,1,39
APP_6367,OFC_311,Giridih,Domicile Certificate,38,29.0476144600058,1538,1453,85,54
APP_6368,OFC_869,Sikar,Domicile Certificate,18,22.704213726887232,1174,1113,61,34
APP_6369,OFC_647,Kanpur,Birth Certificate,47,26.628840672930288,2056,2006,50,38
APP_6370,OFC_536,Kohima,Marriage Certificate,44,44.84448472505287,1434,1364,70,51
APP_6371,OFC_509,Ahmedabad,Death Certificate,12,10.686627440124369,1200,1167,33,49
APP_6372,OFC_82,Mangan,Caste Certificate,28,27.88111727300108,1995,1932,63,38
APP_6373,OFC_9,Dehradun,Birth Certificate,43,52.40142759586838,1280,1261,19,46
APP_6374,OFC_337,Churachandpur,Domicile Certificate,25,10.364864242825789,2756,2670,86,59
APP_6375,OFC_269,Gaya,Death Certificate,46,46.24822101955263,1534,1450,84,45
APP_6376,OFC_144,Dhanbad,Birth Certificate,14,41.98114721048413,720,695,25,49
APP_6377,OFC_977,Lunglei,Marriage Certificate,49,52.02893687106512,709,646,63,52
APP_6378,OFC_504,Darjeeling,Caste Certificate,43,14.699016847433224,4100,4098,2,35
APP_6379,OFC_745,Manali,Birth Certificate,5,54.28809339097423,240,170,70,42
APP_6380,OFC_868,Arrah,Income Certificate,39,14.301322999642716,1643,1643,0,49
APP_6381,OFC_937,Ramgarh,Marriage Certificate,48,6.9380199604817125,10103,10093,10,36
APP_6382,OFC_345,Ratlam,Domicile Certificate,45,51.002035217221824,852,815,37,32
APP_6383,OFC_30,Hyderabad,Income Certificate,31,26.83859939586921,1591,1563,28,38
APP_6384,OFC_304,Tumkur,Marriage Certificate,20,10.936288207483226,2651,2644,7,56
APP_6385,OFC_382,Ghaziabad,Birth Certificate,42,53.43621587303914,794,791,3,44
APP_6386,OFC_136,Amini,Death Certificate,34,44.95247390277434,1751,1654,97,39
APP_6387,OFC_953,Alwar,Birth Certificate,9,22.21907570460647,1022,996,26,52
APP_6388,OFC_819,Bardhaman,Birth Certificate,27,14.254992812135324,2228,2189,39,54
APP_6389,OFC_72,New Delhi,Caste Certificate,13,44.633263110310594,289,251,38,33
APP_6390,OFC_240,Tirunelveli,Income Certificate,44,29.699502796747797,2498,2403,95,40
APP_6391,OFC_986,Bilaspur,Marriage Certificate,27,50.75681922794882,555,514,41,40
APP_6392,OFC_525,Haridwar,Marriage Certificate,40,59.612432623207816,1395,1378,17,57
APP_6393,OFC_298,Central Delhi,Domicile Certificate,7,53.24664289233114,182,162,20,45
APP_6394,OFC_501,Baramulla,Death Certificate,48,33.31192918465487,3590,3561,29,51
APP_6395,OFC_706,Margao,Marriage Certificate,22,26.889928265525757,797,734,63,43
APP_6396,OFC_322,Aizawl,Domicile Certificate,41,40.12305401602357,637,620,17,37
APP_6397,OFC_62,Gangtok,Income Certificate,20,39.76712818008088,113,38,75,33
APP_6398,OFC_772,Mapusa,Death Certificate,47,28.60458642442612,2048,2029,19,31
APP_6399,OFC_14,Mohali,Death Certificate,24,53.80019342960907,490,442,48,44
APP_6400,OFC_95,Bathinda,Domicile Certificate,22,37.02720673691496,426,411,15,44
APP_6401,OFC_613,Jalandhar,Birth Certificate,34,20.70435139187744,1825,1748,77,31
APP_6402,OFC_862,Kashipur,Death Certificate,42,42.29828903337243,1325,1261,64,46
APP_6403,OFC_968,Vellore,Income Certificate,23,52.49899275015102,457,362,95,46
APP_6404,OFC_617,Siliguri,Caste Certificate,47,45.4028898687709,482,397,85,47
APP_6405,OFC_108,Ajmer,Birth Certificate,6,9.54317744321671,1578,1488,90,52
APP_6406,OFC_345,Minicoy,Birth Certificate,20,15.106441131022835,3020,2932,88,55
APP_6407,OFC_512,Dharamshala,Death Certificate,22,31.83849135581052,1223,1189,34,43
APP_6408,OFC_911,Varanasi,Domicile Certificate,11,12.25872491289484,1129,1082,47,37
APP_6409,OFC_727,Bhilwara,Income Certificate,33,55.072487479616925,109,78,31,32
APP_6410,OFC_585,Tuensang,Domicile Certificate,9,25.431589207603917,187,112,75,32
APP_6411,OFC_585,Havelock,Caste Certificate,47,52.6665435833758,1046,1043,3,30
APP_6412,OFC_578,Diglipur,Marriage Certificate,40,20.47270276590168,915,831,84,36
APP_6413,OFC_469,Anantnag,Domicile Certificate,32,48.8614916308704,955,912,43,39
APP_6414,OFC_234,Kolhapur,Death Certificate,49,35.60545502709192,1064,1060,4,46
APP_6415,OFC_896,Nanded,Marriage Certificate,45,44.09373127738743,2104,2070,34,57
APP_6416,OFC_112,Jaipur,Birth Certificate,27,34.09578151052561,1415,1383,32,47
APP_6417,OFC_595,Purnia,Income Certificate,22,6.909969019168022,2234,2141,93,47
APP_6418,OFC_462,Bhopal,Death Certificate,25,13.097809582655728,2144,2083,61,46
APP_6419,OFC_178,Bhavnagar,Domicile Certificate,22,16.54786992469996,2113,2097,16,43
APP_6420,OFC_794,Mahbubnagar,Birth Certificate,43,11.797880671830685,4360,4270,90,47
APP_6421,OFC_841,Darbhanga,Death Certificate,6,50.07654829657856,122,112,10,40
APP_6422,OFC_225,Thane,Marriage Certificate,20,19.09118427889661,1613,1593,20,53
APP_6423,OFC_302,Kolkata,Birth Certificate,45,10.304587749550231,2938,2898,40,37
APP_6424,OFC_342,Leh,Birth Certificate,23,48.10671134292002,335,322,13,48
APP_6425,OFC_443,Durgapur,Domicile Certificate,27,16.707434193651928,834,819,15,43
APP_6426,OFC_881,Chennai,Death Certificate,20,25.63917471354957,618,617,1,48
APP_6427,OFC_62,Amritsar,Marriage Certificate,38,40.5288838838277,2031,2029,2,54
APP_6428,OFC_395,Tiruchirapalli,Death Certificate,47,33.26500879273319,1039,1024,15,33
APP_6429,OFC_570,Shimla,Death Certificate,11,27.742026116429027,205,153,52,48
APP_6430,OFC_287,Jamnagar,Caste Certificate,7,46.2821703480946,280,231,49,36
APP_6431,OFC_409,Amravati,Income Certificate,15,18.94755384075333,749,654,95,45
APP_6432,OFC_421,Mumbai,Income Certificate,29,13.95679499857674,2118,2059,59,33
APP_6433,OFC_5,Nongpoh,Death Certificate,41,36.51938184130798,1661,1569,92,49
APP_6434,OFC_45,Hazaribagh,Marriage Certificate,39,58.46888165904741,1439,1342,97,57
APP_6435,OFC_337,Thoothukudi,Death Certificate,17,22.83581844179737,605,595,10,33
APP_6436,OFC_540,North Delhi,Death Certificate,15,15.21086735815314,1195,1176,19,36
APP_6437,OFC_227,Shimoga,Income Certificate,30,27.97228092531549,882,830,52,34
APP_6438,OFC_616,Khammam,Domicile Certificate,38,12.292582036201146,1806,1794,12,36
APP_6439,OFC_961,Naharlagun,Income Certificate,6,7.617687893405898,2301,2259,42,59
APP_6440,OFC_92,Bikaner,Domicile Certificate,46,11.623472826492089,8023,7967,56,42
APP_6441,OFC_21,Ranchi,Income Certificate,13,51.26411583850603,436,359,77,36
APP_6442,OFC_86,South Delhi,Birth Certificate,29,10.934595092379515,2841,2805,36,31
APP_6443,OFC_881,Medinipur,Income Certificate,21,54.01023098740576,177,82,95,35
APP_6444,OFC_823,Port Blair,Death Certificate,8,47.04753253659467,384,292,92,43
APP_6445,OFC_307,Geyzing,Death Certificate,36,13.77017766180825,3874,3849,25,44
APP_6446,OFC_598,Tura,Birth Certificate,34,22.62629569070524,2735,2643,92,34
APP_6447,OFC_167,Mandi,Caste Certificate,10,56.7472011181305,240,198,42,30
APP_6448,OFC_113,Pathankot,Death Certificate,43,45.40393395108016,753,709,44,37
APP_6449,OFC_793,Hubli,Marriage Certificate,25,33.23666880683638,355,327,28,43
APP_6450,OFC_836,Dharmanagar,Birth Certificate,24,58.48962483301491,431,430,1,59
APP_6451,OFC_76,Erode,Income Certificate,22,51.98110411902966,750,730,20,38
APP_6452,OFC_724,Nainital,Income Certificate,40,38.48094082303673,961,903,58,38
APP_6453,OFC_940,Anand,Domicile Certificate,14,25.280191807622305,232,207,25,41
APP_6454,OFC_297,Agatti,Income Certificate,49,59.41553960068526,1125,1105,20,42
APP_6455,OFC_24,Udaipur,Death Certificate,25,10.533859534928382,967,875,92,37
APP_6456,OFC_714,Meerut,Income Certificate,48,56.59022258515899,2169,2092,77,51
APP_6457,OFC_869,Deoghar,Death Certificate,37,8.43536817104418,7652,7583,69,35
APP_6458,OFC_90,Surat,Domicile Certificate,29,45.70072216116369,1094,998,96,41
APP_6459,OFC_934,Kathua,Income Certificate,17,41.442629493089385,813,730,83,59
APP_6460,OFC_900,Gorakhpur,Death Certificate,12,50.62013716457426,735,644,91,53
APP_6461,OFC_352,Gandhinagar,Death Certificate,45,46.23677637822853,1939,1893,46,35
APP_6462,OFC_910,Belgaum,Marriage Certificate,40,34.765661391741666,1591,1579,12,52
APP_6463,OFC_541,Jammu,Birth Certificate,17,49.57012269842619,415,322,93,59
APP_6464,OFC_4,Davanagere,Death Certificate,12,28.70339790315901,898,804,94,47
APP_6465,OFC_706,Asansol,Marriage Certificate,6,48.70878900684478,124,114,10,58
APP_6466,OFC_900,Mangalore,Caste Certificate,26,44.44560274905101,556,555,1,39
APP_6467,OFC_623,Jamshedpur,Domicile Certificate,30,19.44955530083186,267,246,21,30
APP_6468,OFC_344,Udhampur,Marriage Certificate,33,54.68541151249892,380,380,0,31
APP_6469,OFC_907,Roorkee,Marriage Certificate,43,41.23621120569907,2169,2152,17,47
APP_6470,OFC_245,Adilabad,Death Certificate,18,33.68366475621914,800,704,96,59
APP_6471,OFC_369,Guwahati,Birth Certificate,5,22.981501979247373,251,213,38,34
APP_6472,OFC_270,Pasighat,Birth Certificate,24,35.645045755711244,1482,1470,12,38
APP_6473,OFC_512,Aurangabad,Income Certificate,38,7.001836327789279,4791,4745,46,55
APP_6474,OFC_293,Panaji,Marriage Certificate,14,45.76392754656179,243,241,2,33
APP_6475,OFC_804,Satna,Birth Certificate,19,51.1197282410108,346,251,95,38
APP_6476,OFC_534,Madurai,Birth Certificate,40,37.20669054833642,855,842,13,42
APP_6477,OFC_762,Vasco da Gama,Income Certificate,36,54.44150622029279,408,350,58,34
APP_6478,OFC_94,Dimapur,Marriage Certificate,34,21.85077363022942,779,762,17,40
APP_6479,OFC_658,Delhi,Domicile Certificate,45,35.272233085183046,2112,2014,98,47
APP_6480,OFC_446,Rudrapur,Domicile Certificate,39,5.776743828479615,9194,9189,5,39
APP_6481,OFC_8,Indore,Death Certificate,34,58.23731416013253,539,508,31,50
APP_6482,OFC_363,Allahabad,Income Certificate,44,33.21625767545679,1599,1543,56,40
APP_6483,OFC_380,Haldwani,Birth Certificate,38,45.62094324673074,1486,1434,52,37
APP_6484,OFC_228,Patna,Income Certificate,37,55.605854006533214,1146,1136,10,58
APP_6485,OFC_961,Champhai,Income Certificate,31,42.98707117217609,838,784,54,39
APP_6486,OFC_308,Jorhat,Birth Certificate,41,12.577218272086473,8693,8610,83,50
APP_6487,OFC_277,Itanagar,Marriage Certificate,12,53.66407769794799,282,279,3,43
APP_6488,OFC_548,Shillong,Birth Certificate,26,8.381164184603056,3516,3503,13,39
APP_6489,OFC_674,Solan,Death Certificate,24,22.98538597844539,2569,2499,70,48
APP_6490,OFC_563,Jowai,Marriage Certificate,41,54.98090102254923,1287,1241,46,45
APP_6491,OFC_363,Namchi,Caste Certificate,42,15.57606604610929,1824,1731,93,32
APP_6492,OFC_675,Bishnupur,Birth Certificate,20,52.6835628966354,366,347,19,34
APP_6493,OFC_321,Rewa,Birth Certificate,6,33.21307294816256,405,329,76,45
APP_6494,OFC_441,Agra,Caste Certificate,38,28.493141586063253,1204,1183,21,57
APP_6495,OFC_231,Bangalore,Birth Certificate,27,34.44105436122621,1544,1453,91,57
APP_6496,OFC_182,Solapur,Marriage Certificate,24,37.86996966106168,380,364,16,31
APP_6497,OFC_928,Silchar,Domicile Certificate,44,28.634054080746807,667,579,88,30
APP_6498,OFC_922,Nashik,Domicile Certificate,24,9.09377085354885,3556,3472,84,37
APP_6499,OFC_265,Mysore,Domicile Certificate,37,52.2068112643742,568,537,31,30
APP_6500,OFC_863,Coimbatore,Income Certificate,39,22.360949756916835,931,891,40,36
APP_6501,OFC_26,Katihar,Caste Certificate,27,9.15800205353002,5008,4928,80,34
APP_6502,OFC_215,Bareilly,Income Certificate,22,38.58003628141339,975,885,90,59
APP_6503,OFC_876,Jodhpur,Domicile Certificate,23,22.064969098302317,528,504,24,44
APP_6504,OFC_207,Bokaro,Domicile Certificate,22,53.27512009711383,411,342,69,32
APP_6505,OFC_559,Jabalpur,Birth Certificate,40,5.970987356800235,6020,5940,80,36
APP_6506,OFC_514,East Delhi,Domicile Certificate,23,16.057540871474835,731,636,95,32
APP_6507,OFC_639,Karimnagar,Domicile Certificate,13,34.861026547419584,196,157,39,44
APP_6508,OFC_582,Serchhip,Caste Certificate,20,7.034746241369023,9456,9420,36,59
APP_6509,OFC_772,Rangareddy,Death Certificate,41,19.336878780170203,3581,3509,72,39
APP_6510,OFC_965,Salem,Death Certificate,34,40.74718215719909,900,824,76,53
APP_6511,OFC_566,Kavaratti,Caste Certificate,5,36.511352256868754,53,44,9,33
APP_6512,OFC_865,Dispur,Birth Certificate,37,28.868394192718156,1089,1087,2,36
APP_6513,OFC_594,Thoubal,Domicile Certificate,47,37.00593463406883,629,580,49,39
APP_6514,OFC_110,Chandigarh,Domicile Certificate,15,16.609137660264047,738,700,38,38
APP_6515,OFC_719,Nagaon,Caste Certificate,8,52.75178428753601,156,95,61,59
APP_6516,OFC_75,Udaipur (Tripura),Caste Certificate,13,47.93820646535244,302,208,94,54
APP_6517,OFC_759,Warangal,Caste Certificate,39,10.9438304764287,4114,4104,10,38
APP_6518,OFC_238,Muzaffarpur,Marriage Certificate,9,30.913752607643445,390,384,6,32
APP_6519,OFC_394,Ujjain,Caste Certificate,37,13.40883903501244,2793,2717,76,43
APP_6520,OFC_592,Imphal,Caste Certificate,29,49.10894498022103,787,784,3,58
APP_6521,OFC_676,Patiala,Birth Certificate,12,32.1577917761057,628,569,59,51
APP_6522,OFC_784,Gwalior,Death Certificate,45,48.96311887822935,990,944,46,33
APP_6523,OFC_463,Nizamabad,Death Certificate,9,47.12348837373966,285,204,81,37
APP_6524,OFC_992,Pune,Birth Certificate,21,9.229524848040574,389,352,37,54
APP_6525,OFC_392,Tawang,Domicile Certificate,34,50.06204473112852,962,929,33,35
APP_6526,OFC_639,Kullu,Income Certificate,40,6.046636612691828,10574,10495,79,43
APP_6527,OFC_188,Mayabunder,Birth Certificate,48,47.08434581227866,1324,1259,65,47
APP_6528,OFC_102,Lucknow,Income Certificate,26,6.984857195513946,4463,4402,61,51
APP_6529,OFC_907,Tezpur,Caste Certificate,22,47.05423094307372,442,438,4,33
APP_6530,OFC_538,Junagadh,Caste Certificate,12,50.04387853565542,737,643,94,47
APP_6531,OFC_866,Sagar,Marriage Certificate,49,54.76138804182054,293,223,70,32
APP_6532,OFC_142,Nagpur,Birth Certificate,30,42.16483136358958,1941,1845,96,58
APP_6533,OFC_49,Howrah,Birth Certificate,48,51.78274561543869,898,892,6,58
APP_6534,OFC_489,Srinagar,Caste Certificate,36,6.823331869016593,9894,9842,52,40
APP_6535,OFC_48,Malda,Marriage Certificate,44,28.67216166445461,2265,2239,26,38
APP_6536,OFC_651,Bhagalpur,Caste Certificate,36,18.63937377241907,3636,3556,80,57
APP_6537,OFC_489,Gulbarga,Death Certificate,8,38.00116387262633,383,289,94,32
APP_6538,OFC_544,Begusarai,Birth Certificate,43,48.43749837355061,2419,2323,96,54
APP_6539,OFC_50,Dibrugarh,Death Certificate,46,22.808546734644377,4922,4865,57,58
APP_6540,OFC_250,Mokokchung,Death Certificate,31,49.84383051708797,1187,1109,78,57
APP_6541,OFC_502,West Delhi,Income Certificate,37,48.38537983414633,1530,1522,8,59
APP_6542,OFC_877,Kota,Death Certificate,6,10.509960379188314,747,740,7,31
APP_6543,OFC_918,Vadodara,Birth Certificate,42,17.190851357812427,1933,1848,85,51
APP_6544,OFC_995,Rajkot,Death Certificate,40,32.33546370528137,1390,1296,94,58
APP_6545,OFC_815,Kailashahar,Birth Certificate,9,29.68752705455084,285,237,48,56
APP_6546,OFC_464,Agartala,Marriage Certificate,49,29.025792429580097,4350,4280,70,56
APP_6547,OFC_685,Ludhiana,Caste Certificate,42,24.690207647237017,2377,2351,26,49
APP_6548,OFC_304,Giridih,Birth Certificate,31,53.33333562472208,956,895,61,35
APP_6549,OFC_966,Sikar,Domicile Certificate,9,25.38743999748882,390,330,60,35
APP_6550,OFC_29,Kanpur,Domicile Certificate,39,14.444874316719988,4310,4263,47,43
APP_6551,OFC_224,Kohima,Marriage Certificate,37,57.654807720655626,289,217,72,31
APP_6552,OFC_216,Ahmedabad,Caste Certificate,10,14.91809385645898,1015,925,90,45
APP_6553,OFC_650,Mangan,Caste Certificate,34,37.9198776408793,1576,1559,17,55
APP_6554,OFC_972,Dehradun,Birth Certificate,44,47.07362916947516,800,711,89,37
APP_6555,OFC_189,Churachandpur,Income Certificate,25,19.09175493735521,1688,1643,45,35
APP_6556,OFC_931,Gaya,Income Certificate,9,36.32986244745925,444,437,7,45
APP_6557,OFC_317,Dhanbad,Income Certificate,12,37.34786105310527,386,294,92,50
APP_6558,OFC_841,Lunglei,Domicile Certificate,26,28.67482281893133,674,627,47,42
APP_6559,OFC_166,Darjeeling,Marriage Certificate,19,11.05915922945444,4123,4066,57,46
APP_6560,OFC_991,Manali,Domicile Certificate,11,57.311645602845424,119,94,25,37
APP_6561,OFC_270,Arrah,Death Certificate,24,35.904165031629205,287,208,79,57
APP_6562,OFC_75,Ramgarh,Death Certificate,28,23.17901407714694,1977,1944,33,43
APP_6563,OFC_359,Ratlam,Birth Certificate,47,24.67294223200182,1689,1626,63,54
APP_6564,OFC_983,Hyderabad,Birth Certificate,49,26.81601369425673,3347,3262,85,42
APP_6565,OFC_698,Tumkur,Caste Certificate,32,39.62746935419915,1591,1521,70,50
APP_6566,OFC_371,Ghaziabad,Birth Certificate,19,54.25009132658506,534,441,93,42
APP_6567,OFC_742,Amini,Caste Certificate,33,15.664337762782257,3543,3487,56,43
APP_6568,OFC_807,Alwar,Marriage Certificate,6,58.401461868218185,152,145,7,55
APP_6569,OFC_190,Bardhaman,Caste Certificate,34,48.80597858177255,630,621,9,49
APP_6570,OFC_829,New Delhi,Death Certificate,29,52.19353909258654,733,701,32,34
APP_6571,OFC_315,Tirunelveli,Caste Certificate,46,31.296967080202464,1218,1170,48,34
APP_6572,OFC_174,Bilaspur,Domicile Certificate,47,19.946401378445486,1838,1816,22,51
APP_6573,OFC_242,Haridwar,Death Certificate,40,24.964782849639715,757,690,67,40
APP_6574,OFC_332,Central Delhi,Income Certificate,31,18.03043289398832,1580,1556,24,58
APP_6575,OFC_746,Baramulla,Domicile Certificate,7,52.68249275981873,328,311,17,47
APP_6576,OFC_330,Margao,Domicile Certificate,38,12.044661929697895,5184,5172,12,50
APP_6577,OFC_159,Aizawl,Caste Certificate,9,45.68253527458121,314,293,21,48
APP_6578,OFC_779,Gangtok,Birth Certificate,11,41.958995122934994,326,289,37,37
APP_6579,OFC_116,Mapusa,Caste Certificate,29,44.29865738935039,476,383,93,42
APP_6580,OFC_425,Mohali,Domicile Certificate,8,58.41555279702286,159,62,97,38
APP_6581,OFC_25,Bathinda,Income Certificate,25,56.36808022340909,907,812,95,53
APP_6582,OFC_507,Jalandhar,Domicile Certificate,19,15.623934139370888,708,707,1,57
APP_6583,OFC_439,Kashipur,Domicile Certificate,8,40.53523354886151,581,520,61,55
APP_6584,OFC_855,Vellore,Caste Certificate,21,21.92359253788477,426,368,58,50
APP_6585,OFC_980,Siliguri,Caste Certificate,23,24.32997651411094,1827,1809,18,52
APP_6586,OFC_887,Ajmer,Birth Certificate,15,53.16079247627963,224,206,18,41
APP_6587,OFC_411,Minicoy,Death Certificate,37,59.58343966157131,804,730,74,42
APP_6588,OFC_699,Dharamshala,Death Certificate,12,37.45230176383065,599,564,35,42
APP_6589,OFC_333,Varanasi,Domicile Certificate,43,17.387951314220146,1328,1299,29,48
APP_6590,OFC_512,Bhilwara,Domicile Certificate,35,5.248746204172959,16882,16843,39,46
APP_6591,OFC_655,Tuensang,Marriage Certificate,25,56.49975298878944,1073,1016,57,51
APP_6592,OFC_397,Havelock,Caste Certificate,8,25.219937431023364,670,653,17,50
APP_6593,OFC_163,Diglipur,Death Certificate,36,54.16858831931871,1129,1110,19,40
APP_6594,OFC_706,Anantnag,Caste Certificate,43,21.54379431321269,3048,3002,46,59
APP_6595,OFC_420,Kolhapur,Birth Certificate,25,56.119633594098936,654,579,75,40
APP_6596,OFC_972,Nanded,Domicile Certificate,15,27.201107165336065,1170,1086,84,48
APP_6597,OFC_71,Jaipur,Death Certificate,38,20.35401104062035,2180,2170,10,33
APP_6598,OFC_118,Purnia,Death Certificate,12,47.601692813612544,573,487,86,39
APP_6599,OFC_219,Bhopal,Income Certificate,49,42.35970279480743,2058,2047,11,55
APP_6600,OFC_421,Bhavnagar,Birth Certificate,38,59.19830580342375,1678,1641,37,50
APP_6601,OFC_927,Mahbubnagar,Income Certificate,6,10.695396624134188,925,925,0,48
APP_6602,OFC_959,Darbhanga,Income Certificate,23,43.71503411790687,412,405,7,55
APP_6603,OFC_85,Thane,Domicile Certificate,23,49.5843206231058,540,497,43,43
APP_6604,OFC_734,Kolkata,Death Certificate,31,43.97848153368316,559,542,17,59
APP_6605,OFC_810,Leh,Domicile Certificate,6,11.777321730675988,437,417,20,52
APP_6606,OFC_607,Durgapur,Domicile Certificate,19,33.51946236120395,221,164,57,41
APP_6607,OFC_245,Chennai,Birth Certificate,14,53.19018504326364,606,539,67,58
APP_6608,OFC_717,Amritsar,Income Certificate,22,17.82313729266636,1508,1423,85,32
APP_6609,OFC_809,Tiruchirapalli,Domicile Certificate,48,56.68204122120428,2053,2000,53,52
APP_6610,OFC_209,Shimla,Birth Certificate,45,59.89362574978041,914,908,6,41
APP_6611,OFC_542,Jamnagar,Death Certificate,32,26.87507680783485,2275,2261,14,44
APP_6612,OFC_824,Amravati,Caste Certificate,28,54.298689857681154,128,87,41,44
APP_6613,OFC_275,Mumbai,Birth Certificate,10,24.135570096953828,312,282,30,55
APP_6614,OFC_577,Nongpoh,Caste Certificate,49,49.05283781018559,1868,1786,82,50
APP_6615,OFC_664,Hazaribagh,Marriage Certificate,43,36.87555894746462,1158,1074,84,36
APP_6616,OFC_435,Thoothukudi,Birth Certificate,37,32.76433057952068,2417,2347,70,55
APP_6617,OFC_93,North Delhi,Income Certificate,14,38.366907240019295,527,477,50,42
APP_6618,OFC_126,Shimoga,Death Certificate,16,34.44670551645686,328,229,99,33
APP_6619,OFC_506,Khammam,Death Certificate,41,16.54845657992802,868,833,35,49
APP_6620,OFC_33,Naharlagun,Domicile Certificate,5,26.8299216628532,182,157,25,35
APP_6621,OFC_860,Bikaner,Marriage Certificate,18,18.02274723815855,1316,1296,20,32
APP_6622,OFC_250,Ranchi,Income Certificate,19,24.707857092543577,443,355,88,36
APP_6623,OFC_841,South Delhi,Domicile Certificate,20,42.407584625427646,809,803,6,53
APP_6624,OFC_266,Medinipur,Death Certificate,42,57.00086514586524,573,572,1,31
APP_6625,OFC_513,Port Blair,Domicile Certificate,26,29.71374874435344,1071,1013,58,40
APP_6626,OFC_280,Geyzing,Income Certificate,31,49.601430092115976,1197,1132,65,33
APP_6627,OFC_791,Tura,Caste Certificate,38,55.97503345326152,777,769,8,48
APP_6628,OFC_257,Mandi,Income Certificate,16,32.30894508984043,206,150,56,48
APP_6629,OFC_589,Pathankot,Marriage Certificate,31,28.20998954856809,2316,2257,59,50
APP_6630,OFC_120,Hubli,Death Certificate,9,29.679272911468654,490,465,25,45
APP_6631,OFC_342,Dharmanagar,Death Certificate,31,19.72529760665429,1292,1249,43,33
APP_6632,OFC_463,Erode,Birth Certificate,36,33.793230970744986,2284,2283,1,47
APP_6633,OFC_268,Nainital,Caste Certificate,49,15.72801757766888,6238,6180,58,45
APP_6634,OFC_80,Anand,Marriage Certificate,43,24.38068518742469,4354,4283,71,46
APP_6635,OFC_267,Agatti,Marriage Certificate,42,44.38785874855947,1830,1816,14,43
APP_6636,OFC_165,Udaipur,Income Certificate,43,55.62810288511528,1212,1114,98,41
APP_6637,OFC_421,Meerut,Domicile Certificate,6,41.04324417680557,368,338,30,57
APP_6638,OFC_137,Deoghar,Income Certificate,41,51.89272767647746,1167,1157,10,57
APP_6639,OFC_41,Surat,Income Certificate,12,33.000392064858794,851,848,3,59
APP_6640,OFC_915,Kathua,Birth Certificate,14,44.62860017666499,603,522,81,57
APP_6641,OFC_585,Gorakhpur,Caste Certificate,34,24.02921846822305,1640,1605,35,38
APP_6642,OFC_327,Gandhinagar,Marriage Certificate,19,34.16397133406953,674,609,65,57
APP_6643,OFC_179,Belgaum,Marriage Certificate,5,59.72658633943824,179,91,88,50
APP_6644,OFC_784,Jammu,Caste Certificate,20,58.29728290001327,407,382,25,52
APP_6645,OFC_786,Davanagere,Domicile Certificate,38,11.788232753422289,3759,3691,68,50
APP_6646,OFC_272,Asansol,Domicile Certificate,36,12.21604213882964,1162,1130,32,30
APP_6647,OFC_451,Mangalore,Domicile Certificate,36,43.75820525066291,1476,1385,91,35
APP_6648,OFC_879,Jamshedpur,Death Certificate,48,33.824963607870885,4658,4658,0,59
APP_6649,OFC_162,Udhampur,Income Certificate,6,34.51795906300438,106,83,23,37
APP_6650,OFC_562,Roorkee,Birth Certificate,45,22.39788201528023,3112,3074,38,41
APP_6651,OFC_927,Adilabad,Caste Certificate,11,25.708534882989618,799,798,1,56
APP_6652,OFC_276,Guwahati,Caste Certificate,40,27.025788917400668,2324,2249,75,48
APP_6653,OFC_190,Pasighat,Income Certificate,14,10.215645283396828,1147,1131,16,51
APP_6654,OFC_308,Aurangabad,Caste Certificate,33,57.85108015188099,1141,1113,28,48
APP_6655,OFC_724,Panaji,Birth Certificate,25,24.208321888128555,1678,1638,40,40
APP_6656,OFC_169,Satna,Birth Certificate,17,20.229065981555078,1202,1125,77,46
APP_6657,OFC_571,Madurai,Death Certificate,40,15.697300834955865,5792,5776,16,44
APP_6658,OFC_768,Vasco da Gama,Domicile Certificate,10,39.00243187253374,360,303,57,30
APP_6659,OFC_983,Dimapur,Income Certificate,37,32.676047520347375,1611,1610,1,47
APP_6660,OFC_131,Delhi,Marriage Certificate,14,15.0377551624602,1465,1434,31,56
APP_6661,OFC_532,Rudrapur,Domicile Certificate,10,33.52074086498612,346,299,47,52
APP_6662,OFC_139,Indore,Domicile Certificate,23,41.68735631253938,334,252,82,32
APP_6663,OFC_492,Allahabad,Death Certificate,15,23.59822409182609,791,779,12,46
APP_6664,OFC_466,Haldwani,Birth Certificate,32,45.224652369994345,1552,1503,49,45
APP_6665,OFC_393,Patna,Birth Certificate,44,29.416930785382306,3078,3018,60,38
APP_6666,OFC_190,Champhai,Income Certificate,17,12.89867987905074,709,649,60,32
APP_6667,OFC_950,Jorhat,Caste Certificate,35,22.27784494518048,1945,1906,39,46
APP_6668,OFC_129,Itanagar,Death Certificate,12,33.48966348617551,639,591,48,38
APP_6669,OFC_893,Shillong,Income Certificate,34,24.899173585646945,1607,1513,94,43
APP_6670,OFC_122,Solan,Birth Certificate,6,29.34924302974303,148,113,35,36
APP_6671,OFC_836,Jowai,Domicile Certificate,43,41.01049400105505,1565,1516,49,44
APP_6672,OFC_936,Namchi,Domicile Certificate,5,7.507999101658726,767,715,52,48
APP_6673,OFC_773,Bishnupur,Income Certificate,34,31.10145625843568,3342,3332,10,54
APP_6674,OFC_984,Rewa,Income Certificate,49,31.157493291324744,1627,1617,10,33
APP_6675,OFC_397,Agra,Income Certificate,13,13.576870913669536,1087,1053,34,31
APP_6676,OFC_824,Bangalore,Marriage Certificate,9,39.1410397376135,552,524,28,46
APP_6677,OFC_448,Solapur,Birth Certificate,47,28.235351223984896,3091,3041,50,50
APP_6678,OFC_728,Silchar,Domicile Certificate,13,30.431211877080223,849,834,15,59
APP_6679,OFC_393,Nashik,Caste Certificate,5,47.84375416392199,143,123,20,49
APP_6680,OFC_327,Mysore,Birth Certificate,5,59.686846641249,141,133,8,31
APP_6681,OFC_359,Coimbatore,Marriage Certificate,11,14.8219897314756,662,609,53,42
APP_6682,OFC_605,Katihar,Caste Certificate,35,36.02960961090472,866,823,43,52
APP_6683,OFC_880,Bareilly,Income Certificate,41,27.141233074785596,1694,1618,76,42
APP_6684,OFC_709,Jodhpur,Marriage Certificate,46,28.107879901430724,1775,1721,54,54
APP_6685,OFC_613,Bokaro,Domicile Certificate,11,28.05046831427785,920,920,0,58
APP_6686,OFC_444,Jabalpur,Income Certificate,32,26.23778179553332,1007,1004,3,37
APP_6687,OFC_250,East Delhi,Death Certificate,34,47.236594740986654,2016,1972,44,59
APP_6688,OFC_305,Karimnagar,Marriage Certificate,48,20.52596938215528,2624,2583,41,45
APP_6689,OFC_850,Serchhip,Death Certificate,8,36.72456283973884,512,471,41,48
APP_6690,OFC_608,Rangareddy,Domicile Certificate,24,57.67533692582485,794,722,72,54
APP_6691,OFC_314,Salem,Marriage Certificate,38,6.651897231458648,12432,12359,73,40
APP_6692,OFC_79,Kavaratti,Marriage Certificate,22,53.50293250157101,459,413,46,34
APP_6693,OFC_48,Dispur,Birth Certificate,31,58.47910236141848,543,474,69,53
APP_6694,OFC_798,Thoubal,Domicile Certificate,43,49.337476208379,1694,1645,49,50
APP_6695,OFC_386,Chandigarh,Income Certificate,47,40.10654706168774,1925,1841,84,34
APP_6696,OFC_864,Nagaon,Domicile Certificate,40,56.433992903203695,854,776,78,46
APP_6697,OFC_906,Udaipur (Tripura),Income Certificate,20,51.03353041135463,1221,1147,74,56
APP_6698,OFC_886,Warangal,Birth Certificate,6,53.501368468014114,251,199,52,57
APP_6699,OFC_796,Muzaffarpur,Domicile Certificate,41,21.57607983350208,3247,3160,87,38
APP_6700,OFC_562,Ujjain,Domicile Certificate,37,31.704809892975906,827,748,79,35
APP_6701,OFC_493,Imphal,Caste Certificate,8,25.624758657900745,690,633,57,38
APP_6702,OFC_142,Patiala,Caste Certificate,26,7.938466093463923,4422,4419,3,33
APP_6703,OFC_626,Gwalior,Domicile Certificate,23,29.35644320429557,1254,1221,33,30
APP_6704,OFC_328,Nizamabad,Caste Certificate,25,36.56429757387983,1555,1459,96,56
APP_6705,OFC_521,Pune,Income Certificate,39,51.94109938650339,654,615,39,31
APP_6706,OFC_696,Tawang,Income Certificate,27,43.1342617782678,352,253,99,30
APP_6707,OFC_588,Kullu,Marriage Certificate,27,57.20276458073433,399,340,59,34
APP_6708,OFC_62,Mayabunder,Birth Certificate,43,38.469788252682434,1359,1329,30,38
APP_6709,OFC_476,Lucknow,Income Certificate,38,14.937803334637696,2723,2684,39,45
APP_6710,OFC_315,Tezpur,Income Certificate,36,35.89708643199097,1407,1318,89,41
APP_6711,OFC_929,Junagadh,Death Certificate,23,31.38105109782472,950,909,41,34
APP_6712,OFC_730,Sagar,Birth Certificate,32,18.32183490873973,1546,1497,49,37
APP_6713,OFC_799,Nagpur,Income Certificate,7,59.844639446619546,248,222,26,55
APP_6714,OFC_554,Howrah,Domicile Certificate,33,7.269547191759575,9900,9871,29,58
APP_6715,OFC_913,Srinagar,Caste Certificate,7,25.077976657947392,408,351,57,34
APP_6716,OFC_920,Malda,Death Certificate,49,45.85904449457074,1361,1291,70,41
APP_6717,OFC_346,Bhagalpur,Income Certificate,6,20.955627218048505,495,404,91,46
APP_6718,OFC_942,Gulbarga,Marriage Certificate,12,38.7338143699305,739,725,14,58
APP_6719,OFC_224,Begusarai,Domicile Certificate,43,46.75129748646292,1263,1260,3,59
APP_6720,OFC_655,Dibrugarh,Marriage Certificate,15,17.836012550741522,1907,1888,19,51
APP_6721,OFC_332,Mokokchung,Income Certificate,40,18.813555582189743,1374,1297,77,56
APP_6722,OFC_410,West Delhi,Birth Certificate,35,11.112515386916767,5272,5232,40,45
APP_6723,OFC_344,Kota,Income Certificate,14,8.173097660968814,1525,1522,3,31
APP_6724,OFC_501,Vadodara,Birth Certificate,10,56.0514159708263,242,184,58,38
APP_6725,OFC_97,Rajkot,Income Certificate,32,43.6735444313669,274,210,64,35
APP_6726,OFC_105,Kailashahar,Domicile Certificate,6,58.60351924557502,122,83,39,34
APP_6727,OFC_221,Agartala,Income Certificate,48,54.11269020010182,1723,1634,89,58
APP_6728,OFC_990,Ludhiana,Income Certificate,23,35.146222089611754,615,588,27,30
APP_6729,OFC_927,Giridih,Death Certificate,9,49.54915137602805,149,57,92,37
APP_6730,OFC_102,Sikar,Death Certificate,5,45.046242905030326,104,48,56,30
APP_6731,OFC_666,Kanpur,Domicile Certificate,41,16.16721127694612,495,492,3,35
APP_6732,OFC_560,Kohima,Caste Certificate,16,9.639063101818016,2805,2751,54,33
APP_6733,OFC_648,Ahmedabad,Domicile Certificate,35,48.56261059972714,1361,1352,9,55
APP_6734,OFC_278,Mangan,Death Certificate,19,52.85406528083556,495,494,1,57
APP_6735,OFC_59,Dehradun,Marriage Certificate,27,12.65266388860945,4686,4667,19,41
APP_6736,OFC_844,Churachandpur,Marriage Certificate,7,33.05650539327047,568,487,81,52
APP_6737,OFC_727,Gaya,Birth Certificate,39,25.58228378334034,2101,2086,15,52
APP_6738,OFC_944,Dhanbad,Death Certificate,21,35.96417477956952,833,831,2,34
APP_6739,OFC_701,Lunglei,Caste Certificate,47,27.450578450073976,1184,1181,3,53
APP_6740,OFC_610,Darjeeling,Death Certificate,48,46.19046361521102,1991,1957,34,48
APP_6741,OFC_847,Manali,Birth Certificate,7,45.23362038266122,150,124,26,42
APP_6742,OFC_868,Arrah,Income Certificate,37,55.61437364925845,921,902,19,49
APP_6743,OFC_830,Ramgarh,Caste Certificate,19,56.44155797945218,639,542,97,41
APP_6744,OFC_829,Ratlam,Domicile Certificate,36,54.25435502430109,1302,1279,23,56
APP_6745,OFC_310,Hyderabad,Income Certificate,26,22.16892524689342,2071,2006,65,34
APP_6746,OFC_44,Tumkur,Domicile Certificate,27,42.6122226232476,649,592,57,40
APP_6747,OFC_994,Ghaziabad,Death Certificate,33,24.44589749329148,900,835,65,30
APP_6748,OFC_938,Amini,Income Certificate,19,35.417418219383094,516,474,42,50
APP_6749,OFC_621,Alwar,Income Certificate,31,56.11652542854368,550,477,73,30
APP_6750,OFC_177,Bardhaman,Death Certificate,36,17.079005512478055,4254,4200,54,55
APP_6751,OFC_701,New Delhi,Domicile Certificate,31,37.83030239841996,792,763,29,41
APP_6752,OFC_544,Tirunelveli,Income Certificate,19,59.41459235632608,365,309,56,37
APP_6753,OFC_800,Bilaspur,Income Certificate,26,23.372059455622452,1414,1402,12,30
APP_6754,OFC_254,Haridwar,Caste Certificate,15,40.19100598680748,905,814,91,55
APP_6755,OFC_703,Central Delhi,Caste Certificate,47,44.5157665999599,2536,2520,16,45
APP_6756,OFC_90,Baramulla,Income Certificate,18,7.716999262590602,4497,4459,38,52
APP_6757,OFC_616,Margao,Birth Certificate,5,41.69995446442265,211,152,59,46
APP_6758,OFC_967,Aizawl,Birth Certificate,9,42.31231240868826,260,201,59,49
APP_6759,OFC_371,Gangtok,Marriage Certificate,30,7.51268921414849,5688,5653,35,58
APP_6760,OFC_895,Mapusa,Birth Certificate,27,12.651160947184676,4538,4477,61,54
APP_6761,OFC_638,Mohali,Caste Certificate,45,29.10287681013164,1979,1895,84,54
APP_6762,OFC_345,Bathinda,Birth Certificate,45,7.882583070593956,5523,5434,89,49
APP_6763,OFC_294,Jalandhar,Caste Certificate,17,43.97572700597815,1006,975,31,55
APP_6764,OFC_52,Kashipur,Caste Certificate,21,37.52700610723596,964,921,43,58
APP_6765,OFC_662,Vellore,Caste Certificate,46,18.95959944645061,2553,2527,26,56
APP_6766,OFC_859,Siliguri,Domicile Certificate,15,28.979758991560512,802,789,13,36
APP_6767,OFC_902,Ajmer,Domicile Certificate,43,15.87276226901855,7713,7683,30,50
APP_6768,OFC_849,Minicoy,Death Certificate,23,19.95787325301899,755,690,65,37
APP_6769,OFC_304,Dharamshala,Birth Certificate,21,27.23933654681548,607,585,22,30
APP_6770,OFC_555,Varanasi,Caste Certificate,47,9.729540384190337,1116,1110,6,33
APP_6771,OFC_334,Bhilwara,Domicile Certificate,37,37.06684606119661,1435,1359,76,35
APP_6772,OFC_255,Tuensang,Domicile Certificate,42,8.57486272974151,4676,4668,8,43
APP_6773,OFC_727,Havelock,Birth Certificate,29,50.25069718547808,379,343,36,32
APP_6774,OFC_626,Diglipur,Caste Certificate,29,22.0895552922168,1700,1629,71,31
APP_6775,OFC_324,Anantnag,Domicile Certificate,12,55.23009652985756,274,192,82,58
APP_6776,OFC_33,Kolhapur,Income Certificate,25,46.5987927912808,1091,1043,48,43
APP_6777,OFC_320,Nanded,Marriage Certificate,14,32.32411828444331,843,814,29,47
APP_6778,OFC_81,Jaipur,Marriage Certificate,32,32.26338884867792,1173,1133,40,57
APP_6779,OFC_418,Purnia,Caste Certificate,16,10.205760908754938,1743,1669,74,44
APP_6780,OFC_857,Bhopal,Domicile Certificate,40,29.474434862568497,970,952,18,43
APP_6781,OFC_456,Bhavnagar,Caste Certificate,29,12.345822831302437,1775,1755,20,42
APP_6782,OFC_131,Mahbubnagar,Birth Certificate,37,33.18885325870604,2823,2746,77,51
APP_6783,OFC_334,Darbhanga,Income Certificate,12,35.31386158274786,733,673,60,37
APP_6784,OFC_643,Thane,Caste Certificate,47,46.62494866202706,435,433,2,37
APP_6785,OFC_481,Kolkata,Caste Certificate,49,59.89713898928697,700,643,57,33
APP_6786,OFC_146,Leh,Domicile Certificate,10,44.30774138130389,336,253,83,55
APP_6787,OFC_118,Durgapur,Domicile Certificate,42,5.109144665221407,6933,6898,35,38
APP_6788,OFC_230,Chennai,Caste Certificate,23,56.44978655141965,392,369,23,35
APP_6789,OFC_487,Amritsar,Income Certificate,29,16.75071143423152,996,907,89,37
APP_6790,OFC_254,Tiruchirapalli,Birth Certificate,9,50.94649759763512,206,178,28,39
APP_6791,OFC_936,Shimla,Domicile Certificate,25,43.224138710201245,768,735,33,45
APP_6792,OFC_928,Jamnagar,Death Certificate,24,49.84453558811777,449,438,11,52
APP_6793,OFC_976,Amravati,Death Certificate,5,34.957514965709855,406,322,84,59
APP_6794,OFC_36,Mumbai,Death Certificate,47,58.32967365747851,1506,1424,82,55
APP_6795,OFC_717,Nongpoh,Domicile Certificate,39,9.97025799412868,3055,2995,60,39
APP_6796,OFC_857,Hazaribagh,Birth Certificate,5,29.929087500677408,172,151,21,48
APP_6797,OFC_509,Thoothukudi,Income Certificate,48,55.91802767898605,171,135,36,40
APP_6798,OFC_775,North Delhi,Marriage Certificate,20,24.138087626474046,1183,1126,57,32
APP_6799,OFC_605,Shimoga,Domicile Certificate,11,12.959540102476629,1553,1516,37,47
APP_6800,OFC_811,Khammam,Marriage Certificate,12,23.09728398283017,558,492,66,34
APP_6801,OFC_993,Naharlagun,Birth Certificate,23,22.587314802334003,2536,2456,80,48
APP_6802,OFC_249,Bikaner,Marriage Certificate,11,32.87394279428338,665,656,9,59
APP_6803,OFC_903,Ranchi,Marriage Certificate,19,31.38711591825464,874,831,43,36
APP_6804,OFC_331,South Delhi,Birth Certificate,21,55.1126100790144,372,344,28,48
APP_6805,OFC_92,Medinipur,Domicile Certificate,15,25.55744587691554,506,492,14,44
APP_6806,OFC_339,Port Blair,Caste Certificate,36,45.63022562868553,1704,1691,13,47
APP_6807,OFC_134,Geyzing,Birth Certificate,20,19.66205327432177,1240,1159,81,37
APP_6808,OFC_649,Tura,Caste Certificate,48,25.13317398461699,1934,1916,18,40
APP_6809,OFC_281,Mandi,Caste Certificate,25,37.72520733963488,1192,1151,41,52
APP_6810,OFC_210,Pathankot,Caste Certificate,35,53.8002758362361,457,435,22,48
APP_6811,OFC_876,Hubli,Domicile Certificate,29,5.759944404470054,5666,5582,84,32
APP_6812,OFC_524,Dharmanagar,Birth Certificate,41,9.888845502446216,4073,4045,28,35
APP_6813,OFC_177,Erode,Domicile Certificate,35,52.247331174512055,1121,1076,45,55
APP_6814,OFC_442,Nainital,Caste Certificate,19,29.966922211304084,716,692,24,52
APP_6815,OFC_732,Anand,Birth Certificate,17,53.84759352755602,426,400,26,37
APP_6816,OFC_836,Agatti,Birth Certificate,6,49.03334674501969,249,204,45,30
APP_6817,OFC_530,Udaipur,Income Certificate,34,7.823597061075924,3451,3359,92,45
APP_6818,OFC_308,Meerut,Caste Certificate,11,7.514943685628035,2510,2495,15,56
APP_6819,OFC_10,Deoghar,Death Certificate,19,9.275067916343694,2231,2175,56,33
APP_6820,OFC_886,Surat,Caste Certificate,22,49.99016334804831,587,555,32,49
APP_6821,OFC_712,Kathua,Marriage Certificate,42,27.219551819563065,1474,1455,19,33
APP_6822,OFC_204,Gorakhpur,Domicile Certificate,48,33.64869948010271,2988,2895,93,56
APP_6823,OFC_70,Gandhinagar,Caste Certificate,11,18.394014051793224,619,528,91,39
APP_6824,OFC_5,Belgaum,Caste Certificate,42,22.3585596599838,5597,5527,70,58
APP_6825,OFC_112,Jammu,Caste Certificate,48,43.52264258754786,672,614,58,49
APP_6826,OFC_348,Davanagere,Caste Certificate,16,34.72392681773172,680,598,82,33
APP_6827,OFC_824,Asansol,Birth Certificate,22,7.093766335883177,3951,3947,4,34
APP_6828,OFC_717,Mangalore,Marriage Certificate,27,33.26622728355056,316,297,19,56
APP_6829,OFC_181,Jamshedpur,Birth Certificate,21,9.792549727161866,3085,3070,15,52
APP_6830,OFC_620,Udhampur,Caste Certificate,21,52.88576176592874,542,529,13,39
APP_6831,OFC_314,Roorkee,Income Certificate,22,23.02348431441713,1549,1477,72,42
APP_6832,OFC_655,Adilabad,Domicile Certificate,7,17.31646818967559,241,212,29,36
APP_6833,OFC_80,Guwahati,Income Certificate,32,7.221409569625675,2501,2459,42,43
APP_6834,OFC_887,Pasighat,Domicile Certificate,21,20.504577040491657,2318,2253,65,45
APP_6835,OFC_702,Aurangabad,Death Certificate,34,10.035329888233129,3527,3509,18,35
APP_6836,OFC_754,Panaji,Death Certificate,30,50.91340926408924,677,640,37,35
APP_6837,OFC_669,Satna,Birth Certificate,48,48.73990189430076,1067,1048,19,46
APP_6838,OFC_401,Madurai,Marriage Certificate,18,57.95478443194333,207,198,9,42
APP_6839,OFC_559,Vasco da Gama,Birth Certificate,42,59.93352547040895,1555,1503,52,55
APP_6840,OFC_624,Dimapur,Birth Certificate,9,54.41858222833359,135,61,74,40
APP_6841,OFC_776,Delhi,Marriage Certificate,22,30.0775184282686,1167,1070,97,32
APP_6842,OFC_189,Rudrapur,Domicile Certificate,30,14.88025997218153,3740,3738,2,45
APP_6843,OFC_951,Indore,Income Certificate,7,58.54631409195774,274,214,60,44
APP_6844,OFC_142,Allahabad,Caste Certificate,45,50.07484222509582,1087,1051,36,33
APP_6845,OFC_194,Haldwani,Death Certificate,18,55.02512120146806,665,647,18,39
APP_6846,OFC_869,Patna,Death Certificate,28,22.499948528867243,2967,2951,16,50
APP_6847,OFC_686,Champhai,Death Certificate,37,30.97040311386757,1309,1244,65,39
APP_6848,OFC_654,Jorhat,Domicile Certificate,16,44.58464377595178,591,547,44,56
APP_6849,OFC_941,Itanagar,Income Certificate,22,14.772385516862984,302,284,18,30
APP_6850,OFC_556,Shillong,Domicile Certificate,27,39.63701770530571,1776,1773,3,51
APP_6851,OFC_905,Solan,Domicile Certificate,46,46.65592397832084,657,636,21,39
APP_6852,OFC_448,Jowai,Death Certificate,28,34.427870060332175,1828,1762,66,46
APP_6853,OFC_425,Namchi,Death Certificate,44,39.07970209910737,951,923,28,43
APP_6854,OFC_905,Bishnupur,Death Certificate,23,49.09261226667768,869,776,93,54
APP_6855,OFC_788,Rewa,Death Certificate,15,8.953603767205143,3798,3741,57,49
APP_6856,OFC_948,Agra,Marriage Certificate,39,16.070780187129564,3177,3085,92,49
APP_6857,OFC_925,Bangalore,Income Certificate,44,35.904183052026184,2417,2373,44,52
APP_6858,OFC_333,Solapur,Marriage Certificate,42,14.408789669352432,2502,2496,6,56
APP_6859,OFC_784,Silchar,Income Certificate,15,50.490711019525634,451,364,87,43
APP_6860,OFC_506,Nashik,Death Certificate,8,35.30805199233774,390,365,25,38
APP_6861,OFC_222,Mysore,Death Certificate,19,23.963088191457917,1624,1537,87,44
APP_6862,OFC_516,Coimbatore,Death Certificate,18,5.083568216104046,6150,6119,31,55
APP_6863,OFC_399,Katihar,Birth Certificate,7,48.74462289548718,103,78,25,48
APP_6864,OFC_354,Bareilly,Marriage Certificate,39,11.531080220764666,7652,7572,80,58
APP_6865,OFC_918,Jodhpur,Domicile Certificate,16,33.02343356912536,791,731,60,36
APP_6866,OFC_862,Bokaro,Caste Certificate,29,11.737206888066048,1360,1335,25,31
APP_6867,OFC_480,Jabalpur,Marriage Certificate,47,39.18668277095443,1468,1446,22,34
APP_6868,OFC_854,East Delhi,Domicile Certificate,15,34.35704343328911,756,748,8,35
APP_6869,OFC_139,Karimnagar,Domicile Certificate,7,22.367892149694825,550,510,40,51
APP_6870,OFC_648,Serchhip,Death Certificate,28,25.020948448639853,824,812,12,40
APP_6871,OFC_19,Rangareddy,Income Certificate,21,29.578155347558813,1287,1232,55,45
APP_6872,OFC_496,Salem,Birth Certificate,27,51.92697401043867,701,669,32,31
APP_6873,OFC_887,Kavaratti,Domicile Certificate,35,23.469154365999344,1241,1181,60,52
APP_6874,OFC_911,Dispur,Caste Certificate,19,48.39009010586759,356,263,93,53
APP_6875,OFC_917,Thoubal,Birth Certificate,21,49.93209821223624,436,398,38,53
APP_6876,OFC_233,Chandigarh,Income Certificate,39,10.422268218563875,4991,4896,95,38
APP_6877,OFC_487,Nagaon,Marriage Certificate,44,5.456674846727116,11103,11100,3,59
APP_6878,OFC_401,Udaipur (Tripura),Domicile Certificate,21,47.15369007035181,545,486,59,45
APP_6879,OFC_419,Warangal,Income Certificate,13,17.28765310303394,1593,1568,25,44
APP_6880,OFC_772,Muzaffarpur,Marriage Certificate,6,56.25627356218124,218,210,8,49
APP_6881,OFC_906,Ujjain,Caste Certificate,19,6.881902832298843,2901,2805,96,55
APP_6882,OFC_43,Imphal,Marriage Certificate,8,54.63308480378176,192,127,65,58
APP_6883,OFC_434,Patiala,Marriage Certificate,10,13.078877192768644,607,529,78,31
APP_6884,OFC_320,Gwalior,Birth Certificate,35,29.49747069683825,2103,2023,80,39
APP_6885,OFC_70,Nizamabad,Income Certificate,46,38.34038080201975,1994,1954,40,54
APP_6886,OFC_906,Pune,Marriage Certificate,30,17.22964833683907,2315,2289,26,39
APP_6887,OFC_309,Tawang,Birth Certificate,15,55.72554999056605,120,57,63,54
APP_6888,OFC_91,Kullu,Death Certificate,15,21.076180785860394,1144,1074,70,42
APP_6889,OFC_151,Mayabunder,Caste Certificate,44,16.09482764594629,2519,2480,39,58
APP_6890,OFC_679,Lucknow,Income Certificate,44,20.29406178558312,2535,2454,81,42
APP_6891,OFC_354,Tezpur,Death Certificate,5,36.8843207668036,70,51,19,58
APP_6892,OFC_44,Junagadh,Caste Certificate,16,13.584295916506337,1476,1414,62,35
APP_6893,OFC_849,Sagar,Death Certificate,24,47.78865087907675,379,337,42,55
APP_6894,OFC_808,Nagpur,Caste Certificate,10,40.13631432307108,247,222,25,35
APP_6895,OFC_446,Howrah,Birth Certificate,47,52.74543739269102,1516,1460,56,38
APP_6896,OFC_459,Srinagar,Birth Certificate,8,30.33438507440699,639,561,78,39
APP_6897,OFC_921,Malda,Caste Certificate,41,30.36959256080382,2085,1992,93,55
APP_6898,OFC_998,Bhagalpur,Birth Certificate,18,13.75478704611865,3511,3483,28,58
APP_6899,OFC_40,Gulbarga,Income Certificate,34,46.92134451385782,1321,1306,15,44
APP_6900,OFC_730,Begusarai,Death Certificate,15,30.4679137790937,1273,1238,35,53
APP_6901,OFC_614,Dibrugarh,Birth Certificate,15,29.289677546729237,1179,1165,14,55
APP_6902,OFC_289,Mokokchung,Income Certificate,21,46.59662102861413,774,709,65,59
APP_6903,OFC_871,West Delhi,Domicile Certificate,46,43.37953191826235,722,688,34,40
APP_6904,OFC_75,Kota,Income Certificate,43,23.326740513863424,3452,3372,80,49
APP_6905,OFC_528,Vadodara,Birth Certificate,46,31.28754870821969,1869,1774,95,49
APP_6906,OFC_750,Rajkot,Death Certificate,28,27.241321405242687,1375,1279,96,53
APP_6907,OFC_148,Kailashahar,Caste Certificate,19,33.46891080325405,761,757,4,52
APP_6908,OFC_820,Agartala,Death Certificate,37,26.855820230161047,2125,2076,49,33
APP_6909,OFC_91,Ludhiana,Income Certificate,5,47.42600565246576,92,85,7,49
APP_6910,OFC_876,Giridih,Caste Certificate,26,42.42629762777853,579,502,77,30
APP_6911,OFC_361,Sikar,Income Certificate,39,30.85188608536992,1230,1221,9,48
APP_6912,OFC_370,Kanpur,Marriage Certificate,35,25.45387842166252,2841,2774,67,49
APP_6913,OFC_96,Kohima,Death Certificate,37,52.550669786805344,1464,1393,71,55
APP_6914,OFC_540,Ahmedabad,Caste Certificate,9,15.33976305182215,635,622,13,55
APP_6915,OFC_800,Mangan,Marriage Certificate,7,29.975126836722264,549,471,78,37
APP_6916,OFC_960,Dehradun,Death Certificate,16,15.47111792250767,877,862,15,56
APP_6917,OFC_836,Churachandpur,Domicile Certificate,33,34.85076720309968,1403,1331,72,58
APP_6918,OFC_596,Gaya,Death Certificate,24,50.70359915522506,1231,1227,4,50
APP_6919,OFC_707,Dhanbad,Caste Certificate,28,47.74233203145557,579,505,74,44
APP_6920,OFC_77,Lunglei,Birth Certificate,46,44.95267172854276,1994,1898,96,49
APP_6921,OFC_611,Darjeeling,Domicile Certificate,43,52.4401273048055,1538,1471,67,38
APP_6922,OFC_418,Manali,Birth Certificate,15,54.91470160035174,272,257,15,56
APP_6923,OFC_234,Arrah,Death Certificate,14,36.18846372257351,278,228,50,55
APP_6924,OFC_138,Ramgarh,Birth Certificate,40,49.418032770720096,781,695,86,53
APP_6925,OFC_219,Ratlam,Birth Certificate,23,58.714592302124736,620,581,39,54
APP_6926,OFC_328,Hyderabad,Birth Certificate,27,39.13441476379278,815,792,23,40
APP_6927,OFC_239,Tumkur,Domicile Certificate,31,10.576009966123392,1852,1786,66,51
APP_6928,OFC_186,Ghaziabad,Domicile Certificate,30,16.74756852749664,1714,1654,60,30
APP_6929,OFC_882,Amini,Death Certificate,30,37.50109546781989,1388,1346,42,34
APP_6930,OFC_914,Alwar,Domicile Certificate,35,9.625886897897669,6189,6137,52,33
APP_6931,OFC_295,Bardhaman,Caste Certificate,41,47.46172995111684,535,470,65,57
APP_6932,OFC_295,New Delhi,Income Certificate,46,21.34484086901272,1382,1345,37,36
APP_6933,OFC_803,Tirunelveli,Birth Certificate,29,38.174668859178034,568,480,88,34
APP_6934,OFC_239,Bilaspur,Income Certificate,30,54.384937425075336,490,456,34,31
APP_6935,OFC_527,Haridwar,Birth Certificate,43,23.70996697723186,1780,1753,27,41
APP_6936,OFC_313,Central Delhi,Death Certificate,49,18.37450771007618,3350,3281,69,41
APP_6937,OFC_44,Baramulla,Domicile Certificate,5,43.661950534084326,296,227,69,46
APP_6938,OFC_209,Margao,Birth Certificate,34,23.633226470414566,2020,1960,60,48
APP_6939,OFC_578,Aizawl,Death Certificate,17,52.19778521396863,373,362,11,40
APP_6940,OFC_829,Gangtok,Income Certificate,43,22.804418012997026,4344,4268,76,51
APP_6941,OFC_33,Mapusa,Birth Certificate,7,26.999868234149144,197,172,25,38
APP_6942,OFC_847,Mohali,Birth Certificate,26,24.563187435200447,2201,2187,14,46
APP_6943,OFC_372,Bathinda,Birth Certificate,16,13.762780762247106,389,385,4,44
APP_6944,OFC_250,Jalandhar,Caste Certificate,43,51.01600308631164,1260,1213,47,49
APP_6945,OFC_470,Kashipur,Birth Certificate,15,20.71170514987172,537,448,89,33
APP_6946,OFC_785,Vellore,Death Certificate,34,17.405636296833755,1746,1676,70,35
APP_6947,OFC_184,Siliguri,Death Certificate,44,22.659691429301937,4998,4906,92,48
APP_6948,OFC_954,Ajmer,Domicile Certificate,32,53.74356138908042,557,548,9,57
APP_6949,OFC_404,Minicoy,Death Certificate,42,11.347818634204238,4721,4689,32,56
APP_6950,OFC_991,Dharamshala,Caste Certificate,11,28.471359305720792,880,842,38,58
APP_6951,OFC_684,Varanasi,Domicile Certificate,34,51.00622697502265,1154,1131,23,50
APP_6952,OFC_671,Bhilwara,Caste Certificate,9,8.683440507101757,354,351,3,34
APP_6953,OFC_899,Tuensang,Domicile Certificate,28,46.260580536411325,611,594,17,53
APP_6954,OFC_347,Havelock,Marriage Certificate,48,12.569392512482302,4765,4692,73,30
APP_6955,OFC_258,Diglipur,Income Certificate,35,9.294577530093118,10016,10000,16,49
APP_6956,OFC_964,Anantnag,Income Certificate,7,55.33743883791089,270,211,59,59
APP_6957,OFC_230,Kolhapur,Death Certificate,10,35.607606524299605,271,271,0,32
APP_6958,OFC_67,Nanded,Marriage Certificate,34,24.762761291355044,1053,1042,11,55
APP_6959,OFC_933,Jaipur,Income Certificate,7,37.57759491404739,298,273,25,34
APP_6960,OFC_229,Purnia,Income Certificate,24,55.71132907899403,111,106,5,45
APP_6961,OFC_330,Bhopal,Caste Certificate,24,23.873944008257045,813,793,20,39
APP_6962,OFC_416,Bhavnagar,Marriage Certificate,39,15.135372175883576,2140,2113,27,36
APP_6963,OFC_281,Mahbubnagar,Caste Certificate,45,32.09996330116107,937,852,85,30
APP_6964,OFC_323,Darbhanga,Marriage Certificate,34,45.1113892476157,730,707,23,46
APP_6965,OFC_212,Thane,Death Certificate,39,21.294298064808803,2050,2013,37,44
APP_6966,OFC_292,Kolkata,Domicile Certificate,47,42.6635711811383,2368,2272,96,51
APP_6967,OFC_683,Leh,Domicile Certificate,42,54.67881438161064,1214,1133,81,53
APP_6968,OFC_163,Durgapur,Caste Certificate,15,28.495236292393564,317,232,85,53
APP_6969,OFC_808,Chennai,Domicile Certificate,49,22.890222259194623,5285,5238,47,49
APP_6970,OFC_823,Amritsar,Death Certificate,34,43.14292077478017,438,399,39,31
APP_6971,OFC_495,Tiruchirapalli,Domicile Certificate,41,12.71521071063204,3716,3624,92,50
APP_6972,OFC_16,Shimla,Marriage Certificate,26,6.153325236542341,3730,3631,99,40
APP_6973,OFC_76,Jamnagar,Marriage Certificate,15,18.256588355326205,295,272,23,40
APP_6974,OFC_405,Amravati,Income Certificate,13,6.847175001092341,1165,1111,54,45
APP_6975,OFC_351,Mumbai,Domicile Certificate,9,11.656308724323432,769,712,57,44
APP_6976,OFC_783,Nongpoh,Death Certificate,36,9.096285735802391,7575,7539,36,49
APP_6977,OFC_684,Hazaribagh,Income Certificate,27,10.141672193263217,4108,4108,0,30
APP_6978,OFC_553,Thoothukudi,Income Certificate,25,9.25701063909196,6719,6718,1,56
APP_6979,OFC_831,North Delhi,Birth Certificate,44,44.148832569545455,1006,914,92,38
APP_6980,OFC_515,Shimoga,Birth Certificate,44,58.85951631586297,1297,1260,37,33
APP_6981,OFC_586,Khammam,Marriage Certificate,26,13.735911294318049,3755,3674,81,48
APP_6982,OFC_753,Naharlagun,Caste Certificate,45,13.905572351093191,2179,2097,82,35
APP_6983,OFC_272,Bikaner,Birth Certificate,42,46.98815006732333,1628,1586,42,33
APP_6984,OFC_499,Ranchi,Death Certificate,29,18.10957740439928,3642,3566,76,46
APP_6985,OFC_64,South Delhi,Birth Certificate,49,20.30417456336244,3305,3212,93,39
APP_6986,OFC_281,Medinipur,Income Certificate,30,38.84994171139292,1545,1538,7,40
APP_6987,OFC_845,Port Blair,Income Certificate,35,18.558122255383022,502,441,61,30
APP_6988,OFC_51,Geyzing,Marriage Certificate,32,25.905435467905274,2094,2052,42,32
APP_6989,OFC_429,Tura,Death Certificate,37,40.1842356425817,1753,1713,40,32
APP_6990,OFC_436,Mandi,Birth Certificate,18,28.877134812432278,108,36,72,47
APP_6991,OFC_783,Pathankot,Marriage Certificate,34,30.76866892888597,462,394,68,31
APP_6992,OFC_111,Hubli,Death Certificate,44,22.317138566467328,3288,3229,59,41
APP_6993,OFC_629,Dharmanagar,Death Certificate,49,36.487846082100205,1557,1462,95,40
APP_6994,OFC_5,Erode,Death Certificate,34,20.753882811978755,714,714,0,40
APP_6995,OFC_283,Nainital,Birth Certificate,42,29.274333040570525,2851,2769,82,46
APP_6996,OFC_82,Anand,Domicile Certificate,25,40.84163407258119,391,292,99,36
APP_6997,OFC_328,Agatti,Marriage Certificate,41,16.15649376878846,1609,1583,26,36
APP_6998,OFC_556,Udaipur,Marriage Certificate,49,45.69981455693439,1112,1076,36,34
APP_6999,OFC_316,Meerut,Birth Certificate,41,41.2562680687571,2180,2082,98,47
APP_7000,OFC_937,Deoghar,Income Certificate,32,10.115189287925588,6199,6188,11,55
APP_7001,OFC_469,Surat,Marriage Certificate,28,50.43442180539738,795,718,77,31
APP_7002,OFC_39,Kathua,Caste Certificate,24,22.5547541509652,1491,1464,27,51
APP_7003,OFC_152,Gorakhpur,Death Certificate,44,45.07535758793709,1013,928,85,36
APP_7004,OFC_837,Gandhinagar,Marriage Certificate,22,18.622776658819756,2082,2077,5,45
APP_7005,OFC_898,Belgaum,Income Certificate,39,13.351747904603696,5472,5396,76,46
APP_7006,OFC_375,Jammu,Caste Certificate,48,10.169249003601696,6012,5915,97,33
APP_7007,OFC_262,Davanagere,Birth Certificate,5,52.16290515134696,171,121,50,56
APP_7008,OFC_517,Asansol,Birth Certificate,39,40.39936145022921,1253,1224,29,55
APP_7009,OFC_854,Mangalore,Caste Certificate,11,19.70476662131766,1241,1220,21,54
APP_7010,OFC_60,Jamshedpur,Income Certificate,7,5.105853992028689,981,903,78,53
APP_7011,OFC_373,Udhampur,Marriage Certificate,45,8.958414939028236,9677,9598,79,37
APP_7012,OFC_442,Roorkee,Caste Certificate,27,33.42643908946316,2298,2298,0,57
APP_7013,OFC_657,Adilabad,Domicile Certificate,19,27.22157957066107,1239,1167,72,43
APP_7014,OFC_193,Guwahati,Marriage Certificate,40,49.27086029055141,711,701,10,55
APP_7015,OFC_162,Pasighat,Domicile Certificate,20,28.69710536025471,1688,1675,13,55
APP_7016,OFC_354,Aurangabad,Caste Certificate,42,29.64726360703664,1047,972,75,58
APP_7017,OFC_565,Panaji,Death Certificate,43,22.913479707744724,3068,3024,44,53
APP_7018,OFC_146,Satna,Death Certificate,34,36.10622219064241,1582,1570,12,44
APP_7019,OFC_945,Madurai,Death Certificate,24,11.46121395499793,2946,2944,2,47
APP_7020,OFC_500,Vasco da Gama,Birth Certificate,25,35.33604957328374,895,797,98,37
APP_7021,OFC_463,Dimapur,Income Certificate,30,17.205048096023248,2664,2654,10,54
APP_7022,OFC_229,Delhi,Birth Certificate,17,41.011975821569976,630,577,53,31
APP_7023,OFC_742,Rudrapur,Domicile Certificate,20,43.3902095759597,1026,980,46,47
APP_7024,OFC_31,Indore,Marriage Certificate,41,17.625964265715226,4017,3926,91,42
APP_7025,OFC_843,Allahabad,Caste Certificate,22,29.068893213606028,1925,1885,40,53
APP_7026,OFC_584,Haldwani,Caste Certificate,44,39.69576483564186,1808,1780,28,44
APP_7027,OFC_193,Patna,Domicile Certificate,9,12.05377565946716,946,921,25,47
APP_7028,OFC_628,Champhai,Income Certificate,24,33.20636440633184,968,906,62,32
APP_7029,OFC_151,Jorhat,Caste Certificate,24,16.117818812311846,2891,2883,8,48
APP_7030,OFC_203,Itanagar,Income Certificate,25,40.53521450446922,497,428,69,45
APP_7031,OFC_733,Shillong,Marriage Certificate,29,16.01624748521168,1589,1566,23,58
APP_7032,OFC_497,Solan,Income Certificate,27,10.034778562384322,4094,4024,70,41
APP_7033,OFC_656,Jowai,Income Certificate,47,47.382307502672326,808,729,79,30
APP_7034,OFC_381,Namchi,Domicile Certificate,35,41.33853105266361,2509,2464,45,59
APP_7035,OFC_115,Bishnupur,Income Certificate,20,40.957129790797616,460,368,92,31
APP_7036,OFC_900,Rewa,Birth Certificate,16,25.43083563264636,436,356,80,31
APP_7037,OFC_10,Agra,Marriage Certificate,34,47.33133615520672,1850,1781,69,44
APP_7038,OFC_17,Bangalore,Income Certificate,19,46.09432233800959,1183,1089,94,48
APP_7039,OFC_625,Solapur,Income Certificate,38,23.93176514596897,1721,1666,55,53
APP_7040,OFC_825,Silchar,Income Certificate,40,13.641692874559212,6087,5989,98,38
APP_7041,OFC_436,Nashik,Death Certificate,10,11.973207742701897,1174,1099,75,36
APP_7042,OFC_828,Mysore,Caste Certificate,31,6.224993279078376,12748,12719,29,48
APP_7043,OFC_309,Coimbatore,Birth Certificate,31,16.411932085419313,1454,1404,50,46
APP_7044,OFC_259,Katihar,Income Certificate,39,28.48091905667373,310,290,20,39
APP_7045,OFC_854,Bareilly,Marriage Certificate,38,23.5716986308034,1128,1119,9,33
APP_7046,OFC_219,Jodhpur,Birth Certificate,29,59.21436202287753,1193,1104,89,54
APP_7047,OFC_614,Bokaro,Income Certificate,36,40.49168761147598,527,447,80,36
APP_7048,OFC_764,Jabalpur,Birth Certificate,20,34.76905239218082,562,554,8,31
APP_7049,OFC_908,East Delhi,Income Certificate,14,57.22885406180353,172,87,85,41
APP_7050,OFC_520,Karimnagar,Birth Certificate,49,52.623488909606216,1918,1891,27,50
APP_7051,OFC_523,Serchhip,Income Certificate,28,31.27525697834291,631,541,90,52
APP_7052,OFC_900,Rangareddy,Death Certificate,46,40.17108042009483,1234,1205,29,33
APP_7053,OFC_789,Salem,Domicile Certificate,47,58.20567662745891,1580,1485,95,44
APP_7054,OFC_122,Kavaratti,Income Certificate,45,17.621204630975345,2989,2909,80,45
APP_7055,OFC_831,Dispur,Birth Certificate,42,29.827470659145373,2005,1971,34,41
APP_7056,OFC_804,Thoubal,Marriage Certificate,44,19.35742947436941,3841,3769,72,58
APP_7057,OFC_569,Chandigarh,Marriage Certificate,19,41.5316375525328,834,810,24,51
APP_7058,OFC_695,Nagaon,Marriage Certificate,5,45.70652323461729,245,218,27,47
APP_7059,OFC_96,Udaipur (Tripura),Domicile Certificate,32,7.0803167714006765,978,939,39,32
APP_7060,OFC_315,Warangal,Marriage Certificate,29,56.44088735058155,471,385,86,33
APP_7061,OFC_990,Muzaffarpur,Marriage Certificate,6,26.49720390747474,713,620,93,57
APP_7062,OFC_884,Ujjain,Death Certificate,20,15.601528478295611,1826,1787,39,38
APP_7063,OFC_164,Imphal,Death Certificate,43,37.4269802631986,1321,1321,0,45
APP_7064,OFC_262,Patiala,Caste Certificate,49,22.503834491701397,700,624,76,49
APP_7065,OFC_627,Gwalior,Birth Certificate,7,26.73742088471269,137,119,18,43
APP_7066,OFC_130,Nizamabad,Marriage Certificate,43,25.201978769687223,1691,1669,22,43
APP_7067,OFC_260,Pune,Domicile Certificate,42,7.489824556548826,11001,10916,85,55
APP_7068,OFC_261,Tawang,Caste Certificate,10,36.22943963465532,390,351,39,51
APP_7069,OFC_267,Kullu,Income Certificate,33,24.755860353626712,2084,2078,6,40
APP_7070,OFC_902,Mayabunder,Domicile Certificate,42,7.894308359763139,11016,11002,14,57
APP_7071,OFC_226,Lucknow,Marriage Certificate,11,58.67186929758048,327,234,93,36
APP_7072,OFC_77,Tezpur,Domicile Certificate,17,10.645584142688666,2552,2475,77,56
APP_7073,OFC_669,Junagadh,Domicile Certificate,15,48.50081096607568,893,865,28,56
APP_7074,OFC_141,Sagar,Caste Certificate,7,30.221600325660987,424,325,99,48
APP_7075,OFC_729,Nagpur,Death Certificate,11,9.366243777179534,1629,1588,41,48
APP_7076,OFC_981,Howrah,Marriage Certificate,37,43.00037868271042,271,234,37,57
APP_7077,OFC_50,Srinagar,Birth Certificate,46,46.70301696486638,1210,1197,13,56
APP_7078,OFC_22,Malda,Caste Certificate,31,43.11080044979137,129,62,67,31
APP_7079,OFC_651,Bhagalpur,Caste Certificate,32,48.20046371445054,949,910,39,49
APP_7080,OFC_701,Gulbarga,Marriage Certificate,17,22.741288884780943,1427,1427,0,44
APP_7081,OFC_255,Begusarai,Death Certificate,42,45.56434810800835,297,236,61,42
APP_7082,OFC_869,Dibrugarh,Birth Certificate,32,56.58024433437839,1352,1300,52,56
APP_7083,OFC_649,Mokokchung,Birth Certificate,11,15.108068553565603,776,732,44,51
APP_7084,OFC_785,West Delhi,Marriage Certificate,6,14.45997573440023,517,507,10,51
APP_7085,OFC_706,Kota,Domicile Certificate,35,24.46084426439414,2577,2552,25,47
APP_7086,OFC_36,Vadodara,Caste Certificate,27,28.074333304463032,2859,2827,32,56
APP_7087,OFC_705,Rajkot,Marriage Certificate,37,8.99689216765442,770,755,15,38
APP_7088,OFC_495,Kailashahar,Marriage Certificate,42,16.978078393209373,4968,4942,26,46
APP_7089,OFC_136,Agartala,Domicile Certificate,19,18.8636157691307,974,969,5,42
APP_7090,OFC_5,Ludhiana,Domicile Certificate,26,59.602774503159694,1013,954,59,49
APP_7091,OFC_13,Giridih,Domicile Certificate,40,5.768235918411613,8808,8782,26,35
APP_7092,OFC_389,Sikar,Caste Certificate,28,9.581845772881302,2019,1964,55,35
APP_7093,OFC_219,Kanpur,Birth Certificate,39,37.64578736479381,903,869,34,45
APP_7094,OFC_29,Kohima,Birth Certificate,42,56.15615638896692,565,530,35,37
APP_7095,OFC_795,Ahmedabad,Caste Certificate,29,36.26548525766808,1706,1637,69,57
APP_7096,OFC_819,Mangan,Caste Certificate,48,58.16672211231337,397,321,76,53
APP_7097,OFC_173,Dehradun,Caste Certificate,31,23.45231692152289,1117,1091,26,40
APP_7098,OFC_665,Churachandpur,Marriage Certificate,40,32.97666613708832,1177,1172,5,32
APP_7099,OFC_104,Gaya,Marriage Certificate,7,10.310866568552632,329,274,55,41
APP_7100,OFC_895,Dhanbad,Death Certificate,17,28.414120671491045,979,970,9,38
APP_7101,OFC_148,Lunglei,Income Certificate,48,33.17270213711133,2530,2448,82,58
APP_7102,OFC_510,Darjeeling,Income Certificate,12,40.10692724905261,309,262,47,33
APP_7103,OFC_720,Manali,Birth Certificate,46,12.329553982229983,2346,2335,11,45
APP_7104,OFC_789,Arrah,Death Certificate,22,57.27898158351247,1207,1131,76,59
APP_7105,OFC_603,Ramgarh,Marriage Certificate,16,56.04982642760983,520,475,45,47
APP_7106,OFC_945,Ratlam,Marriage Certificate,25,12.613327611711824,3154,3077,77,46
APP_7107,OFC_596,Hyderabad,Death Certificate,39,5.498294081412064,3998,3952,46,35
APP_7108,OFC_9,Tumkur,Caste Certificate,8,50.67985439701007,249,209,40,35
APP_7109,OFC_209,Ghaziabad,Income Certificate,24,50.047638850499744,469,458,11,37
APP_7110,OFC_946,Amini,Death Certificate,13,20.030349825288774,476,380,96,32
APP_7111,OFC_171,Alwar,Domicile Certificate,6,34.80569353296822,412,318,94,52
APP_7112,OFC_123,Bardhaman,Income Certificate,37,6.632255023611711,8848,8802,46,48
APP_7113,OFC_188,New Delhi,Marriage Certificate,40,44.14231676618033,285,204,81,51
APP_7114,OFC_781,Tirunelveli,Domicile Certificate,15,7.640970153541561,1073,1002,71,30
APP_7115,OFC_100,Bilaspur,Caste Certificate,38,37.15582069430671,716,672,44,35
APP_7116,OFC_247,Haridwar,Birth Certificate,33,11.308929378479652,8237,8154,83,59
APP_7117,OFC_369,Central Delhi,Domicile Certificate,20,31.38072965713404,1589,1567,22,49
APP_7118,OFC_255,Baramulla,Marriage Certificate,49,29.69425253469312,1015,925,90,32
APP_7119,OFC_286,Margao,Domicile Certificate,47,55.00935684372396,1816,1749,67,45
APP_7120,OFC_890,Aizawl,Domicile Certificate,23,5.414047529891793,3908,3883,25,49
APP_7121,OFC_196,Gangtok,Marriage Certificate,12,55.44920557203368,362,292,70,41
APP_7122,OFC_813,Mapusa,Caste Certificate,12,34.94945281410318,389,357,32,31
APP_7123,OFC_320,Mohali,Marriage Certificate,27,53.73330010154983,1056,1012,44,56
APP_7124,OFC_243,Bathinda,Caste Certificate,47,13.626168681032468,1211,1211,0,39
APP_7125,OFC_955,Jalandhar,Marriage Certificate,18,34.52575754123681,357,261,96,37
APP_7126,OFC_418,Kashipur,Income Certificate,8,14.503516266816389,604,578,26,36
APP_7127,OFC_797,Vellore,Birth Certificate,22,5.833037547729333,1436,1371,65,55
APP_7128,OFC_113,Siliguri,Domicile Certificate,22,44.51067347582797,337,285,52,32
APP_7129,OFC_313,Ajmer,Birth Certificate,42,27.515265314512177,544,499,45,32
APP_7130,OFC_414,Minicoy,Caste Certificate,44,34.60741323768492,2838,2760,78,55
APP_7131,OFC_899,Dharamshala,Caste Certificate,33,57.084548481274005,616,577,39,52
APP_7132,OFC_314,Varanasi,Birth Certificate,11,51.09480682882925,320,228,92,35
APP_7133,OFC_871,Bhilwara,Income Certificate,17,39.20755810910907,257,225,32,49
APP_7134,OFC_448,Tuensang,Marriage Certificate,45,7.854833897820995,15809,15786,23,56
APP_7135,OFC_321,Havelock,Income Certificate,45,42.18226330948193,1530,1491,39,34
APP_7136,OFC_475,Diglipur,Birth Certificate,34,57.85021890270402,750,732,18,30
APP_7137,OFC_387,Anantnag,Death Certificate,26,19.34085875146709,1096,1056,40,37
APP_7138,OFC_874,Kolhapur,Marriage Certificate,46,33.03638788515229,1908,1880,28,46
APP_7139,OFC_65,Nanded,Domicile Certificate,12,6.8366747987966905,4308,4234,74,55
APP_7140,OFC_39,Jaipur,Death Certificate,44,16.065169257370574,4355,4262,93,49
APP_7141,OFC_76,Purnia,Caste Certificate,21,27.88279444825869,1216,1213,3,43
APP_7142,OFC_684,Bhopal,Caste Certificate,5,5.1963650971188695,991,923,68,49
APP_7143,OFC_399,Bhavnagar,Caste Certificate,7,18.58546223466726,295,265,30,50
APP_7144,OFC_825,Mahbubnagar,Income Certificate,36,33.77149725967708,2296,2270,26,51
APP_7145,OFC_428,Darbhanga,Marriage Certificate,22,59.77222627493101,348,275,73,32
APP_7146,OFC_330,Thane,Income Certificate,15,13.49867556845132,1185,1175,10,38
APP_7147,OFC_910,Kolkata,Birth Certificate,33,12.690579091970928,4125,4068,57,45
APP_7148,OFC_30,Leh,Birth Certificate,35,8.814252400049206,1089,1054,35,39
APP_7149,OFC_632,Durgapur,Domicile Certificate,8,17.21891272464284,638,613,25,33
APP_7150,OFC_37,Chennai,Caste Certificate,15,53.366097006677705,761,676,85,47
APP_7151,OFC_107,Amritsar,Domicile Certificate,29,29.986029392309455,1370,1333,37,41
APP_7152,OFC_632,Tiruchirapalli,Marriage Certificate,29,45.85958801802556,968,947,21,50
APP_7153,OFC_330,Shimla,Income Certificate,37,19.778497086954424,2925,2846,79,37
APP_7154,OFC_370,Jamnagar,Income Certificate,14,34.23266955753674,444,426,18,44
APP_7155,OFC_854,Amravati,Caste Certificate,33,26.37158163561917,1031,1003,28,37
APP_7156,OFC_837,Mumbai,Birth Certificate,9,11.306663071787252,2069,1984,85,53
APP_7157,OFC_325,Nongpoh,Caste Certificate,15,30.79921140846554,1033,978,55,38
APP_7158,OFC_189,Hazaribagh,Death Certificate,22,9.494160621904614,3892,3805,87,39
APP_7159,OFC_113,Thoothukudi,Income Certificate,34,44.67410739410551,1114,1018,96,45
APP_7160,OFC_448,North Delhi,Birth Certificate,28,35.05980124925449,833,801,32,43
APP_7161,OFC_694,Shimoga,Birth Certificate,6,24.169619413441865,335,335,0,51
APP_7162,OFC_807,Khammam,Death Certificate,30,46.8723874956757,444,391,53,58
APP_7163,OFC_567,Naharlagun,Marriage Certificate,13,53.90373799653271,274,205,69,41
APP_7164,OFC_151,Bikaner,Domicile Certificate,43,46.74909124560005,711,640,71,50
APP_7165,OFC_887,Ranchi,Domicile Certificate,23,41.67998213131762,410,360,50,38
APP_7166,OFC_446,South Delhi,Caste Certificate,45,20.873235404945056,2299,2292,7,56
APP_7167,OFC_978,Medinipur,Birth Certificate,27,39.693099667868765,1549,1525,24,56
APP_7168,OFC_870,Port Blair,Birth Certificate,14,26.396618936796354,838,837,1,39
APP_7169,OFC_679,Geyzing,Domicile Certificate,49,26.3470312241106,1473,1467,6,34
APP_7170,OFC_201,Tura,Caste Certificate,41,10.700861380555772,2831,2744,87,46
APP_7171,OFC_558,Mandi,Death Certificate,49,11.891871268377749,2109,2099,10,43
APP_7172,OFC_172,Pathankot,Income Certificate,48,22.50685074730755,2884,2808,76,33
APP_7173,OFC_550,Hubli,Birth Certificate,5,10.8081071752877,568,502,66,51
APP_7174,OFC_609,Dharmanagar,Birth Certificate,27,8.878547686332434,3005,2973,32,45
APP_7175,OFC_473,Erode,Death Certificate,44,56.02748723815922,1337,1326,11,47
APP_7176,OFC_97,Nainital,Caste Certificate,35,54.56210837718188,572,483,89,53
APP_7177,OFC_558,Anand,Marriage Certificate,17,9.780740488783426,1653,1586,67,32
APP_7178,OFC_63,Agatti,Caste Certificate,43,49.58762804796773,1089,1088,1,48
APP_7179,OFC_774,Udaipur,Death Certificate,46,36.01557166547703,686,674,12,41
APP_7180,OFC_687,Meerut,Domicile Certificate,14,27.922954830887317,320,312,8,58
APP_7181,OFC_212,Deoghar,Domicile Certificate,38,9.775153188877496,9166,9144,22,51
APP_7182,OFC_936,Surat,Death Certificate,12,19.41828888069921,336,276,60,31
APP_7183,OFC_145,Kathua,Birth Certificate,30,48.86255034499426,1067,1011,56,35
APP_7184,OFC_54,Gorakhpur,Income Certificate,42,41.07903049525264,1443,1415,28,59
APP_7185,OFC_5,Gandhinagar,Death Certificate,28,35.651025356582835,1264,1166,98,44
APP_7186,OFC_382,Belgaum,Birth Certificate,27,59.86461012056495,954,893,61,50
APP_7187,OFC_370,Jammu,Caste Certificate,17,30.901670292619347,672,607,65,39
APP_7188,OFC_944,Davanagere,Death Certificate,15,40.03696109572212,930,878,52,47
APP_7189,OFC_832,Asansol,Marriage Certificate,5,36.934478111818606,93,79,14,35
APP_7190,OFC_503,Mangalore,Domicile Certificate,32,9.551697971204902,3793,3780,13,56
APP_7191,OFC_16,Jamshedpur,Death Certificate,41,12.061706472706028,3319,3227,92,40
APP_7192,OFC_456,Udhampur,Caste Certificate,11,36.73203358261853,312,299,13,36
APP_7193,OFC_908,Roorkee,Marriage Certificate,16,33.752768474171575,686,636,50,33
APP_7194,OFC_311,Adilabad,Marriage Certificate,40,54.0663558154386,951,874,77,51
APP_7195,OFC_279,Guwahati,Income Certificate,39,48.73172211456514,1478,1400,78,37
APP_7196,OFC_663,Pasighat,Caste Certificate,14,47.51809163503782,701,608,93,47
APP_7197,OFC_946,Aurangabad,Domicile Certificate,16,42.65120333540461,293,206,87,50
APP_7198,OFC_888,Panaji,Income Certificate,12,14.19147249140649,896,833,63,45
APP_7199,OFC_111,Satna,Income Certificate,38,40.4956616869935,1165,1096,69,35
APP_7200,OFC_853,Madurai,Death Certificate,33,45.40586967498663,170,169,1,39
APP_7201,OFC_653,Vasco da Gama,Birth Certificate,39,32.17708722698376,1728,1703,25,42
APP_7202,OFC_612,Dimapur,Death Certificate,6,16.801320073763502,738,704,34,52
APP_7203,OFC_980,Delhi,Death Certificate,47,19.68098773269051,4260,4231,29,52
APP_7204,OFC_455,Rudrapur,Marriage Certificate,17,20.526658784915902,1377,1327,50,51
APP_7205,OFC_23,Indore,Marriage Certificate,20,20.33859458841578,2086,2065,21,53
APP_7206,OFC_190,Allahabad,Marriage Certificate,34,34.485365884349065,740,667,73,40
APP_7207,OFC_315,Haldwani,Birth Certificate,26,54.60910095005265,533,530,3,55
APP_7208,OFC_954,Patna,Income Certificate,16,28.812201072160505,687,649,38,53
APP_7209,OFC_674,Champhai,Death Certificate,20,57.96411370804847,751,675,76,47
APP_7210,OFC_60,Jorhat,Income Certificate,6,36.97957815993331,140,96,44,33
APP_7211,OFC_235,Itanagar,Caste Certificate,30,50.1335103545237,742,700,42,46
APP_7212,OFC_171,Shillong,Domicile Certificate,12,59.58187253991889,207,144,63,30
APP_7213,OFC_209,Solan,Domicile Certificate,13,34.517098623547454,568,555,13,41
APP_7214,OFC_48,Jowai,Income Certificate,39,33.649196491926176,959,891,68,35
APP_7215,OFC_432,Namchi,Marriage Certificate,42,51.635564438873935,1939,1920,19,46
APP_7216,OFC_31,Bishnupur,Caste Certificate,25,54.06894866622403,736,662,74,31
APP_7217,OFC_251,Rewa,Death Certificate,37,35.41067493960553,936,855,81,36
APP_7218,OFC_30,Agra,Domicile Certificate,25,45.47992639108048,1045,994,51,38
APP_7219,OFC_580,Bangalore,Caste Certificate,41,55.405494125349,1823,1726,97,52
APP_7220,OFC_926,Solapur,Caste Certificate,39,25.89538398865188,2549,2496,53,51
APP_7221,OFC_447,Silchar,Marriage Certificate,39,37.50000646380993,1758,1734,24,59
APP_7222,OFC_935,Nashik,Income Certificate,29,46.62609155152932,579,527,52,49
APP_7223,OFC_719,Mysore,Domicile Certificate,39,43.92453665826105,684,650,34,43
APP_7224,OFC_483,Coimbatore,Marriage Certificate,30,24.346178713230277,1078,1023,55,34
APP_7225,OFC_64,Katihar,Caste Certificate,33,53.41636387722301,1005,968,37,48
APP_7226,OFC_368,Bareilly,Caste Certificate,40,18.700144511084844,2582,2486,96,52
APP_7227,OFC_118,Jodhpur,Income Certificate,22,11.624126626458915,6203,6186,17,55
APP_7228,OFC_239,Bokaro,Income Certificate,7,53.37367168274003,163,100,63,36
APP_7229,OFC_640,Jabalpur,Death Certificate,48,27.39055575645688,2822,2731,91,52
APP_7230,OFC_194,East Delhi,Domicile Certificate,6,43.154475623883584,137,99,38,30
APP_7231,OFC_616,Karimnagar,Caste Certificate,7,28.94422934477773,107,59,48,33
APP_7232,OFC_400,Serchhip,Domicile Certificate,6,28.350292654006747,254,190,64,57
APP_7233,OFC_473,Rangareddy,Income Certificate,15,34.7746052527367,431,414,17,42
APP_7234,OFC_793,Salem,Domicile Certificate,35,31.257451977557647,2300,2203,97,50
APP_7235,OFC_941,Kavaratti,Birth Certificate,22,33.5405938867393,1632,1536,96,58
APP_7236,OFC_383,Dispur,Death Certificate,14,30.38034082201415,588,543,45,41
APP_7237,OFC_94,Thoubal,Caste Certificate,47,58.60668880469787,942,870,72,47
APP_7238,OFC_403,Chandigarh,Income Certificate,31,18.02058864987216,2274,2190,84,49
APP_7239,OFC_834,Nagaon,Marriage Certificate,33,28.42853325913332,1565,1468,97,42
APP_7240,OFC_557,Udaipur (Tripura),Death Certificate,42,15.227585757970475,1878,1842,36,35
APP_7241,OFC_917,Warangal,Death Certificate,31,56.89406132848765,677,674,3,59
APP_7242,OFC_690,Muzaffarpur,Death Certificate,33,17.94821627795634,1796,1792,4,50
APP_7243,OFC_607,Ujjain,Income Certificate,44,42.20929098004402,800,797,3,39
APP_7244,OFC_617,Imphal,Death Certificate,42,51.81298717744763,726,660,66,48
APP_7245,OFC_571,Patiala,Marriage Certificate,7,28.041795473919453,470,416,54,42
APP_7246,OFC_936,Gwalior,Birth Certificate,16,35.374628463797194,1190,1097,93,54
APP_7247,OFC_835,Nizamabad,Marriage Certificate,22,9.864248988816568,732,713,19,53
APP_7248,OFC_570,Pune,Death Certificate,18,38.5335952513056,835,766,69,51
APP_7249,OFC_679,Tawang,Death Certificate,48,30.609709336820217,1618,1605,13,45
APP_7250,OFC_260,Kullu,Caste Certificate,16,7.057629632055418,2173,2094,79,51
APP_7251,OFC_294,Mayabunder,Domicile Certificate,13,26.0342792991939,286,221,65,46
APP_7252,OFC_25,Lucknow,Domicile Certificate,31,13.563145534511277,1317,1231,86,46
APP_7253,OFC_892,Tezpur,Marriage Certificate,12,29.630427426750497,554,547,7,35
APP_7254,OFC_487,Junagadh,Income Certificate,31,53.72281684371866,1087,1036,51,33
APP_7255,OFC_750,Sagar,Caste Certificate,5,17.965203901650234,263,190,73,33
APP_7256,OFC_221,Nagpur,Birth Certificate,30,27.800746944028525,2627,2531,96,57
APP_7257,OFC_161,Howrah,Domicile Certificate,18,30.5951564793699,1049,966,83,53
APP_7258,OFC_263,Srinagar,Caste Certificate,38,17.143178117630562,3836,3773,63,47
APP_7259,OFC_822,Malda,Death Certificate,44,50.97931808954005,2622,2539,83,54
APP_7260,OFC_30,Bhagalpur,Caste Certificate,20,24.52872518892805,1386,1289,97,49
APP_7261,OFC_550,Gulbarga,Income Certificate,5,49.105184774493765,105,79,26,31
APP_7262,OFC_941,Begusarai,Caste Certificate,6,27.82915011078549,585,560,25,51
APP_7263,OFC_552,Dibrugarh,Birth Certificate,47,12.830261293887911,2912,2892,20,33
APP_7264,OFC_781,Mokokchung,Death Certificate,23,11.945074968107448,776,691,85,45
APP_7265,OFC_485,West Delhi,Domicile Certificate,11,30.30127528704072,551,488,63,37
APP_7266,OFC_794,Kota,Caste Certificate,7,51.6313589989109,84,74,10,44
APP_7267,OFC_823,Vadodara,Income Certificate,26,30.743629414397244,280,256,24,38
APP_7268,OFC_256,Rajkot,Death Certificate,26,59.09556421751911,503,427,76,30
APP_7269,OFC_234,Kailashahar,Death Certificate,16,55.275633105178855,309,299,10,46
APP_7270,OFC_65,Agartala,Marriage Certificate,36,18.893608826807267,2545,2472,73,39
APP_7271,OFC_279,Ludhiana,Caste Certificate,26,14.213154911876408,1946,1886,60,36
APP_7272,OFC_188,Giridih,Income Certificate,6,47.93175141161375,350,261,89,59
APP_7273,OFC_103,Sikar,Marriage Certificate,34,47.99959036099084,1061,1020,41,43
APP_7274,OFC_608,Kanpur,Domicile Certificate,5,59.22330266314701,153,121,32,55
APP_7275,OFC_672,Kohima,Caste Certificate,26,13.381620568429188,2519,2472,47,54
APP_7276,OFC_203,Ahmedabad,Death Certificate,25,31.893274196002235,1546,1472,74,55
APP_7277,OFC_419,Mangan,Death Certificate,10,59.73971314144758,289,217,72,32
APP_7278,OFC_817,Dehradun,Income Certificate,40,21.74498804871247,1530,1513,17,42
APP_7279,OFC_157,Churachandpur,Marriage Certificate,16,27.497961362493683,1122,1049,73,48
APP_7280,OFC_530,Gaya,Marriage Certificate,49,20.55583184795034,1770,1714,56,34
APP_7281,OFC_425,Dhanbad,Caste Certificate,28,47.83600305460703,1094,1060,34,53
APP_7282,OFC_855,Lunglei,Marriage Certificate,39,54.00082475617053,951,861,90,31
APP_7283,OFC_745,Darjeeling,Caste Certificate,37,17.641911355194274,4135,4108,27,56
APP_7284,OFC_562,Manali,Caste Certificate,14,30.45080415600413,263,180,83,39
APP_7285,OFC_711,Arrah,Caste Certificate,37,6.997679629669689,7432,7385,47,40
APP_7286,OFC_932,Ramgarh,Caste Certificate,14,7.12708065328748,4472,4448,24,59
APP_7287,OFC_528,Ratlam,Death Certificate,46,16.620952254606586,2277,2204,73,39
APP_7288,OFC_46,Hyderabad,Marriage Certificate,40,19.151568157242973,3510,3436,74,52
APP_7289,OFC_144,Tumkur,Income Certificate,13,48.201043761369455,408,322,86,55
APP_7290,OFC_195,Ghaziabad,Caste Certificate,47,44.45605508278479,1534,1510,24,33
APP_7291,OFC_178,Amini,Caste Certificate,17,43.82301963499939,536,447,89,52
APP_7292,OFC_392,Alwar,Domicile Certificate,15,10.086778268407082,3143,3056,87,41
APP_7293,OFC_530,Bardhaman,Domicile Certificate,19,26.33438700422521,208,191,17,40
APP_7294,OFC_735,New Delhi,Caste Certificate,32,48.32981856390538,319,244,75,44
APP_7295,OFC_482,Tirunelveli,Income Certificate,20,50.04754591638781,441,343,98,52
APP_7296,OFC_633,Bilaspur,Income Certificate,31,55.25040508538601,130,119,11,52
APP_7297,OFC_626,Haridwar,Birth Certificate,6,15.398828158359306,211,175,36,55
APP_7298,OFC_438,Central Delhi,Domicile Certificate,27,38.65123249660727,1079,1046,33,53
APP_7299,OFC_735,Baramulla,Birth Certificate,44,28.987512020995755,1295,1215,80,56
APP_7300,OFC_810,Margao,Death Certificate,34,37.48077376536478,1267,1228,39,36
APP_7301,OFC_993,Aizawl,Marriage Certificate,17,30.132548000527457,1034,960,74,47
APP_7302,OFC_837,Gangtok,Death Certificate,33,41.94907861496218,1594,1539,55,54
APP_7303,OFC_169,Mapusa,Domicile Certificate,18,52.9426475275688,406,326,80,39
APP_7304,OFC_26,Mohali,Death Certificate,42,14.84658083609701,5276,5191,85,57
APP_7305,OFC_52,Bathinda,Marriage Certificate,18,31.644336776249407,887,847,40,39
APP_7306,OFC_820,Jalandhar,Birth Certificate,42,35.16997462147655,378,370,8,39
APP_7307,OFC_472,Kashipur,Marriage Certificate,45,7.436173120504459,4065,4052,13,42
APP_7308,OFC_390,Vellore,Death Certificate,7,6.641614095995784,890,866,24,31
APP_7309,OFC_723,Siliguri,Income Certificate,38,20.003703370271857,2022,1944,78,40
APP_7310,OFC_892,Ajmer,Marriage Certificate,23,23.17822714028477,2696,2597,99,51
APP_7311,OFC_727,Minicoy,Domicile Certificate,40,19.162978420482936,1761,1758,3,31
APP_7312,OFC_17,Dharamshala,Caste Certificate,8,55.73410225220084,216,184,32,50
APP_7313,OFC_84,Varanasi,Birth Certificate,42,41.98242181091784,2648,2568,80,48
APP_7314,OFC_419,Bhilwara,Caste Certificate,38,30.512198782513497,1480,1452,28,33
APP_7315,OFC_156,Tuensang,Birth Certificate,46,57.85008471558975,1112,1041,71,46
APP_7316,OFC_722,Havelock,Birth Certificate,6,10.70284267284599,525,474,51,53
APP_7317,OFC_576,Diglipur,Income Certificate,34,37.948328444027055,1024,943,81,32
APP_7318,OFC_24,Anantnag,Death Certificate,10,32.346044649788524,193,164,29,46
APP_7319,OFC_347,Kolhapur,Income Certificate,47,11.27510430493911,1403,1374,29,36
APP_7320,OFC_675,Nanded,Income Certificate,42,7.346360628456177,1960,1923,37,34
APP_7321,OFC_20,Jaipur,Death Certificate,48,19.480165273901264,4904,4811,93,45
APP_7322,OFC_6,Purnia,Birth Certificate,21,42.99562694884531,851,841,10,44
APP_7323,OFC_235,Bhopal,Death Certificate,8,52.763709316497234,438,391,47,46
APP_7324,OFC_385,Bhavnagar,Marriage Certificate,32,47.27262672821749,524,521,3,52
APP_7325,OFC_809,Mahbubnagar,Birth Certificate,42,35.3642663556914,2224,2151,73,37
APP_7326,OFC_923,Darbhanga,Income Certificate,46,34.01746335994078,1250,1239,11,59
APP_7327,OFC_266,Thane,Death Certificate,43,45.64582429396874,1498,1405,93,52
APP_7328,OFC_154,Kolkata,Death Certificate,36,8.04549679038988,3785,3765,20,43
APP_7329,OFC_801,Leh,Marriage Certificate,6,52.75046312233896,82,63,19,57
APP_7330,OFC_262,Durgapur,Domicile Certificate,28,31.85228355058758,807,801,6,36
APP_7331,OFC_545,Chennai,Birth Certificate,28,52.73706127379558,1118,1093,25,50
APP_7332,OFC_58,Amritsar,Birth Certificate,11,23.294539896584265,1177,1103,74,44
APP_7333,OFC_71,Tiruchirapalli,Birth Certificate,15,25.11943532876019,404,375,29,33
APP_7334,OFC_848,Shimla,Marriage Certificate,10,11.371480068638151,202,106,96,44
APP_7335,OFC_524,Jamnagar,Marriage Certificate,19,14.998065102357383,2058,2044,14,37
APP_7336,OFC_14,Amravati,Income Certificate,11,47.83612350169638,483,417,66,53
APP_7337,OFC_864,Mumbai,Domicile Certificate,43,50.64936899638701,914,911,3,41
APP_7338,OFC_33,Nongpoh,Birth Certificate,46,59.32703920127592,1088,1034,54,55
APP_7339,OFC_150,Hazaribagh,Domicile Certificate,19,54.14262957970066,363,316,47,56
APP_7340,OFC_472,Thoothukudi,Income Certificate,17,51.25500263463415,219,132,87,56
APP_7341,OFC_987,North Delhi,Marriage Certificate,46,26.593857199287488,2241,2156,85,56
APP_7342,OFC_918,Shimoga,Marriage Certificate,44,44.39499663451872,1635,1597,38,58
APP_7343,OFC_362,Khammam,Birth Certificate,27,50.16845772491786,564,540,24,54
APP_7344,OFC_984,Naharlagun,Caste Certificate,32,50.31142217518584,957,896,61,39
APP_7345,OFC_951,Bikaner,Birth Certificate,45,32.023200860871746,3633,3617,16,56
APP_7346,OFC_174,Ranchi,Domicile Certificate,20,19.029181132085583,1390,1349,41,30
APP_7347,OFC_519,South Delhi,Marriage Certificate,44,13.516308257089928,779,686,93,43
APP_7348,OFC_441,Medinipur,Marriage Certificate,33,16.17498490795534,1708,1648,60,54
APP_7349,OFC_733,Port Blair,Income Certificate,9,12.5731350491658,634,598,36,50
APP_7350,OFC_929,Geyzing,Income Certificate,5,43.329346325380016,89,72,17,36
APP_7351,OFC_946,Tura,Income Certificate,15,52.11206839108312,181,158,23,36
APP_7352,OFC_796,Mandi,Caste Certificate,33,5.293367464740959,14771,14706,65,43
APP_7353,OFC_889,Pathankot,Domicile Certificate,25,32.83289313381316,616,586,30,31
APP_7354,OFC_389,Hubli,Caste Certificate,6,25.53993336503156,558,533,25,50
APP_7355,OFC_298,Dharmanagar,Death Certificate,12,28.563235062099544,975,932,43,58
APP_7356,OFC_261,Erode,Caste Certificate,40,36.84306831067723,902,831,71,52
APP_7357,OFC_496,Nainital,Birth Certificate,45,50.66696042683157,1127,1110,17,57
APP_7358,OFC_362,Anand,Marriage Certificate,19,5.914501842431225,422,353,69,42
APP_7359,OFC_992,Agatti,Domicile Certificate,32,14.273232948200418,1389,1299,90,47
APP_7360,OFC_539,Udaipur,Income Certificate,30,18.523343568797088,2452,2451,1,45
APP_7361,OFC_320,Meerut,Caste Certificate,5,33.719939048901715,128,128,0,38
APP_7362,OFC_871,Deoghar,Birth Certificate,38,20.926856583997782,3374,3336,38,57
APP_7363,OFC_204,Surat,Death Certificate,45,48.49954059609806,1176,1106,70,39
APP_7364,OFC_647,Kathua,Domicile Certificate,10,17.71874443967555,1039,1016,23,45
APP_7365,OFC_803,Gorakhpur,Domicile Certificate,29,20.21504144048977,2200,2122,78,52
APP_7366,OFC_44,Gandhinagar,Income Certificate,48,38.169642953033055,1260,1183,77,55
APP_7367,OFC_428,Belgaum,Caste Certificate,5,57.61731144344503,175,107,68,40
APP_7368,OFC_314,Jammu,Domicile Certificate,44,47.05311715044931,340,319,21,34
APP_7369,OFC_86,Davanagere,Birth Certificate,23,37.93559064119748,500,456,44,39
APP_7370,OFC_647,Asansol,Domicile Certificate,14,55.52442690274968,337,275,62,33
APP_7371,OFC_236,Mangalore,Birth Certificate,10,23.98890212541008,329,312,17,30
APP_7372,OFC_928,Jamshedpur,Income Certificate,49,36.26290945894402,2364,2349,15,51
APP_7373,OFC_190,Udhampur,Income Certificate,17,13.716850725084852,2643,2632,11,50
APP_7374,OFC_448,Roorkee,Death Certificate,43,26.362533454064405,2845,2784,61,36
APP_7375,OFC_383,Adilabad,Marriage Certificate,19,26.66615945527949,943,858,85,49
APP_7376,OFC_191,Guwahati,Birth Certificate,42,20.821942695740407,5045,5011,34,53
APP_7377,OFC_673,Pasighat,Caste Certificate,11,48.90878605047012,731,654,77,54
APP_7378,OFC_977,Aurangabad,Marriage Certificate,40,37.429421833245286,1969,1902,67,33
APP_7379,OFC_366,Panaji,Caste Certificate,47,34.75327257069338,1271,1249,22,45
APP_7380,OFC_202,Satna,Birth Certificate,19,50.02650916687771,429,386,43,49
APP_7381,OFC_760,Madurai,Domicile Certificate,48,22.15413433337493,3018,3012,6,37
APP_7382,OFC_767,Vasco da Gama,Income Certificate,14,21.25680951312975,696,599,97,51
APP_7383,OFC_72,Dimapur,Birth Certificate,30,29.06808735656451,1249,1194,55,40
APP_7384,OFC_900,Delhi,Income Certificate,32,33.49021136648661,1076,1048,28,59
APP_7385,OFC_632,Rudrapur,Caste Certificate,13,31.64276608782182,455,362,93,36
APP_7386,OFC_937,Indore,Domicile Certificate,16,49.02990198220907,265,180,85,30
APP_7387,OFC_206,Allahabad,Death Certificate,16,35.216034769474945,632,549,83,45
APP_7388,OFC_234,Haldwani,Caste Certificate,47,47.27548254934244,1192,1103,89,49
APP_7389,OFC_21,Patna,Death Certificate,46,11.308663264322451,2877,2791,86,38
APP_7390,OFC_703,Champhai,Domicile Certificate,16,17.8893121345747,2247,2236,11,59
APP_7391,OFC_305,Jorhat,Birth Certificate,19,39.37468175756528,1060,981,79,58
APP_7392,OFC_995,Itanagar,Domicile Certificate,40,58.59142714559761,738,731,7,33
APP_7393,OFC_944,Shillong,Birth Certificate,39,30.91844611010286,2121,2107,14,40
APP_7394,OFC_578,Solan,Death Certificate,37,46.29482357056066,938,911,27,53
APP_7395,OFC_341,Jowai,Income Certificate,5,30.528941694744496,186,98,88,53
APP_7396,OFC_625,Namchi,Income Certificate,41,45.77958352144629,875,799,76,40
APP_7397,OFC_466,Bishnupur,Birth Certificate,16,39.18408495471411,1168,1097,71,55
APP_7398,OFC_763,Rewa,Marriage Certificate,21,7.484453681957796,2074,2004,70,44
APP_7399,OFC_494,Agra,Marriage Certificate,42,7.892104815234175,7106,7048,58,38
APP_7400,OFC_140,Bangalore,Caste Certificate,22,7.08274770333504,8041,7966,75,58
APP_7401,OFC_967,Solapur,Birth Certificate,39,54.28337694805746,1151,1052,99,52
APP_7402,OFC_291,Silchar,Domicile Certificate,21,49.92301873486245,301,280,21,49
APP_7403,OFC_398,Nashik,Death Certificate,29,7.234924100813148,6572,6548,24,48
APP_7404,OFC_902,Mysore,Birth Certificate,13,42.81480264634993,219,167,52,35
APP_7405,OFC_767,Coimbatore,Caste Certificate,33,32.2451234215362,3186,3128,58,59
APP_7406,OFC_172,Katihar,Caste Certificate,24,26.96496952714512,680,680,0,38
APP_7407,OFC_731,Bareilly,Death Certificate,5,47.0208069976142,193,170,23,46
APP_7408,OFC_125,Jodhpur,Caste Certificate,15,38.620212068638615,917,873,44,55
APP_7409,OFC_780,Bokaro,Marriage Certificate,19,48.707410504038144,221,205,16,51
APP_7410,OFC_397,Jabalpur,Caste Certificate,33,57.2875505535531,409,407,2,35
APP_7411,OFC_838,East Delhi,Domicile Certificate,13,45.80298244546485,266,235,31,30
APP_7412,OFC_593,Karimnagar,Caste Certificate,43,33.058236519723124,1362,1297,65,41
APP_7413,OFC_972,Serchhip,Income Certificate,32,48.18593454275832,1380,1348,32,46
APP_7414,OFC_907,Rangareddy,Birth Certificate,20,59.98825412886682,515,444,71,50
APP_7415,OFC_517,Salem,Income Certificate,39,37.09454093093675,1446,1374,72,45
APP_7416,OFC_201,Kavaratti,Marriage Certificate,9,26.935728363287307,501,454,47,53
APP_7417,OFC_511,Dispur,Marriage Certificate,8,36.339011839953656,458,359,99,47
APP_7418,OFC_50,Thoubal,Birth Certificate,13,49.63556686409038,652,638,14,59
APP_7419,OFC_771,Chandigarh,Birth Certificate,24,18.787520633252463,2686,2609,77,40
APP_7420,OFC_505,Nagaon,Caste Certificate,24,27.11573837643992,1759,1702,57,54
APP_7421,OFC_777,Udaipur (Tripura),Caste Certificate,27,5.478840971782577,11962,11939,23,56
APP_7422,OFC_808,Warangal,Birth Certificate,12,21.11610469802264,520,508,12,30
APP_7423,OFC_510,Muzaffarpur,Death Certificate,6,24.539569056234072,160,140,20,44
APP_7424,OFC_776,Ujjain,Caste Certificate,10,12.962483417148771,1769,1727,42,55
APP_7425,OFC_395,Imphal,Caste Certificate,42,27.68863860403752,2730,2698,32,47
APP_7426,OFC_199,Patiala,Death Certificate,36,33.37627645246902,1091,1016,75,38
APP_7427,OFC_676,Gwalior,Caste Certificate,37,15.238219179259175,4057,4031,26,37
APP_7428,OFC_342,Nizamabad,Caste Certificate,21,34.443352292735085,816,790,26,41
APP_7429,OFC_353,Pune,Caste Certificate,5,28.34658182883907,212,197,15,41
APP_7430,OFC_636,Tawang,Caste Certificate,19,11.22676814821154,3511,3481,30,57
APP_7431,OFC_650,Kullu,Caste Certificate,44,29.547013798014877,1379,1290,89,37
APP_7432,OFC_284,Mayabunder,Domicile Certificate,46,12.16588541791462,2547,2497,50,47
APP_7433,OFC_506,Lucknow,Death Certificate,33,7.90972785472639,5800,5800,0,36
APP_7434,OFC_418,Tezpur,Birth Certificate,33,36.44536355306359,1724,1664,60,53
APP_7435,OFC_427,Junagadh,Caste Certificate,29,50.565039119958726,617,586,31,42
APP_7436,OFC_24,Sagar,Death Certificate,40,44.19604443481498,910,854,56,41
APP_7437,OFC_274,Nagpur,Death Certificate,24,29.011505088111612,2102,2029,73,58
APP_7438,OFC_190,Howrah,Birth Certificate,5,31.53580877006557,380,308,72,37
APP_7439,OFC_823,Srinagar,Caste Certificate,46,49.68282643521612,1095,1073,22,43
APP_7440,OFC_693,Malda,Death Certificate,23,17.190912538267057,817,803,14,41
APP_7441,OFC_78,Bhagalpur,Domicile Certificate,45,51.792571326321,698,669,29,46
APP_7442,OFC_623,Gulbarga,Marriage Certificate,27,23.96805128304513,1115,1018,97,44
APP_7443,OFC_675,Begusarai,Birth Certificate,28,26.51033156736257,1392,1316,76,40
APP_7444,OFC_288,Dibrugarh,Marriage Certificate,35,44.56442852937767,1857,1850,7,53
APP_7445,OFC_719,Mokokchung,Marriage Certificate,33,14.847169975264672,4237,4214,23,40
APP_7446,OFC_585,West Delhi,Death Certificate,33,27.40635574363691,2220,2211,9,38
APP_7447,OFC_903,Kota,Income Certificate,18,20.093102899927057,172,94,78,51
APP_7448,OFC_710,Vadodara,Birth Certificate,29,6.864384107099893,2412,2320,92,48
APP_7449,OFC_882,Rajkot,Marriage Certificate,18,26.11581949419189,821,805,16,41
APP_7450,OFC_455,Kailashahar,Death Certificate,37,28.25621750767254,2278,2257,21,35
APP_7451,OFC_958,Agartala,Domicile Certificate,22,22.3829058785757,1580,1492,88,32
APP_7452,OFC_762,Ludhiana,Birth Certificate,24,45.769291270760455,295,272,23,40
APP_7453,OFC_418,Giridih,Birth Certificate,19,29.20107829459041,597,587,10,44
APP_7454,OFC_995,Sikar,Marriage Certificate,26,35.998649178766286,1061,982,79,51
APP_7455,OFC_144,Kanpur,Income Certificate,5,42.97721662766088,245,201,44,33
APP_7456,OFC_105,Kohima,Caste Certificate,41,5.189032633746515,10608,10552,56,38
APP_7457,OFC_761,Ahmedabad,Income Certificate,12,7.6844874708366175,2530,2460,70,30
APP_7458,OFC_156,Mangan,Marriage Certificate,21,25.333240165551278,1366,1308,58,45
APP_7459,OFC_382,Dehradun,Income Certificate,8,44.45234375015538,458,444,14,48
APP_7460,OFC_192,Churachandpur,Birth Certificate,15,23.54653625335694,595,542,53,34
APP_7461,OFC_954,Gaya,Marriage Certificate,7,26.96930741780684,687,633,54,59
APP_7462,OFC_524,Dhanbad,Birth Certificate,8,19.287303100767865,852,818,34,59
APP_7463,OFC_973,Lunglei,Marriage Certificate,28,53.70647088319067,754,655,99,57
APP_7464,OFC_182,Darjeeling,Marriage Certificate,33,23.168975495878325,2329,2261,68,55
APP_7465,OFC_419,Manali,Death Certificate,9,14.614307822996508,1677,1618,59,59
APP_7466,OFC_737,Arrah,Marriage Certificate,43,18.17270084612982,2417,2403,14,39
APP_7467,OFC_849,Ramgarh,Death Certificate,45,38.79908605277499,1155,1120,35,30
APP_7468,OFC_163,Ratlam,Caste Certificate,33,9.61347961168879,944,934,10,36
APP_7469,OFC_507,Hyderabad,Domicile Certificate,29,53.96763679991904,226,185,41,35
APP_7470,OFC_267,Tumkur,Birth Certificate,28,34.73524195694786,755,700,55,37
APP_7471,OFC_134,Ghaziabad,Income Certificate,19,43.91009766353407,434,365,69,44
APP_7472,OFC_644,Amini,Domicile Certificate,11,17.089820400445316,1021,934,87,38
APP_7473,OFC_717,Alwar,Domicile Certificate,41,45.88132896525384,1482,1412,70,40
APP_7474,OFC_406,Bardhaman,Death Certificate,11,27.889171228230143,369,291,78,38
APP_7475,OFC_601,New Delhi,Caste Certificate,45,55.36621989481427,728,706,22,54
APP_7476,OFC_647,Tirunelveli,Domicile Certificate,38,40.88504831294106,1417,1344,73,37
APP_7477,OFC_576,Bilaspur,Death Certificate,24,32.891211554176074,582,582,0,32
APP_7478,OFC_94,Haridwar,Birth Certificate,25,32.460447260808714,1626,1625,1,41
APP_7479,OFC_381,Central Delhi,Death Certificate,27,10.215276524884777,2170,2094,76,35
APP_7480,OFC_312,Baramulla,Death Certificate,49,12.45293921641018,6906,6820,86,38
APP_7481,OFC_111,Margao,Death Certificate,46,52.51240842468974,824,774,50,30
APP_7482,OFC_824,Aizawl,Caste Certificate,16,6.855718382060456,907,899,8,37
APP_7483,OFC_134,Gangtok,Death Certificate,20,54.3703939899752,719,681,38,46
APP_7484,OFC_467,Mapusa,Caste Certificate,10,30.18216471849893,356,353,3,48
APP_7485,OFC_448,Mohali,Marriage Certificate,34,56.84486072699776,344,326,18,40
APP_7486,OFC_808,Bathinda,Caste Certificate,34,6.931070304063098,4174,4130,44,42
APP_7487,OFC_774,Jalandhar,Domicile Certificate,31,40.18689446110447,1536,1502,34,51
APP_7488,OFC_385,Kashipur,Marriage Certificate,46,12.432384056853063,1997,1963,34,54
APP_7489,OFC_605,Vellore,Marriage Certificate,24,8.661575174990174,6755,6699,56,56
APP_7490,OFC_615,Siliguri,Domicile Certificate,26,55.14091536695356,306,273,33,34
APP_7491,OFC_711,Ajmer,Domicile Certificate,37,24.76285542765134,1562,1515,47,30
APP_7492,OFC_731,Minicoy,Domicile Certificate,44,7.237057331520839,12801,12775,26,42
APP_7493,OFC_546,Dharamshala,Birth Certificate,43,6.8570906368725,11124,11074,50,54
APP_7494,OFC_364,Varanasi,Income Certificate,36,44.04064153300375,451,383,68,38
APP_7495,OFC_188,Bhilwara,Income Certificate,12,50.90775467825943,503,405,98,43
APP_7496,OFC_147,Tuensang,Marriage Certificate,40,23.769243477801105,919,833,86,39
APP_7497,OFC_507,Havelock,Caste Certificate,21,15.420527248335068,506,449,57,33
APP_7498,OFC_562,Diglipur,Caste Certificate,6,33.811993672675534,208,111,97,40
APP_7499,OFC_113,Anantnag,Marriage Certificate,10,45.483713172586654,134,48,86,41
APP_7500,OFC_491,Kolhapur,Income Certificate,43,57.0877321637588,468,440,28,31
APP_7501,OFC_42,Nanded,Domicile Certificate,48,46.84104127667212,1395,1315,80,37
APP_7502,OFC_349,Jaipur,Birth Certificate,7,20.46792726802483,624,538,86,52
APP_7503,OFC_776,Purnia,Death Certificate,47,9.490985274477715,3894,3878,16,42
APP_7504,OFC_141,Bhopal,Caste Certificate,32,30.15097485056675,2153,2113,40,43
APP_7505,OFC_660,Bhavnagar,Marriage Certificate,25,7.264049812570885,2718,2625,93,54
APP_7506,OFC_31,Mahbubnagar,Income Certificate,36,22.655494394105283,1328,1300,28,58
APP_7507,OFC_537,Darbhanga,Domicile Certificate,45,43.95863485764571,2861,2803,58,53
APP_7508,OFC_365,Thane,Caste Certificate,41,16.226517567111674,1098,1003,95,43
APP_7509,OFC_780,Kolkata,Birth Certificate,49,16.142051255381986,2851,2782,69,33
APP_7510,OFC_109,Leh,Death Certificate,43,19.858518854509462,3025,2968,57,34
APP_7511,OFC_109,Durgapur,Death Certificate,12,31.5196094030824,1106,1036,70,58
APP_7512,OFC_823,Chennai,Death Certificate,22,18.022110602065894,1566,1559,7,56
APP_7513,OFC_947,Amritsar,Domicile Certificate,12,54.79955406464642,181,113,68,43
APP_7514,OFC_651,Tiruchirapalli,Death Certificate,41,11.391081540923045,3831,3796,35,33
APP_7515,OFC_549,Shimla,Income Certificate,40,50.64275563760792,1567,1523,44,46
APP_7516,OFC_136,Jamnagar,Birth Certificate,28,17.32760735992626,2721,2622,99,52
APP_7517,OFC_491,Amravati,Caste Certificate,16,7.956978271242853,798,724,74,34
APP_7518,OFC_880,Mumbai,Marriage Certificate,26,32.83270662651206,1775,1742,33,52
APP_7519,OFC_992,Nongpoh,Income Certificate,23,49.85396254299728,785,690,95,47
APP_7520,OFC_466,Hazaribagh,Domicile Certificate,29,13.803027032964282,639,587,52,48
APP_7521,OFC_860,Thoothukudi,Income Certificate,12,56.279343035202544,362,357,5,43
APP_7522,OFC_828,North Delhi,Marriage Certificate,24,31.53502609468347,761,757,4,32
APP_7523,OFC_733,Shimoga,Income Certificate,25,59.03376924133183,410,364,46,33
APP_7524,OFC_324,Khammam,Death Certificate,18,15.614508872013827,3208,3186,22,54
APP_7525,OFC_650,Naharlagun,Marriage Certificate,48,27.46837545153176,1253,1188,65,36
APP_7526,OFC_642,Bikaner,Birth Certificate,21,22.63963020930881,1238,1222,16,34
APP_7527,OFC_87,Ranchi,Income Certificate,35,31.6638218405845,470,401,69,30
APP_7528,OFC_884,South Delhi,Birth Certificate,10,56.73138418547799,128,113,15,49
APP_7529,OFC_790,Medinipur,Domicile Certificate,19,55.45409616052238,540,534,6,51
APP_7530,OFC_91,Port Blair,Domicile Certificate,17,34.823694209205385,280,280,0,38
APP_7531,OFC_274,Geyzing,Birth Certificate,8,58.91271475999664,289,217,72,34
APP_7532,OFC_590,Tura,Death Certificate,6,16.75805441768827,777,712,65,48
APP_7533,OFC_86,Mandi,Domicile Certificate,40,5.085928073908267,7102,7092,10,33
APP_7534,OFC_43,Pathankot,Birth Certificate,10,12.347102572353643,747,723,24,47
APP_7535,OFC_112,Hubli,Income Certificate,40,45.15469412555812,1439,1363,76,41
APP_7536,OFC_595,Dharmanagar,Caste Certificate,14,8.785372242824579,1539,1474,65,54
APP_7537,OFC_569,Erode,Caste Certificate,37,6.014250953241381,1473,1384,89,57
APP_7538,OFC_701,Nainital,Income Certificate,11,54.69154277654965,74,30,44,39
APP_7539,OFC_374,Anand,Caste Certificate,11,12.706909171185972,1395,1309,86,41
APP_7540,OFC_675,Agatti,Marriage Certificate,12,27.048897902378943,1256,1161,95,52
APP_7541,OFC_413,Udaipur,Income Certificate,35,35.001516099031875,1069,1060,9,36
APP_7542,OFC_97,Meerut,Birth Certificate,41,46.25315895481959,1133,1049,84,31
APP_7543,OFC_761,Deoghar,Birth Certificate,14,46.760790005095934,542,480,62,38
APP_7544,OFC_876,Surat,Death Certificate,19,30.23165496919712,1015,927,88,39
APP_7545,OFC_762,Kathua,Marriage Certificate,27,18.11793895606757,259,248,11,38
APP_7546,OFC_739,Gorakhpur,Caste Certificate,20,51.94383264390445,436,390,46,59
APP_7547,OFC_677,Gandhinagar,Income Certificate,37,39.84537250451376,839,830,9,56
APP_7548,OFC_527,Belgaum,Income Certificate,46,29.736294920269007,1593,1527,66,30
APP_7549,OFC_99,Jammu,Marriage Certificate,31,14.656309599272412,2097,2010,87,42
APP_7550,OFC_109,Davanagere,Birth Certificate,40,12.577654122054064,6822,6726,96,55
APP_7551,OFC_674,Asansol,Income Certificate,18,36.74868974850025,941,879,62,46
APP_7552,OFC_511,Mangalore,Caste Certificate,46,31.231951330738845,1547,1508,39,57
APP_7553,OFC_908,Jamshedpur,Income Certificate,11,23.620126384495773,105,97,8,34
APP_7554,OFC_96,Udhampur,Death Certificate,18,20.08330795401649,555,549,6,58
APP_7555,OFC_217,Roorkee,Marriage Certificate,10,11.84675864256122,1673,1654,19,57
APP_7556,OFC_925,Adilabad,Income Certificate,11,25.26549802032115,433,351,82,34
APP_7557,OFC_142,Guwahati,Death Certificate,25,56.88060777316056,523,461,62,46
APP_7558,OFC_256,Pasighat,Marriage Certificate,34,22.63200744155988,2848,2759,89,41
APP_7559,OFC_763,Aurangabad,Income Certificate,29,42.98611134031769,649,595,54,43
APP_7560,OFC_155,Panaji,Income Certificate,30,15.412410165986866,3658,3631,27,51
APP_7561,OFC_216,Satna,Domicile Certificate,39,57.38102938899878,519,435,84,30
APP_7562,OFC_822,Madurai,Marriage Certificate,37,18.97996175651741,3706,3632,74,55
APP_7563,OFC_348,Vasco da Gama,Income Certificate,7,27.611733704179063,394,318,76,53
APP_7564,OFC_286,Dimapur,Birth Certificate,12,15.47617093073435,1633,1546,87,50
APP_7565,OFC_886,Delhi,Caste Certificate,27,28.970887353309863,1338,1262,76,56
APP_7566,OFC_567,Rudrapur,Caste Certificate,13,15.69868091027049,2090,2064,26,59
APP_7567,OFC_313,Indore,Domicile Certificate,13,6.244220840869324,1607,1562,45,37
APP_7568,OFC_82,Allahabad,Birth Certificate,38,39.20359929736117,1786,1696,90,48
APP_7569,OFC_37,Haldwani,Caste Certificate,44,7.139464529655428,6894,6846,48,54
APP_7570,OFC_612,Patna,Marriage Certificate,14,44.01992212455515,291,229,62,37
APP_7571,OFC_614,Champhai,Death Certificate,47,22.521912681639375,1641,1600,41,41
APP_7572,OFC_122,Jorhat,Income Certificate,25,13.981271310340723,3962,3882,80,50
APP_7573,OFC_62,Itanagar,Domicile Certificate,8,42.82279487324705,441,407,34,47
APP_7574,OFC_20,Shillong,Caste Certificate,32,57.37382622848909,638,623,15,35
APP_7575,OFC_940,Solan,Domicile Certificate,27,50.357445034446926,1027,937,90,53
APP_7576,OFC_505,Jowai,Death Certificate,11,5.235878651687318,3686,3610,76,40
APP_7577,OFC_112,Namchi,Marriage Certificate,34,55.0109411134087,904,850,54,55
APP_7578,OFC_873,Bishnupur,Income Certificate,19,42.1757687613631,1001,938,63,58
APP_7579,OFC_919,Rewa,Caste Certificate,11,9.531827789327632,327,240,87,32
APP_7580,OFC_322,Agra,Caste Certificate,6,30.3440407760258,238,144,94,40
APP_7581,OFC_265,Bangalore,Marriage Certificate,28,34.32766715598897,734,659,75,39
APP_7582,OFC_617,Solapur,Death Certificate,25,22.86222629874052,2059,2049,10,44
APP_7583,OFC_316,Silchar,Death Certificate,28,28.97631865141575,1422,1370,52,32
APP_7584,OFC_462,Nashik,Death Certificate,21,30.691239322611057,1265,1242,23,58
APP_7585,OFC_370,Mysore,Marriage Certificate,31,18.987189675884785,1324,1303,21,41
APP_7586,OFC_19,Coimbatore,Marriage Certificate,18,46.50821069509789,193,184,9,44
APP_7587,OFC_446,Katihar,Caste Certificate,12,18.590341763810784,220,173,47,52
APP_7588,OFC_864,Bareilly,Income Certificate,12,34.26116835320222,202,182,20,51
APP_7589,OFC_318,Jodhpur,Death Certificate,47,22.890830228208472,2157,2105,52,33
APP_7590,OFC_70,Bokaro,Marriage Certificate,8,30.77410693959485,325,269,56,31
APP_7591,OFC_930,Jabalpur,Income Certificate,29,6.809321999380022,3852,3817,35,30
APP_7592,OFC_658,East Delhi,Birth Certificate,19,28.192854186378543,914,885,29,38
APP_7593,OFC_681,Karimnagar,Birth Certificate,33,35.987012728682615,1890,1853,37,42
APP_7594,OFC_803,Serchhip,Marriage Certificate,24,35.16652846258006,1904,1860,44,54
APP_7595,OFC_897,Rangareddy,Death Certificate,13,46.481261860200746,543,474,69,43
APP_7596,OFC_236,Salem,Caste Certificate,15,27.14809359034597,1162,1137,25,56
APP_7597,OFC_280,Kavaratti,Domicile Certificate,17,37.64342759020916,256,158,98,46
APP_7598,OFC_355,Dispur,Marriage Certificate,32,43.76168506687193,127,49,78,49
APP_7599,OFC_735,Thoubal,Domicile Certificate,34,18.316784859335502,3637,3573,64,35
APP_7600,OFC_213,Chandigarh,Birth Certificate,41,5.621519530377591,17225,17212,13,46
APP_7601,OFC_468,Nagaon,Caste Certificate,7,27.797099947885496,634,548,86,41
APP_7602,OFC_126,Udaipur (Tripura),Death Certificate,8,31.4339229071672,347,306,41,55
APP_7603,OFC_337,Warangal,Death Certificate,25,51.6679459454626,888,877,11,56
APP_7604,OFC_563,Muzaffarpur,Death Certificate,43,52.6169920678655,1507,1449,58,43
APP_7605,OFC_156,Ujjain,Income Certificate,34,55.83063542150633,932,871,61,42
APP_7606,OFC_963,Imphal,Death Certificate,23,49.11871964422247,467,383,84,38
APP_7607,OFC_704,Patiala,Marriage Certificate,45,28.024320828722992,1207,1170,37,34
APP_7608,OFC_782,Gwalior,Death Certificate,12,49.42827768939417,216,136,80,30
APP_7609,OFC_3,Nizamabad,Domicile Certificate,19,44.292285325104935,811,718,93,34
APP_7610,OFC_209,Pune,Income Certificate,18,23.514683425184607,564,549,15,40
APP_7611,OFC_909,Tawang,Income Certificate,22,10.578454907070068,1207,1161,46,38
APP_7612,OFC_763,Kullu,Death Certificate,13,22.44209603215838,367,294,73,34
APP_7613,OFC_229,Mayabunder,Income Certificate,49,44.73697160347302,3093,3027,66,53
APP_7614,OFC_455,Lucknow,Birth Certificate,8,14.60322420949522,602,577,25,34
APP_7615,OFC_165,Tezpur,Marriage Certificate,47,12.234048132026569,2721,2690,31,45
APP_7616,OFC_382,Junagadh,Death Certificate,9,13.703840233588515,692,674,18,56
APP_7617,OFC_748,Sagar,Domicile Certificate,33,38.74350026001636,552,495,57,35
APP_7618,OFC_171,Nagpur,Domicile Certificate,15,43.019772456458206,914,818,96,45
APP_7619,OFC_46,Howrah,Birth Certificate,42,11.433724000300634,4788,4771,17,52
APP_7620,OFC_962,Srinagar,Caste Certificate,21,37.81809968406825,950,917,33,58
APP_7621,OFC_793,Malda,Birth Certificate,30,35.41426990614586,865,769,96,50
APP_7622,OFC_631,Bhagalpur,Death Certificate,18,26.42880977343543,1090,1058,32,38
APP_7623,OFC_430,Gulbarga,Domicile Certificate,35,7.43499104588032,5685,5621,64,53
APP_7624,OFC_485,Begusarai,Caste Certificate,43,27.007491742450373,3861,3798,63,44
APP_7625,OFC_188,Dibrugarh,Domicile Certificate,43,53.89926797796573,680,615,65,48
APP_7626,OFC_351,Mokokchung,Marriage Certificate,38,15.771353398174393,5881,5817,64,57
APP_7627,OFC_307,West Delhi,Death Certificate,9,41.2913539058681,405,370,35,42
APP_7628,OFC_780,Kota,Birth Certificate,16,57.33280273359823,568,541,27,51
APP_7629,OFC_858,Vadodara,Income Certificate,17,24.23029344946924,324,269,55,42
APP_7630,OFC_291,Rajkot,Caste Certificate,44,49.24441718180045,2048,1949,99,47
APP_7631,OFC_559,Kailashahar,Death Certificate,49,33.18243122501492,2651,2614,37,55
APP_7632,OFC_641,Agartala,Caste Certificate,48,23.68413682461126,2290,2275,15,45
APP_7633,OFC_921,Ludhiana,Marriage Certificate,18,16.317447718074995,1431,1422,9,34
APP_7634,OFC_266,Giridih,Income Certificate,26,37.14497213419597,493,470,23,38
APP_7635,OFC_961,Sikar,Caste Certificate,12,21.309416952184986,392,382,10,44
APP_7636,OFC_203,Kanpur,Birth Certificate,38,25.23159737467533,632,552,80,32
APP_7637,OFC_889,Kohima,Death Certificate,18,17.509026066729643,502,411,91,37
APP_7638,OFC_829,Ahmedabad,Caste Certificate,46,28.81971032457912,798,764,34,31
APP_7639,OFC_680,Mangan,Marriage Certificate,30,53.68611582307874,837,836,1,42
APP_7640,OFC_934,Dehradun,Marriage Certificate,8,27.77703909827823,379,313,66,46
APP_7641,OFC_44,Churachandpur,Caste Certificate,8,21.94243859148381,693,629,64,33
APP_7642,OFC_620,Gaya,Caste Certificate,7,44.71754481214616,407,310,97,59
APP_7643,OFC_65,Dhanbad,Marriage Certificate,23,17.577031727993788,1765,1710,55,39
APP_7644,OFC_310,Lunglei,Marriage Certificate,33,14.477833305997294,2251,2172,79,54
APP_7645,OFC_91,Darjeeling,Birth Certificate,6,10.52244946715829,668,584,84,37
APP_7646,OFC_861,Manali,Death Certificate,34,10.04069386851177,3668,3631,37,30
APP_7647,OFC_209,Arrah,Birth Certificate,39,6.346651096881404,4725,4649,76,50
APP_7648,OFC_580,Ramgarh,Income Certificate,49,14.03795276729959,1578,1506,72,37
APP_7649,OFC_876,Ratlam,Birth Certificate,36,55.41111365620224,1579,1492,87,54
APP_7650,OFC_243,Hyderabad,Birth Certificate,21,46.653625312293,670,606,64,45
APP_7651,OFC_26,Tumkur,Marriage Certificate,24,14.451274399052602,3534,3440,94,42
APP_7652,OFC_24,Ghaziabad,Domicile Certificate,21,21.29531941510348,1374,1339,35,40
APP_7653,OFC_983,Amini,Income Certificate,43,29.503677125500506,1893,1857,36,40
APP_7654,OFC_281,Alwar,Birth Certificate,8,58.00649181275232,207,143,64,37
APP_7655,OFC_126,Bardhaman,Caste Certificate,30,34.920543865427135,961,868,93,37
APP_7656,OFC_660,New Delhi,Death Certificate,33,34.37470730631824,1822,1752,70,59
APP_7657,OFC_846,Tirunelveli,Death Certificate,40,13.659798612549736,409,362,47,43
APP_7658,OFC_189,Bilaspur,Birth Certificate,7,52.29181390466628,203,146,57,47
APP_7659,OFC_799,Haridwar,Death Certificate,31,49.11435680458836,756,730,26,52
APP_7660,OFC_763,Central Delhi,Income Certificate,49,22.17938511128172,473,448,25,42
APP_7661,OFC_630,Baramulla,Marriage Certificate,47,51.18459641382622,1410,1405,5,55
APP_7662,OFC_318,Margao,Marriage Certificate,6,9.308908284513194,280,276,4,30
APP_7663,OFC_246,Aizawl,Marriage Certificate,36,45.583635240590446,1006,946,60,42
APP_7664,OFC_544,Gangtok,Death Certificate,34,56.2607145202132,1446,1389,57,53
APP_7665,OFC_325,Mapusa,Marriage Certificate,11,41.56907039788962,224,188,36,59
APP_7666,OFC_522,Mohali,Birth Certificate,41,53.686737168044544,822,772,50,56
APP_7667,OFC_224,Bathinda,Caste Certificate,49,16.191014433549505,4895,4885,10,44
APP_7668,OFC_182,Jalandhar,Birth Certificate,15,24.895843925615168,488,412,76,59
APP_7669,OFC_378,Kashipur,Death Certificate,30,8.373768976194016,8194,8123,71,47
APP_7670,OFC_863,Vellore,Death Certificate,15,15.693108590132535,1633,1577,56,58
APP_7671,OFC_433,Siliguri,Death Certificate,33,50.78261321012759,1096,1003,93,48
APP_7672,OFC_596,Ajmer,Death Certificate,35,8.727730017141276,4254,4201,53,48
APP_7673,OFC_240,Minicoy,Marriage Certificate,12,49.79319338000835,292,203,89,34
APP_7674,OFC_97,Dharamshala,Domicile Certificate,42,56.50328148861023,1050,1008,42,39
APP_7675,OFC_93,Varanasi,Birth Certificate,29,14.915798357352042,787,750,37,37
APP_7676,OFC_230,Bhilwara,Birth Certificate,17,6.0751807192660525,4006,3919,87,31
APP_7677,OFC_135,Tuensang,Death Certificate,48,51.725127926859486,721,661,60,38
APP_7678,OFC_726,Havelock,Marriage Certificate,27,5.94976248827359,2827,2787,40,36
APP_7679,OFC_839,Diglipur,Marriage Certificate,40,47.5268066306119,1369,1341,28,47
APP_7680,OFC_223,Anantnag,Marriage Certificate,5,53.719449138920346,261,207,54,43
APP_7681,OFC_886,Kolhapur,Domicile Certificate,18,31.98393427292258,723,672,51,32
APP_7682,OFC_110,Nanded,Birth Certificate,7,40.33377503754243,388,354,34,57
APP_7683,OFC_548,Jaipur,Death Certificate,23,27.14603341681764,966,940,26,43
APP_7684,OFC_951,Purnia,Income Certificate,40,30.95671151525531,787,699,88,46
APP_7685,OFC_336,Bhopal,Caste Certificate,27,50.76335319746147,314,278,36,45
APP_7686,OFC_47,Bhavnagar,Income Certificate,7,26.793240031676145,640,592,48,59
APP_7687,OFC_394,Mahbubnagar,Birth Certificate,36,13.843091920510938,7248,7203,45,53
APP_7688,OFC_892,Darbhanga,Caste Certificate,48,44.805174519835305,1490,1434,56,43
APP_7689,OFC_248,Thane,Marriage Certificate,9,29.9209936667682,354,302,52,35
APP_7690,OFC_942,Kolkata,Domicile Certificate,36,26.98681148462599,1599,1534,65,59
APP_7691,OFC_608,Leh,Birth Certificate,34,9.134545522454848,11820,11781,39,59
APP_7692,OFC_1,Durgapur,Birth Certificate,18,16.18224043505612,1875,1862,13,42
APP_7693,OFC_854,Chennai,Income Certificate,37,51.90978197868789,1252,1160,92,34
APP_7694,OFC_617,Amritsar,Income Certificate,16,34.79781733800229,472,463,9,37
APP_7695,OFC_121,Tiruchirapalli,Marriage Certificate,11,28.393777649925187,483,444,39,37
APP_7696,OFC_426,Shimla,Birth Certificate,37,49.71418110514483,2389,2365,24,55
APP_7697,OFC_684,Jamnagar,Death Certificate,38,44.10825138337559,1595,1498,97,58
APP_7698,OFC_532,Amravati,Domicile Certificate,37,35.50468832708048,1618,1535,83,31
APP_7699,OFC_339,Mumbai,Income Certificate,32,57.74794924606762,738,656,82,47
APP_7700,OFC_363,Nongpoh,Domicile Certificate,30,46.38669859208507,1014,958,56,34
APP_7701,OFC_123,Hazaribagh,Death Certificate,32,13.225573730998455,2323,2238,85,55
APP_7702,OFC_937,Thoothukudi,Domicile Certificate,49,33.743480621778644,949,851,98,35
APP_7703,OFC_897,North Delhi,Caste Certificate,21,33.917328447450586,1298,1242,56,55
APP_7704,OFC_644,Shimoga,Death Certificate,43,24.72849658112033,910,863,47,49
APP_7705,OFC_24,Khammam,Marriage Certificate,14,31.199734072460085,766,717,49,34
APP_7706,OFC_129,Naharlagun,Income Certificate,11,19.273065102832582,356,312,44,32
APP_7707,OFC_153,Bikaner,Domicile Certificate,43,41.373734676102536,1600,1597,3,59
APP_7708,OFC_913,Ranchi,Caste Certificate,26,56.068305195461306,1105,1057,48,46
APP_7709,OFC_411,South Delhi,Domicile Certificate,27,49.81968363796614,742,729,13,56
APP_7710,OFC_25,Medinipur,Domicile Certificate,44,50.812783327467486,2347,2347,0,49
APP_7711,OFC_133,Port Blair,Marriage Certificate,26,40.91884088434957,679,640,39,38
APP_7712,OFC_115,Geyzing,Caste Certificate,16,30.60854465411372,181,166,15,38
APP_7713,OFC_6,Tura,Caste Certificate,44,43.37525204771918,1221,1200,21,57
APP_7714,OFC_640,Mandi,Birth Certificate,21,7.337761454752775,6310,6238,72,51
APP_7715,OFC_324,Pathankot,Death Certificate,23,52.70569173958166,1018,998,20,58
APP_7716,OFC_685,Hubli,Death Certificate,31,10.119032588993887,867,836,31,34
APP_7717,OFC_437,Dharmanagar,Birth Certificate,27,53.47731969408129,277,192,85,41
APP_7718,OFC_43,Erode,Birth Certificate,11,33.93224560016629,409,318,91,31
APP_7719,OFC_655,Nainital,Death Certificate,15,43.54873019122407,427,355,72,38
APP_7720,OFC_127,Anand,Caste Certificate,20,43.84738223043372,810,723,87,47
APP_7721,OFC_673,Agatti,Income Certificate,34,46.78499958708191,945,888,57,40
APP_7722,OFC_977,Udaipur,Domicile Certificate,46,17.02812973980491,4255,4164,91,55
APP_7723,OFC_534,Meerut,Income Certificate,23,46.00921178727517,566,470,96,39
APP_7724,OFC_474,Deoghar,Caste Certificate,40,51.667674350598496,1036,993,43,32
APP_7725,OFC_677,Surat,Birth Certificate,5,48.181521934040575,276,189,87,34
APP_7726,OFC_211,Kathua,Marriage Certificate,22,36.04626696539921,843,803,40,54
APP_7727,OFC_99,Gorakhpur,Income Certificate,21,42.685637241734,745,656,89,48
APP_7728,OFC_908,Gandhinagar,Income Certificate,35,44.2473445101956,1355,1260,95,37
APP_7729,OFC_29,Belgaum,Caste Certificate,45,12.131639861142816,5121,5069,52,55
APP_7730,OFC_422,Jammu,Income Certificate,10,31.86935248496713,247,149,98,52
APP_7731,OFC_79,Davanagere,Marriage Certificate,23,30.77039729194148,1225,1128,97,57
APP_7732,OFC_361,Asansol,Birth Certificate,39,27.382827328545822,2250,2158,92,47
APP_7733,OFC_916,Mangalore,Domicile Certificate,22,32.42255868512832,1671,1612,59,56
APP_7734,OFC_902,Jamshedpur,Income Certificate,44,16.64438137132233,4085,4057,28,44
APP_7735,OFC_789,Udhampur,Caste Certificate,13,43.19096397347092,537,499,38,59
APP_7736,OFC_994,Roorkee,Death Certificate,21,22.06905738737403,2536,2522,14,52
APP_7737,OFC_941,Adilabad,Domicile Certificate,46,27.06668171009428,1858,1794,64,59
APP_7738,OFC_166,Guwahati,Income Certificate,38,24.16619550579377,2761,2663,98,38
APP_7739,OFC_873,Pasighat,Caste Certificate,35,42.12768831506632,906,871,35,33
APP_7740,OFC_282,Aurangabad,Birth Certificate,37,46.76693374286348,810,761,49,37
APP_7741,OFC_181,Panaji,Caste Certificate,16,37.427772963523,985,891,94,56
APP_7742,OFC_232,Satna,Death Certificate,49,22.578353832296333,5757,5685,72,59
APP_7743,OFC_257,Madurai,Birth Certificate,12,12.96936360122194,1226,1192,34,43
APP_7744,OFC_846,Vasco da Gama,Death Certificate,42,42.904531264043385,1970,1905,65,39
APP_7745,OFC_232,Dimapur,Caste Certificate,42,43.38067284119233,1484,1406,78,41
APP_7746,OFC_168,Delhi,Domicile Certificate,30,16.749007241910277,4370,4319,51,46
APP_7747,OFC_713,Rudrapur,Domicile Certificate,18,55.38317609230824,922,862,60,55
APP_7748,OFC_74,Indore,Domicile Certificate,27,45.4307049178048,541,501,40,30
APP_7749,OFC_776,Allahabad,Birth Certificate,24,5.29719200947227,7040,6988,52,53
APP_7750,OFC_241,Haldwani,Birth Certificate,36,23.49562685556589,1784,1690,94,33
APP_7751,OFC_688,Patna,Death Certificate,43,45.529629233916985,743,721,22,31
APP_7752,OFC_167,Champhai,Marriage Certificate,9,37.10667803774705,411,348,63,42
APP_7753,OFC_84,Jorhat,Domicile Certificate,26,21.867695940599813,791,719,72,45
APP_7754,OFC_618,Itanagar,Death Certificate,32,41.045629565516336,763,694,69,50
APP_7755,OFC_276,Shillong,Caste Certificate,48,41.12902414500397,1091,1008,83,40
APP_7756,OFC_470,Solan,Marriage Certificate,45,7.89682658647252,14066,14021,45,58
APP_7757,OFC_835,Jowai,Income Certificate,43,41.76487717130736,2614,2519,95,50
APP_7758,OFC_261,Namchi,Domicile Certificate,30,23.827047612906128,1502,1501,1,38
APP_7759,OFC_239,Bishnupur,Caste Certificate,22,56.804820135687855,861,803,58,55
APP_7760,OFC_890,Rewa,Income Certificate,12,29.04307607680844,517,517,0,31
APP_7761,OFC_638,Agra,Caste Certificate,47,24.72548514411131,3031,2989,42,39
APP_7762,OFC_728,Bangalore,Caste Certificate,29,30.99015340737182,1195,1167,28,42
APP_7763,OFC_891,Solapur,Domicile Certificate,30,26.53922891227741,569,482,87,32
APP_7764,OFC_948,Silchar,Birth Certificate,19,33.72758555681469,419,357,62,39
APP_7765,OFC_618,Nashik,Death Certificate,47,31.31882010294528,1374,1326,48,56
APP_7766,OFC_797,Mysore,Domicile Certificate,29,19.75543529849732,1158,1122,36,50
APP_7767,OFC_86,Coimbatore,Birth Certificate,33,50.09701949715934,884,876,8,42
APP_7768,OFC_990,Katihar,Domicile Certificate,39,22.47966279802321,782,732,50,48
APP_7769,OFC_708,Bareilly,Death Certificate,16,32.74341572542146,495,485,10,32
APP_7770,OFC_448,Jodhpur,Domicile Certificate,49,7.624406917481608,9975,9973,2,35
APP_7771,OFC_622,Bokaro,Income Certificate,37,55.57181868552537,1347,1267,80,35
APP_7772,OFC_339,Jabalpur,Marriage Certificate,35,9.24683342019187,2594,2594,0,47
APP_7773,OFC_3,East Delhi,Caste Certificate,16,42.54156837575151,312,272,40,55
APP_7774,OFC_102,Karimnagar,Domicile Certificate,30,6.564249360838405,10276,10182,94,49
APP_7775,OFC_825,Serchhip,Caste Certificate,26,17.543518634069933,841,768,73,58
APP_7776,OFC_47,Rangareddy,Caste Certificate,25,18.242894728453685,1951,1907,44,56
APP_7777,OFC_717,Salem,Income Certificate,19,44.93010143845513,575,484,91,32
APP_7778,OFC_122,Kavaratti,Caste Certificate,27,37.48965247138969,1895,1861,34,55
APP_7779,OFC_833,Dispur,Income Certificate,45,11.161632851934629,8948,8908,40,51
APP_7780,OFC_40,Thoubal,Income Certificate,39,21.56687986556826,3436,3339,97,56
APP_7781,OFC_861,Chandigarh,Income Certificate,15,30.5898888837313,1343,1316,27,53
APP_7782,OFC_921,Nagaon,Marriage Certificate,30,37.109944743815575,169,81,88,33
APP_7783,OFC_36,Udaipur (Tripura),Death Certificate,10,11.46724336057846,1912,1829,83,49
APP_7784,OFC_816,Warangal,Income Certificate,27,24.25756879273237,1043,988,55,31
APP_7785,OFC_166,Muzaffarpur,Marriage Certificate,18,55.768685854561696,372,350,22,54
APP_7786,OFC_203,Ujjain,Death Certificate,38,41.61067724301363,1827,1768,59,57
APP_7787,OFC_947,Imphal,Marriage Certificate,29,50.52735585423559,812,748,64,54
APP_7788,OFC_305,Patiala,Caste Certificate,26,19.298133104569885,1433,1411,22,43
APP_7789,OFC_520,Gwalior,Marriage Certificate,20,6.092950541659989,7826,7801,25,56
APP_7790,OFC_380,Nizamabad,Death Certificate,47,50.45316995325963,874,835,39,36
APP_7791,OFC_373,Pune,Death Certificate,49,35.76483023421409,1109,1036,73,36
APP_7792,OFC_242,Tawang,Birth Certificate,29,53.67864293322201,938,919,19,47
APP_7793,OFC_892,Kullu,Marriage Certificate,12,43.61877956373602,742,673,69,57
APP_7794,OFC_405,Mayabunder,Birth Certificate,43,45.75907240184335,1973,1920,53,44
APP_7795,OFC_516,Lucknow,Death Certificate,24,49.53774890399878,420,339,81,40
APP_7796,OFC_556,Tezpur,Income Certificate,37,33.95136465750451,2143,2134,9,40
APP_7797,OFC_380,Junagadh,Death Certificate,29,59.90704760167969,79,37,42,31
APP_7798,OFC_498,Sagar,Death Certificate,31,41.56269517320318,445,361,84,33
APP_7799,OFC_450,Nagpur,Death Certificate,25,22.24703870210143,426,369,57,41
APP_7800,OFC_21,Howrah,Death Certificate,30,44.788123336108754,1028,947,81,48
APP_7801,OFC_289,Srinagar,Death Certificate,23,36.92589671621055,425,348,77,46
APP_7802,OFC_273,Malda,Income Certificate,28,19.79760258806648,2496,2456,40,38
APP_7803,OFC_290,Bhagalpur,Income Certificate,31,44.013629788480166,315,259,56,50
APP_7804,OFC_74,Gulbarga,Income Certificate,5,54.467997758943945,161,66,95,51
APP_7805,OFC_8,Begusarai,Birth Certificate,8,38.479221783603975,477,439,38,58
APP_7806,OFC_754,Dibrugarh,Domicile Certificate,24,23.653742260606887,920,900,20,31
APP_7807,OFC_832,Mokokchung,Domicile Certificate,31,45.10893954275474,1102,1005,97,30
APP_7808,OFC_408,West Delhi,Death Certificate,14,15.77599504090268,943,852,91,54
APP_7809,OFC_412,Kota,Caste Certificate,10,27.0818455627427,907,841,66,56
APP_7810,OFC_579,Vadodara,Caste Certificate,23,51.67382506667542,504,431,73,48
APP_7811,OFC_118,Rajkot,Caste Certificate,18,41.49517158143761,863,766,97,45
APP_7812,OFC_599,Kailashahar,Death Certificate,34,49.68670186929473,1362,1271,91,58
APP_7813,OFC_110,Agartala,Caste Certificate,44,45.21095371756617,1265,1196,69,52
APP_7814,OFC_173,Ludhiana,Birth Certificate,37,58.16764659705696,221,192,29,48
APP_7815,OFC_806,Giridih,Income Certificate,15,39.61432999551448,469,381,88,43
APP_7816,OFC_608,Sikar,Domicile Certificate,38,28.871192630281925,2426,2408,18,51
APP_7817,OFC_674,Kanpur,Birth Certificate,30,43.400481701877936,1587,1532,55,42
APP_7818,OFC_428,Kohima,Domicile Certificate,46,36.18011588167194,1768,1706,62,34
APP_7819,OFC_26,Ahmedabad,Death Certificate,24,33.98904215943749,1085,1057,28,50
APP_7820,OFC_163,Mangan,Birth Certificate,20,5.971104786871787,3528,3517,11,44
APP_7821,OFC_447,Dehradun,Domicile Certificate,30,10.85087846455,4990,4927,63,45
APP_7822,OFC_489,Churachandpur,Income Certificate,20,16.23875831265019,2276,2274,2,48
APP_7823,OFC_13,Gaya,Caste Certificate,28,31.74792231550865,725,692,33,47
APP_7824,OFC_79,Dhanbad,Caste Certificate,31,37.20364318074967,1259,1173,86,52
APP_7825,OFC_191,Lunglei,Domicile Certificate,24,54.28859332719365,1034,947,87,57
APP_7826,OFC_616,Darjeeling,Birth Certificate,25,21.367193442726453,1973,1929,44,36
APP_7827,OFC_783,Manali,Birth Certificate,42,36.714905347537325,1844,1774,70,41
APP_7828,OFC_404,Arrah,Birth Certificate,32,26.45539243280122,1377,1283,94,31
APP_7829,OFC_940,Ramgarh,Income Certificate,29,28.21137483743626,1803,1718,85,58
APP_7830,OFC_685,Ratlam,Marriage Certificate,41,15.712658696355131,3178,3152,26,38
APP_7831,OFC_202,Hyderabad,Birth Certificate,39,10.684819303666831,5850,5763,87,41
APP_7832,OFC_345,Tumkur,Domicile Certificate,18,12.892196844004957,2919,2867,52,47
APP_7833,OFC_221,Ghaziabad,Marriage Certificate,40,52.08650951503509,1188,1164,24,34
APP_7834,OFC_249,Amini,Income Certificate,23,54.53926503267604,851,838,13,37
APP_7835,OFC_114,Alwar,Birth Certificate,23,30.88450493817409,1662,1646,16,47
APP_7836,OFC_779,Bardhaman,Income Certificate,22,25.16968798156664,937,840,97,34
APP_7837,OFC_982,New Delhi,Birth Certificate,42,39.7048397108117,786,781,5,37
APP_7838,OFC_535,Tirunelveli,Domicile Certificate,13,36.200187986276106,371,311,60,51
APP_7839,OFC_374,Bilaspur,Income Certificate,28,57.25254694351325,301,266,35,56
APP_7840,OFC_435,Haridwar,Income Certificate,8,58.86701294815592,229,152,77,43
APP_7841,OFC_153,Central Delhi,Birth Certificate,45,28.00323906871676,45,35,10,59
APP_7842,OFC_948,Baramulla,Death Certificate,34,37.50128878253925,1690,1660,30,44
APP_7843,OFC_545,Margao,Income Certificate,46,27.22569296127709,1726,1660,66,52
APP_7844,OFC_663,Aizawl,Domicile Certificate,12,50.169205397821,453,365,88,50
APP_7845,OFC_361,Gangtok,Domicile Certificate,38,42.148156988694325,1054,1007,47,36
APP_7846,OFC_218,Mapusa,Income Certificate,7,45.93363935843367,195,194,1,47
APP_7847,OFC_116,Mohali,Birth Certificate,40,53.58576577233999,1157,1076,81,59
APP_7848,OFC_322,Bathinda,Birth Certificate,44,47.80544233040535,2199,2168,31,49
APP_7849,OFC_204,Jalandhar,Caste Certificate,12,48.44674295787792,661,591,70,55
APP_7850,OFC_369,Kashipur,Income Certificate,44,28.684034302468984,1187,1185,2,50
APP_7851,OFC_764,Vellore,Marriage Certificate,14,16.68885749655139,1079,1028,51,36
APP_7852,OFC_854,Siliguri,Marriage Certificate,38,58.03016618583674,1406,1404,2,51
APP_7853,OFC_211,Ajmer,Income Certificate,23,33.93572069895991,1895,1851,44,59
APP_7854,OFC_720,Minicoy,Income Certificate,42,56.235648217510295,1267,1234,33,50
APP_7855,OFC_638,Dharamshala,Income Certificate,32,19.5945187338474,2742,2683,59,40
APP_7856,OFC_266,Varanasi,Birth Certificate,15,7.704588725654541,2371,2353,18,48
APP_7857,OFC_688,Bhilwara,Domicile Certificate,12,50.859227635791854,526,430,96,53
APP_7858,OFC_925,Tuensang,Marriage Certificate,41,51.95986254928832,403,314,89,38
APP_7859,OFC_129,Havelock,Income Certificate,13,56.37170938395502,329,262,67,30
APP_7860,OFC_80,Diglipur,Caste Certificate,48,58.20602146364555,540,457,83,49
APP_7861,OFC_138,Anantnag,Income Certificate,15,37.22759682387908,275,238,37,40
APP_7862,OFC_213,Kolhapur,Marriage Certificate,35,23.488455027827616,2797,2782,15,58
APP_7863,OFC_781,Nanded,Domicile Certificate,24,7.981198383389534,3370,3329,41,34
APP_7864,OFC_324,Jaipur,Birth Certificate,30,36.24226726918269,397,327,70,30
APP_7865,OFC_570,Purnia,Death Certificate,28,29.141479583702694,1021,1005,16,59
APP_7866,OFC_936,Bhopal,Caste Certificate,38,30.229407157936144,907,826,81,33
APP_7867,OFC_199,Bhavnagar,Marriage Certificate,17,18.82760798183492,676,609,67,31
APP_7868,OFC_571,Mahbubnagar,Domicile Certificate,13,13.602593375900172,1774,1689,85,51
APP_7869,OFC_715,Darbhanga,Caste Certificate,17,35.36490493797568,302,272,30,44
APP_7870,OFC_955,Thane,Death Certificate,5,33.3346349951439,226,215,11,55
APP_7871,OFC_10,Kolkata,Income Certificate,5,17.93030496279833,213,135,78,47
APP_7872,OFC_683,Leh,Death Certificate,49,35.79297406529153,1906,1866,40,54
APP_7873,OFC_225,Durgapur,Income Certificate,22,15.680953852337716,517,467,50,38
APP_7874,OFC_188,Chennai,Death Certificate,40,30.354359042577396,2807,2763,44,46
APP_7875,OFC_999,Amritsar,Birth Certificate,35,8.787389100271517,8195,8112,83,55
APP_7876,OFC_917,Tiruchirapalli,Domicile Certificate,48,51.38450290341501,1877,1794,83,36
APP_7877,OFC_197,Shimla,Domicile Certificate,15,58.30193091321728,639,561,78,37
APP_7878,OFC_717,Jamnagar,Birth Certificate,28,32.53609495183436,354,318,36,33
APP_7879,OFC_267,Amravati,Marriage Certificate,6,50.7699007695657,241,180,61,48
APP_7880,OFC_335,Mumbai,Death Certificate,40,50.046135426338,1785,1696,89,54
APP_7881,OFC_340,Nongpoh,Income Certificate,32,6.633614631078262,11986,11937,49,55
APP_7882,OFC_193,Hazaribagh,Birth Certificate,29,14.715354575962072,2649,2631,18,37
APP_7883,OFC_423,Thoothukudi,Caste Certificate,18,30.969515384564705,364,309,55,34
APP_7884,OFC_612,North Delhi,Income Certificate,32,7.400620442848968,7287,7217,70,52
APP_7885,OFC_430,Shimoga,Birth Certificate,21,23.30042032989633,315,257,58,31
APP_7886,OFC_524,Khammam,Birth Certificate,32,18.356854525306403,1476,1431,45,42
APP_7887,OFC_797,Naharlagun,Birth Certificate,44,25.788998265307416,2360,2282,78,34
APP_7888,OFC_689,Bikaner,Domicile Certificate,45,30.105623781269177,529,516,13,41
APP_7889,OFC_590,Ranchi,Income Certificate,24,20.58650789855566,1003,904,99,46
APP_7890,OFC_595,South Delhi,Birth Certificate,34,25.03844747031817,1475,1424,51,40
APP_7891,OFC_177,Medinipur,Domicile Certificate,7,11.33443569063997,678,586,92,37
APP_7892,OFC_621,Port Blair,Caste Certificate,39,34.50056039643205,1435,1423,12,52
APP_7893,OFC_639,Geyzing,Domicile Certificate,42,9.46330939109034,4665,4616,49,33
APP_7894,OFC_271,Tura,Birth Certificate,37,50.52980417948908,943,899,44,32
APP_7895,OFC_867,Mandi,Death Certificate,32,22.330389907886417,1096,1007,89,44
APP_7896,OFC_260,Pathankot,Domicile Certificate,41,22.79091218587753,4938,4845,93,48
APP_7897,OFC_357,Hubli,Caste Certificate,38,13.770677268720103,2242,2168,74,36
APP_7898,OFC_986,Dharmanagar,Caste Certificate,29,30.3659179169618,3135,3091,44,58
APP_7899,OFC_515,Erode,Income Certificate,25,31.95938801151474,478,446,32,46
APP_7900,OFC_610,Nainital,Death Certificate,42,45.76558018263408,1932,1872,60,49
APP_7901,OFC_720,Anand,Domicile Certificate,13,29.3590412734028,430,387,43,41
APP_7902,OFC_240,Agatti,Birth Certificate,12,37.28544530578462,91,83,8,54
APP_7903,OFC_160,Udaipur,Marriage Certificate,31,5.103047638914573,3751,3750,1,30
APP_7904,OFC_302,Meerut,Caste Certificate,10,24.47225259913563,245,210,35,41
APP_7905,OFC_812,Deoghar,Death Certificate,20,9.588450514719876,2074,1981,93,46
APP_7906,OFC_635,Surat,Caste Certificate,9,23.07504974427553,441,362,79,46
APP_7907,OFC_248,Kathua,Caste Certificate,18,23.681427301300356,792,725,67,46
APP_7908,OFC_993,Gorakhpur,Income Certificate,17,43.50957641057865,457,423,34,58
APP_7909,OFC_747,Gandhinagar,Marriage Certificate,46,17.800112240502457,4350,4267,83,46
APP_7910,OFC_480,Belgaum,Income Certificate,34,19.753327637166947,604,516,88,48
APP_7911,OFC_25,Jammu,Caste Certificate,41,32.02983469246094,2096,1998,98,55
APP_7912,OFC_835,Davanagere,Domicile Certificate,9,48.927737336097856,225,137,88,42
APP_7913,OFC_610,Asansol,Birth Certificate,33,56.64092645437022,743,655,88,37
APP_7914,OFC_834,Mangalore,Death Certificate,24,44.58302088999162,835,802,33,56
APP_7915,OFC_363,Jamshedpur,Income Certificate,7,24.76405892147252,427,330,97,31
APP_7916,OFC_836,Udhampur,Birth Certificate,21,29.401547272890785,824,752,72,36
APP_7917,OFC_802,Roorkee,Caste Certificate,18,31.64397775646748,661,606,55,34
APP_7918,OFC_321,Adilabad,Caste Certificate,44,21.23270220764168,2948,2865,83,42
APP_7919,OFC_980,Guwahati,Income Certificate,27,21.69314347951328,2986,2941,45,44
APP_7920,OFC_836,Pasighat,Birth Certificate,34,45.07488608397864,2328,2255,73,59
APP_7921,OFC_170,Aurangabad,Domicile Certificate,20,32.705961022014804,1491,1398,93,57
APP_7922,OFC_651,Panaji,Income Certificate,8,59.895284048522456,152,120,32,57
APP_7923,OFC_72,Satna,Death Certificate,20,35.41010845300826,1228,1163,65,49
APP_7924,OFC_498,Madurai,Death Certificate,30,23.456134940979357,2217,2178,39,48
APP_7925,OFC_686,Vasco da Gama,Birth Certificate,13,28.940250007478006,811,762,49,52
APP_7926,OFC_576,Dimapur,Death Certificate,17,45.60477205885901,211,193,18,57
APP_7927,OFC_720,Delhi,Caste Certificate,13,47.897786542674666,173,81,92,59
APP_7928,OFC_50,Rudrapur,Death Certificate,7,24.612646914181116,595,499,96,34
APP_7929,OFC_602,Indore,Marriage Certificate,5,50.76583726879106,311,226,85,45
APP_7930,OFC_63,Allahabad,Income Certificate,19,41.89921355353485,339,279,60,34
APP_7931,OFC_241,Haldwani,Domicile Certificate,48,44.63170482798954,1908,1850,58,53
APP_7932,OFC_120,Patna,Birth Certificate,45,7.946063025892409,5892,5828,64,48
APP_7933,OFC_84,Champhai,Marriage Certificate,46,43.596930124962455,2574,2574,0,44
APP_7934,OFC_831,Jorhat,Marriage Certificate,14,13.945621475064463,882,882,0,37
APP_7935,OFC_210,Itanagar,Domicile Certificate,43,21.000563187570663,2464,2436,28,44
APP_7936,OFC_476,Shillong,Caste Certificate,25,34.59341827425369,870,815,55,40
APP_7937,OFC_518,Solan,Income Certificate,35,10.017960235722631,2060,2023,37,34
APP_7938,OFC_310,Jowai,Marriage Certificate,5,9.71323542406274,818,763,55,46
APP_7939,OFC_599,Namchi,Domicile Certificate,38,57.091419966941615,569,532,37,38
APP_7940,OFC_372,Bishnupur,Income Certificate,16,6.848738830655875,4471,4398,73,37
APP_7941,OFC_315,Rewa,Marriage Certificate,33,20.828679068287045,3109,3091,18,58
APP_7942,OFC_704,Agra,Marriage Certificate,15,14.89846822268084,1077,1022,55,40
APP_7943,OFC_664,Bangalore,Income Certificate,48,17.518813842770975,3785,3690,95,41
APP_7944,OFC_496,Solapur,Death Certificate,43,27.813004574751403,1314,1281,33,44
APP_7945,OFC_319,Silchar,Birth Certificate,45,13.047392768932358,10455,10357,98,58
APP_7946,OFC_789,Nashik,Income Certificate,8,19.16704295790476,824,817,7,55
APP_7947,OFC_497,Mysore,Domicile Certificate,38,17.93546279880602,1156,1059,97,38
APP_7948,OFC_439,Coimbatore,Marriage Certificate,38,51.08459924925776,1923,1837,86,45
APP_7949,OFC_23,Katihar,Marriage Certificate,29,51.305134989305785,1502,1467,35,47
APP_7950,OFC_975,Bareilly,Income Certificate,19,40.30892831948233,207,111,96,43
APP_7951,OFC_728,Jodhpur,Marriage Certificate,43,39.077116682392976,2609,2583,26,52
APP_7952,OFC_355,Bokaro,Income Certificate,42,24.75635668112063,2569,2475,94,58
APP_7953,OFC_160,Jabalpur,Birth Certificate,26,54.83502534235036,540,453,87,58
APP_7954,OFC_375,East Delhi,Marriage Certificate,10,10.79485306625056,850,813,37,37
APP_7955,OFC_986,Karimnagar,Birth Certificate,20,23.81644550015432,1036,1030,6,43
APP_7956,OFC_64,Serchhip,Death Certificate,49,11.052395343847872,9042,9023,19,52
APP_7957,OFC_182,Rangareddy,Income Certificate,15,16.46302624906842,837,803,34,34
APP_7958,OFC_141,Salem,Caste Certificate,30,41.541273186144814,610,513,97,42
APP_7959,OFC_220,Kavaratti,Income Certificate,31,43.77142482366565,997,929,68,32
APP_7960,OFC_271,Dispur,Death Certificate,31,15.865090379981254,1658,1615,43,31
APP_7961,OFC_462,Thoubal,Death Certificate,41,41.27173323202091,1358,1358,0,48
APP_7962,OFC_702,Chandigarh,Marriage Certificate,11,9.564733141287386,2549,2549,0,56
APP_7963,OFC_621,Nagaon,Domicile Certificate,30,26.04043194728901,1704,1611,93,33
APP_7964,OFC_145,Udaipur (Tripura),Birth Certificate,43,30.368623578527927,1435,1422,13,44
APP_7965,OFC_645,Warangal,Caste Certificate,41,38.99102017727207,812,801,11,53
APP_7966,OFC_271,Muzaffarpur,Domicile Certificate,37,27.128309956213013,2560,2473,87,45
APP_7967,OFC_140,Ujjain,Income Certificate,49,48.088249547995424,1053,974,79,38
APP_7968,OFC_683,Imphal,Marriage Certificate,21,11.633427634972168,858,828,30,39
APP_7969,OFC_89,Patiala,Birth Certificate,32,5.076353283035024,7604,7529,75,58
APP_7970,OFC_719,Gwalior,Birth Certificate,43,28.80336379037721,4482,4448,34,58
APP_7971,OFC_815,Nizamabad,Domicile Certificate,28,19.54033552605696,508,499,9,39
APP_7972,OFC_957,Pune,Income Certificate,6,24.583554279399927,245,210,35,30
APP_7973,OFC_575,Tawang,Marriage Certificate,26,28.54527056819754,746,651,95,48
APP_7974,OFC_633,Kullu,Birth Certificate,21,40.27393574090404,137,134,3,30
APP_7975,OFC_116,Mayabunder,Income Certificate,43,25.48887154028241,1368,1358,10,57
APP_7976,OFC_252,Lucknow,Marriage Certificate,5,22.10788847253857,115,86,29,40
APP_7977,OFC_407,Tezpur,Income Certificate,31,48.13137600586276,1301,1231,70,53
APP_7978,OFC_547,Junagadh,Income Certificate,34,13.692050511781858,3080,3003,77,47
APP_7979,OFC_283,Sagar,Death Certificate,25,12.466995919849492,3692,3669,23,57
APP_7980,OFC_904,Nagpur,Death Certificate,32,34.569075043941595,454,418,36,48
APP_7981,OFC_863,Howrah,Marriage Certificate,10,28.52073090713785,229,184,45,37
APP_7982,OFC_845,Srinagar,Income Certificate,33,49.67925285618816,1163,1109,54,54
APP_7983,OFC_202,Malda,Death Certificate,38,16.496421606475828,1483,1438,45,48
APP_7984,OFC_229,Bhagalpur,Birth Certificate,27,28.824788809662756,478,395,83,31
APP_7985,OFC_359,Gulbarga,Birth Certificate,14,12.832964894161329,1042,950,92,34
APP_7986,OFC_813,Begusarai,Marriage Certificate,47,45.44879097489445,1451,1401,50,36
APP_7987,OFC_427,Dibrugarh,Domicile Certificate,10,8.649350053939509,2409,2369,40,55
APP_7988,OFC_27,Mokokchung,Caste Certificate,20,11.033318199865697,3083,3066,17,51
APP_7989,OFC_769,West Delhi,Death Certificate,20,8.557869219236695,2207,2109,98,37
APP_7990,OFC_537,Kota,Death Certificate,12,19.195780761543453,363,352,11,34
APP_7991,OFC_91,Vadodara,Caste Certificate,37,41.68208495811356,1011,996,15,52
APP_7992,OFC_304,Rajkot,Income Certificate,9,55.857575481362026,76,49,27,51
APP_7993,OFC_822,Kailashahar,Income Certificate,36,45.05121087428253,2479,2426,53,52
APP_7994,OFC_615,Agartala,Marriage Certificate,45,25.296772254956565,258,249,9,35
APP_7995,OFC_594,Ludhiana,Income Certificate,30,12.272310400305289,4250,4192,58,52
APP_7996,OFC_314,Giridih,Marriage Certificate,33,16.79048743988684,3806,3800,6,50
APP_7997,OFC_218,Sikar,Marriage Certificate,22,35.82852184272895,1424,1406,18,42
APP_7998,OFC_583,Kanpur,Caste Certificate,46,12.224643561956729,11601,11522,79,55
APP_7999,OFC_484,Kohima,Death Certificate,41,29.71796509804436,2048,1993,55,30
APP_8000,OFC_969,Ahmedabad,Caste Certificate,24,34.63319055958819,390,309,81,32
APP_8001,OFC_994,Mangan,Death Certificate,16,16.063492419956447,2466,2465,1,58
APP_8002,OFC_135,Dehradun,Domicile Certificate,25,46.775057639225096,1415,1402,13,54
APP_8003,OFC_10,Churachandpur,Caste Certificate,21,59.81872420786024,179,107,72,52
APP_8004,OFC_214,Gaya,Birth Certificate,17,57.91683383618059,201,133,68,48
APP_8005,OFC_98,Dhanbad,Caste Certificate,46,20.35187385523726,2027,2013,14,41
APP_8006,OFC_355,Lunglei,Birth Certificate,6,16.014441339731697,447,386,61,50
APP_8007,OFC_241,Darjeeling,Death Certificate,46,41.07050517854432,296,290,6,49
APP_8008,OFC_267,Manali,Birth Certificate,10,44.35417156000198,739,641,98,56
APP_8009,OFC_996,Arrah,Income Certificate,23,32.146542021357654,1354,1277,77,44
APP_8010,OFC_552,Ramgarh,Caste Certificate,10,29.54119139949128,462,387,75,35
APP_8011,OFC_573,Ratlam,Death Certificate,26,40.26108472546169,1168,1090,78,48
APP_8012,OFC_624,Hyderabad,Marriage Certificate,25,25.144980387443194,875,833,42,59
APP_8013,OFC_924,Tumkur,Domicile Certificate,11,7.110702131869006,2106,2023,83,57
APP_8014,OFC_327,Ghaziabad,Income Certificate,6,9.29412033530425,380,291,89,41
APP_8015,OFC_88,Amini,Birth Certificate,6,30.606926242745573,616,571,45,53
APP_8016,OFC_963,Alwar,Birth Certificate,11,54.21558112623983,450,435,15,59
APP_8017,OFC_698,Bardhaman,Domicile Certificate,14,22.071112528483816,484,470,14,35
APP_8018,OFC_938,New Delhi,Domicile Certificate,24,49.8158371931261,745,670,75,38
APP_8019,OFC_61,Tirunelveli,Death Certificate,37,20.82519312911865,2353,2279,74,53
APP_8020,OFC_852,Bilaspur,Marriage Certificate,6,9.165440084751252,1496,1474,22,44
APP_8021,OFC_723,Haridwar,Birth Certificate,15,21.757601329267636,1199,1128,71,53
APP_8022,OFC_28,Central Delhi,Income Certificate,48,5.701299599002977,4220,4206,14,37
APP_8023,OFC_500,Baramulla,Income Certificate,40,49.70587151844158,1317,1275,42,37
APP_8024,OFC_15,Margao,Income Certificate,32,23.4951787428407,1371,1301,70,52
APP_8025,OFC_761,Aizawl,Marriage Certificate,34,15.3493055924117,1620,1530,90,47
APP_8026,OFC_276,Gangtok,Marriage Certificate,48,28.014851924432453,4191,4190,1,56
APP_8027,OFC_652,Mapusa,Income Certificate,17,26.358666537052,1258,1241,17,43
APP_8028,OFC_478,Mohali,Death Certificate,8,42.27134578940413,618,553,65,58
APP_8029,OFC_446,Bathinda,Marriage Certificate,30,31.144882637936316,1192,1141,51,39
APP_8030,OFC_532,Jalandhar,Death Certificate,17,10.84626715105157,2272,2259,13,33
APP_8031,OFC_197,Kashipur,Birth Certificate,6,7.0046700422463815,382,294,88,42
APP_8032,OFC_53,Vellore,Marriage Certificate,35,56.88792125932228,662,602,60,47
APP_8033,OFC_566,Siliguri,Domicile Certificate,31,8.917145022517209,1826,1783,43,43
APP_8034,OFC_872,Ajmer,Marriage Certificate,41,15.173051726501898,7429,7346,83,57
APP_8035,OFC_750,Minicoy,Domicile Certificate,49,29.597135851904184,2987,2895,92,45
APP_8036,OFC_417,Dharamshala,Domicile Certificate,47,32.647606947675776,1255,1244,11,46
APP_8037,OFC_439,Varanasi,Income Certificate,16,40.160502563972,332,278,54,58
APP_8038,OFC_616,Bhilwara,Income Certificate,18,35.42832114604357,60,60,0,44
APP_8039,OFC_793,Tuensang,Marriage Certificate,12,32.553244527843546,821,812,9,44
APP_8040,OFC_162,Havelock,Income Certificate,17,31.52785047601915,665,655,10,40
APP_8041,OFC_988,Diglipur,Marriage Certificate,11,13.439076257884777,570,568,2,40
APP_8042,OFC_826,Anantnag,Birth Certificate,46,37.74958520959261,2798,2781,17,47
APP_8043,OFC_736,Kolhapur,Marriage Certificate,18,24.66319955956652,1162,1088,74,58
APP_8044,OFC_224,Nanded,Caste Certificate,15,12.329297638870196,340,321,19,39
APP_8045,OFC_657,Jaipur,Income Certificate,49,26.121742601381943,3643,3559,84,46
APP_8046,OFC_771,Purnia,Caste Certificate,35,19.968258799512974,1341,1286,55,36
APP_8047,OFC_289,Bhopal,Domicile Certificate,33,16.47461684404331,521,475,46,56
APP_8048,OFC_40,Bhavnagar,Domicile Certificate,9,37.05087972378697,319,286,33,54
APP_8049,OFC_484,Mahbubnagar,Birth Certificate,16,13.700481726688018,2234,2145,89,36
APP_8050,OFC_158,Darbhanga,Domicile Certificate,6,24.278574104346884,596,570,26,45
APP_8051,OFC_176,Thane,Income Certificate,41,58.63947128195622,1167,1111,56,40
APP_8052,OFC_834,Kolkata,Caste Certificate,38,6.43766196014386,11688,11676,12,41
APP_8053,OFC_16,Leh,Death Certificate,5,9.360565718622803,266,214,52,45
APP_8054,OFC_997,Durgapur,Death Certificate,17,5.051818133571464,3366,3362,4,30
APP_8055,OFC_365,Chennai,Death Certificate,8,42.12649273477834,265,168,97,33
APP_8056,OFC_736,Amritsar,Caste Certificate,34,26.859811350188423,697,612,85,32
APP_8057,OFC_972,Tiruchirapalli,Death Certificate,44,6.307869051144781,7649,7583,66,31
APP_8058,OFC_902,Shimla,Death Certificate,14,57.59640701974642,490,431,59,52
APP_8059,OFC_580,Jamnagar,Domicile Certificate,40,38.96527403519737,1903,1854,49,54
APP_8060,OFC_775,Amravati,Death Certificate,46,48.91928688213432,1656,1608,48,38
APP_8061,OFC_477,Mumbai,Caste Certificate,23,53.929611946339726,655,622,33,32
APP_8062,OFC_681,Nongpoh,Income Certificate,29,58.07539226805048,765,736,29,53
APP_8063,OFC_246,Hazaribagh,Caste Certificate,11,8.745971753862229,3558,3491,67,52
APP_8064,OFC_510,Thoothukudi,Birth Certificate,29,11.802031109166755,3663,3600,63,33
APP_8065,OFC_926,North Delhi,Domicile Certificate,33,40.78696618772474,1372,1338,34,32
APP_8066,OFC_571,Shimoga,Birth Certificate,25,23.408181973830786,934,889,45,40
APP_8067,OFC_446,Khammam,Death Certificate,31,28.28177686705808,1459,1396,63,43
APP_8068,OFC_434,Naharlagun,Income Certificate,12,11.43683401002471,1468,1456,12,37
APP_8069,OFC_894,Bikaner,Income Certificate,8,29.128217752739275,328,322,6,38
APP_8070,OFC_808,Ranchi,Income Certificate,25,15.889455603505864,1233,1231,2,51
APP_8071,OFC_474,South Delhi,Income Certificate,5,36.06499594747138,108,105,3,36
APP_8072,OFC_89,Medinipur,Marriage Certificate,27,36.48368991403847,1002,943,59,45
APP_8073,OFC_425,Port Blair,Marriage Certificate,13,18.460944211158058,959,862,97,55
APP_8074,OFC_9,Geyzing,Income Certificate,29,58.04481621461528,1228,1131,97,54
APP_8075,OFC_752,Tura,Death Certificate,6,33.62684550735993,319,279,40,36
APP_8076,OFC_221,Mandi,Birth Certificate,21,16.958698700064684,2204,2152,52,32
APP_8077,OFC_787,Pathankot,Death Certificate,10,35.93478951678986,261,244,17,46
APP_8078,OFC_762,Hubli,Marriage Certificate,22,10.16714449623951,647,643,4,32
APP_8079,OFC_128,Dharmanagar,Caste Certificate,49,57.66662200136511,2318,2304,14,58
APP_8080,OFC_772,Erode,Birth Certificate,18,26.24367489781117,951,920,31,52
APP_8081,OFC_638,Nainital,Domicile Certificate,5,13.959512908510492,252,249,3,42
APP_8082,OFC_187,Anand,Domicile Certificate,42,11.404127634292028,8457,8371,86,53
APP_8083,OFC_100,Agatti,Income Certificate,17,36.750973151459874,935,885,50,56
APP_8084,OFC_901,Udaipur,Domicile Certificate,21,5.848828697576253,1456,1386,70,45
APP_8085,OFC_195,Meerut,Caste Certificate,20,59.10039710576695,566,504,62,43
APP_8086,OFC_775,Deoghar,Death Certificate,17,41.31269340294016,929,840,89,43
APP_8087,OFC_259,Surat,Death Certificate,36,11.907252163462868,4786,4762,24,50
APP_8088,OFC_483,Kathua,Income Certificate,48,45.88844057970623,1068,1021,47,43
APP_8089,OFC_826,Gorakhpur,Marriage Certificate,42,59.513797698317326,420,351,69,53
APP_8090,OFC_62,Gandhinagar,Domicile Certificate,40,34.67211671447511,1954,1952,2,47
APP_8091,OFC_727,Belgaum,Marriage Certificate,29,49.599157391571936,591,554,37,53
APP_8092,OFC_49,Jammu,Marriage Certificate,20,38.25292118312442,1048,1045,3,47
APP_8093,OFC_54,Davanagere,Death Certificate,30,18.79199089899633,3523,3491,32,59
APP_8094,OFC_249,Asansol,Death Certificate,30,32.72694889860895,1017,932,85,38
APP_8095,OFC_225,Mangalore,Income Certificate,10,23.732965141020173,231,187,44,43
APP_8096,OFC_752,Jamshedpur,Birth Certificate,18,48.096655219711785,710,633,77,56
APP_8097,OFC_362,Udhampur,Birth Certificate,34,18.33634369670011,2586,2540,46,47
APP_8098,OFC_194,Roorkee,Birth Certificate,32,22.868686910026184,3599,3538,61,49
APP_8099,OFC_738,Adilabad,Birth Certificate,21,51.42884281274775,200,116,84,33
APP_8100,OFC_323,Guwahati,Birth Certificate,11,9.996254075804142,1255,1190,65,40
APP_8101,OFC_735,Pasighat,Domicile Certificate,41,46.3702387810476,900,807,93,35
APP_8102,OFC_944,Aurangabad,Income Certificate,27,56.14984630506228,1200,1138,62,57
APP_8103,OFC_102,Panaji,Income Certificate,26,43.85837920163862,1018,998,20,36
APP_8104,OFC_770,Satna,Death Certificate,22,55.28648805542759,559,535,24,43
APP_8105,OFC_215,Madurai,Death Certificate,21,59.11469227228668,414,401,13,34
APP_8106,OFC_532,Vasco da Gama,Marriage Certificate,27,45.54533915515984,1045,978,67,41
APP_8107,OFC_645,Dimapur,Death Certificate,43,36.64315734941912,3016,2923,93,59
APP_8108,OFC_813,Delhi,Domicile Certificate,16,44.57287957356285,427,373,54,46
APP_8109,OFC_16,Rudrapur,Birth Certificate,44,59.54177068210506,1514,1452,62,49
APP_8110,OFC_269,Indore,Caste Certificate,46,53.977123345840745,776,752,24,39
APP_8111,OFC_830,Allahabad,Domicile Certificate,49,42.07275510789301,2213,2199,14,56
APP_8112,OFC_904,Haldwani,Birth Certificate,28,27.43644409161716,584,541,43,47
APP_8113,OFC_168,Patna,Caste Certificate,41,41.76760838961155,682,592,90,57
APP_8114,OFC_776,Champhai,Death Certificate,47,44.65108706039825,803,715,88,52
APP_8115,OFC_619,Jorhat,Caste Certificate,43,40.71179168140608,2799,2732,67,57
APP_8116,OFC_326,Itanagar,Caste Certificate,5,51.85933152402703,106,98,8,45
APP_8117,OFC_551,Shillong,Income Certificate,27,15.116547589751915,2264,2241,23,32
APP_8118,OFC_9,Solan,Birth Certificate,21,46.99480764694675,540,523,17,48
APP_8119,OFC_114,Jowai,Death Certificate,34,36.93630204735658,2059,2029,30,57
APP_8120,OFC_975,Namchi,Domicile Certificate,28,9.872743552837957,3115,3068,47,52
APP_8121,OFC_451,Bishnupur,Caste Certificate,22,46.38185239418396,854,801,53,57
APP_8122,OFC_288,Rewa,Domicile Certificate,10,58.09487598645417,130,67,63,35
APP_8123,OFC_638,Agra,Income Certificate,45,9.829235777355944,4328,4269,59,36
APP_8124,OFC_70,Bangalore,Caste Certificate,12,23.83373411025191,1052,1038,14,45
APP_8125,OFC_514,Solapur,Marriage Certificate,27,17.790658742049313,358,266,92,59
APP_8126,OFC_556,Silchar,Caste Certificate,13,54.39108282149026,455,409,46,51
APP_8127,OFC_102,Nashik,Death Certificate,24,47.65876609993401,847,791,56,57
APP_8128,OFC_43,Mysore,Birth Certificate,46,35.54534188042838,1128,1076,52,41
APP_8129,OFC_389,Coimbatore,Domicile Certificate,33,52.469404018949774,1148,1058,90,40
APP_8130,OFC_779,Katihar,Birth Certificate,44,57.563100042958105,496,484,12,44
APP_8131,OFC_460,Bareilly,Caste Certificate,18,50.08946652018818,431,377,54,33
APP_8132,OFC_449,Jodhpur,Caste Certificate,9,35.86354677335018,646,572,74,54
APP_8133,OFC_559,Bokaro,Birth Certificate,13,44.38003909115218,410,336,74,35
APP_8134,OFC_64,Jabalpur,Marriage Certificate,20,55.556714232915056,1173,1117,56,55
APP_8135,OFC_252,East Delhi,Caste Certificate,8,30.378890031623595,473,442,31,45
APP_8136,OFC_577,Karimnagar,Marriage Certificate,44,14.431024087335755,10216,10157,59,58
APP_8137,OFC_90,Serchhip,Caste Certificate,24,59.085356513629165,538,448,90,38
APP_8138,OFC_467,Rangareddy,Caste Certificate,46,29.827378738396597,1453,1438,15,52
APP_8139,OFC_182,Salem,Income Certificate,32,9.04084096807882,4354,4302,52,59
APP_8140,OFC_185,Kavaratti,Caste Certificate,47,39.24869571112212,2076,1977,99,53
APP_8141,OFC_79,Dispur,Marriage Certificate,29,37.94668615019406,1046,982,64,40
APP_8142,OFC_526,Thoubal,Death Certificate,40,7.179164306963742,6256,6233,23,41
APP_8143,OFC_594,Chandigarh,Death Certificate,8,5.671709145810674,2527,2445,82,38
APP_8144,OFC_395,Nagaon,Income Certificate,28,57.89275347008106,839,743,96,38
APP_8145,OFC_906,Udaipur (Tripura),Caste Certificate,19,7.067065475349839,1554,1502,52,37
APP_8146,OFC_942,Warangal,Birth Certificate,40,7.419174193190628,5213,5139,74,49
APP_8147,OFC_440,Muzaffarpur,Birth Certificate,32,30.725791967095976,1372,1307,65,37
APP_8148,OFC_875,Ujjain,Death Certificate,5,17.88697125645776,312,303,9,33
APP_8149,OFC_369,Imphal,Birth Certificate,41,31.954129211571868,1506,1433,73,31
APP_8150,OFC_321,Patiala,Death Certificate,48,22.082271091454366,3136,3111,25,33
APP_8151,OFC_482,Gwalior,Domicile Certificate,39,16.696754720593834,1699,1677,22,35
APP_8152,OFC_910,Nizamabad,Income Certificate,26,53.18263012534506,1015,951,64,43
APP_8153,OFC_988,Pune,Domicile Certificate,43,49.64296447992257,194,122,72,56
APP_8154,OFC_272,Tawang,Income Certificate,43,29.191767094025973,1892,1816,76,34
APP_8155,OFC_12,Kullu,Domicile Certificate,26,58.20229598990239,1468,1377,91,55
APP_8156,OFC_711,Mayabunder,Caste Certificate,27,29.0753299292288,1027,1002,25,30
APP_8157,OFC_357,Lucknow,Death Certificate,11,50.96714815316647,296,252,44,46
APP_8158,OFC_34,Tezpur,Marriage Certificate,38,51.22358828570847,766,669,97,32
APP_8159,OFC_499,Junagadh,Income Certificate,13,8.086367341263383,1227,1164,63,42
APP_8160,OFC_851,Sagar,Caste Certificate,24,7.035290189582778,3266,3252,14,50
APP_8161,OFC_31,Nagpur,Death Certificate,38,47.51684088259473,1459,1373,86,46
APP_8162,OFC_336,Howrah,Death Certificate,5,32.15118565590085,372,338,34,56
APP_8163,OFC_424,Srinagar,Domicile Certificate,25,38.03522450548218,1078,1070,8,44
APP_8164,OFC_38,Malda,Income Certificate,48,52.893542015436765,623,593,30,32
APP_8165,OFC_982,Bhagalpur,Birth Certificate,31,24.054672803927627,1905,1814,91,39
APP_8166,OFC_495,Gulbarga,Caste Certificate,17,9.044481765466587,2641,2580,61,43
APP_8167,OFC_35,Begusarai,Marriage Certificate,22,19.837524341359494,2423,2328,95,54
APP_8168,OFC_768,Dibrugarh,Birth Certificate,23,53.68060068835713,825,816,9,46
APP_8169,OFC_603,Mokokchung,Death Certificate,48,27.69053219737527,2567,2530,37,48
APP_8170,OFC_885,West Delhi,Caste Certificate,23,51.05380078216103,291,268,23,35
APP_8171,OFC_578,Kota,Marriage Certificate,37,13.531871376107231,1676,1639,37,59
APP_8172,OFC_497,Vadodara,Marriage Certificate,30,18.418576075200512,872,828,44,31
APP_8173,OFC_124,Rajkot,Death Certificate,34,15.377557558988288,6134,6076,58,56
APP_8174,OFC_825,Kailashahar,Death Certificate,47,14.272540106148252,5138,5068,70,44
APP_8175,OFC_291,Agartala,Income Certificate,32,34.41580817175975,2676,2650,26,55
APP_8176,OFC_146,Ludhiana,Death Certificate,5,8.008166134486105,1184,1126,58,34
APP_8177,OFC_912,Giridih,Domicile Certificate,14,32.10268877615803,247,186,61,48
APP_8178,OFC_791,Sikar,Caste Certificate,23,19.457336527728582,2210,2148,62,48
APP_8179,OFC_802,Kanpur,Caste Certificate,5,40.02895488123611,189,163,26,52
APP_8180,OFC_692,Kohima,Income Certificate,33,43.396024729300194,973,947,26,34
APP_8181,OFC_682,Ahmedabad,Death Certificate,30,29.293004660723483,1383,1359,24,48
APP_8182,OFC_890,Mangan,Domicile Certificate,22,32.714322359405706,1708,1635,73,55
APP_8183,OFC_411,Dehradun,Death Certificate,26,44.77752050109424,1516,1431,85,45
APP_8184,OFC_579,Churachandpur,Death Certificate,35,30.310869206647865,436,429,7,55
APP_8185,OFC_30,Gaya,Domicile Certificate,35,48.29070578744971,465,388,77,48
APP_8186,OFC_194,Dhanbad,Death Certificate,39,58.50777662602382,551,501,50,30
APP_8187,OFC_768,Lunglei,Income Certificate,23,16.247685888625444,503,418,85,40
APP_8188,OFC_356,Darjeeling,Death Certificate,49,41.60698595347144,2230,2192,38,58
APP_8189,OFC_757,Manali,Caste Certificate,39,18.226975896011812,3496,3413,83,40
APP_8190,OFC_739,Arrah,Birth Certificate,27,16.76198269977764,1801,1761,40,52
APP_8191,OFC_586,Ramgarh,Death Certificate,19,32.13731412312221,337,282,55,37
APP_8192,OFC_169,Ratlam,Domicile Certificate,14,22.40826819448931,1732,1664,68,53
APP_8193,OFC_628,Hyderabad,Income Certificate,24,53.55327999423462,364,352,12,54
APP_8194,OFC_532,Tumkur,Birth Certificate,43,52.02301929658048,932,871,61,58
APP_8195,OFC_154,Ghaziabad,Marriage Certificate,11,14.474364787257954,1350,1301,49,50
APP_8196,OFC_383,Amini,Marriage Certificate,9,57.41319918379076,280,190,90,49
APP_8197,OFC_950,Alwar,Caste Certificate,8,36.139104654645,331,279,52,42
APP_8198,OFC_643,Bardhaman,Marriage Certificate,36,45.59630956573288,2476,2386,90,52
APP_8199,OFC_758,New Delhi,Marriage Certificate,11,5.2861346899770725,2165,2145,20,54
APP_8200,OFC_80,Tirunelveli,Death Certificate,45,41.225416769681736,1633,1535,98,58
APP_8201,OFC_161,Bilaspur,Birth Certificate,15,51.57576632521501,765,680,85,59
APP_8202,OFC_583,Haridwar,Death Certificate,40,17.12840300103626,5524,5433,91,41
APP_8203,OFC_471,Central Delhi,Income Certificate,14,13.733548347420362,1953,1886,67,59
APP_8204,OFC_475,Baramulla,Marriage Certificate,30,23.122447415712767,1718,1632,86,37
APP_8205,OFC_590,Margao,Domicile Certificate,14,17.340874048673673,1304,1275,29,46
APP_8206,OFC_567,Aizawl,Caste Certificate,28,47.724086779604605,1138,1137,1,56
APP_8207,OFC_55,Gangtok,Marriage Certificate,33,25.03662198838489,668,647,21,43
APP_8208,OFC_965,Mapusa,Income Certificate,16,8.103668874380913,770,679,91,59
APP_8209,OFC_402,Mohali,Domicile Certificate,26,45.55640808245848,647,565,82,46
APP_8210,OFC_557,Bathinda,Income Certificate,38,18.74128927265581,1958,1939,19,30
APP_8211,OFC_46,Jalandhar,Income Certificate,9,20.74816880139476,1266,1206,60,55
APP_8212,OFC_127,Kashipur,Birth Certificate,34,8.18090126582361,4970,4885,85,31
APP_8213,OFC_278,Vellore,Birth Certificate,21,14.853133157585887,1206,1134,72,34
APP_8214,OFC_764,Siliguri,Death Certificate,42,20.587043652513977,388,344,44,35
APP_8215,OFC_511,Ajmer,Death Certificate,9,43.98092271434465,222,208,14,50
APP_8216,OFC_112,Minicoy,Marriage Certificate,32,31.19190414350001,602,552,50,50
APP_8217,OFC_406,Dharamshala,Caste Certificate,20,56.98399946078341,490,459,31,34
APP_8218,OFC_885,Varanasi,Marriage Certificate,37,21.4529608965097,2402,2333,69,54
APP_8219,OFC_56,Bhilwara,Death Certificate,8,22.42870540831121,402,363,39,59
APP_8220,OFC_735,Tuensang,Caste Certificate,23,19.142976070704577,1538,1445,93,37
APP_8221,OFC_200,Havelock,Income Certificate,39,12.737358849085112,3396,3339,57,31
APP_8222,OFC_473,Diglipur,Domicile Certificate,30,20.20999640205888,1986,1912,74,33
APP_8223,OFC_967,Anantnag,Death Certificate,17,17.249278672007634,1764,1706,58,37
APP_8224,OFC_831,Kolhapur,Death Certificate,18,24.251205503770947,1130,1069,61,46
APP_8225,OFC_734,Nanded,Income Certificate,46,34.56771865250886,1713,1621,92,39
APP_8226,OFC_351,Jaipur,Caste Certificate,41,7.932310131150748,6792,6765,27,36
APP_8227,OFC_137,Purnia,Death Certificate,45,48.044529738328656,1518,1465,53,56
APP_8228,OFC_186,Bhopal,Domicile Certificate,17,39.30515118153707,879,784,95,39
APP_8229,OFC_889,Bhavnagar,Domicile Certificate,24,45.19636674118247,838,740,98,38
APP_8230,OFC_191,Mahbubnagar,Caste Certificate,23,44.85351337860679,1450,1385,65,47
APP_8231,OFC_87,Darbhanga,Domicile Certificate,8,34.897490166003294,145,55,90,40
APP_8232,OFC_62,Thane,Domicile Certificate,38,39.02640153823182,750,699,51,38
APP_8233,OFC_190,Kolkata,Birth Certificate,18,27.36261215768524,1264,1182,82,45
APP_8234,OFC_20,Leh,Marriage Certificate,5,39.81950448379159,232,158,74,30
APP_8235,OFC_520,Durgapur,Birth Certificate,45,54.33383435199342,766,714,52,40
APP_8236,OFC_553,Chennai,Death Certificate,45,52.11891814678447,1178,1122,56,33
APP_8237,OFC_456,Amritsar,Caste Certificate,27,11.59343168881956,669,588,81,51
APP_8238,OFC_521,Tiruchirapalli,Caste Certificate,16,18.103287860075007,1195,1148,47,44
APP_8239,OFC_538,Shimla,Birth Certificate,11,35.9825860152498,451,411,40,34
APP_8240,OFC_386,Jamnagar,Birth Certificate,17,10.8663557730748,1825,1797,28,34
APP_8241,OFC_237,Amravati,Caste Certificate,45,22.854380457525476,1254,1182,72,52
APP_8242,OFC_984,Mumbai,Domicile Certificate,21,13.581425297100434,1432,1365,67,30
APP_8243,OFC_118,Nongpoh,Income Certificate,25,48.46192794726679,1062,1044,18,36
APP_8244,OFC_318,Hazaribagh,Birth Certificate,18,35.665056570969995,719,704,15,59
APP_8245,OFC_163,Thoothukudi,Caste Certificate,42,39.819442098193946,2100,2036,64,45
APP_8246,OFC_308,North Delhi,Birth Certificate,19,35.94794282546155,581,494,87,30
APP_8247,OFC_115,Shimoga,Death Certificate,26,7.472693344801495,5150,5063,87,42
APP_8248,OFC_104,Khammam,Income Certificate,37,13.401167014313229,4095,4091,4,34
APP_8249,OFC_734,Naharlagun,Domicile Certificate,44,39.73158062500251,1966,1892,74,38
APP_8250,OFC_115,Bikaner,Birth Certificate,27,52.14998271400696,947,878,69,49
APP_8251,OFC_680,Ranchi,Marriage Certificate,32,45.03842821638905,1285,1281,4,37
APP_8252,OFC_204,South Delhi,Marriage Certificate,31,48.53054556738075,956,868,88,33
APP_8253,OFC_4,Medinipur,Caste Certificate,14,17.43825649445987,1672,1654,18,46
APP_8254,OFC_959,Port Blair,Income Certificate,43,21.479806527527163,4378,4350,28,59
APP_8255,OFC_878,Geyzing,Caste Certificate,45,47.053999455878085,959,860,99,35
APP_8256,OFC_267,Tura,Birth Certificate,47,44.66906003952008,2764,2677,87,57
APP_8257,OFC_856,Mandi,Death Certificate,24,55.78560920990542,820,786,34,57
APP_8258,OFC_40,Pathankot,Caste Certificate,35,24.856863445034875,3557,3534,23,47
APP_8259,OFC_260,Hubli,Marriage Certificate,23,46.84097698674246,690,619,71,33
APP_8260,OFC_773,Dharmanagar,Birth Certificate,36,44.02013250367165,643,616,27,30
APP_8261,OFC_36,Erode,Birth Certificate,43,15.393418527443142,2759,2694,65,39
APP_8262,OFC_566,Nainital,Caste Certificate,45,59.660725343575415,783,694,89,50
APP_8263,OFC_325,Anand,Caste Certificate,31,16.201856397860997,5105,5029,76,58
APP_8264,OFC_495,Agatti,Death Certificate,11,14.07036555436382,1845,1776,69,51
APP_8265,OFC_696,Udaipur,Domicile Certificate,29,17.16554458744561,3331,3327,4,40
APP_8266,OFC_616,Meerut,Income Certificate,41,14.90163273605844,1017,985,32,31
APP_8267,OFC_947,Deoghar,Caste Certificate,33,10.646814789998157,3042,3034,8,30
APP_8268,OFC_377,Surat,Caste Certificate,20,37.32409752350965,598,593,5,31
APP_8269,OFC_781,Kathua,Marriage Certificate,19,7.632761423617864,3692,3676,16,47
APP_8270,OFC_564,Gorakhpur,Death Certificate,29,29.12921268242823,2887,2848,39,59
APP_8271,OFC_285,Gandhinagar,Caste Certificate,34,58.703679808549545,1290,1200,90,46
APP_8272,OFC_607,Belgaum,Birth Certificate,29,43.582444647856576,1064,1033,31,31
APP_8273,OFC_540,Jammu,Income Certificate,18,46.10883633948252,659,614,45,53
APP_8274,OFC_545,Davanagere,Domicile Certificate,40,8.930554030224696,11646,11547,99,58
APP_8275,OFC_107,Asansol,Caste Certificate,14,44.43938620497072,287,226,61,46
APP_8276,OFC_518,Mangalore,Caste Certificate,8,36.56526824836662,528,437,91,40
APP_8277,OFC_361,Jamshedpur,Marriage Certificate,43,28.91004493499423,965,961,4,35
APP_8278,OFC_799,Udhampur,Death Certificate,22,26.21784713524136,1174,1092,82,40
APP_8279,OFC_578,Roorkee,Birth Certificate,43,39.42102006774494,1838,1780,58,50
APP_8280,OFC_779,Adilabad,Income Certificate,47,38.93191915361917,876,833,43,33
APP_8281,OFC_395,Guwahati,Death Certificate,24,49.791662827530565,588,555,33,48
APP_8282,OFC_398,Pasighat,Caste Certificate,7,24.663371295753286,628,563,65,34
APP_8283,OFC_718,Aurangabad,Domicile Certificate,16,28.35233824506557,573,548,25,37
APP_8284,OFC_532,Panaji,Domicile Certificate,30,34.83441935746124,1761,1722,39,52
APP_8285,OFC_755,Satna,Marriage Certificate,7,41.17820762070987,216,164,52,33
APP_8286,OFC_928,Madurai,Marriage Certificate,19,10.22280279783749,1359,1310,49,32
APP_8287,OFC_85,Vasco da Gama,Birth Certificate,24,50.85331650888266,656,562,94,37
APP_8288,OFC_222,Dimapur,Income Certificate,49,41.732725792008864,1420,1395,25,39
APP_8289,OFC_206,Delhi,Marriage Certificate,15,22.233639466807773,1127,1062,65,37
APP_8290,OFC_95,Rudrapur,Caste Certificate,23,9.336869384618153,3594,3522,72,38
APP_8291,OFC_189,Indore,Marriage Certificate,38,14.589336669709413,2198,2172,26,40
APP_8292,OFC_378,Allahabad,Domicile Certificate,41,56.8087628504768,598,573,25,52
APP_8293,OFC_127,Haldwani,Death Certificate,18,21.90733881679896,1729,1685,44,42
APP_8294,OFC_748,Patna,Income Certificate,20,18.41568875272102,2259,2209,50,54
APP_8295,OFC_728,Champhai,Marriage Certificate,48,9.602855513733012,5383,5366,17,46
APP_8296,OFC_197,Jorhat,Caste Certificate,6,24.8851012137398,809,718,91,54
APP_8297,OFC_165,Itanagar,Birth Certificate,11,43.77564187016048,414,370,44,38
APP_8298,OFC_192,Shillong,Birth Certificate,31,7.814836097609104,2791,2732,59,44
APP_8299,OFC_903,Solan,Marriage Certificate,48,11.733046867106832,8277,8185,92,50
APP_8300,OFC_276,Jowai,Birth Certificate,33,11.071974708397374,4558,4513,45,33
APP_8301,OFC_593,Namchi,Marriage Certificate,46,32.956785891994954,2837,2805,32,49
APP_8302,OFC_181,Bishnupur,Birth Certificate,14,23.56426021635184,567,508,59,30
APP_8303,OFC_43,Rewa,Death Certificate,37,12.30393686642368,5889,5878,11,48
APP_8304,OFC_328,Agra,Death Certificate,35,31.748665846682417,3073,3008,65,52
APP_8305,OFC_151,Bangalore,Marriage Certificate,25,41.35784527359288,526,488,38,34
APP_8306,OFC_612,Solapur,Caste Certificate,43,46.55516884368088,1005,938,67,30
APP_8307,OFC_945,Silchar,Income Certificate,47,33.64199948279373,2717,2649,68,41
APP_8308,OFC_455,Nashik,Marriage Certificate,34,48.15357242007976,654,649,5,31
APP_8309,OFC_488,Mysore,Birth Certificate,37,50.56890134406829,1882,1803,79,51
APP_8310,OFC_497,Coimbatore,Domicile Certificate,15,32.37103371547738,549,518,31,47
APP_8311,OFC_315,Katihar,Marriage Certificate,38,59.36549686106818,978,948,30,46
APP_8312,OFC_247,Bareilly,Birth Certificate,32,53.822242770005765,398,394,4,33
APP_8313,OFC_121,Jodhpur,Death Certificate,35,31.14035973400395,1312,1219,93,31
APP_8314,OFC_785,Bokaro,Marriage Certificate,40,34.411093707048195,2515,2489,26,47
APP_8315,OFC_607,Jabalpur,Income Certificate,20,11.940041529358048,4504,4484,20,55
APP_8316,OFC_833,East Delhi,Birth Certificate,22,10.429452457818387,1187,1124,63,58
APP_8317,OFC_638,Karimnagar,Birth Certificate,32,22.05088611269635,1837,1832,5,39
APP_8318,OFC_375,Serchhip,Death Certificate,24,33.35445682706248,734,684,50,41
APP_8319,OFC_381,Rangareddy,Income Certificate,40,43.73056777112135,528,496,32,52
APP_8320,OFC_603,Salem,Birth Certificate,22,26.439677701577683,1816,1741,75,44
APP_8321,OFC_961,Kavaratti,Caste Certificate,38,22.26301998243211,3822,3775,47,49
APP_8322,OFC_206,Dispur,Birth Certificate,8,30.80331927490021,517,493,24,44
APP_8323,OFC_779,Thoubal,Birth Certificate,5,58.90586834881242,199,133,66,57
APP_8324,OFC_606,Chandigarh,Birth Certificate,23,56.86997818193041,931,859,72,45
APP_8325,OFC_906,Nagaon,Caste Certificate,35,48.4695516497803,2060,2018,42,54
APP_8326,OFC_944,Udaipur (Tripura),Caste Certificate,44,29.551456834703,3717,3623,94,55
APP_8327,OFC_725,Warangal,Death Certificate,29,38.95245945842972,1499,1480,19,46
APP_8328,OFC_540,Muzaffarpur,Income Certificate,39,41.19920556865335,1612,1555,57,37
APP_8329,OFC_28,Ujjain,Death Certificate,48,49.6436757388069,2260,2256,4,51
APP_8330,OFC_93,Imphal,Death Certificate,6,54.4905280979937,283,246,37,56
APP_8331,OFC_892,Patiala,Income Certificate,5,33.507511486248255,146,68,78,42
APP_8332,OFC_678,Gwalior,Caste Certificate,26,15.780775172034602,4856,4842,14,55
APP_8333,OFC_491,Nizamabad,Income Certificate,39,13.735276646128762,3145,3091,54,38
APP_8334,OFC_997,Pune,Death Certificate,41,30.205792293508097,1473,1420,53,38
APP_8335,OFC_892,Tawang,Domicile Certificate,7,30.50431813166005,382,374,8,39
APP_8336,OFC_76,Kullu,Birth Certificate,47,46.37387351480178,2328,2328,0,49
APP_8337,OFC_34,Mayabunder,Domicile Certificate,27,22.157428123241147,605,604,1,40
APP_8338,OFC_390,Lucknow,Domicile Certificate,41,23.449850375781438,3340,3308,32,48
APP_8339,OFC_522,Tezpur,Birth Certificate,8,10.864494908045115,1577,1493,84,41
APP_8340,OFC_562,Junagadh,Domicile Certificate,31,42.15712014393445,1311,1284,27,37
APP_8341,OFC_133,Sagar,Birth Certificate,41,26.33452561848756,2301,2211,90,36
APP_8342,OFC_500,Nagpur,Marriage Certificate,30,7.589180324022777,9923,9892,31,44
APP_8343,OFC_881,Howrah,Marriage Certificate,42,5.923977039853366,3698,3648,50,40
APP_8344,OFC_957,Srinagar,Income Certificate,13,26.560414902035777,516,473,43,34
APP_8345,OFC_233,Malda,Income Certificate,48,45.90976821035392,798,703,95,33
APP_8346,OFC_723,Bhagalpur,Income Certificate,28,37.03440027120492,1840,1826,14,59
APP_8347,OFC_819,Gulbarga,Death Certificate,24,56.95075459245045,437,427,10,48
APP_8348,OFC_646,Begusarai,Birth Certificate,42,47.154484736315645,1916,1877,39,42
APP_8349,OFC_364,Dibrugarh,Death Certificate,44,10.847888692315438,8284,8189,95,52
APP_8350,OFC_804,Mokokchung,Domicile Certificate,14,25.66358880757884,940,847,93,34
APP_8351,OFC_579,West Delhi,Income Certificate,37,44.50927261325083,946,931,15,38
APP_8352,OFC_536,Kota,Death Certificate,12,40.69047992514729,500,415,85,33
APP_8353,OFC_420,Vadodara,Caste Certificate,7,54.2230696474518,295,231,64,47
APP_8354,OFC_373,Rajkot,Birth Certificate,36,52.47086416193641,925,886,39,47
APP_8355,OFC_469,Kailashahar,Income Certificate,41,41.62824628526485,2155,2100,55,39
APP_8356,OFC_417,Agartala,Domicile Certificate,49,14.787554466017664,3990,3899,91,49
APP_8357,OFC_196,Ludhiana,Birth Certificate,42,12.60395118902224,3818,3743,75,59
APP_8358,OFC_102,Giridih,Death Certificate,21,46.97021922895432,903,854,49,48
APP_8359,OFC_903,Sikar,Domicile Certificate,46,48.10528662937677,1826,1808,18,51
APP_8360,OFC_747,Kanpur,Marriage Certificate,17,21.681648158349155,649,591,58,46
APP_8361,OFC_540,Kohima,Marriage Certificate,39,28.11450607226343,2445,2377,68,48
APP_8362,OFC_156,Ahmedabad,Birth Certificate,40,57.54377105862493,779,748,31,44
APP_8363,OFC_530,Mangan,Income Certificate,26,17.408223294576583,447,349,98,39
APP_8364,OFC_108,Dehradun,Birth Certificate,46,36.21643766879544,2930,2869,61,43
APP_8365,OFC_895,Churachandpur,Birth Certificate,28,16.74319697301796,2995,2935,60,50
APP_8366,OFC_989,Gaya,Death Certificate,8,23.0893482489768,372,349,23,45
APP_8367,OFC_615,Dhanbad,Income Certificate,38,33.612487807021495,587,520,67,34
APP_8368,OFC_799,Lunglei,Income Certificate,9,50.31470507998757,31,17,14,42
APP_8369,OFC_175,Darjeeling,Income Certificate,11,31.102174341155457,813,768,45,45
APP_8370,OFC_724,Manali,Caste Certificate,17,7.613850343162602,2386,2340,46,51
APP_8371,OFC_78,Arrah,Birth Certificate,46,49.99904488569662,609,548,61,48
APP_8372,OFC_318,Ramgarh,Birth Certificate,5,9.624610994743126,1233,1190,43,50
APP_8373,OFC_650,Ratlam,Death Certificate,49,29.53205540712485,3181,3100,81,55
APP_8374,OFC_993,Hyderabad,Marriage Certificate,26,11.796997767609188,2617,2594,23,35
APP_8375,OFC_394,Tumkur,Domicile Certificate,15,31.508627766086505,542,508,34,41
APP_8376,OFC_397,Ghaziabad,Death Certificate,26,39.89737032132511,772,722,50,35
APP_8377,OFC_696,Amini,Birth Certificate,48,10.849548786088056,13417,13322,95,54
APP_8378,OFC_877,Alwar,Death Certificate,46,44.0306198576959,1014,923,91,35
APP_8379,OFC_798,Bardhaman,Death Certificate,22,49.77213280976985,851,809,42,36
APP_8380,OFC_214,New Delhi,Income Certificate,27,22.192714072839465,2433,2414,19,44
APP_8381,OFC_651,Tirunelveli,Domicile Certificate,44,44.810482095695,561,488,73,31
APP_8382,OFC_314,Bilaspur,Caste Certificate,40,27.904275062657817,796,776,20,35
APP_8383,OFC_263,Haridwar,Birth Certificate,45,17.025973230349624,4900,4871,29,48
APP_8384,OFC_61,Central Delhi,Domicile Certificate,7,59.12798891588544,160,100,60,51
APP_8385,OFC_764,Baramulla,Domicile Certificate,35,10.060666249864768,6481,6398,83,45
APP_8386,OFC_262,Margao,Domicile Certificate,27,36.09265391696391,1591,1572,19,59
APP_8387,OFC_939,Aizawl,Caste Certificate,48,28.810596155797278,2505,2457,48,31
APP_8388,OFC_85,Gangtok,Caste Certificate,38,31.686640295910717,2225,2181,44,59
APP_8389,OFC_676,Mapusa,Caste Certificate,46,43.72159548494178,1208,1111,97,47
APP_8390,OFC_907,Mohali,Birth Certificate,14,8.475665026198586,2884,2786,98,35
APP_8391,OFC_7,Bathinda,Domicile Certificate,14,21.895137122044343,558,520,38,40
APP_8392,OFC_356,Jalandhar,Marriage Certificate,10,43.84899205967059,179,100,79,31
APP_8393,OFC_712,Kashipur,Birth Certificate,6,41.599829040575806,399,379,20,55
APP_8394,OFC_715,Vellore,Marriage Certificate,25,37.0758435557327,2057,1975,82,55
APP_8395,OFC_837,Siliguri,Marriage Certificate,8,22.800529568069084,549,521,28,42
APP_8396,OFC_764,Ajmer,Income Certificate,31,17.52021106633407,3024,2929,95,57
APP_8397,OFC_147,Minicoy,Income Certificate,15,38.97277205156129,627,625,2,53
APP_8398,OFC_232,Dharamshala,Income Certificate,48,21.29321563606296,2077,2003,74,46
APP_8399,OFC_746,Varanasi,Marriage Certificate,43,8.868811289223373,2935,2917,18,38
APP_8400,OFC_614,Bhilwara,Domicile Certificate,24,32.723485848773194,1004,991,13,52
APP_8401,OFC_6,Tuensang,Death Certificate,24,20.483247512572163,1676,1593,83,32
APP_8402,OFC_796,Havelock,Income Certificate,35,30.27564607120868,942,942,0,54
APP_8403,OFC_600,Diglipur,Birth Certificate,13,31.19514161840752,417,387,30,38
APP_8404,OFC_853,Anantnag,Domicile Certificate,21,9.174949528351313,2983,2966,17,43
APP_8405,OFC_746,Kolhapur,Death Certificate,48,38.69402150105792,3121,3077,44,50
APP_8406,OFC_7,Nanded,Domicile Certificate,41,30.96137368499567,1951,1943,8,31
APP_8407,OFC_658,Jaipur,Income Certificate,34,36.74628595427944,2047,1994,53,54
APP_8408,OFC_675,Purnia,Income Certificate,25,38.76090259598227,958,902,56,45
APP_8409,OFC_81,Bhopal,Birth Certificate,33,32.131658385564705,1528,1484,44,55
APP_8410,OFC_258,Bhavnagar,Income Certificate,19,54.85298238256897,355,331,24,57
APP_8411,OFC_211,Mahbubnagar,Income Certificate,34,23.525220249778204,2468,2431,37,37
APP_8412,OFC_266,Darbhanga,Domicile Certificate,28,45.80382784943555,374,369,5,39
APP_8413,OFC_919,Thane,Death Certificate,7,17.467485285790687,157,125,32,48
APP_8414,OFC_925,Kolkata,Domicile Certificate,24,58.03553787550665,242,167,75,49
APP_8415,OFC_514,Leh,Death Certificate,25,21.057082409699664,1899,1821,78,32
APP_8416,OFC_192,Durgapur,Income Certificate,18,33.76663581965781,909,899,10,37
APP_8417,OFC_978,Chennai,Birth Certificate,26,39.72332886439288,1920,1899,21,52
APP_8418,OFC_610,Amritsar,Birth Certificate,41,47.01240829959823,1010,932,78,58
APP_8419,OFC_740,Tiruchirapalli,Caste Certificate,18,54.07855357477069,564,507,57,55
APP_8420,OFC_712,Shimla,Domicile Certificate,19,6.30018559544674,4280,4216,64,30
APP_8421,OFC_809,Jamnagar,Domicile Certificate,14,37.94937587971432,208,167,41,31
APP_8422,OFC_927,Amravati,Death Certificate,24,39.55077841747635,342,310,32,34
APP_8423,OFC_260,Mumbai,Death Certificate,48,59.21099264026894,1061,1002,59,32
APP_8424,OFC_791,Nongpoh,Birth Certificate,15,38.29939930623927,925,923,2,55
APP_8425,OFC_83,Hazaribagh,Birth Certificate,5,50.0679844402066,159,66,93,30
APP_8426,OFC_793,Thoothukudi,Birth Certificate,16,5.656627805330859,5269,5205,64,58
APP_8427,OFC_22,North Delhi,Death Certificate,35,19.212893985836352,2043,2005,38,32
APP_8428,OFC_808,Shimoga,Caste Certificate,9,29.739305331341185,192,182,10,58
APP_8429,OFC_422,Khammam,Income Certificate,38,25.585236749689763,1794,1780,14,52
APP_8430,OFC_993,Naharlagun,Domicile Certificate,46,57.3020622802051,1268,1246,22,32
APP_8431,OFC_290,Bikaner,Income Certificate,6,17.23703426355044,165,80,85,38
APP_8432,OFC_949,Ranchi,Birth Certificate,21,49.84196431619576,769,764,5,58
APP_8433,OFC_493,South Delhi,Death Certificate,5,29.339416901223665,284,267,17,39
APP_8434,OFC_521,Medinipur,Marriage Certificate,15,39.39203984868984,847,804,43,56
APP_8435,OFC_234,Port Blair,Birth Certificate,23,27.683354612056448,1068,974,94,36
APP_8436,OFC_190,Geyzing,Death Certificate,16,5.17697366618732,4015,4003,12,45
APP_8437,OFC_681,Tura,Birth Certificate,41,41.99331992041055,1037,1031,6,40
APP_8438,OFC_516,Mandi,Marriage Certificate,7,51.80410333650676,187,91,96,56
APP_8439,OFC_523,Pathankot,Birth Certificate,39,29.92918454216504,2715,2644,71,47
APP_8440,OFC_880,Hubli,Domicile Certificate,48,11.92140585470334,8392,8351,41,54
APP_8441,OFC_206,Dharmanagar,Caste Certificate,20,20.466101909294032,347,257,90,51
APP_8442,OFC_998,Erode,Birth Certificate,44,49.34611575771023,1093,1088,5,37
APP_8443,OFC_721,Nainital,Death Certificate,21,48.34669662063864,603,518,85,45
APP_8444,OFC_373,Anand,Caste Certificate,6,29.330912679369675,309,261,48,32
APP_8445,OFC_133,Agatti,Caste Certificate,37,32.1440262058461,1746,1662,84,38
APP_8446,OFC_164,Udaipur,Domicile Certificate,39,7.128488372365582,9864,9835,29,31
APP_8447,OFC_99,Meerut,Marriage Certificate,11,34.326444803463374,435,365,70,33
APP_8448,OFC_236,Deoghar,Marriage Certificate,44,55.59941196558197,1071,1057,14,39
APP_8449,OFC_790,Surat,Death Certificate,16,18.759418604775064,1243,1180,63,41
APP_8450,OFC_198,Kathua,Caste Certificate,32,46.41098982625709,843,803,40,47
APP_8451,OFC_663,Gorakhpur,Income Certificate,44,20.4036799018925,1833,1776,57,37
APP_8452,OFC_23,Gandhinagar,Death Certificate,8,50.62190098509669,387,288,99,43
APP_8453,OFC_503,Belgaum,Marriage Certificate,20,58.801803856211485,476,459,17,37
APP_8454,OFC_368,Jammu,Income Certificate,28,7.814481808471009,6578,6516,62,48
APP_8455,OFC_896,Davanagere,Caste Certificate,32,12.731827946370473,3933,3878,55,52
APP_8456,OFC_450,Asansol,Death Certificate,45,55.432386915807776,1039,970,69,41
APP_8457,OFC_560,Mangalore,Marriage Certificate,47,59.40499238421207,1572,1551,21,51
APP_8458,OFC_743,Jamshedpur,Death Certificate,34,23.94509223013438,2103,2035,68,38
APP_8459,OFC_344,Udhampur,Marriage Certificate,5,50.98611902029147,241,157,84,44
APP_8460,OFC_185,Roorkee,Birth Certificate,20,6.595269728105845,5515,5477,38,47
APP_8461,OFC_903,Adilabad,Caste Certificate,25,42.87335906117441,861,801,60,36
APP_8462,OFC_23,Guwahati,Domicile Certificate,38,58.18366250646351,505,474,31,35
APP_8463,OFC_566,Pasighat,Death Certificate,36,43.146367273425945,1614,1538,76,39
APP_8464,OFC_129,Aurangabad,Caste Certificate,22,55.66663552842237,873,782,91,47
APP_8465,OFC_580,Panaji,Income Certificate,32,7.481582678864568,4309,4255,54,58
APP_8466,OFC_521,Satna,Marriage Certificate,35,9.049458742376856,6449,6403,46,52
APP_8467,OFC_666,Madurai,Income Certificate,31,41.09397223099951,1491,1441,50,53
APP_8468,OFC_933,Vasco da Gama,Marriage Certificate,45,31.180221033863585,593,515,78,39
APP_8469,OFC_539,Dimapur,Death Certificate,28,19.416660445887107,596,510,86,36
APP_8470,OFC_270,Delhi,Birth Certificate,44,59.69170324095149,771,714,57,47
APP_8471,OFC_632,Rudrapur,Caste Certificate,31,44.29319222219943,1366,1296,70,40
APP_8472,OFC_985,Indore,Caste Certificate,34,36.34128841667014,491,412,79,37
APP_8473,OFC_186,Allahabad,Marriage Certificate,17,35.29298551007989,1092,1044,48,44
APP_8474,OFC_962,Haldwani,Caste Certificate,15,24.10190710571656,1167,1115,52,46
APP_8475,OFC_240,Patna,Death Certificate,30,48.158138052453154,1345,1253,92,53
APP_8476,OFC_839,Champhai,Income Certificate,15,46.84404529537896,681,617,64,53
APP_8477,OFC_624,Jorhat,Caste Certificate,7,40.89502639038371,143,86,57,32
APP_8478,OFC_714,Itanagar,Marriage Certificate,15,33.82884940895019,1030,1029,1,43
APP_8479,OFC_321,Shillong,Death Certificate,45,58.00716238076227,751,667,84,34
APP_8480,OFC_91,Solan,Death Certificate,37,45.68941183697915,1161,1082,79,34
APP_8481,OFC_627,Jowai,Caste Certificate,31,7.815730672267573,6020,5953,67,57
APP_8482,OFC_51,Namchi,Domicile Certificate,39,14.822818837447947,2889,2795,94,33
APP_8483,OFC_138,Bishnupur,Marriage Certificate,24,49.73996017774369,1054,1008,46,41
APP_8484,OFC_995,Rewa,Death Certificate,33,58.94811996341488,661,652,9,37
APP_8485,OFC_970,Agra,Birth Certificate,17,43.40002400461066,342,327,15,39
APP_8486,OFC_750,Bangalore,Income Certificate,13,36.97526403965122,943,864,79,51
APP_8487,OFC_203,Solapur,Death Certificate,33,27.968244848753905,2042,2018,24,45
APP_8488,OFC_456,Silchar,Death Certificate,32,55.59549011726022,1208,1197,11,58
APP_8489,OFC_948,Nashik,Caste Certificate,41,42.35411569034984,1068,987,81,39
APP_8490,OFC_520,Mysore,Marriage Certificate,43,8.633483739331576,7738,7666,72,50
APP_8491,OFC_405,Coimbatore,Income Certificate,25,57.258563020199205,958,934,24,41
APP_8492,OFC_200,Katihar,Caste Certificate,19,37.91574562217106,322,268,54,32
APP_8493,OFC_548,Bareilly,Caste Certificate,21,53.56603498384239,605,595,10,46
APP_8494,OFC_991,Jodhpur,Income Certificate,23,20.083865167185056,660,623,37,50
APP_8495,OFC_435,Bokaro,Caste Certificate,40,36.504362196254775,1847,1845,2,36
APP_8496,OFC_698,Jabalpur,Caste Certificate,45,37.02119410129421,494,476,18,47
APP_8497,OFC_686,East Delhi,Income Certificate,35,27.60884124991107,2798,2704,94,44
APP_8498,OFC_446,Karimnagar,Marriage Certificate,40,35.96281984964166,380,289,91,32
APP_8499,OFC_874,Serchhip,Marriage Certificate,48,42.735634016403374,3168,3073,95,52
APP_8500,OFC_698,Rangareddy,Birth Certificate,29,44.01923859756749,711,690,21,51
APP_8501,OFC_717,Salem,Birth Certificate,34,36.61497950615248,465,404,61,46
APP_8502,OFC_866,Kavaratti,Death Certificate,42,50.86960919000901,2462,2421,41,59
APP_8503,OFC_886,Dispur,Domicile Certificate,9,13.627015797236096,1019,991,28,56
APP_8504,OFC_895,Thoubal,Income Certificate,21,57.4014501774136,279,229,50,45
APP_8505,OFC_437,Chandigarh,Marriage Certificate,45,25.037395979991587,4088,4068,20,57
APP_8506,OFC_246,Nagaon,Birth Certificate,45,27.43246226084749,1153,1147,6,39
APP_8507,OFC_272,Udaipur (Tripura),Domicile Certificate,6,24.774540303199696,104,33,71,49
APP_8508,OFC_74,Warangal,Domicile Certificate,33,40.837054002766045,522,481,41,49
APP_8509,OFC_288,Muzaffarpur,Death Certificate,34,25.45810142086101,3348,3261,87,48
APP_8510,OFC_505,Ujjain,Domicile Certificate,43,38.80348144848806,2299,2291,8,49
APP_8511,OFC_387,Imphal,Marriage Certificate,6,12.16101954413213,107,45,62,32
APP_8512,OFC_115,Patiala,Death Certificate,39,5.690216521382583,16685,16639,46,52
APP_8513,OFC_538,Gwalior,Domicile Certificate,48,24.43107763072788,3140,3071,69,59
APP_8514,OFC_964,Nizamabad,Marriage Certificate,29,38.347466520512434,331,280,51,43
APP_8515,OFC_734,Pune,Marriage Certificate,40,41.59267651046176,1030,982,48,37
APP_8516,OFC_246,Tawang,Birth Certificate,27,59.425527324211934,982,942,40,47
APP_8517,OFC_968,Kullu,Domicile Certificate,31,36.84647293145753,2331,2312,19,51
APP_8518,OFC_455,Mayabunder,Birth Certificate,15,48.06578782257231,394,308,86,36
APP_8519,OFC_393,Lucknow,Income Certificate,27,35.20546049473319,798,791,7,46
APP_8520,OFC_847,Tezpur,Birth Certificate,34,9.964697258566517,538,459,79,58
APP_8521,OFC_760,Junagadh,Death Certificate,17,11.284809976478735,772,742,30,38
APP_8522,OFC_63,Sagar,Birth Certificate,22,16.906773449234237,1487,1415,72,58
APP_8523,OFC_793,Nagpur,Death Certificate,42,18.487959488520666,3255,3228,27,49
APP_8524,OFC_523,Howrah,Marriage Certificate,36,55.45877142659584,482,432,50,51
APP_8525,OFC_757,Srinagar,Income Certificate,34,12.927575740956966,5401,5390,11,51
APP_8526,OFC_857,Malda,Birth Certificate,12,29.747795200324155,238,165,73,35
APP_8527,OFC_252,Bhagalpur,Death Certificate,48,37.32004642113425,1833,1778,55,46
APP_8528,OFC_631,Gulbarga,Marriage Certificate,31,18.70277199656265,253,186,67,40
APP_8529,OFC_494,Begusarai,Death Certificate,14,48.2505817669313,207,187,20,52
APP_8530,OFC_409,Dibrugarh,Marriage Certificate,21,8.40901249313566,2022,1973,49,52
APP_8531,OFC_170,Mokokchung,Income Certificate,13,49.6567477558424,273,187,86,47
APP_8532,OFC_977,West Delhi,Domicile Certificate,35,6.88120500330009,10584,10554,30,50
APP_8533,OFC_420,Kota,Marriage Certificate,34,45.54666561897322,347,278,69,38
APP_8534,OFC_674,Vadodara,Caste Certificate,35,21.775964143824837,3130,3048,82,46
APP_8535,OFC_788,Rajkot,Domicile Certificate,42,20.28000606279739,3558,3546,12,56
APP_8536,OFC_836,Kailashahar,Death Certificate,27,46.52279380547004,153,89,64,38
APP_8537,OFC_880,Agartala,Domicile Certificate,23,48.26788896570183,711,659,52,53
APP_8538,OFC_813,Ludhiana,Birth Certificate,12,12.748272366083093,731,717,14,36
APP_8539,OFC_858,Giridih,Domicile Certificate,15,29.201789169076942,869,809,60,46
APP_8540,OFC_253,Sikar,Death Certificate,8,23.34435065812412,400,338,62,45
APP_8541,OFC_996,Kanpur,Death Certificate,9,36.351249781098645,410,389,21,35
APP_8542,OFC_740,Kohima,Marriage Certificate,15,18.1843052920046,840,802,38,38
APP_8543,OFC_682,Ahmedabad,Caste Certificate,5,33.88243738383909,286,285,1,42
APP_8544,OFC_819,Mangan,Domicile Certificate,27,41.51380780712737,1302,1273,29,55
APP_8545,OFC_825,Dehradun,Birth Certificate,12,20.876799645671998,1363,1264,99,57
APP_8546,OFC_481,Churachandpur,Death Certificate,18,5.3724654967494025,5526,5499,27,30
APP_8547,OFC_96,Gaya,Income Certificate,31,42.861928045703245,867,784,83,33
APP_8548,OFC_46,Dhanbad,Marriage Certificate,9,32.36385852057957,305,285,20,31
APP_8549,OFC_133,Lunglei,Marriage Certificate,28,53.09395079649568,342,304,38,35
APP_8550,OFC_174,Darjeeling,Marriage Certificate,46,44.36410187390919,2171,2112,59,42
APP_8551,OFC_323,Manali,Income Certificate,17,35.651238002478365,749,705,44,45
APP_8552,OFC_546,Arrah,Birth Certificate,42,48.098978362985854,1560,1511,49,30
APP_8553,OFC_396,Ramgarh,Death Certificate,9,55.99715812796493,379,314,65,42
APP_8554,OFC_534,Ratlam,Death Certificate,9,31.438529926519653,321,313,8,59
APP_8555,OFC_513,Hyderabad,Income Certificate,19,18.58024063707932,772,677,95,43
APP_8556,OFC_667,Tumkur,Income Certificate,30,55.28598546593686,943,854,89,51
APP_8557,OFC_508,Ghaziabad,Death Certificate,34,25.39592926154078,2021,1948,73,52
APP_8558,OFC_837,Amini,Income Certificate,19,45.13317148353428,136,115,21,33
APP_8559,OFC_476,Alwar,Birth Certificate,43,47.46222284197607,906,896,10,38
APP_8560,OFC_903,Bardhaman,Birth Certificate,47,28.255534421507782,3111,3083,28,58
APP_8561,OFC_778,New Delhi,Income Certificate,9,10.718247371663956,536,530,6,43
APP_8562,OFC_142,Tirunelveli,Income Certificate,12,48.71230593641836,196,146,50,51
APP_8563,OFC_528,Bilaspur,Birth Certificate,33,57.95485606937843,847,769,78,42
APP_8564,OFC_856,Haridwar,Domicile Certificate,42,35.128684422624616,2600,2538,62,47
APP_8565,OFC_630,Central Delhi,Birth Certificate,21,40.75544440534436,773,696,77,48
APP_8566,OFC_795,Baramulla,Birth Certificate,42,35.559095854833444,1265,1220,45,39
APP_8567,OFC_485,Margao,Caste Certificate,45,51.25970249363164,1397,1389,8,41
APP_8568,OFC_642,Aizawl,Marriage Certificate,47,34.1067276597644,1374,1362,12,34
APP_8569,OFC_158,Gangtok,Domicile Certificate,6,13.339735386413867,104,27,77,35
APP_8570,OFC_738,Mapusa,Death Certificate,7,38.68631590648846,299,221,78,33
APP_8571,OFC_216,Mohali,Income Certificate,18,18.611821381970223,479,470,9,32
APP_8572,OFC_873,Bathinda,Domicile Certificate,41,11.999727514288072,2304,2221,83,49
APP_8573,OFC_724,Jalandhar,Domicile Certificate,32,52.46515176888445,540,447,93,51
APP_8574,OFC_735,Kashipur,Domicile Certificate,40,31.94809160236861,1769,1734,35,47
APP_8575,OFC_482,Vellore,Domicile Certificate,22,46.21321706630073,245,236,9,53
APP_8576,OFC_102,Siliguri,Caste Certificate,10,58.76563073426581,205,176,29,47
APP_8577,OFC_900,Ajmer,Income Certificate,37,14.202035878297815,5418,5369,49,48
APP_8578,OFC_206,Minicoy,Death Certificate,28,49.49504809959371,539,521,18,53
APP_8579,OFC_376,Dharamshala,Domicile Certificate,25,58.47064821143231,269,237,32,47
APP_8580,OFC_269,Varanasi,Caste Certificate,38,31.297628127316887,2494,2418,76,41
APP_8581,OFC_703,Bhilwara,Death Certificate,38,52.22565247539518,580,528,52,56
APP_8582,OFC_734,Tuensang,Marriage Certificate,25,5.669929996954504,10998,10929,69,54
APP_8583,OFC_969,Havelock,Domicile Certificate,40,41.92590769015354,1201,1176,25,54
APP_8584,OFC_370,Diglipur,Birth Certificate,39,58.990753057352784,1032,972,60,45
APP_8585,OFC_320,Anantnag,Birth Certificate,27,18.602390992763567,2992,2919,73,49
APP_8586,OFC_514,Kolhapur,Marriage Certificate,33,9.884493509472597,2789,2767,22,32
APP_8587,OFC_344,Nanded,Domicile Certificate,22,29.73404899890116,1122,1086,36,36
APP_8588,OFC_937,Jaipur,Caste Certificate,30,13.106241460978584,2688,2669,19,31
APP_8589,OFC_169,Purnia,Birth Certificate,5,47.566393457711385,331,290,41,49
APP_8590,OFC_428,Bhopal,Domicile Certificate,29,56.0330547613194,933,885,48,47
APP_8591,OFC_364,Bhavnagar,Income Certificate,9,41.2762425920257,381,326,55,39
APP_8592,OFC_877,Mahbubnagar,Caste Certificate,39,38.0537184767779,1954,1900,54,48
APP_8593,OFC_843,Darbhanga,Caste Certificate,47,47.16020999747194,1124,1027,97,41
APP_8594,OFC_502,Thane,Caste Certificate,9,33.40101535568502,137,59,78,37
APP_8595,OFC_527,Kolkata,Birth Certificate,44,25.966988755699276,3700,3645,55,42
APP_8596,OFC_268,Leh,Income Certificate,21,46.74713626298637,707,629,78,41
APP_8597,OFC_462,Durgapur,Income Certificate,44,43.75198074519416,898,805,93,40
APP_8598,OFC_603,Chennai,Birth Certificate,36,45.28425095222119,900,874,26,55
APP_8599,OFC_645,Amritsar,Domicile Certificate,42,40.6578773665903,1015,926,89,34
APP_8600,OFC_595,Tiruchirapalli,Death Certificate,14,37.235068641778255,334,326,8,49
APP_8601,OFC_751,Shimla,Death Certificate,19,21.123152589059035,967,931,36,44
APP_8602,OFC_974,Jamnagar,Domicile Certificate,46,44.8626592191307,471,418,53,38
APP_8603,OFC_25,Amravati,Domicile Certificate,6,43.43152723002552,150,91,59,41
APP_8604,OFC_164,Mumbai,Marriage Certificate,35,22.239518594930185,2185,2180,5,53
APP_8605,OFC_343,Nongpoh,Marriage Certificate,12,42.23911549522238,268,201,67,53
APP_8606,OFC_521,Hazaribagh,Birth Certificate,31,49.167694467816624,1117,1060,57,52
APP_8607,OFC_130,Thoothukudi,Caste Certificate,6,17.16591783204437,365,338,27,54
APP_8608,OFC_407,North Delhi,Birth Certificate,12,54.66213441044976,149,114,35,37
APP_8609,OFC_285,Shimoga,Caste Certificate,48,7.072147123376249,13139,13062,77,33
APP_8610,OFC_820,Khammam,Domicile Certificate,35,31.19924029748865,1469,1394,75,50
APP_8611,OFC_832,Naharlagun,Domicile Certificate,39,40.427575669087126,818,785,33,59
APP_8612,OFC_237,Bikaner,Marriage Certificate,18,39.0802532714832,607,537,70,41
APP_8613,OFC_179,Ranchi,Caste Certificate,35,21.638333007872536,3037,3033,4,34
APP_8614,OFC_992,South Delhi,Death Certificate,35,7.34948116359064,3321,3318,3,37
APP_8615,OFC_902,Medinipur,Marriage Certificate,37,23.9657039903474,1113,1050,63,46
APP_8616,OFC_921,Port Blair,Caste Certificate,48,34.941478405448585,1875,1815,60,55
APP_8617,OFC_589,Geyzing,Domicile Certificate,11,17.90249779340235,231,218,13,30
APP_8618,OFC_596,Tura,Domicile Certificate,30,26.84848769028407,3817,3760,57,59
APP_8619,OFC_75,Mandi,Caste Certificate,26,8.644315771447399,2891,2881,10,59
APP_8620,OFC_575,Pathankot,Birth Certificate,19,35.51790489823585,942,858,84,38
APP_8621,OFC_321,Hubli,Death Certificate,30,35.60757473524755,1852,1830,22,57
APP_8622,OFC_709,Dharmanagar,Income Certificate,31,28.95461185608849,206,153,53,34
APP_8623,OFC_515,Erode,Caste Certificate,30,32.132584627708894,2042,2008,34,53
APP_8624,OFC_746,Nainital,Marriage Certificate,41,18.683057860158527,4281,4232,49,35
APP_8625,OFC_889,Anand,Death Certificate,6,15.716491419490616,637,636,1,48
APP_8626,OFC_714,Agatti,Marriage Certificate,13,25.637127597558965,124,54,70,36
APP_8627,OFC_663,Udaipur,Caste Certificate,31,16.036890745688318,5278,5250,28,58
APP_8628,OFC_389,Meerut,Marriage Certificate,42,20.22047583001621,3674,3604,70,51
APP_8629,OFC_46,Deoghar,Birth Certificate,40,43.92464588016898,681,659,22,56
APP_8630,OFC_703,Surat,Income Certificate,26,7.519757892480684,1076,997,79,50
APP_8631,OFC_3,Kathua,Birth Certificate,49,30.739159846168413,1729,1644,85,38
APP_8632,OFC_861,Gorakhpur,Caste Certificate,25,56.388647192525,754,744,10,58
APP_8633,OFC_351,Gandhinagar,Marriage Certificate,44,32.17811134612969,586,537,49,33
APP_8634,OFC_856,Belgaum,Marriage Certificate,46,49.71338622382897,1204,1114,90,42
APP_8635,OFC_442,Jammu,Income Certificate,21,8.13725414720335,1948,1905,43,44
APP_8636,OFC_706,Davanagere,Marriage Certificate,10,14.24533048576404,964,886,78,35
APP_8637,OFC_422,Asansol,Income Certificate,18,10.366489724651863,3485,3460,25,57
APP_8638,OFC_246,Mangalore,Caste Certificate,43,15.348393091546468,4480,4409,71,47
APP_8639,OFC_167,Jamshedpur,Birth Certificate,28,49.26093160618902,514,487,27,49
APP_8640,OFC_397,Udhampur,Domicile Certificate,49,58.05645467988697,881,818,63,45
APP_8641,OFC_817,Roorkee,Birth Certificate,23,7.544766780489763,8135,8125,10,52
APP_8642,OFC_630,Adilabad,Death Certificate,33,33.58356908288546,1580,1553,27,43
APP_8643,OFC_337,Guwahati,Death Certificate,19,25.850535964446347,1788,1724,64,52
APP_8644,OFC_395,Pasighat,Caste Certificate,32,23.08737928125392,2508,2466,42,47
APP_8645,OFC_586,Aurangabad,Marriage Certificate,34,51.64955003790816,449,416,33,42
APP_8646,OFC_804,Panaji,Income Certificate,44,52.71143310614215,1286,1273,13,53
APP_8647,OFC_397,Satna,Birth Certificate,28,18.933745945446816,1473,1445,28,41
APP_8648,OFC_510,Madurai,Income Certificate,12,55.60911932158025,287,239,48,34
APP_8649,OFC_799,Vasco da Gama,Income Certificate,29,49.93228608864424,632,627,5,47
APP_8650,OFC_676,Dimapur,Marriage Certificate,7,58.14957439293805,161,100,61,38
APP_8651,OFC_514,Delhi,Caste Certificate,12,24.33402801559472,1286,1272,14,46
APP_8652,OFC_410,Rudrapur,Death Certificate,12,23.996934432795623,465,394,71,44
APP_8653,OFC_128,Indore,Caste Certificate,27,22.693695388040386,1183,1105,78,42
APP_8654,OFC_674,Allahabad,Caste Certificate,40,43.98098839487414,562,477,85,42
APP_8655,OFC_448,Haldwani,Marriage Certificate,28,36.18804171616861,585,560,25,47
APP_8656,OFC_779,Patna,Income Certificate,44,31.399142551928104,1903,1899,4,38
APP_8657,OFC_464,Champhai,Income Certificate,45,45.19515691659824,865,846,19,53
APP_8658,OFC_130,Jorhat,Caste Certificate,40,35.839704969239286,1974,1961,13,36
APP_8659,OFC_839,Itanagar,Domicile Certificate,29,52.61654356363732,748,658,90,38
APP_8660,OFC_145,Shillong,Income Certificate,9,27.31532619615631,553,537,16,53
APP_8661,OFC_937,Solan,Caste Certificate,35,15.985734018159077,5382,5335,47,56
APP_8662,OFC_137,Jowai,Income Certificate,19,33.18571492299032,833,773,60,53
APP_8663,OFC_524,Namchi,Income Certificate,9,35.304735038742976,395,368,27,49
APP_8664,OFC_986,Bishnupur,Domicile Certificate,14,32.58450321666146,678,630,48,32
APP_8665,OFC_28,Rewa,Income Certificate,11,56.47994785668204,212,117,95,41
APP_8666,OFC_928,Agra,Marriage Certificate,26,39.49943677634375,1685,1668,17,57
APP_8667,OFC_252,Bangalore,Domicile Certificate,41,40.47314776471863,3416,3338,78,58
APP_8668,OFC_735,Solapur,Income Certificate,44,25.08049493880455,1512,1443,69,53
APP_8669,OFC_547,Silchar,Marriage Certificate,34,55.98210242205078,906,824,82,59
APP_8670,OFC_174,Nashik,Caste Certificate,16,29.269863090585456,1280,1233,47,41
APP_8671,OFC_922,Mysore,Marriage Certificate,45,11.818993751990966,5447,5386,61,48
APP_8672,OFC_53,Coimbatore,Marriage Certificate,35,23.52145938040336,4228,4134,94,59
APP_8673,OFC_681,Katihar,Marriage Certificate,18,8.936701437604448,822,771,51,39
APP_8674,OFC_717,Bareilly,Caste Certificate,41,52.98235392824468,1402,1379,23,41
APP_8675,OFC_107,Jodhpur,Birth Certificate,22,23.020289886483308,1243,1148,95,48
APP_8676,OFC_361,Bokaro,Birth Certificate,5,44.798141083408325,175,152,23,37
APP_8677,OFC_972,Jabalpur,Marriage Certificate,22,58.51288715042443,475,400,75,41
APP_8678,OFC_615,East Delhi,Marriage Certificate,37,41.67963472276888,1856,1782,74,44
APP_8679,OFC_333,Karimnagar,Income Certificate,14,14.478474334980092,1291,1274,17,32
APP_8680,OFC_238,Serchhip,Income Certificate,29,50.91109316025447,1025,987,38,56
APP_8681,OFC_892,Rangareddy,Birth Certificate,36,6.851991031470092,3357,3357,0,35
APP_8682,OFC_725,Salem,Caste Certificate,21,19.694622757938436,2369,2292,77,46
APP_8683,OFC_399,Kavaratti,Income Certificate,48,22.607092898843423,5151,5144,7,58
APP_8684,OFC_124,Dispur,Birth Certificate,49,5.913897594009615,16812,16750,62,53
APP_8685,OFC_507,Thoubal,Death Certificate,45,55.933373927095154,2323,2225,98,56
APP_8686,OFC_918,Chandigarh,Domicile Certificate,5,56.177507011665455,238,142,96,37
APP_8687,OFC_161,Nagaon,Marriage Certificate,29,48.18198322001055,731,705,26,53
APP_8688,OFC_74,Udaipur (Tripura),Income Certificate,28,46.37571475192047,204,192,12,48
APP_8689,OFC_786,Warangal,Birth Certificate,12,53.41002223979842,421,358,63,52
APP_8690,OFC_435,Muzaffarpur,Caste Certificate,29,43.28403971780048,756,694,62,30
APP_8691,OFC_698,Ujjain,Birth Certificate,8,31.708750301759704,333,329,4,43
APP_8692,OFC_393,Imphal,Birth Certificate,48,42.76508911121904,812,797,15,34
APP_8693,OFC_606,Patiala,Marriage Certificate,23,23.839650047513903,1123,1089,34,47
APP_8694,OFC_987,Gwalior,Domicile Certificate,6,14.219137421431926,490,440,50,43
APP_8695,OFC_602,Nizamabad,Marriage Certificate,12,43.074894721117445,539,509,30,37
APP_8696,OFC_974,Pune,Income Certificate,43,47.31579346147027,2383,2310,73,54
APP_8697,OFC_414,Tawang,Marriage Certificate,45,56.90319863944791,2089,2077,12,52
APP_8698,OFC_953,Kullu,Death Certificate,12,46.99039295980021,155,65,90,37
APP_8699,OFC_510,Mayabunder,Caste Certificate,12,6.6287218334737394,2893,2839,54,41
APP_8700,OFC_537,Lucknow,Domicile Certificate,43,23.41090903351113,1466,1449,17,36
APP_8701,OFC_962,Tezpur,Marriage Certificate,24,58.25004883426483,592,579,13,31
APP_8702,OFC_336,Junagadh,Marriage Certificate,49,18.621402858856005,1627,1595,32,38
APP_8703,OFC_367,Sagar,Caste Certificate,6,14.767429565166587,704,617,87,43
APP_8704,OFC_614,Nagpur,Income Certificate,31,42.77132107711646,1542,1517,25,39
APP_8705,OFC_455,Howrah,Death Certificate,30,36.23758860902311,778,682,96,34
APP_8706,OFC_938,Srinagar,Income Certificate,45,25.770920340251827,2807,2727,80,53
APP_8707,OFC_265,Malda,Death Certificate,17,25.220662010365015,1389,1327,62,56
APP_8708,OFC_495,Bhagalpur,Marriage Certificate,48,45.83198534588092,927,838,89,56
APP_8709,OFC_968,Gulbarga,Birth Certificate,12,30.602807361044757,438,376,62,31
APP_8710,OFC_67,Begusarai,Caste Certificate,34,5.906667541455048,12751,12683,68,54
APP_8711,OFC_902,Dibrugarh,Income Certificate,28,43.11094253667673,1645,1628,17,54
APP_8712,OFC_869,Mokokchung,Birth Certificate,30,8.255274739446001,1169,1156,13,30
APP_8713,OFC_164,West Delhi,Income Certificate,19,46.84706611886199,701,660,41,45
APP_8714,OFC_270,Kota,Domicile Certificate,37,45.44950869506359,513,479,34,34
APP_8715,OFC_492,Vadodara,Caste Certificate,46,20.929416487237702,3186,3101,85,34
APP_8716,OFC_849,Rajkot,Birth Certificate,23,24.4122995450751,2168,2082,86,47
APP_8717,OFC_734,Kailashahar,Marriage Certificate,9,51.12905276769368,329,239,90,32
APP_8718,OFC_197,Agartala,Domicile Certificate,21,16.30115636519372,1702,1643,59,43
APP_8719,OFC_744,Ludhiana,Death Certificate,34,6.187558281983659,9503,9405,98,49
APP_8720,OFC_459,Giridih,Marriage Certificate,49,46.79204103682316,1677,1600,77,44
APP_8721,OFC_202,Sikar,Income Certificate,42,42.03952978464481,1590,1518,72,45
APP_8722,OFC_78,Kanpur,Marriage Certificate,13,9.728695041745503,3247,3166,81,54
APP_8723,OFC_369,Kohima,Birth Certificate,22,16.839060396366154,1697,1634,63,41
APP_8724,OFC_406,Ahmedabad,Birth Certificate,6,22.05595877303892,507,495,12,45
APP_8725,OFC_106,Mangan,Caste Certificate,21,25.74434667803026,670,624,46,51
APP_8726,OFC_464,Dehradun,Domicile Certificate,47,32.66044197853599,2762,2747,15,38
APP_8727,OFC_85,Churachandpur,Birth Certificate,6,38.297818809232325,302,243,59,51
APP_8728,OFC_405,Gaya,Marriage Certificate,17,46.573134095317336,106,72,34,54
APP_8729,OFC_717,Dhanbad,Birth Certificate,16,53.22921340074378,236,177,59,44
APP_8730,OFC_704,Lunglei,Marriage Certificate,34,36.25541250693348,2975,2938,37,54
APP_8731,OFC_215,Darjeeling,Death Certificate,46,45.684887566745125,739,672,67,58
APP_8732,OFC_488,Manali,Domicile Certificate,15,43.68931437599272,571,544,27,40
APP_8733,OFC_394,Arrah,Domicile Certificate,13,28.0664638929638,1180,1142,38,59
APP_8734,OFC_246,Ramgarh,Marriage Certificate,41,24.14230539909876,3343,3253,90,51
APP_8735,OFC_127,Ratlam,Domicile Certificate,6,40.5066269745971,146,139,7,34
APP_8736,OFC_261,Hyderabad,Caste Certificate,35,46.18075958208536,291,234,57,30
APP_8737,OFC_18,Tumkur,Marriage Certificate,49,38.47828573957628,658,610,48,49
APP_8738,OFC_610,Ghaziabad,Marriage Certificate,36,52.829145408949984,575,495,80,36
APP_8739,OFC_520,Amini,Birth Certificate,16,25.71825194598884,1132,1096,36,41
APP_8740,OFC_377,Alwar,Income Certificate,17,14.041776920842748,1383,1310,73,39
APP_8741,OFC_213,Bardhaman,Death Certificate,37,22.700626818066794,3208,3148,60,36
APP_8742,OFC_793,New Delhi,Death Certificate,16,48.27279478470542,447,436,11,30
APP_8743,OFC_568,Tirunelveli,Domicile Certificate,41,18.780250741475825,3739,3678,61,53
APP_8744,OFC_593,Bilaspur,Domicile Certificate,5,46.44888250966402,246,226,20,57
APP_8745,OFC_802,Haridwar,Caste Certificate,14,59.95666785832422,297,283,14,38
APP_8746,OFC_48,Central Delhi,Income Certificate,20,48.594184300106015,343,336,7,35
APP_8747,OFC_746,Baramulla,Death Certificate,8,45.91974126465544,186,105,81,54
APP_8748,OFC_244,Margao,Caste Certificate,33,55.22256545174516,638,591,47,30
APP_8749,OFC_978,Aizawl,Death Certificate,38,37.481998970205694,2794,2766,28,53
APP_8750,OFC_296,Gangtok,Income Certificate,36,14.666885086388996,3661,3616,45,39
APP_8751,OFC_206,Mapusa,Caste Certificate,35,39.68645920044523,1996,1966,30,57
APP_8752,OFC_454,Mohali,Death Certificate,17,14.886227601209669,2231,2135,96,56
APP_8753,OFC_491,Bathinda,Domicile Certificate,17,8.596825364123045,4247,4184,63,42
APP_8754,OFC_249,Jalandhar,Marriage Certificate,17,53.6288331580635,580,538,42,39
APP_8755,OFC_93,Kashipur,Caste Certificate,16,28.113681107263623,1005,989,16,31
APP_8756,OFC_967,Vellore,Domicile Certificate,24,36.26052513417349,1218,1128,90,41
APP_8757,OFC_742,Siliguri,Caste Certificate,24,20.567986925664115,2289,2249,40,42
APP_8758,OFC_806,Ajmer,Birth Certificate,31,43.19830176692412,1189,1181,8,38
APP_8759,OFC_657,Minicoy,Income Certificate,37,57.07629178314921,1678,1629,49,51
APP_8760,OFC_79,Dharamshala,Income Certificate,6,30.20435329323732,310,222,88,35
APP_8761,OFC_541,Varanasi,Caste Certificate,9,55.123813447575095,170,79,91,41
APP_8762,OFC_392,Bhilwara,Income Certificate,35,32.31053193957516,2072,2060,12,56
APP_8763,OFC_241,Tuensang,Death Certificate,37,32.95747951537473,588,489,99,30
APP_8764,OFC_205,Havelock,Domicile Certificate,9,36.87007156223953,245,171,74,34
APP_8765,OFC_707,Diglipur,Income Certificate,26,25.52371676087132,742,716,26,47
APP_8766,OFC_889,Anantnag,Domicile Certificate,35,21.17484188593532,2395,2318,77,53
APP_8767,OFC_538,Kolhapur,Income Certificate,26,55.79635369603999,491,444,47,54
APP_8768,OFC_869,Nanded,Marriage Certificate,27,55.89999672209579,491,457,34,42
APP_8769,OFC_370,Jaipur,Domicile Certificate,47,54.91389534598076,1580,1517,63,42
APP_8770,OFC_388,Purnia,Birth Certificate,12,51.0056608527439,299,211,88,51
APP_8771,OFC_575,Bhopal,Birth Certificate,21,11.564781938502858,2220,2157,63,47
APP_8772,OFC_788,Bhavnagar,Marriage Certificate,18,51.79851650301265,419,342,77,40
APP_8773,OFC_240,Mahbubnagar,Marriage Certificate,12,16.14758958935052,1665,1659,6,45
APP_8774,OFC_595,Darbhanga,Birth Certificate,29,56.28646940918862,383,322,61,59
APP_8775,OFC_631,Thane,Income Certificate,46,36.12168292537554,1521,1507,14,45
APP_8776,OFC_529,Kolkata,Birth Certificate,16,32.28945076709418,1505,1441,64,55
APP_8777,OFC_707,Leh,Death Certificate,47,57.94808893697037,1614,1522,92,44
APP_8778,OFC_226,Durgapur,Income Certificate,41,33.20803771235527,3012,2962,50,51
APP_8779,OFC_37,Chennai,Death Certificate,27,17.694217638886688,1846,1779,67,43
APP_8780,OFC_386,Amritsar,Death Certificate,29,53.287712065580976,1442,1355,87,45
APP_8781,OFC_287,Tiruchirapalli,Income Certificate,36,58.74683901540351,1416,1391,25,52
APP_8782,OFC_1,Shimla,Caste Certificate,17,13.72737440113901,1873,1786,87,56
APP_8783,OFC_325,Jamnagar,Income Certificate,26,7.762742181918479,4076,3978,98,46
APP_8784,OFC_958,Amravati,Domicile Certificate,41,55.1375957762453,2079,1982,97,56
APP_8785,OFC_713,Mumbai,Death Certificate,24,36.337517209539406,1708,1624,84,56
APP_8786,OFC_156,Nongpoh,Income Certificate,31,9.140458972872482,2866,2806,60,42
APP_8787,OFC_113,Hazaribagh,Domicile Certificate,6,48.38633485311872,224,173,51,53
APP_8788,OFC_313,Thoothukudi,Domicile Certificate,25,20.97030764612117,2322,2302,20,51
APP_8789,OFC_788,North Delhi,Marriage Certificate,8,48.05561098467262,209,111,98,36
APP_8790,OFC_344,Shimoga,Birth Certificate,32,39.12679916504497,1857,1794,63,46
APP_8791,OFC_896,Khammam,Birth Certificate,48,10.099693927983449,6094,6023,71,33
APP_8792,OFC_363,Naharlagun,Income Certificate,8,40.13153496202083,145,58,87,41
APP_8793,OFC_234,Bikaner,Death Certificate,11,54.44005032386146,346,260,86,35
APP_8794,OFC_886,Ranchi,Marriage Certificate,17,12.128080592801496,2346,2305,41,31
APP_8795,OFC_838,South Delhi,Income Certificate,36,20.78143391242705,1334,1317,17,37
APP_8796,OFC_222,Medinipur,Death Certificate,41,34.95040850520785,1947,1880,67,52
APP_8797,OFC_545,Port Blair,Birth Certificate,17,39.353498780285896,413,321,92,43
APP_8798,OFC_117,Geyzing,Income Certificate,36,26.360872914485935,3089,3077,12,50
APP_8799,OFC_710,Tura,Caste Certificate,26,39.92512780762356,1367,1340,27,50
APP_8800,OFC_216,Mandi,Domicile Certificate,35,48.56018642224683,975,931,44,46
APP_8801,OFC_656,Pathankot,Caste Certificate,24,14.201161439777458,1489,1399,90,37
APP_8802,OFC_181,Hubli,Income Certificate,42,35.086622971213764,2101,2086,15,54
APP_8803,OFC_797,Dharmanagar,Caste Certificate,37,46.193890556160746,262,192,70,38
APP_8804,OFC_464,Erode,Marriage Certificate,18,16.080332305354077,1554,1461,93,43
APP_8805,OFC_762,Nainital,Birth Certificate,22,5.331848626350769,10626,10622,4,48
APP_8806,OFC_92,Anand,Domicile Certificate,28,5.359901097435082,4799,4741,58,32
APP_8807,OFC_835,Agatti,Caste Certificate,22,23.36440165346529,609,526,83,46
APP_8808,OFC_287,Udaipur,Caste Certificate,9,42.08539039452158,406,371,35,40
APP_8809,OFC_399,Meerut,Domicile Certificate,6,18.87966506451397,420,382,38,38
APP_8810,OFC_465,Deoghar,Caste Certificate,8,56.839981063225466,371,328,43,58
APP_8811,OFC_209,Surat,Birth Certificate,21,28.45101925693131,644,600,44,35
APP_8812,OFC_961,Kathua,Income Certificate,45,33.73631658334055,1292,1258,34,42
APP_8813,OFC_808,Gorakhpur,Domicile Certificate,28,52.58582627480799,570,533,37,57
APP_8814,OFC_481,Gandhinagar,Birth Certificate,48,43.14000071701865,1078,1003,75,32
APP_8815,OFC_865,Belgaum,Death Certificate,22,23.589506455684035,2266,2200,66,45
APP_8816,OFC_642,Jammu,Domicile Certificate,39,55.55783272415999,912,816,96,38
APP_8817,OFC_319,Davanagere,Income Certificate,25,42.18263580197306,675,599,76,33
APP_8818,OFC_417,Asansol,Death Certificate,41,36.37781197426823,2442,2428,14,55
APP_8819,OFC_93,Mangalore,Caste Certificate,6,48.339370091584975,171,104,67,39
APP_8820,OFC_403,Jamshedpur,Death Certificate,23,50.83863057203348,1012,927,85,48
APP_8821,OFC_935,Udhampur,Marriage Certificate,16,39.32251734426139,570,570,0,50
APP_8822,OFC_975,Roorkee,Caste Certificate,49,44.31667689507184,1355,1328,27,49
APP_8823,OFC_229,Adilabad,Caste Certificate,25,41.95315714350965,878,788,90,30
APP_8824,OFC_418,Guwahati,Birth Certificate,27,18.7060122621528,2197,2118,79,30
APP_8825,OFC_872,Pasighat,Death Certificate,18,46.53606315247694,635,587,48,54
APP_8826,OFC_360,Aurangabad,Income Certificate,12,13.920720964795084,2240,2180,60,53
APP_8827,OFC_951,Panaji,Caste Certificate,6,46.53025650162864,193,193,0,40
APP_8828,OFC_182,Satna,Caste Certificate,14,46.3360446296251,631,618,13,42
APP_8829,OFC_604,Madurai,Income Certificate,24,30.89420079385773,852,836,16,58
APP_8830,OFC_965,Vasco da Gama,Caste Certificate,12,30.032936387770977,586,553,33,43
APP_8831,OFC_830,Dimapur,Birth Certificate,14,27.71136024162101,1213,1172,41,43
APP_8832,OFC_341,Delhi,Birth Certificate,7,22.1652140033358,499,418,81,35
APP_8833,OFC_702,Rudrapur,Marriage Certificate,6,29.57569539669069,266,186,80,30
APP_8834,OFC_533,Indore,Income Certificate,27,6.452992403192583,9355,9311,44,47
APP_8835,OFC_600,Allahabad,Marriage Certificate,6,6.020069508162456,594,570,24,55
APP_8836,OFC_416,Haldwani,Income Certificate,28,8.973183160382312,5689,5662,27,53
APP_8837,OFC_858,Patna,Domicile Certificate,31,31.8388870258156,542,457,85,54
APP_8838,OFC_822,Champhai,Caste Certificate,27,18.48081541298676,387,289,98,35
APP_8839,OFC_334,Jorhat,Birth Certificate,6,5.189643544218301,1381,1381,0,48
APP_8840,OFC_573,Itanagar,Income Certificate,42,55.26857896657333,261,215,46,39
APP_8841,OFC_42,Shillong,Caste Certificate,31,46.64533499207366,1180,1173,7,37
APP_8842,OFC_763,Solan,Death Certificate,21,46.933826499620224,94,59,35,35
APP_8843,OFC_280,Jowai,Domicile Certificate,10,59.082558116837816,267,218,49,57
APP_8844,OFC_628,Namchi,Caste Certificate,11,48.67672532405248,208,121,87,30
APP_8845,OFC_920,Bishnupur,Marriage Certificate,30,7.343232252857139,7700,7662,38,53
APP_8846,OFC_480,Rewa,Birth Certificate,37,40.1300472336731,1192,1183,9,51
APP_8847,OFC_109,Agra,Death Certificate,33,22.793766074405536,590,535,55,33
APP_8848,OFC_966,Bangalore,Birth Certificate,38,16.190240975483235,2524,2470,54,55
APP_8849,OFC_696,Solapur,Income Certificate,30,41.25633323549899,1375,1303,72,46
APP_8850,OFC_810,Silchar,Death Certificate,49,37.33358423771972,1848,1751,97,33
APP_8851,OFC_822,Nashik,Death Certificate,7,35.756429621676304,357,310,47,30
APP_8852,OFC_690,Mysore,Income Certificate,49,33.57053580267305,3085,3034,51,43
APP_8853,OFC_286,Coimbatore,Marriage Certificate,49,28.488978229035585,1848,1831,17,49
APP_8854,OFC_907,Katihar,Caste Certificate,34,52.20956213400279,1420,1372,48,56
APP_8855,OFC_361,Bareilly,Domicile Certificate,29,21.522822278032443,966,962,4,37
APP_8856,OFC_752,Jodhpur,Income Certificate,28,45.56655409471281,586,493,93,31
APP_8857,OFC_958,Bokaro,Domicile Certificate,17,25.232028617579854,668,638,30,35
APP_8858,OFC_904,Jabalpur,Domicile Certificate,17,47.457838737297415,398,375,23,34
APP_8859,OFC_438,East Delhi,Marriage Certificate,43,10.20538850563406,4552,4545,7,43
APP_8860,OFC_222,Karimnagar,Birth Certificate,43,28.995154644122685,547,525,22,57
APP_8861,OFC_723,Serchhip,Death Certificate,23,32.53027821218724,1042,1038,4,58
APP_8862,OFC_171,Rangareddy,Death Certificate,28,23.879330687815887,2184,2177,7,40
APP_8863,OFC_931,Salem,Domicile Certificate,8,16.16595720367394,362,332,30,36
APP_8864,OFC_734,Kavaratti,Income Certificate,31,19.283653194161573,2724,2686,38,43
APP_8865,OFC_292,Dispur,Income Certificate,40,58.15109157467192,2179,2133,46,55
APP_8866,OFC_363,Thoubal,Marriage Certificate,16,27.31923604875566,745,646,99,47
APP_8867,OFC_291,Chandigarh,Death Certificate,47,20.30886604490696,2070,2037,33,38
APP_8868,OFC_724,Nagaon,Domicile Certificate,27,45.09807722906116,1479,1388,91,55
APP_8869,OFC_956,Udaipur (Tripura),Income Certificate,37,10.109856272976742,7518,7515,3,58
APP_8870,OFC_367,Warangal,Birth Certificate,20,44.99631702360181,633,576,57,37
APP_8871,OFC_166,Muzaffarpur,Birth Certificate,15,58.917067840666256,307,299,8,43
APP_8872,OFC_174,Ujjain,Income Certificate,38,20.198405618883054,190,172,18,51
APP_8873,OFC_660,Imphal,Marriage Certificate,20,54.55288503306861,821,771,50,51
APP_8874,OFC_959,Patiala,Birth Certificate,48,15.02121871285792,6223,6181,42,59
APP_8875,OFC_89,Gwalior,Domicile Certificate,28,54.22370684706704,1312,1312,0,48
APP_8876,OFC_922,Nizamabad,Income Certificate,44,13.937526429037169,3062,2993,69,35
APP_8877,OFC_329,Pune,Income Certificate,22,26.24086649074956,2112,2098,14,52
APP_8878,OFC_799,Tawang,Domicile Certificate,20,46.752162142172935,1137,1128,9,50
APP_8879,OFC_997,Kullu,Income Certificate,47,30.261542098127403,3188,3173,15,48
APP_8880,OFC_396,Mayabunder,Death Certificate,19,30.118098469205812,234,172,62,37
APP_8881,OFC_122,Lucknow,Caste Certificate,13,39.77808498262927,844,818,26,51
APP_8882,OFC_629,Tezpur,Income Certificate,10,10.922458795064252,2032,1990,42,53
APP_8883,OFC_163,Junagadh,Birth Certificate,14,23.337383989662666,1337,1305,32,52
APP_8884,OFC_421,Sagar,Domicile Certificate,22,40.72090918030604,554,540,14,32
APP_8885,OFC_993,Nagpur,Death Certificate,43,11.920304039778282,4480,4433,47,33
APP_8886,OFC_435,Howrah,Marriage Certificate,14,25.436165102323063,153,151,2,45
APP_8887,OFC_460,Srinagar,Caste Certificate,44,46.29292857066572,992,955,37,36
APP_8888,OFC_507,Malda,Income Certificate,46,48.4048650248654,784,740,44,44
APP_8889,OFC_133,Bhagalpur,Caste Certificate,45,23.17492480268435,2104,2083,21,53
APP_8890,OFC_637,Gulbarga,Death Certificate,30,41.92589421626906,521,479,42,34
APP_8891,OFC_306,Begusarai,Caste Certificate,26,12.49913843730485,2413,2386,27,47
APP_8892,OFC_106,Dibrugarh,Domicile Certificate,49,41.55979081530474,1761,1730,31,52
APP_8893,OFC_385,Mokokchung,Birth Certificate,28,40.57837093332879,1129,1110,19,41
APP_8894,OFC_307,West Delhi,Birth Certificate,36,7.232110392206994,3590,3499,91,38
APP_8895,OFC_255,Kota,Birth Certificate,39,43.04067249557179,1949,1923,26,56
APP_8896,OFC_697,Vadodara,Birth Certificate,25,51.95775089993984,945,909,36,56
APP_8897,OFC_455,Rajkot,Marriage Certificate,37,46.478818831587446,1467,1426,41,43
APP_8898,OFC_725,Kailashahar,Income Certificate,29,38.8793459021803,1626,1594,32,59
APP_8899,OFC_989,Agartala,Caste Certificate,33,49.19652137402552,1053,999,54,30
APP_8900,OFC_641,Ludhiana,Caste Certificate,33,25.4948618837966,1747,1732,15,34
APP_8901,OFC_251,Giridih,Death Certificate,20,40.5506200694176,872,853,19,54
APP_8902,OFC_299,Sikar,Caste Certificate,24,51.22081751441405,595,560,35,41
APP_8903,OFC_563,Kanpur,Income Certificate,31,50.25098701563228,809,800,9,57
APP_8904,OFC_921,Kohima,Marriage Certificate,16,23.08524167176626,446,387,59,36
APP_8905,OFC_741,Ahmedabad,Marriage Certificate,25,51.54277679936234,488,446,42,30
APP_8906,OFC_364,Mangan,Income Certificate,29,13.573677921734031,4080,3997,83,45
APP_8907,OFC_382,Dehradun,Birth Certificate,24,38.02534240475972,1379,1308,71,50
APP_8908,OFC_918,Churachandpur,Income Certificate,47,24.80022656934068,3539,3519,20,45
APP_8909,OFC_305,Gaya,Marriage Certificate,46,26.607854773938787,1223,1223,0,51
APP_8910,OFC_793,Dhanbad,Death Certificate,29,59.57020228002543,562,481,81,47
APP_8911,OFC_399,Lunglei,Domicile Certificate,19,51.368677880547416,576,537,39,38
APP_8912,OFC_26,Darjeeling,Marriage Certificate,39,15.857825162860609,7456,7425,31,58
APP_8913,OFC_597,Manali,Birth Certificate,9,28.72227377350389,631,627,4,49
APP_8914,OFC_692,Arrah,Birth Certificate,47,26.331398765034027,3001,2920,81,57
APP_8915,OFC_361,Ramgarh,Birth Certificate,18,54.11110515647108,851,833,18,44
APP_8916,OFC_140,Ratlam,Caste Certificate,39,33.89680633821236,802,744,58,47
APP_8917,OFC_596,Hyderabad,Birth Certificate,13,36.88625469327963,591,534,57,34
APP_8918,OFC_607,Tumkur,Domicile Certificate,49,8.738396816103831,4457,4395,62,52
APP_8919,OFC_783,Ghaziabad,Domicile Certificate,39,46.82835476774834,493,408,85,40
APP_8920,OFC_19,Amini,Income Certificate,45,39.41831996920856,2151,2079,72,44
APP_8921,OFC_612,Alwar,Marriage Certificate,17,25.8257323748504,212,201,11,30
APP_8922,OFC_227,Bardhaman,Domicile Certificate,13,18.425716802320032,1613,1535,78,49
APP_8923,OFC_88,New Delhi,Domicile Certificate,44,28.458167847732376,1170,1099,71,55
APP_8924,OFC_456,Tirunelveli,Income Certificate,8,27.060645659294146,257,203,54,32
APP_8925,OFC_713,Bilaspur,Domicile Certificate,19,18.564202155931373,492,433,59,45
APP_8926,OFC_409,Haridwar,Marriage Certificate,34,31.59876053088616,2735,2665,70,56
APP_8927,OFC_784,Central Delhi,Birth Certificate,19,19.213293930752076,2639,2542,97,57
APP_8928,OFC_118,Baramulla,Death Certificate,20,18.51156151092828,1086,1053,33,45
APP_8929,OFC_824,Margao,Domicile Certificate,11,43.0534489154092,476,399,77,31
APP_8930,OFC_688,Aizawl,Birth Certificate,49,34.870633558501794,1621,1591,30,46
APP_8931,OFC_130,Gangtok,Income Certificate,11,32.91570028079204,266,257,9,33
APP_8932,OFC_496,Mapusa,Birth Certificate,8,45.6454941377021,336,316,20,53
APP_8933,OFC_456,Mohali,Marriage Certificate,31,44.71822940608701,168,141,27,43
APP_8934,OFC_630,Bathinda,Caste Certificate,27,45.06650804716229,648,599,49,42
APP_8935,OFC_56,Jalandhar,Marriage Certificate,21,23.084837222053757,774,699,75,37
APP_8936,OFC_748,Kashipur,Death Certificate,36,19.365778207412752,2865,2773,92,46
APP_8937,OFC_264,Vellore,Death Certificate,30,23.231570846167944,1081,1017,64,35
APP_8938,OFC_88,Siliguri,Caste Certificate,21,39.310508913360906,1468,1442,26,56
APP_8939,OFC_932,Ajmer,Death Certificate,15,31.145867248251776,225,157,68,53
APP_8940,OFC_353,Minicoy,Caste Certificate,32,16.349642226092833,3044,2981,63,41
APP_8941,OFC_819,Dharamshala,Caste Certificate,16,25.91562261882088,247,221,26,32
APP_8942,OFC_363,Varanasi,Marriage Certificate,13,36.72592434504855,81,38,43,56
APP_8943,OFC_291,Bhilwara,Birth Certificate,8,53.51423763796023,302,218,84,37
APP_8944,OFC_751,Tuensang,Domicile Certificate,23,53.851870006911184,929,861,68,48
APP_8945,OFC_571,Havelock,Death Certificate,35,6.728751082719072,11535,11442,93,46
APP_8946,OFC_271,Diglipur,Birth Certificate,49,48.75303897971344,1433,1376,57,46
APP_8947,OFC_860,Anantnag,Marriage Certificate,30,19.51328396422229,2136,2041,95,30
APP_8948,OFC_60,Kolhapur,Marriage Certificate,40,49.53601333021349,302,237,65,33
APP_8949,OFC_361,Nanded,Marriage Certificate,40,35.86635705197411,3094,3007,87,54
APP_8950,OFC_957,Jaipur,Marriage Certificate,36,46.37892144975266,557,507,50,37
APP_8951,OFC_2,Purnia,Caste Certificate,41,59.92232087963226,562,548,14,51
APP_8952,OFC_363,Bhopal,Domicile Certificate,43,53.10747448441237,882,862,20,52
APP_8953,OFC_160,Bhavnagar,Caste Certificate,38,29.553614252954212,517,469,48,40
APP_8954,OFC_451,Mahbubnagar,Birth Certificate,34,29.346156871875188,1393,1328,65,37
APP_8955,OFC_95,Darbhanga,Domicile Certificate,40,39.2573800213299,2115,2057,58,51
APP_8956,OFC_759,Thane,Birth Certificate,49,48.34397955031216,2456,2407,49,55
APP_8957,OFC_144,Kolkata,Domicile Certificate,23,26.834553888281494,1822,1770,52,56
APP_8958,OFC_407,Leh,Marriage Certificate,11,14.226023881280176,779,766,13,48
APP_8959,OFC_624,Durgapur,Marriage Certificate,46,33.287872584128245,1692,1656,36,36
APP_8960,OFC_341,Chennai,Income Certificate,18,21.74160180008564,1230,1198,32,50
APP_8961,OFC_907,Amritsar,Income Certificate,24,56.87351074929608,1056,1053,3,57
APP_8962,OFC_564,Tiruchirapalli,Birth Certificate,48,16.89022252840595,3908,3889,19,44
APP_8963,OFC_325,Shimla,Death Certificate,41,55.29945848288338,582,552,30,31
APP_8964,OFC_317,Jamnagar,Caste Certificate,36,7.03940707414524,4330,4290,40,42
APP_8965,OFC_707,Amravati,Death Certificate,27,35.26547431404708,1378,1319,59,58
APP_8966,OFC_821,Mumbai,Birth Certificate,6,12.703337428228014,419,418,1,42
APP_8967,OFC_477,Nongpoh,Death Certificate,37,15.436737828766,891,804,87,43
APP_8968,OFC_279,Hazaribagh,Marriage Certificate,8,28.899780508966185,138,94,44,37
APP_8969,OFC_960,Thoothukudi,Domicile Certificate,49,11.76376939541419,2877,2870,7,45
APP_8970,OFC_52,North Delhi,Birth Certificate,21,50.46042662703797,482,471,11,59
APP_8971,OFC_136,Shimoga,Marriage Certificate,44,28.152159105910936,1087,1021,66,42
APP_8972,OFC_655,Khammam,Death Certificate,11,51.342314229924526,139,86,53,37
APP_8973,OFC_669,Naharlagun,Domicile Certificate,34,16.243498560463614,6942,6931,11,58
APP_8974,OFC_194,Bikaner,Income Certificate,10,45.17119957911393,223,208,15,32
APP_8975,OFC_59,Ranchi,Death Certificate,26,51.94569717638447,441,391,50,46
APP_8976,OFC_758,South Delhi,Domicile Certificate,30,50.93134782059107,1006,954,52,40
APP_8977,OFC_253,Medinipur,Birth Certificate,43,21.17615682363516,1609,1577,32,32
APP_8978,OFC_593,Port Blair,Income Certificate,8,55.062415632558135,138,135,3,39
APP_8979,OFC_326,Geyzing,Birth Certificate,12,14.146751427359328,1049,1025,24,48
APP_8980,OFC_277,Tura,Caste Certificate,27,45.18634709823678,641,557,84,52
APP_8981,OFC_638,Mandi,Income Certificate,11,41.98216313966229,304,227,77,58
APP_8982,OFC_279,Pathankot,Birth Certificate,38,44.33477054684871,998,934,64,39
APP_8983,OFC_636,Hubli,Death Certificate,22,40.738436940222805,695,682,13,46
APP_8984,OFC_759,Dharmanagar,Caste Certificate,18,50.758301078473565,525,434,91,40
APP_8985,OFC_104,Erode,Birth Certificate,19,15.942768004886366,595,537,58,34
APP_8986,OFC_259,Nainital,Birth Certificate,11,23.962754864112217,369,299,70,49
APP_8987,OFC_752,Anand,Domicile Certificate,18,44.18443021857942,1261,1188,73,58
APP_8988,OFC_24,Agatti,Marriage Certificate,22,38.272253708101296,1057,1055,2,56
APP_8989,OFC_86,Udaipur,Marriage Certificate,49,39.09492736815197,2270,2176,94,47
APP_8990,OFC_68,Meerut,Birth Certificate,9,29.719759870457327,698,603,95,45
APP_8991,OFC_566,Deoghar,Death Certificate,6,19.148153363295933,345,246,99,43
APP_8992,OFC_783,Surat,Marriage Certificate,35,31.494686019400117,1875,1795,80,58
APP_8993,OFC_593,Kathua,Birth Certificate,24,51.60028509056005,713,633,80,33
APP_8994,OFC_900,Gorakhpur,Caste Certificate,14,16.825237805461857,2640,2620,20,58
APP_8995,OFC_862,Gandhinagar,Domicile Certificate,20,38.39515146890183,698,661,37,52
APP_8996,OFC_681,Belgaum,Caste Certificate,11,10.360959487899684,2434,2365,69,55
APP_8997,OFC_926,Jammu,Income Certificate,48,14.7823731301174,3946,3906,40,32
APP_8998,OFC_385,Davanagere,Marriage Certificate,28,19.42218349840189,1773,1691,82,37
APP_8999,OFC_918,Asansol,Caste Certificate,8,47.59770274590258,278,203,75,47
APP_9000,OFC_76,Mangalore,Domicile Certificate,11,55.13018004175043,267,232,35,35
APP_9001,OFC_28,Jamshedpur,Domicile Certificate,37,24.014284428106013,727,667,60,51
APP_9002,OFC_478,Udhampur,Birth Certificate,27,19.046968805264463,2729,2669,60,47
APP_9003,OFC_183,Roorkee,Domicile Certificate,8,19.012991575293185,1035,940,95,48
APP_9004,OFC_207,Adilabad,Death Certificate,19,22.652143970138415,1122,1054,68,42
APP_9005,OFC_776,Guwahati,Domicile Certificate,24,6.126680985479165,2526,2429,97,49
APP_9006,OFC_520,Pasighat,Birth Certificate,23,47.57572787772067,981,905,76,44
APP_9007,OFC_822,Aurangabad,Caste Certificate,23,59.59346650713542,736,728,8,39
APP_9008,OFC_647,Panaji,Marriage Certificate,7,55.874664780932605,270,184,86,49
APP_9009,OFC_69,Satna,Death Certificate,44,7.58055649922322,9240,9158,82,45
APP_9010,OFC_771,Madurai,Marriage Certificate,22,45.00936078318515,647,600,47,48
APP_9011,OFC_317,Vasco da Gama,Marriage Certificate,35,34.65396041746743,887,850,37,50
APP_9012,OFC_637,Dimapur,Domicile Certificate,19,9.04597929698217,3565,3514,51,40
APP_9013,OFC_233,Delhi,Domicile Certificate,14,28.30256357505723,510,454,56,31
APP_9014,OFC_411,Rudrapur,Death Certificate,43,37.50521978554552,1922,1875,47,54
APP_9015,OFC_781,Indore,Birth Certificate,24,13.782409230809536,3089,3037,52,34
APP_9016,OFC_399,Allahabad,Caste Certificate,39,52.152797197357,861,829,32,58
APP_9017,OFC_616,Haldwani,Caste Certificate,23,27.05086282239056,805,761,44,34
APP_9018,OFC_56,Patna,Birth Certificate,32,28.0558367571836,1146,1049,97,35
APP_9019,OFC_935,Champhai,Caste Certificate,35,45.420501440318176,1037,944,93,30
APP_9020,OFC_782,Jorhat,Domicile Certificate,21,8.465647188835835,4176,4092,84,35
APP_9021,OFC_999,Itanagar,Caste Certificate,9,15.93747423722411,162,78,84,41
APP_9022,OFC_194,Shillong,Domicile Certificate,7,49.19114450545993,459,389,70,56
APP_9023,OFC_518,Solan,Income Certificate,8,34.00240866643826,607,573,34,49
APP_9024,OFC_818,Jowai,Caste Certificate,48,43.87737404316753,2293,2273,20,44
APP_9025,OFC_638,Namchi,Caste Certificate,23,57.45229815875158,136,96,40,54
APP_9026,OFC_229,Bishnupur,Domicile Certificate,47,13.35315484912467,9347,9282,65,52
APP_9027,OFC_681,Rewa,Caste Certificate,33,39.56588202347599,918,887,31,46
APP_9028,OFC_726,Agra,Marriage Certificate,5,25.30801711864535,323,307,16,48
APP_9029,OFC_827,Bangalore,Domicile Certificate,28,29.624920181949,1949,1939,10,56
APP_9030,OFC_692,Solapur,Caste Certificate,43,47.71945104416516,1969,1874,95,56
APP_9031,OFC_355,Silchar,Marriage Certificate,5,33.848308768660274,76,38,38,30
APP_9032,OFC_387,Nashik,Marriage Certificate,42,56.04737170840039,1284,1218,66,31
APP_9033,OFC_853,Mysore,Caste Certificate,29,47.00154101262811,899,891,8,38
APP_9034,OFC_21,Coimbatore,Death Certificate,14,44.98151850203576,357,284,73,30
APP_9035,OFC_904,Katihar,Death Certificate,43,15.649859026879575,1371,1324,47,36
APP_9036,OFC_248,Bareilly,Birth Certificate,8,9.732945022635386,778,729,49,30
APP_9037,OFC_760,Jodhpur,Domicile Certificate,37,21.24159206849649,1466,1411,55,31
APP_9038,OFC_279,Bokaro,Domicile Certificate,41,58.08554780836292,1146,1053,93,42
APP_9039,OFC_284,Jabalpur,Death Certificate,20,30.111640192930487,1069,991,78,45
APP_9040,OFC_869,East Delhi,Birth Certificate,28,33.60199759195268,1406,1377,29,42
APP_9041,OFC_837,Karimnagar,Birth Certificate,41,51.00219447088799,937,932,5,31
APP_9042,OFC_951,Serchhip,Domicile Certificate,29,51.8274575754906,720,654,66,30
APP_9043,OFC_737,Rangareddy,Birth Certificate,45,17.775083022889866,4644,4573,71,40
APP_9044,OFC_761,Salem,Death Certificate,20,55.64575474204077,492,418,74,33
APP_9045,OFC_41,Kavaratti,Income Certificate,8,48.578393487715374,359,275,84,53
APP_9046,OFC_715,Dispur,Domicile Certificate,14,34.53549454935427,707,614,93,47
APP_9047,OFC_770,Thoubal,Caste Certificate,22,24.19198059940648,1285,1280,5,58
APP_9048,OFC_763,Chandigarh,Marriage Certificate,21,57.78749636316802,764,731,33,54
APP_9049,OFC_484,Nagaon,Birth Certificate,48,44.90318369361277,2972,2896,76,55
APP_9050,OFC_678,Udaipur (Tripura),Birth Certificate,48,16.311296170758446,975,947,28,30
APP_9051,OFC_109,Warangal,Death Certificate,40,57.88692533139384,992,992,0,40
APP_9052,OFC_257,Muzaffarpur,Domicile Certificate,19,41.73326162431674,686,649,37,54
APP_9053,OFC_568,Ujjain,Income Certificate,44,47.01924657958354,1994,1897,97,53
APP_9054,OFC_927,Imphal,Death Certificate,35,25.352411809584268,2767,2708,59,51
APP_9055,OFC_357,Patiala,Domicile Certificate,34,11.291722790627194,4952,4915,37,52
APP_9056,OFC_149,Gwalior,Domicile Certificate,26,43.02223496000908,938,920,18,36
APP_9057,OFC_9,Nizamabad,Domicile Certificate,5,39.47454811905359,323,262,61,58
APP_9058,OFC_696,Pune,Income Certificate,18,53.3493764980555,133,97,36,45
APP_9059,OFC_287,Tawang,Marriage Certificate,22,17.495403010025846,1568,1491,77,53
APP_9060,OFC_303,Kullu,Domicile Certificate,16,36.213365804927335,779,740,39,31
APP_9061,OFC_909,Mayabunder,Birth Certificate,26,5.588099662711448,4503,4467,36,35
APP_9062,OFC_657,Lucknow,Birth Certificate,10,56.2338535183562,382,347,35,47
APP_9063,OFC_794,Tezpur,Caste Certificate,37,20.927498021335097,742,654,88,52
APP_9064,OFC_317,Junagadh,Marriage Certificate,5,12.994555430122194,629,561,68,42
APP_9065,OFC_936,Sagar,Domicile Certificate,37,31.53624415745051,391,355,36,32
APP_9066,OFC_961,Nagpur,Death Certificate,22,16.560222777497845,561,560,1,39
APP_9067,OFC_865,Howrah,Income Certificate,9,36.771938859173375,484,432,52,40
APP_9068,OFC_555,Srinagar,Birth Certificate,7,50.912645395895765,288,245,43,55
APP_9069,OFC_274,Malda,Caste Certificate,44,15.147159047262925,3626,3563,63,59
APP_9070,OFC_719,Bhagalpur,Income Certificate,21,59.15536410235367,431,375,56,59
APP_9071,OFC_675,Gulbarga,Death Certificate,15,38.68580942578961,510,428,82,49
APP_9072,OFC_546,Begusarai,Caste Certificate,12,58.899905428334165,582,531,51,54
APP_9073,OFC_560,Dibrugarh,Caste Certificate,15,57.84670066130009,377,336,41,48
APP_9074,OFC_396,Mokokchung,Income Certificate,23,6.767123012418725,3802,3756,46,58
APP_9075,OFC_881,West Delhi,Caste Certificate,21,47.41949623760267,799,773,26,33
APP_9076,OFC_972,Kota,Domicile Certificate,31,46.02375144930272,468,450,18,48
APP_9077,OFC_229,Vadodara,Caste Certificate,19,57.10301201952112,595,542,53,48
APP_9078,OFC_100,Rajkot,Marriage Certificate,35,14.525179842553325,4225,4130,95,53
APP_9079,OFC_196,Kailashahar,Death Certificate,9,42.20800959417806,374,301,73,37
APP_9080,OFC_368,Agartala,Marriage Certificate,24,25.604527592829832,1999,1978,21,49
APP_9081,OFC_377,Ludhiana,Death Certificate,10,53.4125851522877,327,283,44,37
APP_9082,OFC_185,Giridih,Marriage Certificate,13,58.62702848943168,172,92,80,45
APP_9083,OFC_393,Sikar,Death Certificate,10,31.725850655254764,499,494,5,42
APP_9084,OFC_571,Kanpur,Birth Certificate,24,10.476705730488208,2390,2293,97,40
APP_9085,OFC_46,Kohima,Domicile Certificate,9,58.57757266583121,360,284,76,37
APP_9086,OFC_447,Ahmedabad,Caste Certificate,34,13.022179996156536,3424,3365,59,34
APP_9087,OFC_542,Mangan,Death Certificate,15,13.967781278708095,1472,1471,1,51
APP_9088,OFC_651,Dehradun,Birth Certificate,48,18.89537867705165,3027,3026,1,43
APP_9089,OFC_122,Churachandpur,Domicile Certificate,27,10.93189957703754,1180,1113,67,50
APP_9090,OFC_57,Gaya,Birth Certificate,38,29.92416722691119,3292,3288,4,56
APP_9091,OFC_797,Dhanbad,Death Certificate,18,17.021509179486124,1330,1240,90,42
APP_9092,OFC_217,Lunglei,Caste Certificate,9,46.23762173742888,257,204,53,37
APP_9093,OFC_267,Darjeeling,Birth Certificate,11,39.87116683950316,619,538,81,59
APP_9094,OFC_688,Manali,Caste Certificate,40,56.47206411923233,447,379,68,39
APP_9095,OFC_368,Arrah,Death Certificate,30,57.48566137403778,342,320,22,31
APP_9096,OFC_361,Ramgarh,Death Certificate,20,22.53985909707065,811,791,20,40
APP_9097,OFC_238,Ratlam,Income Certificate,13,36.36162147430596,270,192,78,32
APP_9098,OFC_473,Hyderabad,Domicile Certificate,32,49.86265865135364,1732,1704,28,49
APP_9099,OFC_671,Tumkur,Birth Certificate,16,46.47344741294785,271,266,5,40
APP_9100,OFC_518,Ghaziabad,Birth Certificate,43,8.797326286073455,5190,5155,35,36
APP_9101,OFC_829,Amini,Birth Certificate,41,24.07435441468388,1469,1439,30,33
APP_9102,OFC_893,Alwar,Birth Certificate,19,23.69206439250984,1163,1132,31,36
APP_9103,OFC_152,Bardhaman,Caste Certificate,11,56.66867426470825,136,115,21,48
APP_9104,OFC_522,New Delhi,Marriage Certificate,22,43.655516091963136,773,687,86,45
APP_9105,OFC_748,Tirunelveli,Birth Certificate,48,15.682916420959142,3517,3497,20,45
APP_9106,OFC_146,Bilaspur,Marriage Certificate,28,18.349391435578504,1049,1029,20,51
APP_9107,OFC_500,Haridwar,Marriage Certificate,43,25.57783257715092,3450,3433,17,53
APP_9108,OFC_229,Central Delhi,Death Certificate,40,46.00568995087504,1574,1484,90,35
APP_9109,OFC_598,Baramulla,Birth Certificate,43,37.6178813878684,445,392,53,40
APP_9110,OFC_725,Margao,Domicile Certificate,9,26.64760417682136,802,716,86,46
APP_9111,OFC_195,Aizawl,Death Certificate,15,29.94157107158551,829,818,11,49
APP_9112,OFC_971,Gangtok,Birth Certificate,13,16.484282684698897,1451,1388,63,42
APP_9113,OFC_580,Mapusa,Domicile Certificate,24,7.506081222225876,9049,9003,46,58
APP_9114,OFC_633,Mohali,Domicile Certificate,7,33.72342361223438,456,391,65,52
APP_9115,OFC_818,Bathinda,Caste Certificate,18,21.565287347317124,1337,1326,11,38
APP_9116,OFC_748,Jalandhar,Marriage Certificate,18,29.107688072707084,1838,1749,89,56
APP_9117,OFC_683,Kashipur,Death Certificate,33,23.62130754131284,2390,2326,64,37
APP_9118,OFC_287,Vellore,Domicile Certificate,26,14.417101883316317,2998,2975,23,48
APP_9119,OFC_842,Siliguri,Income Certificate,14,35.539772658347765,404,340,64,59
APP_9120,OFC_163,Ajmer,Domicile Certificate,27,57.2651592903142,561,490,71,31
APP_9121,OFC_432,Minicoy,Caste Certificate,40,51.28693622295804,1326,1277,49,57
APP_9122,OFC_38,Dharamshala,Income Certificate,17,28.176863899160168,918,890,28,52
APP_9123,OFC_278,Varanasi,Caste Certificate,40,55.75387799602801,500,454,46,32
APP_9124,OFC_70,Bhilwara,Income Certificate,42,58.54505330184474,752,741,11,37
APP_9125,OFC_572,Tuensang,Domicile Certificate,38,24.633513619203427,3494,3488,6,50
APP_9126,OFC_655,Havelock,Death Certificate,11,30.140944332224866,945,872,73,51
APP_9127,OFC_920,Diglipur,Marriage Certificate,20,56.52531461015992,580,548,32,33
APP_9128,OFC_239,Anantnag,Income Certificate,35,8.87046132651734,7171,7160,11,46
APP_9129,OFC_360,Kolhapur,Domicile Certificate,48,32.58273352959047,2591,2578,13,42
APP_9130,OFC_180,Nanded,Domicile Certificate,40,52.78220872296637,1137,1054,83,32
APP_9131,OFC_590,Jaipur,Marriage Certificate,38,55.90566751134431,742,716,26,31
APP_9132,OFC_740,Purnia,Birth Certificate,36,54.59880483831015,721,629,92,37
APP_9133,OFC_793,Bhopal,Marriage Certificate,15,17.352516025253507,798,796,2,52
APP_9134,OFC_356,Bhavnagar,Death Certificate,13,19.73610717031012,662,647,15,52
APP_9135,OFC_72,Mahbubnagar,Marriage Certificate,47,54.52795258004391,669,637,32,50
APP_9136,OFC_516,Darbhanga,Death Certificate,20,33.88021326354182,79,25,54,42
APP_9137,OFC_860,Thane,Income Certificate,35,49.16236398216123,1270,1243,27,53
APP_9138,OFC_332,Kolkata,Birth Certificate,27,35.98650183396496,432,407,25,38
APP_9139,OFC_481,Leh,Death Certificate,24,43.72105102361204,1206,1132,74,50
APP_9140,OFC_266,Durgapur,Caste Certificate,47,7.959394454588379,11057,10969,88,50
APP_9141,OFC_168,Chennai,Birth Certificate,18,44.2350092358831,239,210,29,43
APP_9142,OFC_824,Amritsar,Caste Certificate,25,15.888432273474605,2258,2257,1,52
APP_9143,OFC_737,Tiruchirapalli,Marriage Certificate,41,16.593418963992825,355,284,71,44
APP_9144,OFC_515,Shimla,Birth Certificate,42,28.140023306910752,1716,1656,60,37
APP_9145,OFC_880,Jamnagar,Income Certificate,18,13.263323213554314,883,841,42,46
APP_9146,OFC_347,Amravati,Caste Certificate,26,38.42518873480249,1156,1073,83,46
APP_9147,OFC_483,Mumbai,Birth Certificate,25,48.28003276643162,311,230,81,32
APP_9148,OFC_412,Nongpoh,Domicile Certificate,10,33.295346029606804,191,112,79,41
APP_9149,OFC_763,Hazaribagh,Domicile Certificate,37,38.85540574940736,867,843,24,41
APP_9150,OFC_498,Thoothukudi,Caste Certificate,37,52.50210804999474,985,914,71,42
APP_9151,OFC_250,North Delhi,Birth Certificate,18,29.211202584951096,816,803,13,48
APP_9152,OFC_578,Shimoga,Marriage Certificate,28,46.12694670084655,864,835,29,30
APP_9153,OFC_835,Khammam,Birth Certificate,5,52.43372014449292,142,132,10,53
APP_9154,OFC_737,Naharlagun,Caste Certificate,47,10.303976372054608,5717,5657,60,51
APP_9155,OFC_930,Bikaner,Domicile Certificate,19,24.93274209323132,1270,1231,39,51
APP_9156,OFC_53,Ranchi,Domicile Certificate,9,43.19175823735199,208,151,57,34
APP_9157,OFC_143,South Delhi,Death Certificate,22,46.58191335286004,602,587,15,41
APP_9158,OFC_902,Medinipur,Income Certificate,43,17.72449742066443,3984,3981,3,31
APP_9159,OFC_871,Port Blair,Birth Certificate,22,41.15681284506868,316,285,31,39
APP_9160,OFC_284,Geyzing,Domicile Certificate,30,33.41019365124217,1741,1735,6,47
APP_9161,OFC_455,Tura,Birth Certificate,5,15.580322193915029,905,811,94,51
APP_9162,OFC_941,Mandi,Income Certificate,38,47.67590564585642,2051,1988,63,45
APP_9163,OFC_613,Pathankot,Death Certificate,23,42.689495466233,839,794,45,30
APP_9164,OFC_211,Hubli,Death Certificate,32,24.108460160705757,2279,2212,67,49
APP_9165,OFC_749,Dharmanagar,Domicile Certificate,33,18.845099680574485,3366,3290,76,57
APP_9166,OFC_962,Erode,Birth Certificate,24,23.865325522127304,954,934,20,32
APP_9167,OFC_747,Nainital,Income Certificate,7,44.7708286434458,328,282,46,41
APP_9168,OFC_265,Anand,Caste Certificate,45,48.97587380334444,877,797,80,57
APP_9169,OFC_100,Agatti,Marriage Certificate,17,50.881841643047,679,641,38,49
APP_9170,OFC_757,Udaipur,Caste Certificate,8,39.828917567654,188,142,46,50
APP_9171,OFC_847,Meerut,Caste Certificate,8,16.57315572573229,328,328,0,54
APP_9172,OFC_682,Deoghar,Birth Certificate,35,52.30050053126723,1289,1215,74,56
APP_9173,OFC_809,Surat,Death Certificate,8,36.60617836579215,458,382,76,32
APP_9174,OFC_986,Kathua,Marriage Certificate,41,33.550094611348285,660,638,22,32
APP_9175,OFC_148,Gorakhpur,Caste Certificate,14,49.00417774266776,671,582,89,54
APP_9176,OFC_285,Gandhinagar,Birth Certificate,23,57.36282418849893,625,603,22,54
APP_9177,OFC_995,Belgaum,Death Certificate,21,41.82092319028741,714,690,24,46
APP_9178,OFC_765,Jammu,Marriage Certificate,22,16.40196268781259,2125,2043,82,35
APP_9179,OFC_684,Davanagere,Caste Certificate,23,35.64798398412275,2012,1989,23,58
APP_9180,OFC_604,Asansol,Birth Certificate,37,41.10557232349448,502,444,58,54
APP_9181,OFC_228,Mangalore,Birth Certificate,26,59.182636962825455,601,593,8,40
APP_9182,OFC_162,Jamshedpur,Caste Certificate,15,59.39231294362045,608,569,39,45
APP_9183,OFC_723,Udhampur,Caste Certificate,36,34.40045308374171,2449,2410,39,45
APP_9184,OFC_344,Roorkee,Death Certificate,16,36.91943752845317,714,689,25,30
APP_9185,OFC_119,Adilabad,Death Certificate,44,13.87447451096148,6039,6027,12,52
APP_9186,OFC_86,Guwahati,Income Certificate,33,10.215345578987431,3511,3455,56,41
APP_9187,OFC_115,Pasighat,Death Certificate,10,16.332443688923775,334,286,48,32
APP_9188,OFC_176,Aurangabad,Death Certificate,12,32.57060558122228,666,572,94,51
APP_9189,OFC_725,Panaji,Caste Certificate,42,46.91056532029258,1156,1065,91,45
APP_9190,OFC_335,Satna,Death Certificate,22,38.17373640816987,559,491,68,40
APP_9191,OFC_117,Madurai,Income Certificate,13,50.10296198430296,323,255,68,49
APP_9192,OFC_623,Vasco da Gama,Death Certificate,18,50.56837140731255,889,828,61,54
APP_9193,OFC_801,Dimapur,Income Certificate,21,29.395610605157984,1234,1171,63,48
APP_9194,OFC_814,Delhi,Caste Certificate,38,51.240602156643305,663,620,43,45
APP_9195,OFC_424,Rudrapur,Income Certificate,20,44.24148172810871,750,708,42,36
APP_9196,OFC_761,Indore,Marriage Certificate,43,30.18280740200604,1089,992,97,39
APP_9197,OFC_84,Allahabad,Caste Certificate,46,49.31132429085985,443,420,23,38
APP_9198,OFC_194,Haldwani,Domicile Certificate,34,37.17700419237698,804,781,23,39
APP_9199,OFC_471,Patna,Death Certificate,13,19.18732556034938,1640,1607,33,55
APP_9200,OFC_660,Champhai,Income Certificate,16,57.84331647415073,727,628,99,59
APP_9201,OFC_814,Jorhat,Marriage Certificate,7,42.73571531189828,182,166,16,33
APP_9202,OFC_520,Itanagar,Marriage Certificate,15,12.634031920060668,1265,1215,50,51
APP_9203,OFC_405,Shillong,Death Certificate,8,8.182212954259823,2296,2257,39,50
APP_9204,OFC_489,Solan,Marriage Certificate,24,6.91249166196897,5848,5785,63,39
APP_9205,OFC_508,Jowai,Caste Certificate,30,32.15205986886092,786,717,69,43
APP_9206,OFC_262,Namchi,Marriage Certificate,14,38.83945635883815,683,629,54,43
APP_9207,OFC_745,Bishnupur,Domicile Certificate,44,46.54802915162126,2379,2323,56,54
APP_9208,OFC_597,Rewa,Death Certificate,45,33.71861674580478,1393,1351,42,33
APP_9209,OFC_278,Agra,Income Certificate,22,40.21035739909102,708,692,16,30
APP_9210,OFC_749,Bangalore,Income Certificate,20,59.38005352377722,88,83,5,44
APP_9211,OFC_325,Solapur,Marriage Certificate,49,36.31986245847666,441,417,24,34
APP_9212,OFC_367,Silchar,Caste Certificate,20,44.91170698701189,588,503,85,51
APP_9213,OFC_322,Nashik,Income Certificate,28,13.135408932618931,632,597,35,57
APP_9214,OFC_252,Mysore,Domicile Certificate,46,57.70629378001971,1701,1637,64,51
APP_9215,OFC_591,Coimbatore,Caste Certificate,6,14.854208590526373,222,217,5,43
APP_9216,OFC_210,Katihar,Marriage Certificate,32,22.454116488486594,2324,2321,3,47
APP_9217,OFC_527,Bareilly,Marriage Certificate,49,53.28162921924647,1433,1373,60,57
APP_9218,OFC_216,Jodhpur,Marriage Certificate,48,58.68453058291578,1043,1039,4,53
APP_9219,OFC_286,Bokaro,Death Certificate,18,24.116525171379703,461,406,55,31
APP_9220,OFC_647,Jabalpur,Domicile Certificate,25,15.112840057157594,953,855,98,30
APP_9221,OFC_513,East Delhi,Income Certificate,28,13.17839362780505,1491,1472,19,39
APP_9222,OFC_76,Karimnagar,Marriage Certificate,49,37.3116218140807,3353,3259,94,59
APP_9223,OFC_677,Serchhip,Domicile Certificate,26,59.6402891760764,612,519,93,54
APP_9224,OFC_677,Rangareddy,Death Certificate,26,33.37696738721887,916,905,11,32
APP_9225,OFC_213,Salem,Marriage Certificate,41,50.81351845758429,1021,1020,1,31
APP_9226,OFC_368,Kavaratti,Domicile Certificate,6,34.593285659210295,228,151,77,42
APP_9227,OFC_693,Dispur,Death Certificate,34,14.580337926623027,3242,3170,72,59
APP_9228,OFC_935,Thoubal,Caste Certificate,36,46.11560953729237,1919,1899,20,53
APP_9229,OFC_653,Chandigarh,Marriage Certificate,6,29.87684332066952,329,253,76,39
APP_9230,OFC_216,Nagaon,Death Certificate,27,25.310137697230708,216,180,36,31
APP_9231,OFC_608,Udaipur (Tripura),Domicile Certificate,17,57.51624530875372,463,366,97,49
APP_9232,OFC_62,Warangal,Caste Certificate,35,44.58105766601118,1175,1171,4,48
APP_9233,OFC_691,Muzaffarpur,Birth Certificate,18,16.785278148668034,1395,1299,96,47
APP_9234,OFC_266,Ujjain,Income Certificate,47,18.2983468751826,1847,1821,26,40
APP_9235,OFC_450,Imphal,Birth Certificate,34,44.95673805417072,649,607,42,30
APP_9236,OFC_841,Patiala,Birth Certificate,30,6.631420251309621,5301,5301,0,36
APP_9237,OFC_172,Gwalior,Income Certificate,40,13.5692306988884,3254,3233,21,44
APP_9238,OFC_827,Nizamabad,Income Certificate,25,36.83380932817251,1313,1227,86,48
APP_9239,OFC_829,Pune,Domicile Certificate,15,11.382608627924988,1821,1723,98,59
APP_9240,OFC_750,Tawang,Death Certificate,48,15.655711084574826,4672,4654,18,39
APP_9241,OFC_938,Kullu,Caste Certificate,39,35.424950456762765,560,517,43,54
APP_9242,OFC_958,Mayabunder,Marriage Certificate,42,20.10628424068664,2530,2508,22,32
APP_9243,OFC_443,Lucknow,Caste Certificate,31,8.453651021441047,5299,5240,59,36
APP_9244,OFC_678,Tezpur,Domicile Certificate,15,28.47677079354895,627,624,3,49
APP_9245,OFC_100,Junagadh,Income Certificate,30,20.961718553591616,3385,3383,2,46
APP_9246,OFC_482,Sagar,Birth Certificate,27,30.77028979535565,2569,2475,94,55
APP_9247,OFC_789,Nagpur,Caste Certificate,8,33.97678089160922,403,382,21,33
APP_9248,OFC_15,Howrah,Marriage Certificate,25,18.18099737273536,917,819,98,38
APP_9249,OFC_907,Srinagar,Death Certificate,16,11.172559246718803,4229,4187,42,58
APP_9250,OFC_357,Malda,Birth Certificate,11,50.895753935579634,218,198,20,40
APP_9251,OFC_204,Bhagalpur,Income Certificate,7,17.857585145660725,926,848,78,56
APP_9252,OFC_935,Gulbarga,Death Certificate,34,35.40699135066703,796,761,35,45
APP_9253,OFC_689,Begusarai,Domicile Certificate,23,58.33780613211881,1242,1214,28,57
APP_9254,OFC_863,Dibrugarh,Death Certificate,43,7.779729934080267,6665,6591,74,54
APP_9255,OFC_106,Mokokchung,Domicile Certificate,34,32.401567340461185,2392,2346,46,44
APP_9256,OFC_952,West Delhi,Domicile Certificate,17,11.217084472688022,2862,2784,78,53
APP_9257,OFC_918,Kota,Caste Certificate,34,49.54991919354019,892,828,64,48
APP_9258,OFC_790,Vadodara,Income Certificate,15,50.66487790106003,350,279,71,48
APP_9259,OFC_651,Rajkot,Income Certificate,15,30.85469740209995,197,98,99,30
APP_9260,OFC_486,Kailashahar,Death Certificate,13,29.595311292788324,626,609,17,36
APP_9261,OFC_186,Agartala,Marriage Certificate,29,6.71946797994069,3417,3340,77,52
APP_9262,OFC_886,Ludhiana,Death Certificate,37,41.53595853631266,1342,1299,43,50
APP_9263,OFC_643,Giridih,Death Certificate,49,51.211144366667135,1996,1940,56,55
APP_9264,OFC_421,Sikar,Birth Certificate,15,27.303703654829278,660,655,5,41
APP_9265,OFC_18,Kanpur,Caste Certificate,39,30.763843020161104,3019,2930,89,56
APP_9266,OFC_400,Kohima,Domicile Certificate,28,44.12783040569178,776,748,28,40
APP_9267,OFC_915,Ahmedabad,Death Certificate,20,38.63388718877105,627,541,86,40
APP_9268,OFC_102,Mangan,Domicile Certificate,14,57.49207815248691,444,405,39,52
APP_9269,OFC_921,Dehradun,Income Certificate,11,30.44446812184941,622,549,73,40
APP_9270,OFC_316,Churachandpur,Domicile Certificate,33,43.69851186229795,498,419,79,34
APP_9271,OFC_932,Gaya,Domicile Certificate,15,48.67615551407964,565,525,40,52
APP_9272,OFC_698,Dhanbad,Domicile Certificate,47,37.30409577666802,2725,2645,80,44
APP_9273,OFC_84,Lunglei,Death Certificate,6,11.887906140431184,805,706,99,47
APP_9274,OFC_426,Darjeeling,Birth Certificate,38,26.025686586126184,1323,1282,41,52
APP_9275,OFC_450,Manali,Birth Certificate,43,34.745092296268055,574,536,38,44
APP_9276,OFC_788,Arrah,Domicile Certificate,22,16.570561046434705,1724,1646,78,44
APP_9277,OFC_907,Ramgarh,Marriage Certificate,20,32.762651786349174,949,860,89,35
APP_9278,OFC_731,Ratlam,Death Certificate,11,20.80862269828396,856,793,63,49
APP_9279,OFC_27,Hyderabad,Domicile Certificate,49,42.53428116177656,638,594,44,44
APP_9280,OFC_529,Tumkur,Birth Certificate,48,22.409464648355648,3953,3928,25,57
APP_9281,OFC_720,Ghaziabad,Death Certificate,18,21.247793501695472,1309,1277,32,34
APP_9282,OFC_801,Amini,Death Certificate,28,10.324709520292114,2371,2318,53,30
APP_9283,OFC_919,Alwar,Caste Certificate,31,31.69152031962834,250,218,32,59
APP_9284,OFC_189,Bardhaman,Birth Certificate,20,28.413860473342005,1714,1709,5,57
APP_9285,OFC_199,New Delhi,Caste Certificate,14,55.575425543397415,455,405,50,51
APP_9286,OFC_779,Tirunelveli,Caste Certificate,9,34.87598127191927,447,367,80,51
APP_9287,OFC_36,Bilaspur,Caste Certificate,37,6.179718207809984,11424,11379,45,49
APP_9288,OFC_611,Haridwar,Income Certificate,10,33.08816551844043,570,486,84,46
APP_9289,OFC_706,Central Delhi,Domicile Certificate,11,48.08382108445795,70,56,14,41
APP_9290,OFC_754,Baramulla,Marriage Certificate,9,36.95254778151417,270,234,36,35
APP_9291,OFC_501,Margao,Birth Certificate,23,36.9642213723328,312,239,73,37
APP_9292,OFC_12,Aizawl,Death Certificate,32,24.4138384941451,2121,2048,73,32
APP_9293,OFC_782,Gangtok,Birth Certificate,28,6.98483066381222,2554,2464,90,30
APP_9294,OFC_654,Mapusa,Income Certificate,35,13.89655758844341,675,629,46,41
APP_9295,OFC_791,Mohali,Income Certificate,41,59.07839260692913,1300,1279,21,55
APP_9296,OFC_609,Bathinda,Domicile Certificate,24,45.36065096115931,1015,933,82,45
APP_9297,OFC_406,Jalandhar,Death Certificate,22,13.546347930038802,2238,2139,99,54
APP_9298,OFC_78,Kashipur,Caste Certificate,25,12.01718068978539,3127,3118,9,53
APP_9299,OFC_182,Vellore,Income Certificate,48,7.468744018587595,3590,3543,47,30
APP_9300,OFC_423,Siliguri,Death Certificate,25,13.014581723939484,4762,4719,43,50
APP_9301,OFC_500,Ajmer,Domicile Certificate,40,22.566003903541382,1743,1657,86,47
APP_9302,OFC_133,Minicoy,Birth Certificate,34,23.5354950651262,3347,3329,18,57
APP_9303,OFC_47,Dharamshala,Marriage Certificate,44,32.97912176807044,1347,1262,85,37
APP_9304,OFC_779,Varanasi,Marriage Certificate,19,17.355008152382,1504,1476,28,54
APP_9305,OFC_468,Bhilwara,Birth Certificate,39,16.597069836479935,2599,2513,86,36
APP_9306,OFC_369,Tuensang,Domicile Certificate,43,27.70751335862333,1806,1735,71,45
APP_9307,OFC_966,Havelock,Marriage Certificate,6,17.06858303378271,488,400,88,30
APP_9308,OFC_60,Diglipur,Income Certificate,24,37.87852616986519,954,931,23,35
APP_9309,OFC_478,Anantnag,Income Certificate,34,50.69417620119408,330,284,46,53
APP_9310,OFC_102,Kolhapur,Birth Certificate,28,12.094304903792423,1997,1902,95,50
APP_9311,OFC_170,Nanded,Income Certificate,40,36.99204603115926,1367,1293,74,33
APP_9312,OFC_416,Jaipur,Income Certificate,37,42.23399836573875,1950,1928,22,58
APP_9313,OFC_144,Purnia,Domicile Certificate,17,27.130871431975383,641,599,42,46
APP_9314,OFC_28,Bhopal,Birth Certificate,21,30.22729708158356,1385,1341,44,57
APP_9315,OFC_711,Bhavnagar,Birth Certificate,48,44.41937627352426,2973,2889,84,50
APP_9316,OFC_778,Mahbubnagar,Birth Certificate,45,34.709047190190404,1998,1993,5,47
APP_9317,OFC_268,Darbhanga,Domicile Certificate,17,51.44541563709506,955,938,17,59
APP_9318,OFC_592,Thane,Birth Certificate,24,41.15859174453325,939,864,75,46
APP_9319,OFC_478,Kolkata,Death Certificate,17,6.331085065420048,3909,3814,95,55
APP_9320,OFC_870,Leh,Caste Certificate,5,14.302478741341508,616,600,16,51
APP_9321,OFC_976,Durgapur,Death Certificate,21,47.57847212066688,1199,1136,63,59
APP_9322,OFC_580,Chennai,Birth Certificate,15,11.8237748895105,790,773,17,37
APP_9323,OFC_998,Amritsar,Domicile Certificate,44,16.301535891693945,5594,5542,52,51
APP_9324,OFC_284,Tiruchirapalli,Death Certificate,23,8.463118595579797,3062,3009,53,40
APP_9325,OFC_760,Shimla,Death Certificate,11,39.72582892412834,564,557,7,38
APP_9326,OFC_58,Jamnagar,Domicile Certificate,48,46.47699480317422,887,815,72,31
APP_9327,OFC_391,Amravati,Domicile Certificate,30,17.877688515046327,3197,3151,46,53
APP_9328,OFC_731,Mumbai,Caste Certificate,25,53.14221187526719,585,543,42,56
APP_9329,OFC_89,Nongpoh,Caste Certificate,28,52.7603007014841,1016,924,92,51
APP_9330,OFC_173,Hazaribagh,Birth Certificate,43,14.727834031213312,2335,2313,22,46
APP_9331,OFC_808,Thoothukudi,Birth Certificate,42,12.726756777548523,4933,4851,82,57
APP_9332,OFC_915,North Delhi,Marriage Certificate,8,33.02608843305634,496,404,92,34
APP_9333,OFC_560,Shimoga,Caste Certificate,46,6.965271483715917,16908,16904,4,49
APP_9334,OFC_458,Khammam,Domicile Certificate,14,46.23659101979271,230,170,60,55
APP_9335,OFC_791,Naharlagun,Income Certificate,20,10.030233685134831,4961,4961,0,53
APP_9336,OFC_30,Bikaner,Birth Certificate,48,23.164307946313297,4356,4295,61,50
APP_9337,OFC_707,Ranchi,Birth Certificate,20,15.2208522670559,2319,2228,91,55
APP_9338,OFC_539,South Delhi,Caste Certificate,24,11.366449059222356,2946,2891,55,31
APP_9339,OFC_926,Medinipur,Domicile Certificate,27,20.43074918885913,1266,1208,58,49
APP_9340,OFC_83,Port Blair,Marriage Certificate,49,50.42911538514186,1612,1514,98,46
APP_9341,OFC_679,Geyzing,Death Certificate,31,30.955762532694976,987,910,77,31
APP_9342,OFC_237,Tura,Marriage Certificate,15,22.5663723275446,202,191,11,36
APP_9343,OFC_65,Mandi,Domicile Certificate,12,32.627052817103326,422,372,50,34
APP_9344,OFC_276,Pathankot,Birth Certificate,22,11.79594957896278,982,962,20,53
APP_9345,OFC_606,Hubli,Death Certificate,18,12.802667373553586,858,840,18,42
APP_9346,OFC_822,Dharmanagar,Death Certificate,14,45.79331146353732,151,76,75,39
APP_9347,OFC_356,Erode,Domicile Certificate,40,29.06090376324037,1414,1337,77,57
APP_9348,OFC_814,Nainital,Marriage Certificate,46,13.337047063059506,7301,7222,79,44
APP_9349,OFC_74,Anand,Domicile Certificate,38,15.767528123912578,2692,2674,18,53
APP_9350,OFC_218,Agatti,Domicile Certificate,8,45.57906966055885,319,222,97,59
APP_9351,OFC_562,Udaipur,Death Certificate,26,13.545545722018682,3476,3416,60,31
APP_9352,OFC_224,Meerut,Birth Certificate,36,8.513085830951155,9703,9693,10,42
APP_9353,OFC_324,Deoghar,Domicile Certificate,33,40.18859474816685,1191,1181,10,44
APP_9354,OFC_637,Surat,Marriage Certificate,14,30.02277830632662,716,622,94,40
APP_9355,OFC_690,Kathua,Caste Certificate,8,31.2757283625878,666,628,38,47
APP_9356,OFC_415,Gorakhpur,Domicile Certificate,39,17.89808357234129,3642,3566,76,33
APP_9357,OFC_476,Gandhinagar,Birth Certificate,35,53.5619843978127,711,619,92,50
APP_9358,OFC_323,Belgaum,Birth Certificate,21,28.69652210817044,834,799,35,42
APP_9359,OFC_75,Jammu,Income Certificate,29,44.62527704313105,1138,1118,20,41
APP_9360,OFC_392,Davanagere,Death Certificate,33,29.858715994262116,1726,1726,0,36
APP_9361,OFC_852,Asansol,Income Certificate,15,48.98733685983483,609,581,28,59
APP_9362,OFC_727,Mangalore,Death Certificate,17,57.54279456972946,360,338,22,41
APP_9363,OFC_527,Jamshedpur,Birth Certificate,49,54.37917397552022,1511,1429,82,54
APP_9364,OFC_699,Udhampur,Death Certificate,26,25.85829882767479,1656,1576,80,34
APP_9365,OFC_215,Roorkee,Domicile Certificate,23,24.112382053988934,1505,1498,7,52
APP_9366,OFC_323,Adilabad,Caste Certificate,20,53.66828946333987,744,648,96,46
APP_9367,OFC_116,Guwahati,Marriage Certificate,8,58.23974513578115,230,220,10,51
APP_9368,OFC_692,Pasighat,Income Certificate,21,24.599990220788616,1538,1447,91,34
APP_9369,OFC_470,Aurangabad,Caste Certificate,17,55.668077519309975,634,568,66,57
APP_9370,OFC_272,Panaji,Domicile Certificate,23,37.10986028641901,282,219,63,38
APP_9371,OFC_346,Satna,Marriage Certificate,45,8.811765589095614,6785,6736,49,49
APP_9372,OFC_623,Madurai,Death Certificate,12,30.0506086095571,841,819,22,51
APP_9373,OFC_931,Vasco da Gama,Birth Certificate,45,21.630844243910666,1302,1285,17,45
APP_9374,OFC_575,Dimapur,Birth Certificate,10,12.283866122284326,1181,1083,98,44
APP_9375,OFC_860,Delhi,Domicile Certificate,35,33.0177936851201,2083,2010,73,49
APP_9376,OFC_183,Rudrapur,Income Certificate,48,54.25348926273584,2218,2181,37,52
APP_9377,OFC_237,Indore,Birth Certificate,11,49.239736261320665,155,100,55,49
APP_9378,OFC_494,Allahabad,Death Certificate,13,57.59324015611888,101,92,9,36
APP_9379,OFC_364,Haldwani,Income Certificate,43,56.70234827416533,656,606,50,52
APP_9380,OFC_46,Patna,Caste Certificate,39,46.03352432450051,1305,1269,36,33
APP_9381,OFC_275,Champhai,Caste Certificate,22,51.99859796123039,851,828,23,47
APP_9382,OFC_586,Jorhat,Death Certificate,35,5.121657664796382,9559,9534,25,52
APP_9383,OFC_949,Itanagar,Death Certificate,35,8.960964434437575,4768,4700,68,41
APP_9384,OFC_730,Shillong,Income Certificate,19,31.849384034332264,1087,1033,54,45
APP_9385,OFC_646,Solan,Caste Certificate,39,38.97410342364627,1609,1529,80,40
APP_9386,OFC_976,Jowai,Income Certificate,9,59.89880568189545,401,309,92,53
APP_9387,OFC_45,Namchi,Domicile Certificate,26,43.58597658336037,1213,1122,91,40
APP_9388,OFC_120,Bishnupur,Income Certificate,34,20.088081823030038,1268,1255,13,37
APP_9389,OFC_897,Rewa,Marriage Certificate,15,21.89553438842076,682,666,16,50
APP_9390,OFC_380,Agra,Marriage Certificate,34,14.456760876486728,1063,1056,7,45
APP_9391,OFC_331,Bangalore,Marriage Certificate,11,34.20148051549866,457,359,98,55
APP_9392,OFC_302,Solapur,Caste Certificate,32,34.35645078909654,2109,2069,40,50
APP_9393,OFC_547,Silchar,Birth Certificate,7,53.847819128639095,303,210,93,49
APP_9394,OFC_471,Nashik,Marriage Certificate,11,54.38727082906095,229,182,47,41
APP_9395,OFC_995,Mysore,Income Certificate,44,45.20808688769316,945,924,21,49
APP_9396,OFC_33,Coimbatore,Birth Certificate,15,54.31730000387704,334,288,46,50
APP_9397,OFC_170,Katihar,Death Certificate,5,56.844875030454205,275,212,63,45
APP_9398,OFC_626,Bareilly,Death Certificate,38,40.465064173035714,334,305,29,48
APP_9399,OFC_949,Jodhpur,Domicile Certificate,24,26.301994350401543,1346,1271,75,39
APP_9400,OFC_697,Bokaro,Birth Certificate,38,54.27336276264947,701,644,57,58
APP_9401,OFC_854,Jabalpur,Caste Certificate,42,6.889438216551451,7529,7529,0,42
APP_9402,OFC_170,East Delhi,Income Certificate,36,35.87227575313575,1819,1747,72,51
APP_9403,OFC_381,Karimnagar,Income Certificate,46,5.910090081540224,9105,9053,52,40
APP_9404,OFC_472,Serchhip,Birth Certificate,29,52.93714263897375,393,366,27,55
APP_9405,OFC_275,Rangareddy,Marriage Certificate,5,6.007673130400944,1025,956,69,58
APP_9406,OFC_624,Salem,Birth Certificate,26,49.19304161903992,671,572,99,38
APP_9407,OFC_957,Kavaratti,Death Certificate,48,5.625283517106608,10179,10113,66,32
APP_9408,OFC_892,Dispur,Marriage Certificate,21,29.222570928458875,158,134,24,42
APP_9409,OFC_240,Thoubal,Income Certificate,38,20.73721919716426,2649,2566,83,39
APP_9410,OFC_979,Chandigarh,Marriage Certificate,27,22.430108898741928,1943,1929,14,56
APP_9411,OFC_979,Nagaon,Birth Certificate,47,50.330201551864,941,867,74,53
APP_9412,OFC_532,Udaipur (Tripura),Domicile Certificate,5,55.13572350918287,215,166,49,45
APP_9413,OFC_732,Warangal,Marriage Certificate,48,53.50742026319417,1314,1223,91,42
APP_9414,OFC_182,Muzaffarpur,Domicile Certificate,39,12.240893812351088,7060,6995,65,55
APP_9415,OFC_11,Ujjain,Death Certificate,34,57.363765594779295,661,579,82,38
APP_9416,OFC_629,Imphal,Caste Certificate,35,19.72109649527049,2067,2056,11,36
APP_9417,OFC_528,Patiala,Death Certificate,46,47.240879573775565,489,438,51,46
APP_9418,OFC_100,Gwalior,Birth Certificate,42,36.939123165249214,1880,1877,3,43
APP_9419,OFC_352,Nizamabad,Death Certificate,19,45.93055941920559,444,439,5,43
APP_9420,OFC_490,Pune,Birth Certificate,37,29.679808051140515,1486,1414,72,52
APP_9421,OFC_774,Tawang,Caste Certificate,43,44.57223013446913,1859,1778,81,33
APP_9422,OFC_291,Kullu,Domicile Certificate,26,28.780392247591813,1451,1402,49,43
APP_9423,OFC_513,Mayabunder,Birth Certificate,14,29.97387400185897,497,419,78,56
APP_9424,OFC_23,Lucknow,Caste Certificate,35,46.46887044968678,828,789,39,57
APP_9425,OFC_333,Tezpur,Domicile Certificate,46,13.602502018934548,5421,5359,62,51
APP_9426,OFC_188,Junagadh,Birth Certificate,35,12.79945422395654,4586,4559,27,36
APP_9427,OFC_599,Sagar,Income Certificate,12,12.15721277021422,1957,1858,99,55
APP_9428,OFC_284,Nagpur,Marriage Certificate,44,24.47306296600465,1084,1040,44,32
APP_9429,OFC_77,Howrah,Marriage Certificate,47,37.893211154590816,3531,3450,81,52
APP_9430,OFC_211,Srinagar,Domicile Certificate,20,11.765469574837066,1671,1630,41,48
APP_9431,OFC_96,Malda,Birth Certificate,37,19.15089747725521,1709,1697,12,33
APP_9432,OFC_68,Bhagalpur,Death Certificate,33,40.7455664003734,1082,1071,11,34
APP_9433,OFC_604,Gulbarga,Death Certificate,23,50.80164105859048,215,163,52,31
APP_9434,OFC_762,Begusarai,Birth Certificate,26,42.374917276984746,1125,1105,20,44
APP_9435,OFC_780,Dibrugarh,Birth Certificate,22,34.999972092155005,1044,1034,10,48
APP_9436,OFC_924,Mokokchung,Death Certificate,20,35.040051368328086,1159,1121,38,41
APP_9437,OFC_842,West Delhi,Income Certificate,5,30.014800565306885,115,109,6,30
APP_9438,OFC_586,Kota,Death Certificate,33,38.85962711070263,1208,1163,45,51
APP_9439,OFC_868,Vadodara,Domicile Certificate,41,57.977409096262576,1563,1533,30,47
APP_9440,OFC_233,Rajkot,Income Certificate,38,15.435497162907367,4791,4717,74,59
APP_9441,OFC_796,Kailashahar,Marriage Certificate,42,22.833798642820263,4129,4070,59,49
APP_9442,OFC_411,Agartala,Income Certificate,23,51.34712657004823,1144,1086,58,52
APP_9443,OFC_190,Ludhiana,Marriage Certificate,10,17.226449068484,1481,1452,29,47
APP_9444,OFC_309,Giridih,Birth Certificate,33,31.80807593358517,1275,1180,95,57
APP_9445,OFC_677,Sikar,Income Certificate,24,29.007097057500285,1593,1548,45,36
APP_9446,OFC_602,Kanpur,Domicile Certificate,13,55.42166113324651,119,102,17,36
APP_9447,OFC_892,Kohima,Income Certificate,28,33.41163387558177,1004,956,48,56
APP_9448,OFC_785,Ahmedabad,Income Certificate,10,26.888113512397076,510,445,65,30
APP_9449,OFC_721,Mangan,Death Certificate,38,54.12535016755285,2192,2130,62,58
APP_9450,OFC_321,Dehradun,Birth Certificate,16,35.60571704544519,334,246,88,47
APP_9451,OFC_947,Churachandpur,Caste Certificate,35,12.174605915824127,2784,2722,62,33
APP_9452,OFC_355,Gaya,Caste Certificate,28,20.509418865121503,1835,1804,31,44
APP_9453,OFC_61,Dhanbad,Birth Certificate,26,7.257999823281526,1047,964,83,41
APP_9454,OFC_139,Lunglei,Birth Certificate,38,20.69226432654501,1225,1224,1,34
APP_9455,OFC_752,Darjeeling,Marriage Certificate,31,18.091317973838805,3135,3107,28,43
APP_9456,OFC_765,Manali,Birth Certificate,49,6.139264055444997,23890,23824,66,56
APP_9457,OFC_946,Arrah,Death Certificate,13,35.93529290695651,319,241,78,36
APP_9458,OFC_398,Ramgarh,Caste Certificate,8,59.0612090926401,218,218,0,33
APP_9459,OFC_306,Ratlam,Domicile Certificate,18,6.645442205278238,1938,1929,9,58
APP_9460,OFC_698,Hyderabad,Death Certificate,40,33.59040503823309,1132,1073,59,32
APP_9461,OFC_661,Tumkur,Marriage Certificate,15,51.9181892744171,777,766,11,52
APP_9462,OFC_489,Ghaziabad,Income Certificate,14,41.17443989313029,640,547,93,59
APP_9463,OFC_463,Amini,Marriage Certificate,38,21.100885089882127,2256,2194,62,35
APP_9464,OFC_711,Alwar,Birth Certificate,10,5.879219499509883,1128,1087,41,37
APP_9465,OFC_739,Bardhaman,Income Certificate,33,14.91976167174351,2287,2261,26,59
APP_9466,OFC_268,New Delhi,Income Certificate,42,53.434608992816784,1482,1428,54,52
APP_9467,OFC_409,Tirunelveli,Death Certificate,6,31.203116794894648,230,191,39,41
APP_9468,OFC_143,Bilaspur,Caste Certificate,15,58.28089045509009,394,374,20,50
APP_9469,OFC_662,Haridwar,Birth Certificate,46,25.57096058021497,949,917,32,39
APP_9470,OFC_465,Central Delhi,Income Certificate,29,35.090775281013414,939,925,14,53
APP_9471,OFC_614,Baramulla,Domicile Certificate,48,39.95855698863376,1575,1515,60,33
APP_9472,OFC_195,Margao,Income Certificate,31,49.20920919657558,1363,1284,79,46
APP_9473,OFC_548,Aizawl,Domicile Certificate,45,48.72405242591618,851,791,60,47
APP_9474,OFC_172,Gangtok,Domicile Certificate,19,30.47493905366381,978,955,23,42
APP_9475,OFC_121,Mapusa,Birth Certificate,35,27.14378305737239,2074,2043,31,40
APP_9476,OFC_405,Mohali,Domicile Certificate,18,36.12817635722595,276,182,94,54
APP_9477,OFC_663,Bathinda,Marriage Certificate,35,29.58260586340997,398,313,85,37
APP_9478,OFC_951,Jalandhar,Death Certificate,11,44.00816024527126,488,397,91,48
APP_9479,OFC_451,Kashipur,Birth Certificate,42,29.33549007951137,1906,1874,32,36
APP_9480,OFC_361,Vellore,Domicile Certificate,16,36.09813606620696,1086,1008,78,41
APP_9481,OFC_268,Siliguri,Marriage Certificate,38,41.81711209613995,1105,1099,6,32
APP_9482,OFC_179,Ajmer,Caste Certificate,11,43.49409670108274,303,250,53,49
APP_9483,OFC_267,Minicoy,Income Certificate,24,47.79075064017033,483,468,15,44
APP_9484,OFC_59,Dharamshala,Domicile Certificate,6,50.70603730647782,189,102,87,52
APP_9485,OFC_2,Varanasi,Death Certificate,33,39.67386412204424,1581,1535,46,52
APP_9486,OFC_974,Bhilwara,Caste Certificate,11,46.28570123452528,436,434,2,38
APP_9487,OFC_241,Tuensang,Marriage Certificate,35,58.593624009291055,625,532,93,30
APP_9488,OFC_382,Havelock,Income Certificate,26,12.066767114412864,3081,3062,19,43
APP_9489,OFC_416,Diglipur,Domicile Certificate,5,28.882942220242803,204,113,91,56
APP_9490,OFC_535,Anantnag,Birth Certificate,31,21.258226582158247,110,100,10,40
APP_9491,OFC_491,Kolhapur,Birth Certificate,12,35.1319230453735,891,813,78,43
APP_9492,OFC_222,Nanded,Domicile Certificate,26,15.184037586346724,3954,3933,21,52
APP_9493,OFC_81,Jaipur,Domicile Certificate,36,21.652769590532863,3534,3444,90,47
APP_9494,OFC_530,Purnia,Birth Certificate,34,39.34677648342454,662,574,88,48
APP_9495,OFC_147,Bhopal,Domicile Certificate,44,9.544296173713798,5412,5406,6,46
APP_9496,OFC_597,Bhavnagar,Income Certificate,47,13.74698571258342,9331,9270,61,53
APP_9497,OFC_538,Mahbubnagar,Marriage Certificate,25,21.694001075010576,525,431,94,44
APP_9498,OFC_445,Darbhanga,Domicile Certificate,36,51.31913005210526,1468,1463,5,52
APP_9499,OFC_858,Thane,Domicile Certificate,40,50.34346293582119,511,505,6,41
APP_9500,OFC_870,Kolkata,Caste Certificate,18,43.51847118795611,418,413,5,36
APP_9501,OFC_18,Leh,Income Certificate,28,5.417934205161247,5122,5089,33,55
APP_9502,OFC_87,Durgapur,Marriage Certificate,13,9.07316108867472,2906,2834,72,56
APP_9503,OFC_196,Chennai,Income Certificate,15,38.67908808647286,953,942,11,52
APP_9504,OFC_602,Amritsar,Income Certificate,12,58.81839935564695,262,191,71,59
APP_9505,OFC_445,Tiruchirapalli,Death Certificate,38,36.78477545579295,889,848,41,30
APP_9506,OFC_17,Shimla,Caste Certificate,37,43.0980928789865,866,846,20,39
APP_9507,OFC_269,Jamnagar,Caste Certificate,35,47.724138495120776,1478,1399,79,45
APP_9508,OFC_685,Amravati,Death Certificate,27,24.087161833905817,1579,1507,72,31
APP_9509,OFC_113,Mumbai,Income Certificate,42,45.43599203800827,1748,1675,73,42
APP_9510,OFC_687,Nongpoh,Marriage Certificate,11,17.506526738817996,1587,1528,59,54
APP_9511,OFC_463,Hazaribagh,Marriage Certificate,33,30.10898338453532,1866,1847,19,47
APP_9512,OFC_168,Thoothukudi,Income Certificate,40,33.55841845326178,2959,2889,70,49
APP_9513,OFC_792,North Delhi,Caste Certificate,39,52.4221390633878,1410,1369,41,43
APP_9514,OFC_777,Shimoga,Caste Certificate,24,44.98579764244531,139,102,37,54
APP_9515,OFC_154,Khammam,Income Certificate,45,33.17824105584167,3202,3122,80,42
APP_9516,OFC_858,Naharlagun,Caste Certificate,14,20.73062229946913,1504,1456,48,49
APP_9517,OFC_938,Bikaner,Death Certificate,41,54.48758480120905,852,801,51,50
APP_9518,OFC_956,Ranchi,Domicile Certificate,5,50.2510626974287,138,114,24,38
APP_9519,OFC_607,South Delhi,Birth Certificate,8,30.31139433176989,199,143,56,40
APP_9520,OFC_736,Medinipur,Death Certificate,8,5.518029143658834,1181,1124,57,39
APP_9521,OFC_331,Port Blair,Caste Certificate,17,30.684188117783822,844,774,70,49
APP_9522,OFC_189,Geyzing,Domicile Certificate,6,48.90310613544073,329,233,96,46
APP_9523,OFC_895,Tura,Death Certificate,19,16.543822246171377,1364,1323,41,45
APP_9524,OFC_404,Mandi,Birth Certificate,45,16.910378919114116,5545,5514,31,51
APP_9525,OFC_430,Pathankot,Domicile Certificate,26,24.42149189107372,621,525,96,45
APP_9526,OFC_720,Hubli,Domicile Certificate,40,58.21765509728691,293,266,27,30
APP_9527,OFC_628,Dharmanagar,Income Certificate,33,47.3685158747704,1746,1683,63,52
APP_9528,OFC_859,Erode,Marriage Certificate,26,32.418592061897314,741,710,31,53
APP_9529,OFC_410,Nainital,Marriage Certificate,36,25.102511004445997,1986,1975,11,33
APP_9530,OFC_666,Anand,Death Certificate,16,34.619301882827045,1049,1042,7,54
APP_9531,OFC_999,Agatti,Death Certificate,39,21.560555081493863,5469,5404,65,58
APP_9532,OFC_764,Udaipur,Marriage Certificate,37,13.938457543941986,5702,5690,12,52
APP_9533,OFC_660,Meerut,Marriage Certificate,14,23.179767085223126,1169,1093,76,48
APP_9534,OFC_824,Deoghar,Birth Certificate,44,26.83976399775881,1701,1684,17,30
APP_9535,OFC_333,Surat,Domicile Certificate,23,24.483403575850375,1605,1562,43,42
APP_9536,OFC_201,Kathua,Death Certificate,8,27.34259967614927,676,651,25,53
APP_9537,OFC_631,Gorakhpur,Death Certificate,41,45.49530644893179,1837,1785,52,50
APP_9538,OFC_148,Gandhinagar,Caste Certificate,26,27.18296138465793,972,885,87,48
APP_9539,OFC_867,Belgaum,Death Certificate,41,13.006014160131484,7244,7233,11,45
APP_9540,OFC_941,Jammu,Birth Certificate,39,59.83750084663144,722,719,3,42
APP_9541,OFC_86,Davanagere,Birth Certificate,48,41.27855693197668,1779,1777,2,30
APP_9542,OFC_116,Asansol,Birth Certificate,25,41.39036253058641,628,550,78,57
APP_9543,OFC_905,Mangalore,Death Certificate,20,9.62000802451735,3278,3223,55,49
APP_9544,OFC_214,Jamshedpur,Caste Certificate,17,22.873719650876478,1296,1290,6,53
APP_9545,OFC_483,Udhampur,Marriage Certificate,27,48.89429830930373,611,525,86,40
APP_9546,OFC_461,Roorkee,Domicile Certificate,36,15.81996013870976,2131,2032,99,35
APP_9547,OFC_888,Adilabad,Income Certificate,20,36.5253582560636,452,425,27,33
APP_9548,OFC_970,Guwahati,Marriage Certificate,42,5.005550377282091,12651,12648,3,30
APP_9549,OFC_454,Pasighat,Income Certificate,8,33.82471683879534,444,416,28,40
APP_9550,OFC_169,Aurangabad,Death Certificate,41,18.82320070358925,2373,2288,85,33
APP_9551,OFC_649,Panaji,Domicile Certificate,25,22.505308844923924,2269,2189,80,38
APP_9552,OFC_145,Satna,Domicile Certificate,44,28.899324879411733,1509,1478,31,43
APP_9553,OFC_878,Madurai,Caste Certificate,21,49.84040908706946,475,431,44,56
APP_9554,OFC_504,Vasco da Gama,Domicile Certificate,43,6.388319438436783,16963,16919,44,54
APP_9555,OFC_324,Dimapur,Marriage Certificate,49,11.068541137241798,6024,5942,82,44
APP_9556,OFC_200,Delhi,Income Certificate,8,34.51531917342518,350,263,87,56
APP_9557,OFC_157,Rudrapur,Income Certificate,8,57.734016946832725,162,132,30,43
APP_9558,OFC_37,Indore,Marriage Certificate,6,25.754085044502705,429,342,87,34
APP_9559,OFC_88,Allahabad,Marriage Certificate,5,44.58057271998764,265,248,17,44
APP_9560,OFC_874,Haldwani,Birth Certificate,7,28.42273314090908,699,609,90,53
APP_9561,OFC_693,Patna,Caste Certificate,7,31.325418606314813,432,432,0,51
APP_9562,OFC_268,Champhai,Birth Certificate,37,51.40628590943036,1254,1198,56,55
APP_9563,OFC_206,Jorhat,Birth Certificate,15,7.711779674061789,3517,3506,11,41
APP_9564,OFC_962,Itanagar,Income Certificate,10,52.71581932879901,218,216,2,30
APP_9565,OFC_103,Shillong,Domicile Certificate,41,49.165543643226734,958,861,97,40
APP_9566,OFC_293,Solan,Domicile Certificate,48,9.721863103887436,8634,8584,50,51
APP_9567,OFC_316,Jowai,Caste Certificate,43,25.280773446752136,4753,4738,15,59
APP_9568,OFC_250,Namchi,Domicile Certificate,10,16.35779473083673,665,636,29,32
APP_9569,OFC_596,Bishnupur,Caste Certificate,35,36.27923804781668,1578,1507,71,47
APP_9570,OFC_628,Rewa,Birth Certificate,29,53.49406315314482,819,805,14,46
APP_9571,OFC_818,Agra,Marriage Certificate,46,55.28678246271398,953,880,73,30
APP_9572,OFC_680,Bangalore,Marriage Certificate,14,53.76813066994994,232,155,77,57
APP_9573,OFC_584,Solapur,Death Certificate,48,12.114419238823492,4830,4739,91,55
APP_9574,OFC_818,Silchar,Birth Certificate,5,45.154244465456266,300,223,77,42
APP_9575,OFC_973,Nashik,Caste Certificate,20,37.35810123710956,417,361,56,40
APP_9576,OFC_845,Mysore,Death Certificate,26,9.717447263181873,3489,3475,14,50
APP_9577,OFC_461,Coimbatore,Marriage Certificate,19,47.66530713309746,581,515,66,52
APP_9578,OFC_962,Katihar,Income Certificate,46,39.35070548186447,2809,2787,22,45
APP_9579,OFC_481,Bareilly,Marriage Certificate,18,29.1903053143584,1105,1026,79,55
APP_9580,OFC_535,Jodhpur,Domicile Certificate,36,34.33799592944585,1663,1574,89,56
APP_9581,OFC_801,Bokaro,Death Certificate,21,17.128027801624462,861,776,85,36
APP_9582,OFC_309,Jabalpur,Marriage Certificate,15,27.48696493345068,468,402,66,59
APP_9583,OFC_48,East Delhi,Caste Certificate,46,17.085737515778607,4274,4186,88,45
APP_9584,OFC_631,Karimnagar,Domicile Certificate,41,36.50304046712032,1858,1784,74,48
APP_9585,OFC_760,Serchhip,Marriage Certificate,43,35.97976235644692,1095,1074,21,43
APP_9586,OFC_983,Rangareddy,Domicile Certificate,7,49.852490343251134,385,304,81,38
APP_9587,OFC_988,Salem,Marriage Certificate,34,27.271146153367496,2019,2005,14,47
APP_9588,OFC_756,Kavaratti,Domicile Certificate,29,44.616705245708616,965,876,89,37
APP_9589,OFC_43,Dispur,Income Certificate,6,38.840658326112695,201,145,56,44
APP_9590,OFC_782,Thoubal,Domicile Certificate,41,10.676166200952837,9536,9450,86,50
APP_9591,OFC_763,Chandigarh,Birth Certificate,45,46.80477621488359,1747,1649,98,55
APP_9592,OFC_367,Nagaon,Marriage Certificate,15,45.630497465139634,621,527,94,47
APP_9593,OFC_902,Udaipur (Tripura),Birth Certificate,27,47.62485828892955,785,693,92,54
APP_9594,OFC_895,Warangal,Marriage Certificate,29,51.36739660215997,1083,1047,36,41
APP_9595,OFC_932,Muzaffarpur,Domicile Certificate,25,30.62855629357223,789,711,78,46
APP_9596,OFC_551,Ujjain,Income Certificate,20,56.766122572536446,256,222,34,52
APP_9597,OFC_125,Imphal,Caste Certificate,31,35.37138585724804,1461,1383,78,59
APP_9598,OFC_7,Patiala,Income Certificate,20,13.271137326537032,1579,1558,21,44
APP_9599,OFC_942,Gwalior,Marriage Certificate,19,50.12633146591521,337,322,15,31
APP_9600,OFC_107,Nizamabad,Domicile Certificate,11,35.02449107973192,644,589,55,55
APP_9601,OFC_25,Pune,Income Certificate,13,26.751346719862354,346,248,98,38
APP_9602,OFC_168,Tawang,Caste Certificate,36,32.646585612987785,1610,1579,31,37
APP_9603,OFC_599,Kullu,Birth Certificate,33,42.33680116907125,1310,1292,18,42
APP_9604,OFC_502,Mayabunder,Marriage Certificate,41,40.90089621893645,1116,1085,31,54
APP_9605,OFC_620,Lucknow,Marriage Certificate,20,40.093977915286544,793,730,63,51
APP_9606,OFC_711,Tezpur,Income Certificate,24,38.93391614169936,801,718,83,34
APP_9607,OFC_869,Junagadh,Birth Certificate,41,24.8494350401204,2745,2737,8,49
APP_9608,OFC_692,Sagar,Marriage Certificate,46,58.94218798131663,1203,1127,76,48
APP_9609,OFC_877,Nagpur,Death Certificate,22,5.925924281075423,7233,7228,5,45
APP_9610,OFC_983,Howrah,Death Certificate,10,59.740334644954345,198,193,5,35
APP_9611,OFC_879,Srinagar,Income Certificate,12,57.74327879364245,176,87,89,58
APP_9612,OFC_716,Malda,Caste Certificate,42,17.869696827551294,2919,2911,8,44
APP_9613,OFC_765,Bhagalpur,Income Certificate,6,21.08222726888356,627,541,86,53
APP_9614,OFC_215,Gulbarga,Income Certificate,15,32.548196281135475,512,487,25,44
APP_9615,OFC_570,Begusarai,Birth Certificate,41,32.99312935835026,1924,1902,22,37
APP_9616,OFC_224,Dibrugarh,Marriage Certificate,44,14.338842625055692,4077,4048,29,50
APP_9617,OFC_372,Mokokchung,Domicile Certificate,39,9.407074900054289,5104,5068,36,52
APP_9618,OFC_462,West Delhi,Domicile Certificate,23,42.85465422468735,625,526,99,56
APP_9619,OFC_482,Kota,Caste Certificate,37,58.47523260572683,1029,1016,13,40
APP_9620,OFC_682,Vadodara,Income Certificate,25,6.256270940286673,5852,5794,58,49
APP_9621,OFC_898,Rajkot,Caste Certificate,14,39.53508528723834,554,533,21,46
APP_9622,OFC_483,Kailashahar,Birth Certificate,19,55.96750966402291,340,254,86,39
APP_9623,OFC_25,Agartala,Income Certificate,28,35.07812778290399,1029,970,59,48
APP_9624,OFC_802,Ludhiana,Birth Certificate,45,49.05854896110682,2407,2342,65,57
APP_9625,OFC_458,Giridih,Income Certificate,38,43.66871546024731,653,581,72,35
APP_9626,OFC_842,Sikar,Death Certificate,33,58.011078541895785,948,906,42,48
APP_9627,OFC_737,Kanpur,Marriage Certificate,17,59.04001532387761,129,55,74,31
APP_9628,OFC_694,Kohima,Caste Certificate,22,10.822222229473374,2135,2058,77,50
APP_9629,OFC_90,Ahmedabad,Income Certificate,42,53.756646163030375,898,819,79,57
APP_9630,OFC_858,Mangan,Caste Certificate,45,53.65567836132026,1139,1122,17,42
APP_9631,OFC_973,Dehradun,Birth Certificate,40,26.286991038126207,3721,3699,22,52
APP_9632,OFC_978,Churachandpur,Caste Certificate,19,34.2514102566135,415,371,44,53
APP_9633,OFC_448,Gaya,Income Certificate,26,50.29866374076388,1028,944,84,38
APP_9634,OFC_151,Dhanbad,Death Certificate,9,16.988206324948294,1067,1034,33,53
APP_9635,OFC_347,Lunglei,Domicile Certificate,19,48.012499527358486,684,602,82,31
APP_9636,OFC_367,Darjeeling,Marriage Certificate,40,39.74060480985565,1964,1901,63,58
APP_9637,OFC_189,Manali,Income Certificate,19,30.65756883617017,1244,1161,83,40
APP_9638,OFC_508,Arrah,Income Certificate,47,35.12477955232313,958,910,48,38
APP_9639,OFC_858,Ramgarh,Income Certificate,26,24.68957343943821,1464,1413,51,33
APP_9640,OFC_882,Ratlam,Death Certificate,11,36.85415270362606,365,347,18,34
APP_9641,OFC_950,Hyderabad,Marriage Certificate,42,30.294980457584565,909,874,35,36
APP_9642,OFC_451,Tumkur,Domicile Certificate,24,56.11882665441166,208,158,50,30
APP_9643,OFC_376,Ghaziabad,Death Certificate,44,35.094151153409314,1841,1818,23,42
APP_9644,OFC_511,Amini,Birth Certificate,10,16.171255014753473,1401,1303,98,54
APP_9645,OFC_791,Alwar,Death Certificate,41,33.4122475298807,895,828,67,30
APP_9646,OFC_554,Bardhaman,Caste Certificate,46,14.951519347556136,6805,6723,82,47
APP_9647,OFC_237,New Delhi,Domicile Certificate,18,46.88304682945546,531,443,88,42
APP_9648,OFC_682,Tirunelveli,Caste Certificate,38,48.071435449232254,1381,1306,75,33
APP_9649,OFC_113,Bilaspur,Caste Certificate,8,44.29159002619425,381,314,67,38
APP_9650,OFC_578,Haridwar,Death Certificate,25,18.10836035703717,1547,1469,78,31
APP_9651,OFC_894,Central Delhi,Marriage Certificate,11,28.771587840262736,168,139,29,46
APP_9652,OFC_381,Baramulla,Birth Certificate,25,38.07434237121824,1055,1047,8,34
APP_9653,OFC_724,Margao,Birth Certificate,35,13.39416591568556,3401,3371,30,56
APP_9654,OFC_708,Aizawl,Income Certificate,41,24.117566941563783,2189,2108,81,44
APP_9655,OFC_208,Gangtok,Birth Certificate,13,40.591852641908346,273,271,2,59
APP_9656,OFC_782,Mapusa,Death Certificate,45,5.034864434771912,7998,7956,42,45
APP_9657,OFC_639,Mohali,Death Certificate,37,12.153799793910633,4720,4630,90,57
APP_9658,OFC_773,Bathinda,Domicile Certificate,6,51.12814977485741,130,53,77,33
APP_9659,OFC_399,Jalandhar,Income Certificate,47,24.02203696616562,2737,2687,50,35
APP_9660,OFC_462,Kashipur,Birth Certificate,37,19.249746742776374,1166,1114,52,46
APP_9661,OFC_258,Vellore,Death Certificate,27,39.62812746006067,1526,1444,82,47
APP_9662,OFC_779,Siliguri,Birth Certificate,44,47.47324910248397,1849,1802,47,50
APP_9663,OFC_445,Ajmer,Death Certificate,47,10.701861424144871,4332,4281,51,37
APP_9664,OFC_458,Minicoy,Marriage Certificate,20,13.910505840362145,565,482,83,32
APP_9665,OFC_773,Dharamshala,Marriage Certificate,11,14.135685807921575,770,750,20,34
APP_9666,OFC_816,Varanasi,Death Certificate,46,10.5750755990149,7001,6982,19,49
APP_9667,OFC_215,Bhilwara,Birth Certificate,43,17.834089896762276,3015,2955,60,49
APP_9668,OFC_816,Tuensang,Birth Certificate,48,29.087998742610445,1227,1187,40,41
APP_9669,OFC_423,Havelock,Birth Certificate,44,45.27578770197836,708,637,71,40
APP_9670,OFC_278,Diglipur,Death Certificate,29,25.355459594407,777,759,18,50
APP_9671,OFC_910,Anantnag,Income Certificate,33,40.96897652453877,1636,1590,46,44
APP_9672,OFC_475,Kolhapur,Caste Certificate,49,51.04826159536269,857,769,88,31
APP_9673,OFC_520,Nanded,Death Certificate,13,47.289140044892456,629,584,45,58
APP_9674,OFC_222,Jaipur,Domicile Certificate,30,11.85390478656804,3241,3189,52,49
APP_9675,OFC_548,Purnia,Birth Certificate,46,39.2719126812209,2581,2577,4,54
APP_9676,OFC_75,Bhopal,Death Certificate,38,27.9634950245862,1020,1002,18,46
APP_9677,OFC_613,Bhavnagar,Domicile Certificate,24,57.210201915893386,635,627,8,50
APP_9678,OFC_966,Mahbubnagar,Death Certificate,16,56.48200939421155,274,243,31,31
APP_9679,OFC_827,Darbhanga,Caste Certificate,24,46.00629311098063,1029,984,45,42
APP_9680,OFC_690,Thane,Death Certificate,16,50.29795880315263,163,149,14,46
APP_9681,OFC_998,Kolkata,Domicile Certificate,9,40.30511559178804,513,461,52,39
APP_9682,OFC_642,Leh,Domicile Certificate,25,53.60146130382506,556,548,8,58
APP_9683,OFC_147,Durgapur,Caste Certificate,33,49.589157092201575,1297,1283,14,41
APP_9684,OFC_754,Chennai,Birth Certificate,36,21.406152252967075,2299,2205,94,30
APP_9685,OFC_265,Amritsar,Caste Certificate,10,50.14430487511948,360,343,17,49
APP_9686,OFC_325,Tiruchirapalli,Caste Certificate,13,47.34930680841641,362,296,66,44
APP_9687,OFC_117,Shimla,Death Certificate,8,46.9081945720206,528,523,5,56
APP_9688,OFC_572,Jamnagar,Domicile Certificate,9,34.414224998470004,312,245,67,33
APP_9689,OFC_392,Amravati,Marriage Certificate,31,56.241929404101136,1223,1129,94,41
APP_9690,OFC_291,Mumbai,Death Certificate,40,9.942933410197549,9120,9021,99,52
APP_9691,OFC_879,Nongpoh,Marriage Certificate,49,13.943376878309705,4349,4317,32,47
APP_9692,OFC_108,Hazaribagh,Death Certificate,47,44.564496018745,915,833,82,40
APP_9693,OFC_776,Thoothukudi,Birth Certificate,30,50.150283132223,1363,1303,60,56
APP_9694,OFC_932,North Delhi,Death Certificate,18,14.410574617610942,533,528,5,31
APP_9695,OFC_283,Shimoga,Marriage Certificate,38,42.07897181449236,1940,1877,63,46
APP_9696,OFC_109,Khammam,Marriage Certificate,32,42.67525101139177,447,394,53,48
APP_9697,OFC_581,Naharlagun,Domicile Certificate,26,46.29837815885466,842,764,78,33
APP_9698,OFC_784,Bikaner,Caste Certificate,43,39.549848736474885,1092,1003,89,52
APP_9699,OFC_238,Ranchi,Marriage Certificate,15,46.002854891631536,50,28,22,54
APP_9700,OFC_497,South Delhi,Income Certificate,15,48.255090704522246,117,103,14,48
APP_9701,OFC_835,Medinipur,Income Certificate,22,24.535026258173925,2156,2088,68,55
APP_9702,OFC_434,Port Blair,Caste Certificate,9,50.07356697156092,333,253,80,57
APP_9703,OFC_443,Geyzing,Birth Certificate,21,59.96628791828403,425,401,24,56
APP_9704,OFC_913,Tura,Income Certificate,37,17.215712744151197,1180,1091,89,57
APP_9705,OFC_113,Mandi,Caste Certificate,25,22.154671187942068,1215,1191,24,36
APP_9706,OFC_616,Pathankot,Domicile Certificate,45,14.402929220863149,6369,6287,82,37
APP_9707,OFC_316,Hubli,Domicile Certificate,38,30.009384282671192,2531,2473,58,46
APP_9708,OFC_192,Dharmanagar,Birth Certificate,27,33.539042185159424,225,168,57,37
APP_9709,OFC_754,Erode,Marriage Certificate,48,53.645616134436885,664,604,60,30
APP_9710,OFC_477,Nainital,Income Certificate,48,34.66468833963435,2187,2100,87,36
APP_9711,OFC_644,Anand,Death Certificate,25,17.140741456174993,585,579,6,35
APP_9712,OFC_560,Agatti,Birth Certificate,17,51.701595646808,359,356,3,55
APP_9713,OFC_542,Udaipur,Death Certificate,28,59.43906868762974,352,260,92,30
APP_9714,OFC_614,Meerut,Domicile Certificate,48,53.77855757976985,1603,1512,91,54
APP_9715,OFC_87,Deoghar,Death Certificate,42,24.328722693854424,3079,3040,39,56
APP_9716,OFC_101,Surat,Marriage Certificate,24,37.891179253376265,1684,1615,69,44
APP_9717,OFC_830,Kathua,Caste Certificate,48,42.71099119062142,2428,2338,90,56
APP_9718,OFC_356,Gorakhpur,Marriage Certificate,49,26.61889982178569,692,684,8,36
APP_9719,OFC_264,Gandhinagar,Death Certificate,9,40.00264447138196,351,321,30,39
APP_9720,OFC_899,Belgaum,Domicile Certificate,45,49.7086204820583,2029,1941,88,40
APP_9721,OFC_702,Jammu,Death Certificate,41,29.604143297046026,609,569,40,32
APP_9722,OFC_888,Davanagere,Income Certificate,44,53.39984359745813,1803,1793,10,48
APP_9723,OFC_484,Asansol,Death Certificate,11,11.589010484210952,797,719,78,55
APP_9724,OFC_845,Mangalore,Caste Certificate,9,35.538991466609446,331,308,23,44
APP_9725,OFC_675,Jamshedpur,Marriage Certificate,35,33.660948977479734,2426,2413,13,58
APP_9726,OFC_33,Udhampur,Death Certificate,44,23.161103515554803,219,165,54,30
APP_9727,OFC_689,Roorkee,Caste Certificate,25,11.340227672687048,3623,3597,26,56
APP_9728,OFC_90,Adilabad,Caste Certificate,19,21.090093440024447,1533,1532,1,31
APP_9729,OFC_713,Guwahati,Income Certificate,27,40.06612485759197,894,827,67,36
APP_9730,OFC_950,Pasighat,Birth Certificate,19,31.758268680999137,1005,1005,0,51
APP_9731,OFC_150,Aurangabad,Marriage Certificate,6,5.694271492081206,2058,1991,67,58
APP_9732,OFC_279,Panaji,Death Certificate,46,43.52402161125272,1086,1071,15,53
APP_9733,OFC_477,Satna,Death Certificate,35,41.21916790965429,1015,996,19,43
APP_9734,OFC_798,Madurai,Domicile Certificate,8,43.889195275580974,438,432,6,58
APP_9735,OFC_879,Vasco da Gama,Death Certificate,27,14.918684004719168,971,955,16,51
APP_9736,OFC_825,Dimapur,Domicile Certificate,6,54.468594071570415,288,253,35,58
APP_9737,OFC_48,Delhi,Caste Certificate,11,33.3478233074334,561,506,55,40
APP_9738,OFC_973,Rudrapur,Caste Certificate,5,27.688280652742943,241,151,90,40
APP_9739,OFC_734,Indore,Domicile Certificate,21,5.687035207744418,6938,6933,5,41
APP_9740,OFC_298,Allahabad,Domicile Certificate,37,17.281791242993155,4481,4399,82,52
APP_9741,OFC_434,Haldwani,Marriage Certificate,35,11.353798156434006,4851,4760,91,31
APP_9742,OFC_778,Patna,Death Certificate,27,37.52354057086193,1818,1741,77,42
APP_9743,OFC_833,Champhai,Marriage Certificate,6,41.12925128109713,68,30,38,49
APP_9744,OFC_68,Jorhat,Domicile Certificate,31,24.80993155239044,1090,1088,2,43
APP_9745,OFC_37,Itanagar,Caste Certificate,27,29.799309563868476,2269,2174,95,47
APP_9746,OFC_945,Shillong,Caste Certificate,33,8.935377918254707,7132,7126,6,58
APP_9747,OFC_879,Solan,Birth Certificate,19,24.01567676441902,1299,1201,98,58
APP_9748,OFC_441,Jowai,Marriage Certificate,45,43.747990908427234,1333,1286,47,33
APP_9749,OFC_996,Namchi,Marriage Certificate,26,36.0698617923076,546,486,60,30
APP_9750,OFC_548,Bishnupur,Death Certificate,43,57.78810270544264,916,907,9,45
APP_9751,OFC_910,Rewa,Income Certificate,16,23.795985762049188,1760,1671,89,51
APP_9752,OFC_483,Agra,Marriage Certificate,11,18.521620640019663,820,745,75,59
APP_9753,OFC_963,Bangalore,Caste Certificate,29,15.80818775208618,1212,1138,74,59
APP_9754,OFC_337,Solapur,Caste Certificate,36,53.47405610243759,920,853,67,34
APP_9755,OFC_539,Silchar,Birth Certificate,12,34.80207571416232,568,488,80,54
APP_9756,OFC_475,Nashik,Caste Certificate,12,16.580247776469864,659,571,88,35
APP_9757,OFC_368,Mysore,Death Certificate,46,55.77354817448321,722,710,12,33
APP_9758,OFC_271,Coimbatore,Income Certificate,31,27.181680210623888,1835,1799,36,38
APP_9759,OFC_515,Katihar,Death Certificate,6,27.288603093153363,74,58,16,40
APP_9760,OFC_202,Bareilly,Birth Certificate,27,42.93054356550698,458,395,63,41
APP_9761,OFC_967,Jodhpur,Domicile Certificate,24,13.738158283924268,2027,2013,14,54
APP_9762,OFC_917,Bokaro,Marriage Certificate,18,44.593686251208034,220,125,95,52
APP_9763,OFC_450,Jabalpur,Domicile Certificate,8,26.940777861070472,480,394,86,30
APP_9764,OFC_45,East Delhi,Birth Certificate,32,12.988701302821404,1167,1085,82,40
APP_9765,OFC_510,Karimnagar,Income Certificate,10,12.30921407248237,1242,1179,63,48
APP_9766,OFC_105,Serchhip,Income Certificate,23,17.041214381549345,2132,2038,94,32
APP_9767,OFC_963,Rangareddy,Domicile Certificate,11,31.888387999814164,295,270,25,33
APP_9768,OFC_404,Salem,Income Certificate,14,23.846875198598816,269,230,39,48
APP_9769,OFC_112,Kavaratti,Birth Certificate,33,29.320462683950822,2068,2005,63,52
APP_9770,OFC_839,Dispur,Death Certificate,30,38.79882377041673,286,272,14,55
APP_9771,OFC_435,Thoubal,Death Certificate,45,31.359499266137373,532,438,94,33
APP_9772,OFC_962,Chandigarh,Death Certificate,32,11.964880813638722,1923,1841,82,42
APP_9773,OFC_12,Nagaon,Birth Certificate,28,56.39088291263112,1648,1630,18,58
APP_9774,OFC_182,Udaipur (Tripura),Income Certificate,16,39.62363370084113,486,456,30,44
APP_9775,OFC_966,Warangal,Marriage Certificate,43,44.19476823009566,913,864,49,39
APP_9776,OFC_454,Muzaffarpur,Caste Certificate,42,53.041868969342616,1019,1019,0,53
APP_9777,OFC_325,Ujjain,Domicile Certificate,39,55.48700646900734,1943,1940,3,59
APP_9778,OFC_663,Imphal,Domicile Certificate,42,16.793349755312548,5227,5222,5,43
APP_9779,OFC_396,Patiala,Caste Certificate,19,57.8903956400519,46,17,29,43
APP_9780,OFC_13,Gwalior,Domicile Certificate,16,59.50685065909939,394,374,20,57
APP_9781,OFC_664,Nizamabad,Domicile Certificate,40,38.75709412501188,1864,1823,41,57
APP_9782,OFC_158,Pune,Birth Certificate,13,26.61525572541832,578,514,64,38
APP_9783,OFC_391,Tawang,Death Certificate,20,14.854586512574718,1808,1709,99,47
APP_9784,OFC_817,Kullu,Domicile Certificate,34,23.245677610545624,1864,1816,48,32
APP_9785,OFC_179,Mayabunder,Death Certificate,28,40.57719576881792,755,704,51,36
APP_9786,OFC_706,Lucknow,Caste Certificate,23,49.34843633511788,974,919,55,45
APP_9787,OFC_88,Tezpur,Income Certificate,24,58.97992150026546,677,670,7,44
APP_9788,OFC_865,Junagadh,Marriage Certificate,35,55.81107944237959,989,923,66,47
APP_9789,OFC_487,Sagar,Birth Certificate,47,41.34932802739638,1909,1890,19,34
APP_9790,OFC_816,Nagpur,Domicile Certificate,13,23.45983652701557,720,716,4,39
APP_9791,OFC_775,Howrah,Marriage Certificate,18,15.777504131842669,1731,1645,86,49
APP_9792,OFC_313,Srinagar,Caste Certificate,22,22.112792694539998,1608,1595,13,47
APP_9793,OFC_798,Malda,Domicile Certificate,22,51.433337897322815,349,295,54,33
APP_9794,OFC_383,Bhagalpur,Caste Certificate,16,42.54429496158464,243,224,19,31
APP_9795,OFC_607,Gulbarga,Caste Certificate,29,12.25129628036898,4640,4579,61,59
APP_9796,OFC_448,Begusarai,Birth Certificate,20,36.53130054671691,774,758,16,40
APP_9797,OFC_975,Dibrugarh,Birth Certificate,47,11.568952841873934,6078,5990,88,50
APP_9798,OFC_827,Mokokchung,Caste Certificate,25,55.73037437185833,169,91,78,52
APP_9799,OFC_683,West Delhi,Birth Certificate,23,52.69393633116589,360,305,55,47
APP_9800,OFC_461,Kota,Birth Certificate,31,6.351735295282756,6106,6082,24,55
APP_9801,OFC_520,Vadodara,Domicile Certificate,37,43.79691776531001,682,642,40,30
APP_9802,OFC_725,Rajkot,Marriage Certificate,23,24.47245726867206,672,657,15,45
APP_9803,OFC_947,Kailashahar,Marriage Certificate,13,12.146136352573222,1686,1595,91,49
APP_9804,OFC_658,Agartala,Domicile Certificate,31,31.884692769671595,904,846,58,35
APP_9805,OFC_633,Ludhiana,Caste Certificate,12,37.426688094565286,577,537,40,50
APP_9806,OFC_760,Giridih,Income Certificate,21,6.632408718248986,2713,2682,31,49
APP_9807,OFC_928,Sikar,Caste Certificate,11,41.53961610620382,662,611,51,58
APP_9808,OFC_292,Kanpur,Death Certificate,25,29.62691423250346,1589,1562,27,39
APP_9809,OFC_214,Kohima,Death Certificate,28,39.59084312162834,731,675,56,40
APP_9810,OFC_255,Ahmedabad,Caste Certificate,37,32.90075001848629,1280,1183,97,34
APP_9811,OFC_211,Mangan,Death Certificate,42,22.455614097146327,1601,1558,43,40
APP_9812,OFC_999,Dehradun,Marriage Certificate,44,26.589614554854528,1686,1661,25,36
APP_9813,OFC_392,Churachandpur,Domicile Certificate,19,20.450922905419,1543,1541,2,41
APP_9814,OFC_918,Gaya,Marriage Certificate,36,54.50739336250832,1200,1117,83,52
APP_9815,OFC_793,Dhanbad,Income Certificate,49,27.729683249508657,2050,1978,72,55
APP_9816,OFC_889,Lunglei,Income Certificate,22,13.858325686233457,2187,2095,92,30
APP_9817,OFC_629,Darjeeling,Domicile Certificate,9,41.96963991474632,615,579,36,52
APP_9818,OFC_209,Manali,Birth Certificate,9,14.65422402073165,668,645,23,32
APP_9819,OFC_956,Arrah,Marriage Certificate,9,5.379166619619604,1237,1173,64,36
APP_9820,OFC_571,Ramgarh,Income Certificate,44,48.20701732714812,446,403,43,53
APP_9821,OFC_717,Ratlam,Birth Certificate,11,31.93205300658985,347,282,65,40
APP_9822,OFC_671,Hyderabad,Income Certificate,17,56.5598647360624,520,514,6,54
APP_9823,OFC_355,Tumkur,Marriage Certificate,12,45.29644856649927,291,281,10,33
APP_9824,OFC_917,Ghaziabad,Income Certificate,26,21.407804052864503,550,533,17,36
APP_9825,OFC_321,Amini,Birth Certificate,34,41.13133977667327,865,793,72,36
APP_9826,OFC_167,Alwar,Birth Certificate,31,53.24277473772228,1200,1103,97,40
APP_9827,OFC_103,Bardhaman,Income Certificate,36,49.36160795278799,603,533,70,50
APP_9828,OFC_414,New Delhi,Caste Certificate,14,9.57914272046255,2806,2775,31,50
APP_9829,OFC_204,Tirunelveli,Marriage Certificate,35,35.88795816981175,1374,1333,41,41
APP_9830,OFC_655,Bilaspur,Domicile Certificate,12,38.33456929938447,406,355,51,57
APP_9831,OFC_190,Haridwar,Income Certificate,23,41.58416031140592,1241,1189,52,59
APP_9832,OFC_138,Central Delhi,Domicile Certificate,49,31.70914189407246,723,653,70,31
APP_9833,OFC_130,Baramulla,Domicile Certificate,13,57.73961426923781,430,422,8,49
APP_9834,OFC_932,Margao,Death Certificate,36,45.15149160038762,1076,1019,57,43
APP_9835,OFC_713,Aizawl,Income Certificate,17,14.673963832787996,1818,1809,9,44
APP_9836,OFC_957,Gangtok,Death Certificate,39,59.52535262765048,1250,1205,45,39
APP_9837,OFC_239,Mapusa,Domicile Certificate,5,31.79497918428453,224,137,87,37
APP_9838,OFC_148,Mohali,Birth Certificate,28,21.939564404593195,3326,3313,13,46
APP_9839,OFC_202,Bathinda,Marriage Certificate,23,14.55517494858064,578,574,4,30
APP_9840,OFC_807,Jalandhar,Caste Certificate,41,47.8986511458997,1391,1363,28,46
APP_9841,OFC_549,Kashipur,Caste Certificate,22,9.34194907933838,4625,4603,22,39
APP_9842,OFC_250,Vellore,Birth Certificate,21,20.824216498153625,960,893,67,32
APP_9843,OFC_326,Siliguri,Income Certificate,14,13.681632196068838,944,926,18,41
APP_9844,OFC_313,Ajmer,Income Certificate,10,43.16050068620758,79,45,34,35
APP_9845,OFC_648,Minicoy,Income Certificate,7,14.41419168321416,639,574,65,49
APP_9846,OFC_637,Dharamshala,Caste Certificate,13,25.88511531184337,905,860,45,40
APP_9847,OFC_904,Varanasi,Caste Certificate,47,48.18303407017797,1659,1569,90,50
APP_9848,OFC_923,Bhilwara,Birth Certificate,16,50.21636102867913,657,598,59,49
APP_9849,OFC_958,Tuensang,Domicile Certificate,16,35.67755920379743,436,357,79,31
APP_9850,OFC_266,Havelock,Income Certificate,22,11.592699342210864,2964,2866,98,33
APP_9851,OFC_37,Diglipur,Income Certificate,25,37.74255918496748,1020,973,47,30
APP_9852,OFC_195,Anantnag,Marriage Certificate,24,22.246227966789,332,254,78,50
APP_9853,OFC_84,Kolhapur,Birth Certificate,26,57.88340078394046,1297,1224,73,52
APP_9854,OFC_88,Nanded,Caste Certificate,45,8.946843153912075,12339,12243,96,56
APP_9855,OFC_264,Jaipur,Domicile Certificate,49,51.563430725342826,2328,2290,38,44
APP_9856,OFC_461,Purnia,Death Certificate,14,49.92806301672845,184,175,9,41
APP_9857,OFC_876,Bhopal,Caste Certificate,41,44.540475367369645,2280,2221,59,44
APP_9858,OFC_450,Bhavnagar,Death Certificate,48,45.97025466927125,2292,2229,63,41
APP_9859,OFC_176,Mahbubnagar,Caste Certificate,36,17.37399071987123,1894,1818,76,38
APP_9860,OFC_81,Darbhanga,Birth Certificate,24,16.333446177697617,2752,2704,48,53
APP_9861,OFC_284,Thane,Marriage Certificate,44,53.51062507738947,1126,1123,3,57
APP_9862,OFC_107,Kolkata,Caste Certificate,24,40.90140726388381,1208,1141,67,53
APP_9863,OFC_413,Leh,Death Certificate,38,15.586842875198052,4805,4722,83,37
APP_9864,OFC_262,Durgapur,Birth Certificate,11,44.423213311079344,539,508,31,35
APP_9865,OFC_646,Chennai,Marriage Certificate,12,30.022813809128976,219,127,92,58
APP_9866,OFC_60,Amritsar,Death Certificate,28,32.7985722521376,484,476,8,40
APP_9867,OFC_905,Tiruchirapalli,Income Certificate,36,11.235210144190503,2465,2367,98,31
APP_9868,OFC_443,Shimla,Marriage Certificate,11,18.996908430626867,961,906,55,32
APP_9869,OFC_28,Jamnagar,Birth Certificate,43,58.92081290611375,802,777,25,54
APP_9870,OFC_354,Amravati,Birth Certificate,12,59.920796702222354,300,229,71,30
APP_9871,OFC_184,Mumbai,Death Certificate,31,18.57220086164465,1635,1592,43,45
APP_9872,OFC_125,Nongpoh,Birth Certificate,29,54.99908699905824,217,189,28,57
APP_9873,OFC_695,Hazaribagh,Birth Certificate,23,42.96424181591321,409,397,12,31
APP_9874,OFC_990,Thoothukudi,Domicile Certificate,16,40.04790191056783,664,569,95,35
APP_9875,OFC_372,North Delhi,Income Certificate,49,52.673688372152895,1038,1037,1,50
APP_9876,OFC_266,Shimoga,Income Certificate,36,21.91174394682165,1213,1121,92,46
APP_9877,OFC_176,Khammam,Income Certificate,18,20.970559187567083,612,527,85,42
APP_9878,OFC_683,Naharlagun,Marriage Certificate,45,57.81829069231968,1409,1343,66,43
APP_9879,OFC_385,Bikaner,Caste Certificate,18,20.048887209305008,2782,2764,18,58
APP_9880,OFC_652,Ranchi,Death Certificate,47,40.491635840364616,1366,1332,34,47
APP_9881,OFC_905,South Delhi,Domicile Certificate,43,28.393648631179172,594,578,16,57
APP_9882,OFC_737,Medinipur,Death Certificate,18,29.725543413916093,834,761,73,47
APP_9883,OFC_759,Port Blair,Death Certificate,38,55.57127630305371,669,583,86,35
APP_9884,OFC_307,Geyzing,Birth Certificate,19,16.88015308718077,900,877,23,47
APP_9885,OFC_279,Tura,Caste Certificate,8,6.440229221215619,1766,1697,69,50
APP_9886,OFC_702,Mandi,Domicile Certificate,38,50.797200811860776,1668,1649,19,45
APP_9887,OFC_116,Pathankot,Birth Certificate,42,5.4688184033548985,16243,16205,38,58
APP_9888,OFC_361,Hubli,Domicile Certificate,22,45.09402432947656,816,725,91,34
APP_9889,OFC_240,Dharmanagar,Income Certificate,30,34.74493765639404,844,759,85,35
APP_9890,OFC_666,Erode,Birth Certificate,14,12.603735307273356,2880,2851,29,48
APP_9891,OFC_74,Nainital,Domicile Certificate,31,12.998651237739288,3318,3243,75,38
APP_9892,OFC_82,Anand,Birth Certificate,39,57.49060741963461,1303,1303,0,56
APP_9893,OFC_522,Agatti,Marriage Certificate,40,17.96749988541181,3190,3161,29,46
APP_9894,OFC_49,Udaipur,Income Certificate,30,30.27556521395557,1803,1796,7,39
APP_9895,OFC_308,Meerut,Birth Certificate,15,40.74909392555129,614,566,48,57
APP_9896,OFC_14,Deoghar,Death Certificate,16,9.545074454802396,1029,991,38,35
APP_9897,OFC_887,Surat,Birth Certificate,18,17.3725544973521,1900,1874,26,56
APP_9898,OFC_703,Kathua,Income Certificate,7,55.77415527887732,439,363,76,57
APP_9899,OFC_569,Gorakhpur,Death Certificate,45,6.942699715342885,8061,8004,57,39
APP_9900,OFC_311,Gandhinagar,Marriage Certificate,27,13.68790237929615,2253,2213,40,35
APP_9901,OFC_605,Belgaum,Death Certificate,41,12.025979553931329,4030,3977,53,38
APP_9902,OFC_696,Jammu,Income Certificate,18,10.281146728502824,2897,2896,1,46
APP_9903,OFC_355,Davanagere,Marriage Certificate,42,58.21331257084847,1527,1448,79,49
APP_9904,OFC_993,Asansol,Birth Certificate,10,35.66806911700014,322,316,6,48
APP_9905,OFC_811,Mangalore,Death Certificate,41,39.10374402976487,1857,1778,79,43
APP_9906,OFC_965,Jamshedpur,Domicile Certificate,7,19.057811221329704,318,312,6,35
APP_9907,OFC_643,Udhampur,Caste Certificate,36,17.880179335344486,3279,3237,42,40
APP_9908,OFC_448,Roorkee,Domicile Certificate,34,41.52424220022922,511,507,4,36
APP_9909,OFC_914,Adilabad,Birth Certificate,19,51.23381823720408,582,525,57,31
APP_9910,OFC_569,Guwahati,Marriage Certificate,42,13.158270951466674,5042,4999,43,55
APP_9911,OFC_740,Pasighat,Income Certificate,37,23.782628408297303,2446,2364,82,42
APP_9912,OFC_764,Aurangabad,Domicile Certificate,49,33.35932101899087,362,283,79,37
APP_9913,OFC_18,Panaji,Marriage Certificate,30,30.35370034719396,1732,1660,72,38
APP_9914,OFC_789,Satna,Death Certificate,15,17.47231778891922,1457,1369,88,37
APP_9915,OFC_704,Madurai,Caste Certificate,24,35.66439762574184,672,633,39,33
APP_9916,OFC_822,Vasco da Gama,Death Certificate,38,37.818476184872544,1331,1305,26,33
APP_9917,OFC_663,Dimapur,Caste Certificate,27,44.420216391789104,983,918,65,50
APP_9918,OFC_959,Delhi,Marriage Certificate,24,46.44924706974447,609,603,6,53
APP_9919,OFC_43,Rudrapur,Birth Certificate,17,30.17924410461051,812,775,37,44
APP_9920,OFC_563,Indore,Income Certificate,19,13.033113109272184,1652,1621,31,43
APP_9921,OFC_16,Allahabad,Income Certificate,25,52.95585535857724,500,458,42,41
APP_9922,OFC_94,Haldwani,Income Certificate,34,13.873427218194326,6301,6287,14,52
APP_9923,OFC_536,Patna,Death Certificate,46,31.659285332343305,2882,2863,19,46
APP_9924,OFC_759,Champhai,Death Certificate,25,31.97746529014793,1527,1469,58,33
APP_9925,OFC_53,Jorhat,Marriage Certificate,24,42.572234850663634,1353,1285,68,41
APP_9926,OFC_162,Itanagar,Marriage Certificate,23,35.29226703947192,668,617,51,37
APP_9927,OFC_938,Shillong,Income Certificate,18,33.94582548017311,601,513,88,32
APP_9928,OFC_199,Solan,Marriage Certificate,48,13.255826866378207,4289,4273,16,55
APP_9929,OFC_469,Jowai,Domicile Certificate,12,41.065795425794754,170,72,98,31
APP_9930,OFC_418,Namchi,Marriage Certificate,24,41.3712623512177,769,673,96,55
APP_9931,OFC_673,Bishnupur,Caste Certificate,28,11.844424058386393,5524,5476,48,58
APP_9932,OFC_798,Rewa,Domicile Certificate,49,39.29559890614922,1708,1636,72,33
APP_9933,OFC_589,Agra,Caste Certificate,24,5.645738637841816,10152,10120,32,52
APP_9934,OFC_727,Bangalore,Caste Certificate,8,46.82491742691511,212,158,54,46
APP_9935,OFC_668,Solapur,Income Certificate,24,18.865227105677924,3737,3735,2,51
APP_9936,OFC_786,Silchar,Birth Certificate,41,5.830938201520637,19659,19644,15,56
APP_9937,OFC_617,Nashik,Caste Certificate,48,44.06500355596124,812,800,12,36
APP_9938,OFC_17,Mysore,Death Certificate,21,23.955610649987417,2177,2084,93,54
APP_9939,OFC_122,Coimbatore,Income Certificate,5,52.01278111687353,143,88,55,45
APP_9940,OFC_190,Katihar,Death Certificate,13,36.18814091159862,803,721,82,51
APP_9941,OFC_55,Bareilly,Birth Certificate,26,37.63408618153772,1265,1222,43,36
APP_9942,OFC_766,Jodhpur,Domicile Certificate,27,6.228312328845114,4924,4907,17,33
APP_9943,OFC_658,Bokaro,Death Certificate,19,43.817820337540105,815,753,62,59
APP_9944,OFC_769,Jabalpur,Caste Certificate,37,49.11457375379899,1127,1119,8,51
APP_9945,OFC_783,East Delhi,Birth Certificate,45,9.986075784041429,4720,4706,14,44
APP_9946,OFC_758,Karimnagar,Income Certificate,37,30.25096717210392,1791,1711,80,45
APP_9947,OFC_268,Serchhip,Caste Certificate,39,8.09573711289212,6938,6881,57,46
APP_9948,OFC_227,Rangareddy,Caste Certificate,40,10.059168790802152,5374,5346,28,47
APP_9949,OFC_990,Salem,Birth Certificate,29,29.30335663219736,1548,1534,14,45
APP_9950,OFC_572,Kavaratti,Domicile Certificate,10,49.97903216529127,609,527,82,58
APP_9951,OFC_709,Dispur,Domicile Certificate,24,14.389880649973485,1992,1943,49,36
APP_9952,OFC_742,Thoubal,Income Certificate,45,28.647413646494694,1278,1275,3,52
APP_9953,OFC_523,Chandigarh,Caste Certificate,36,14.757150472435203,2574,2563,11,51
APP_9954,OFC_869,Nagaon,Death Certificate,12,34.883417485922955,350,301,49,41
APP_9955,OFC_123,Udaipur (Tripura),Death Certificate,22,25.442217074231408,1262,1240,22,31
APP_9956,OFC_61,Warangal,Income Certificate,47,58.341281448475165,1258,1170,88,40
APP_9957,OFC_504,Muzaffarpur,Income Certificate,38,18.252926593858085,3221,3166,55,49
APP_9958,OFC_142,Ujjain,Caste Certificate,36,24.634317313078835,829,755,74,31
APP_9959,OFC_125,Imphal,Income Certificate,25,15.227035656242847,3019,2968,51,49
APP_9960,OFC_41,Patiala,Domicile Certificate,47,10.987809714997075,3782,3753,29,44
APP_9961,OFC_770,Gwalior,Marriage Certificate,13,11.85771774029028,1996,1917,79,37
APP_9962,OFC_577,Nizamabad,Death Certificate,12,26.036575373583275,618,594,24,56
APP_9963,OFC_998,Pune,Birth Certificate,19,17.437311558835994,3526,3496,30,57
APP_9964,OFC_676,Tawang,Marriage Certificate,14,29.93799010980182,594,544,50,46
APP_9965,OFC_133,Kullu,Caste Certificate,7,10.829955965496255,740,687,53,59
APP_9966,OFC_845,Mayabunder,Marriage Certificate,10,32.02039245022886,569,502,67,55
APP_9967,OFC_707,Lucknow,Income Certificate,31,22.77613673243784,1856,1844,12,44
APP_9968,OFC_236,Tezpur,Death Certificate,16,39.271469832394494,700,630,70,39
APP_9969,OFC_93,Junagadh,Caste Certificate,20,20.964321761741044,1067,976,91,56
APP_9970,OFC_516,Sagar,Birth Certificate,38,18.19517525433649,4298,4296,2,56
APP_9971,OFC_806,Nagpur,Income Certificate,21,49.86211535653961,535,494,41,34
APP_9972,OFC_314,Howrah,Caste Certificate,21,11.204184374201173,1195,1191,4,34
APP_9973,OFC_169,Srinagar,Birth Certificate,29,9.50532757651674,5046,5009,37,40
APP_9974,OFC_829,Malda,Income Certificate,28,52.15784675537624,985,938,47,38
APP_9975,OFC_579,Bhagalpur,Domicile Certificate,42,18.396397980549253,1531,1478,53,31
APP_9976,OFC_139,Gulbarga,Domicile Certificate,35,37.99254780353977,1058,1020,38,31
APP_9977,OFC_147,Begusarai,Domicile Certificate,41,23.08360818701742,1732,1711,21,33
APP_9978,OFC_788,Dibrugarh,Birth Certificate,34,33.04589425944228,1494,1450,44,53
APP_9979,OFC_230,Mokokchung,Birth Certificate,40,30.220746586471947,2022,2021,1,51
APP_9980,OFC_543,West Delhi,Death Certificate,25,22.756883317826464,1304,1242,62,38
APP_9981,OFC_48,Kota,Domicile Certificate,7,40.00635567727375,129,101,28,51
APP_9982,OFC_142,Vadodara,Income Certificate,33,29.36913720940212,1754,1655,99,34
APP_9983,OFC_498,Rajkot,Income Certificate,42,51.811025163386624,1324,1318,6,41
APP_9984,OFC_620,Kailashahar,Death Certificate,41,34.5427905497464,2800,2751,49,42
APP_9985,OFC_4,Agartala,Birth Certificate,47,48.875249494846585,473,402,71,31
APP_9986,OFC_131,Ludhiana,Marriage Certificate,18,52.617572220389846,481,430,51,55
APP_9987,OFC_755,Giridih,Caste Certificate,6,9.632304475575722,1147,1082,65,50
APP_9988,OFC_389,Sikar,Income Certificate,5,55.84069070754782,80,74,6,54
APP_9989,OFC_128,Kanpur,Income Certificate,45,38.88035817911892,1960,1928,32,35
APP_9990,OFC_894,Kohima,Marriage Certificate,5,29.790609878309027,422,411,11,54
APP_9991,OFC_333,Ahmedabad,Marriage Certificate,23,53.95976285561592,193,181,12,41
APP_9992,OFC_847,Mangan,Domicile Certificate,41,41.02069173244303,1986,1918,68,39
APP_9993,OFC_637,Dehradun,Caste Certificate,11,37.499661523657245,430,369,61,53
APP_9994,OFC_471,Churachandpur,Marriage Certificate,36,38.53568720329465,2092,2038,54,58
APP_9995,OFC_653,Gaya,Domicile Certificate,49,22.789414440262675,3885,3805,80,57
APP_9996,OFC_196,Dhanbad,Marriage Certificate,8,44.29867741525384,322,307,15,36
APP_9997,OFC_747,Lunglei,Birth Certificate,47,33.15307086267971,2512,2507,5,35
APP_9998,OFC_107,Darjeeling,Income Certificate,10,20.26519952704508,163,116,47,31
APP_9999,OFC_135,Manali,Birth Certificate,28,13.840745321644617,5632,5612,20,49
APP_10000,OFC_425,Arrah,Domicile Certificate,14,44.64776478311224,353,305,48,54
