Application_ID,Office_ID,Location,Certificate_Type,No_of_Staff,Average_Processing_Time_Mins,Applications_Received_This_Month,Applications_Processed_This_Month,Pending_Applications,Office_Working_Hours_Per_Week
c641c451-75f1-4458-a9e6-3aec8f1a5d09,OFC6994,Kota,Marriage Certificate,48,68,839,769,70,45
be05837c-e6d0-4b99-a575-8f314fba9216,OFC4422,Jowai,Death Certificate,17,155,852,650,202,40
71fe7c42-24db-48d8-a3dc-d390f83b02f9,OFC4536,Thoothukudi,Domicile Certificate,24,135,762,210,552,45
944b8714-0f05-4e18-8e0f-697b30176f5d,OFC1721,Sikar,Birth Certificate,11,159,431,427,4,40
55b0c1f1-1832-4bfc-90c1-6d68c83db260,OFC3588,Gandhinagar,Income Certificate,16,99,228,214,14,40
e936b318-6cb9-4650-bffc-9387ded746e1,OFC4778,Purnia,Birth Certificate,17,31,129,59,70,40
c3b6794a-1936-492c-93e3-5ac64189ef5c,OFC3085,New Delhi,Domicile Certificate,9,95,92,64,28,48
b4860c3d-49d3-4337-8e66-019a5798f823,OFC7152,Vasco da Gama,Death Certificate,10,71,879,713,166,40
9ff6cf56-d19a-444b-8337-b15721d6259a,OFC8770,Pasighat,Marriage Certificate,8,129,193,137,56,35
466c70b4-5f18-4966-9028-e9dcff51f512,OFC8411,Bikaner,Marriage Certificate,5,50,750,491,259,40
3558d4d2-ac66-4fd2-a34c-7fee8cf5bafb,OFC1075,Allahabad,Caste Certificate,39,167,259,242,17,48
a6bb71af-2e92-4002-b8fe-f3c2682917ae,OFC5244,Mangan,Death Certificate,12,133,763,398,365,35
a74f2b2c-51b7-4a1b-b8a7-4706b23dc784,OFC3445,Hyderabad,Death Certificate,29,64,622,449,173,45
9added4c-909c-4155-a43b-2de7261aa14f,OFC1575,Ghaziabad,Death Certificate,8,34,270,193,77,35
6ab25329-e013-44a0-a8c1-5fa086070efb,OFC9758,South Delhi,Death Certificate,17,89,84,51,33,35
350a7ab7-7090-4dbe-b1ff-b6b2c0c7c85a,OFC2667,Dibrugarh,Domicile Certificate,43,15,384,161,223,35
df73b65b-b169-443d-8567-b4be700cccaf,OFC4592,Muzaffarpur,Income Certificate,48,135,472,69,403,35
5db5805a-6d57-47f4-8c0e-f05254b81db2,OFC4177,Hubli,Income Certificate,48,38,407,166,241,40
b1d1a025-d9b3-4c14-80a6-007bb8d2e9d2,OFC4034,Tuensang,Domicile Certificate,18,95,458,328,130,48
619fe718-b480-4996-ae5d-daa2fba91111,OFC1144,Coimbatore,Income Certificate,38,95,193,95,98,45
f17afc94-a827-49a3-95ce-4e30b7e819d0,OFC2564,Mandi,Income Certificate,19,24,292,184,108,40
56f6f375-78e1-4b0a-94aa-8c9bc35fc169,OFC7882,Vasco da Gama,Domicile Certificate,32,68,63,40,23,48
41134c27-a663-45cf-88ea-81cd46e41f8f,OFC4651,North Delhi,Income Certificate,50,43,606,406,200,35
e7b28f69-17cd-4c70-9976-4fcc5c2fb450,OFC4994,Minicoy,Domicile Certificate,14,135,358,69,289,35
a2fde3b6-39ae-4a7c-84b5-d1c32744946c,OFC8595,Vadodara,Birth Certificate,24,124,516,182,334,40
6d518162-607f-4a15-9f7d-3faf6cdd8fcc,OFC1469,Indore,Domicile Certificate,10,90,244,33,211,48
fbfa505d-7bdc-44b7-9e56-a53319a1793d,OFC3353,Gorakhpur,Birth Certificate,15,28,347,316,31,48
b5bb8aa2-e3f8-4269-9f64-d8ec0f60fedb,OFC2592,Havelock,Caste Certificate,8,71,755,729,26,40
0b541848-ef57-456f-9a23-db9898e570c1,OFC6028,Jowai,Caste Certificate,33,75,646,185,461,40
4e190596-4383-4310-8308-d6adacadee04,OFC3887,Rajkot,Death Certificate,32,138,590,135,455,48
93aeee35-8f3a-455c-9226-75302c6e9e2a,OFC4692,Pune,Caste Certificate,18,119,663,520,143,48
c323a7b6-a7ca-40ea-86fa-0463c3fd7448,OFC8886,Mahbubnagar,Marriage Certificate,18,79,348,181,167,40
7504cbd9-a9f0-4478-ae59-161ebb2dcc45,OFC6330,Darbhanga,Marriage Certificate,7,163,162,72,90,48
dfe6b267-a3de-4cae-9bcb-347cbd7f0746,OFC6233,Davanagere,Caste Certificate,48,80,462,219,243,35
7b152a6b-0279-4059-8448-cab11703300e,OFC5746,Naharlagun,Caste Certificate,40,161,442,422,20,40
07235ace-3928-426c-85d4-0ab977341cf1,OFC7795,Bareilly,Caste Certificate,33,131,162,150,12,45
c988f689-7e6d-4004-a5df-7270e2095d41,OFC5812,Tuensang,Death Certificate,12,17,278,145,133,40
7536f8ac-c8fb-4e08-a82d-3a4dd5ca24cf,OFC1212,Udaipur,Caste Certificate,49,103,976,969,7,45
e82035d0-9252-4e62-ae2f-ccb12a084327,OFC7572,Gulbarga,Death Certificate,50,52,116,116,0,45
05be1cfc-7e1a-48ba-8649-027ff3e8373a,OFC2612,Kullu,Caste Certificate,21,70,776,756,20,40
b7b77669-53f8-4f45-8aaf-3d5cd98ffd7c,OFC2211,Gwalior,Domicile Certificate,9,114,552,52,500,45
5e7a0dda-d077-41c0-9864-4fd7aa259607,OFC7463,Siliguri,Income Certificate,40,31,756,205,551,45
b4794204-ea4c-42f3-8efc-1ae625efdbd0,OFC5708,Kolkata,Income Certificate,5,89,176,167,9,40
6a23b42f-f54c-429d-b3b6-b5967fdc711a,OFC6431,Adilabad,Income Certificate,33,73,526,498,28,48
04d689e8-d9d1-4e03-805b-1d2a7b29dc25,OFC4812,Jorhat,Caste Certificate,26,120,941,248,693,48
c4328d46-88b9-4869-87a9-69ecf4a2ffa2,OFC5006,Bokaro,Domicile Certificate,19,171,598,144,454,35
a10da0c8-a595-4f99-8367-a0fb16cfa89b,OFC5105,Hubli,Domicile Certificate,32,53,156,141,15,35
61ce7d37-142f-4aaf-986a-2df1c303a188,OFC2744,Jaipur,Income Certificate,15,49,366,122,244,35
9b09dbec-03cc-40dc-8273-9614f3fe3187,OFC1342,Dimapur,Domicile Certificate,32,138,475,247,228,40
fb813359-b96d-4ae1-8de1-fbac35e836c9,OFC2553,Allahabad,Death Certificate,24,22,58,40,18,48
04f52c36-82f5-403c-b7b8-9af1b10ffa17,OFC8186,Tawang,Caste Certificate,8,108,853,60,793,45
1f6c18ee-fa84-411a-ad2d-6f1a151b5ae5,OFC4430,Arrah,Caste Certificate,29,79,768,527,241,48
c280f6cf-80cf-4770-8969-c1ad3aacc697,OFC1153,Ujjain,Caste Certificate,35,76,716,418,298,35
9a605e82-0669-4f43-a27d-343ea1b6d8d0,OFC5702,Mysore,Death Certificate,9,29,442,158,284,48
d5a3a0e3-d6a4-4aa7-8322-3c1532c0b3a0,OFC9498,Mahbubnagar,Caste Certificate,5,100,291,288,3,40
bf27e015-4c45-400e-8818-25d1941b8494,OFC2672,Salem,Domicile Certificate,9,48,111,111,0,45
574fb5de-3a8d-423e-a648-49c352a1b7c3,OFC1542,Ratlam,Caste Certificate,22,135,419,358,61,40
ead20aff-9003-4a14-8424-e7facdeb4102,OFC4322,Nagaon,Marriage Certificate,5,126,267,30,237,48
308c8af2-0a67-4bf4-bcde-3e5075121855,OFC7266,Bilaspur,Domicile Certificate,43,148,650,410,240,48
1ff239c6-c202-4e00-9960-93ad620f136a,OFC8751,Junagadh,Caste Certificate,42,94,982,473,509,35
47125c01-f6b4-449b-97f2-67a00f45ac4d,OFC7345,Haldwani,Domicile Certificate,43,65,457,123,334,35
0247d319-17d4-47db-a65b-381f92394992,OFC2833,Kavaratti,Birth Certificate,49,42,738,370,368,48
bd847620-8515-4b71-ba47-4f835a08daf7,OFC3010,Bhavnagar,Birth Certificate,31,23,875,756,119,45
b0d1217a-456f-4c2d-b953-708f405a4d9a,OFC9002,Vasco da Gama,Domicile Certificate,25,121,831,805,26,45
fcaf6bb6-7d6e-4adb-8cea-b2b22597a8b3,OFC4165,Leh,Caste Certificate,26,129,436,327,109,35
7a24716a-d5a8-4426-8775-1195c0aea63b,OFC4518,Dibrugarh,Caste Certificate,20,68,925,103,822,48
1f122df8-aaaf-4e04-8c15-73485b29a93e,OFC1944,Dispur,Birth Certificate,33,111,123,48,75,48
1549eba7-7247-458e-8348-3929feadd1da,OFC4697,Mayabunder,Domicile Certificate,30,88,866,105,761,35
ab266513-ef8d-4f3e-8ee3-ef7faec68293,OFC6469,Vasco da Gama,Caste Certificate,41,125,86,69,17,40
6cacb2e0-458f-4225-8f41-8c2e203eb5b4,OFC2802,Kavaratti,Death Certificate,10,169,661,154,507,45
f6f0374d-6be8-4a46-a3fe-ad95b4d3183e,OFC4468,Namchi,Income Certificate,45,110,445,342,103,48
2caa8426-fae5-45ee-9fcd-c987c83f6071,OFC7569,Allahabad,Marriage Certificate,40,39,353,134,219,35
e61943d8-da19-40df-b71a-95b1c8bcd173,OFC2945,Chennai,Death Certificate,26,174,719,183,536,45
78c55f30-b54e-4481-997d-8db54ee9154d,OFC3201,Havelock,Income Certificate,33,112,806,208,598,35
e9a3062c-afab-48c6-97dc-a720b419fea1,OFC3344,Darbhanga,Domicile Certificate,44,17,361,272,89,48
e909d5b4-35c4-44db-b2c6-ddfd1323ea7f,OFC1127,Ahmedabad,Marriage Certificate,46,112,424,241,183,45
41732594-0185-44a2-9dd3-942ecf2b4aac,OFC9555,Bokaro,Death Certificate,48,22,318,159,159,45
5663ca1f-5ee3-4935-8afe-a4ba9a345dfa,OFC3249,Rajkot,Income Certificate,45,91,860,447,413,45
162718de-24bb-4235-aa86-0a942136f777,OFC3042,Katihar,Marriage Certificate,42,100,243,172,71,40
b8574671-b40e-479e-9aa9-7d399684e8f3,OFC4562,Gandhinagar,Caste Certificate,42,175,696,220,476,48
5fbad543-24c3-4c5d-beb7-e5c19a2863d9,OFC4128,Howrah,Income Certificate,42,97,583,357,226,35
c5e1b698-4484-41bb-ab27-c127cf032203,OFC1708,Ajmer,Caste Certificate,5,144,903,393,510,45
6c62a9b6-6228-4026-81da-052646c24a0b,OFC5097,Thoothukudi,Domicile Certificate,46,146,655,61,594,40
7095cfca-3207-4fe4-bffc-867517917d0c,OFC9123,Amritsar,Marriage Certificate,23,99,982,866,116,35
69aaece6-4e67-4d68-b566-8f33026b6f9e,OFC9752,Bishnupur,Domicile Certificate,14,67,807,271,536,45
89f08d30-f9e1-48d7-88be-12795c597cd6,OFC1561,Khammam,Domicile Certificate,44,83,986,650,336,48
612edd45-25e7-40df-8206-8144a63fae4c,OFC3697,Serchhip,Caste Certificate,29,99,949,527,422,45
6655b512-5c53-4315-a342-1d19542a7b4c,OFC7310,Vellore,Domicile Certificate,23,93,313,307,6,48
ee4ea4b0-31a8-4b5a-a0a9-a8cdcffccfaa,OFC9991,Vasco da Gama,Marriage Certificate,12,70,289,55,234,40
c9fe29ac-0df2-4639-9e62-5a5ee7b53f88,OFC5368,Ahmedabad,Domicile Certificate,37,66,850,702,148,40
1e56a8d2-ee5e-471b-b3f9-40389ecdefd2,OFC5213,Haridwar,Birth Certificate,20,176,679,482,197,35
841bccbe-77a7-46c9-aa1e-5b6ccb6d9e4e,OFC6107,Thoothukudi,Birth Certificate,41,27,973,648,325,48
f051c189-c07d-4666-b923-51df77424692,OFC6526,Anand,Death Certificate,6,177,865,56,809,40
96a75c5a-15be-450d-8c68-f0dd5d0e1e92,OFC6869,Nanded,Domicile Certificate,42,98,523,490,33,35
ff44d496-0dd8-4629-9302-002cf2e4a892,OFC8536,Khammam,Death Certificate,19,109,569,57,512,35
b326b62d-5d61-43ef-8c07-0f4fad920383,OFC4144,Mohali,Birth Certificate,5,102,463,428,35,45
7ee3adf8-908d-4132-b1d5-e8e289ea6c3c,OFC6730,Guwahati,Marriage Certificate,21,141,203,122,81,45
38732d1f-5f9f-4fe3-adb4-74eb1c241cf9,OFC3491,Mohali,Income Certificate,46,87,737,141,596,40
a9ab98b6-537e-4903-8b4f-57bb5829d35f,OFC8269,Bareilly,Marriage Certificate,21,59,243,226,17,48
8e65122d-0cec-4eb6-a193-5decef733ead,OFC3636,Gwalior,Domicile Certificate,26,152,513,349,164,40
22104f06-c96a-4412-857d-721baec56083,OFC3135,Gwalior,Caste Certificate,18,63,320,200,120,45
d11b2d1e-e836-4c00-95d7-d03b015e0c36,OFC3890,Namchi,Birth Certificate,5,102,787,388,399,40
fcc79ca4-84ab-4f16-9e66-47328aabf714,OFC2138,Bhagalpur,Death Certificate,47,113,105,66,39,45
12949980-fd5f-4e75-a693-6a559d241b21,OFC9304,Solapur,Caste Certificate,19,162,425,96,329,45
d883f47e-226d-4a0a-a4b6-0a97ee05d262,OFC3614,Kashipur,Birth Certificate,7,169,488,412,76,35
c09dcbff-0328-4bc6-a76e-2ed46e1b846c,OFC5126,Warangal,Marriage Certificate,11,85,499,489,10,45
95a77a24-31b4-4306-af51-8c2280363ecc,OFC3279,Deoghar,Domicile Certificate,38,132,351,71,280,40
ead29704-c31b-4e24-8394-97417a55e28c,OFC9010,Arrah,Birth Certificate,38,33,122,86,36,45
7ff39328-a25e-4034-8432-e1767f3b4661,OFC8152,Thoubal,Marriage Certificate,37,97,541,348,193,45
704bd34f-9cb5-4b6a-b1cf-113249f32037,OFC7466,East Delhi,Marriage Certificate,24,127,285,167,118,48
fcfe9421-a0ac-46ba-a587-74078afba36b,OFC2384,Rajkot,Domicile Certificate,10,164,364,179,185,48
83a8755d-c06b-4a29-bf04-b0d69940c9a5,OFC9576,Kohima,Death Certificate,16,169,603,248,355,45
4ea0509e-40e9-4ac6-bcb5-660aec171394,OFC8635,Chennai,Domicile Certificate,9,95,381,264,117,40
2f7e9f3c-e0b2-498d-b1d8-2d8f29d409e5,OFC5951,Gulbarga,Domicile Certificate,31,142,735,112,623,35
73daa30e-e0f4-46c2-944b-b71f81705db7,OFC2890,Purnia,Income Certificate,27,102,511,502,9,40
2d5ebcb3-a106-49a8-9fe2-c5348c8bd47e,OFC3863,Indore,Income Certificate,28,145,276,237,39,35
a0c47d0e-e9b0-40e6-89aa-bd0ce11382d4,OFC6883,Udaipur (Tripura),Domicile Certificate,36,20,921,269,652,45
6651d1ef-df21-47eb-a93f-1fbaeea4d149,OFC2907,Amritsar,Birth Certificate,33,84,859,630,229,48
4e04a5a9-194f-4ee5-b533-ccce7a8ef389,OFC6739,Guwahati,Birth Certificate,49,76,433,260,173,35
b2f6b54e-81db-4ef1-ba6c-d91a7e8b7c8a,OFC7028,Amravati,Marriage Certificate,26,150,735,534,201,35
791db72a-5a39-4f2f-a303-6425bd0974e7,OFC9554,Jalandhar,Domicile Certificate,50,129,896,717,179,45
d2418251-a8ed-4973-b769-6510d19c113d,OFC5266,Rudrapur,Domicile Certificate,16,33,506,404,102,48
5394d2f3-0765-48a4-b056-ce741679e706,OFC3590,Anand,Income Certificate,23,84,392,236,156,45
36b59099-f67f-47c7-b350-63bc3d7b6734,OFC1803,Siliguri,Income Certificate,28,74,700,86,614,48
9c484c2a-239c-4dba-801c-53ea65989e81,OFC5113,Erode,Caste Certificate,10,110,438,243,195,45
f1100193-f982-44e8-b387-df21dfb4bafd,OFC3215,Thoubal,Income Certificate,39,147,100,62,38,40
7fc12364-0f01-46d3-838b-035aee1b5042,OFC2145,Mokokchung,Domicile Certificate,24,104,547,73,474,45
49d706fc-3c68-4e71-9bba-9bb0152052c0,OFC5741,Mangalore,Marriage Certificate,24,149,777,180,597,35
1136b496-bb28-47f8-8a66-c6500b3c8b76,OFC9297,Darbhanga,Income Certificate,43,102,845,625,220,40
be9dbb65-56e0-4c7f-966a-c432ea5584e7,OFC9952,Amritsar,Marriage Certificate,46,30,938,735,203,40
8f832e7f-e41f-4aa9-8b52-9a54a2eed224,OFC8780,Junagadh,Caste Certificate,43,151,285,56,229,45
8826913a-a370-495b-b411-dc7abcb175f1,OFC8735,Jorhat,Birth Certificate,23,152,97,93,4,45
f239affe-bd4e-44de-8355-1ce611db5ea6,OFC9578,Vellore,Domicile Certificate,10,74,66,65,1,45
1514defb-c3d1-4e4c-bea8-b6a8416de242,OFC2218,Ajmer,Death Certificate,32,34,504,155,349,35
cd65f6f4-1384-43cf-a5e8-d27858451c22,OFC4358,West Delhi,Death Certificate,39,31,253,206,47,45
a04d9612-19f7-4abf-b424-3e533ff2e726,OFC4042,Kathua,Marriage Certificate,27,86,894,847,47,45
5a334ce2-3ea8-4926-927d-f7b413bf1df7,OFC8207,Ahmedabad,Domicile Certificate,15,155,481,232,249,35
7bc7af12-7839-435a-a669-45bb9fff6292,OFC7990,Erode,Death Certificate,33,125,91,36,55,48
04b6d44a-9fd5-4670-a208-9efff423b32a,OFC7636,Ghaziabad,Marriage Certificate,42,20,325,228,97,45
e1b1fde8-bc8d-4998-9ddb-7d75eabb36eb,OFC5719,Malda,Income Certificate,6,126,510,423,87,45
27aa59fb-0188-480d-aa41-f1cda66dac61,OFC8096,Chennai,Marriage Certificate,47,163,108,50,58,48
ede5bb38-ff3c-4f49-8cba-82e237e4762f,OFC8480,Meerut,Marriage Certificate,17,124,585,246,339,45
3903834c-c00c-465e-b877-91fde358c362,OFC6210,Patiala,Income Certificate,26,77,519,443,76,45
ed367c25-eab0-4d73-b6cf-f5aef86393da,OFC1708,Champhai,Birth Certificate,44,24,312,207,105,40
efe6e3f6-8b0f-486d-8f63-1905333b1cfd,OFC6204,Mysore,Marriage Certificate,36,133,939,179,760,35
8a2f544a-985a-4639-bc4e-44748c7177c8,OFC9775,Nashik,Income Certificate,21,162,919,625,294,45
6b2b3864-e2da-4821-bb4d-7c7e6d86f3ca,OFC3294,Sikar,Income Certificate,9,168,129,113,16,48
49c81e6a-632e-47dd-a773-e59cc99b1d85,OFC3754,Solapur,Death Certificate,11,24,265,141,124,48
2f666be2-b080-4a85-99a0-88d768f9c320,OFC2390,Pune,Death Certificate,28,168,257,141,116,48
df465d4e-933e-4f8b-b495-656a4d291e50,OFC3808,Agra,Marriage Certificate,40,151,871,778,93,48
abfe2128-8860-4c81-9ab5-bedbdf8a154a,OFC9576,Ranchi,Caste Certificate,42,145,638,43,595,48
df84f1ef-625e-4667-a3a7-d5320e29d5d7,OFC6595,Kohima,Death Certificate,7,39,517,224,293,45
0dc1bc24-f55b-4a27-9073-f54e1769cf8d,OFC6981,Dehradun,Death Certificate,12,52,110,44,66,35
4f77aaf0-b6e1-4199-8c35-64213b3fcc95,OFC2413,Nanded,Death Certificate,10,170,381,265,116,35
bc56e0ca-ce3e-44ee-9a03-91d60647b0e1,OFC5074,Nainital,Death Certificate,14,163,914,750,164,40
fb2886b2-fa7c-4efa-b7da-54800ed7705c,OFC2780,Kanpur,Domicile Certificate,25,97,872,790,82,45
2084488c-d86f-4298-abe6-184a026f32fc,OFC4821,Chandigarh,Domicile Certificate,30,117,369,296,73,48
3f705f25-2fe9-4237-8693-9813edd6c4bb,OFC1804,Kolhapur,Caste Certificate,30,34,531,421,110,35
937c83cd-1abe-4714-8686-27f4f42c8994,OFC5692,Kathua,Income Certificate,26,98,566,250,316,48
f65091b4-a984-4415-bf73-e6129da09dae,OFC9573,Srinagar,Income Certificate,24,127,884,775,109,35
339457bb-2b3f-488d-8f2e-6e3d816ac3e9,OFC5397,Varanasi,Domicile Certificate,11,70,739,64,675,35
db123d2c-a4af-46f4-8d2e-802909d2c45a,OFC9684,Hubli,Birth Certificate,22,70,761,304,457,40
2a9e0113-8f4b-407c-affc-d62d29acc33d,OFC8686,Geyzing,Caste Certificate,35,134,293,183,110,35
94e7cea7-30c9-466c-9fa9-f06dcb8aa88f,OFC8504,Baramulla,Domicile Certificate,27,132,414,342,72,48
f54d7a68-a99c-4adf-a73c-d66a04bd7a07,OFC3837,Tirunelveli,Birth Certificate,45,116,583,399,184,40
4fd3d09e-1853-4b25-85ae-829de7ff204d,OFC9288,Bilaspur,Income Certificate,33,145,92,42,50,45
09052032-f19d-4e10-af27-8f8cf7872aa3,OFC6710,Katihar,Income Certificate,45,124,459,414,45,35
f9fab72a-4f6e-4c17-b342-a9dab4fbf052,OFC5480,Mokokchung,Caste Certificate,50,47,110,102,8,45
2e2f31ee-ed18-43b7-867a-598ad0655259,OFC4314,Ranchi,Birth Certificate,47,124,662,375,287,40
8293c8cc-a64d-43cd-9b65-bd4845dcbb98,OFC1417,Khammam,Death Certificate,41,34,978,623,355,48
2b4c5b4b-9dc8-4a6c-a4c4-6cb8de27f1a6,OFC7565,Rangareddy,Birth Certificate,6,104,646,345,301,40
2391c314-9bff-4086-b1f7-a3c78e246cc9,OFC5808,Ratlam,Income Certificate,32,103,532,186,346,40
bf17684c-f965-4737-b4d5-ee660005a675,OFC1408,Thane,Birth Certificate,20,106,302,125,177,45
76376046-8d04-49af-a416-28e7d7e5ee9f,OFC7018,Dispur,Domicile Certificate,16,45,624,367,257,48
b37210cd-b44b-4851-9707-609f74831fc5,OFC8533,Kolhapur,Death Certificate,38,62,108,69,39,35
3ecdf061-e08b-4f7a-af26-2e3e8edcc6ab,OFC3437,Itanagar,Caste Certificate,34,134,245,86,159,40
4f8d1eb5-eeb6-40c8-841e-96dc509a9893,OFC7830,Madurai,Income Certificate,35,66,465,386,79,35
a2ff2e4d-4a0c-4821-918c-f8b6bbc5e303,OFC3508,Salem,Domicile Certificate,25,78,266,250,16,40
8fac811b-27a8-423c-a727-51bc951e65dd,OFC5127,Durgapur,Birth Certificate,17,162,96,92,4,48
591e733c-deeb-4cba-8b88-16f462383627,OFC6704,Rudrapur,Domicile Certificate,7,59,183,47,136,40
5a2d7649-09ef-4de3-9c13-c4ef0e8ea4f0,OFC1084,Jodhpur,Marriage Certificate,13,176,513,49,464,45
256baeaa-5e31-4054-ad70-599213e847d3,OFC1232,Bangalore,Birth Certificate,32,73,909,861,48,45
814b256c-c1ad-4576-a462-c0e96a0c49a3,OFC8050,Tiruchirapalli,Domicile Certificate,49,105,476,99,377,45
0e51eabc-3a46-4796-b716-d78102f78396,OFC3559,Howrah,Domicile Certificate,41,118,199,66,133,45
93f59c05-b715-4cb1-81be-e77e6749fdae,OFC3567,Vadodara,Birth Certificate,33,69,665,506,159,48
12cfc54f-bc3e-479b-9614-5393805b4dd7,OFC5633,Kolkata,Income Certificate,33,164,378,197,181,40
772f2c1f-34f9-4549-844a-df75b9dfe821,OFC4748,Jalandhar,Income Certificate,22,50,706,375,331,45
a1583f52-a7d8-42ca-b8f1-ae03326368fc,OFC9119,Rajkot,Birth Certificate,7,161,623,191,432,48
b56bfa3e-5b65-402c-bd1e-baa61498e7bb,OFC3291,Howrah,Income Certificate,25,33,940,891,49,45
498f89cc-f01f-46fc-9aa4-2b36decc2226,OFC2672,Mangan,Marriage Certificate,17,103,433,182,251,40
0169293a-1042-46cc-8aa5-b07a9711ebca,OFC6518,Central Delhi,Domicile Certificate,39,151,86,85,1,45
ab025ff2-bb31-4863-abba-b268ada438e3,OFC6636,Thoubal,Domicile Certificate,26,122,699,607,92,40
7a0ee600-776a-4e94-bc16-dd10d954de9b,OFC1117,Davanagere,Death Certificate,47,159,460,429,31,45
3d17bf6f-ff69-4cca-9ec9-a16c0cc5cb33,OFC6512,Geyzing,Income Certificate,42,35,760,599,161,48
2d560068-f7ad-4f9e-9846-6fd998a87859,OFC8287,Rangareddy,Death Certificate,48,31,999,579,420,35
e7043989-be67-425b-bd2a-6a733ce01708,OFC6400,Katihar,Income Certificate,44,31,755,63,692,35
7ff92501-efe0-4c3e-aa22-247881585106,OFC2856,Udaipur (Tripura),Domicile Certificate,33,131,851,454,397,35
4744aaaf-fabd-4c9f-8625-aab99b68c864,OFC8765,Central Delhi,Birth Certificate,45,158,126,51,75,40
8b6f5d5c-417b-469e-a14d-aa4d60a8b8a6,OFC2232,Gulbarga,Caste Certificate,40,26,247,111,136,35
87375e6f-fb99-43da-89c2-29a99ab1f7cd,OFC3021,Deoghar,Domicile Certificate,36,100,353,70,283,40
7044d7df-8f2b-4547-babd-4f9d59aaff43,OFC8630,Tiruchirapalli,Income Certificate,44,48,934,478,456,40
13d16068-080d-4b50-91ae-a75a5b827db2,OFC8471,Rewa,Birth Certificate,27,95,234,221,13,40
a7c2ade2-dee0-4cb7-aca3-2ff2f53769f7,OFC7610,Thoothukudi,Death Certificate,50,125,897,424,473,40
1a6df3cb-90f2-4411-bd49-b821c90e7053,OFC2188,Haridwar,Birth Certificate,32,154,111,67,44,48
ce0f66e5-5c37-42dc-baf1-cccbdf415fa4,OFC7952,Khammam,Income Certificate,24,61,654,441,213,48
45aa571a-80cd-4b47-b09a-b18fcd3aff20,OFC8833,Mangalore,Death Certificate,5,25,422,116,306,45
5e800822-e42f-4471-ba94-3be174c33dfc,OFC7109,Khammam,Caste Certificate,47,116,917,631,286,48
e44e9019-422d-49ee-8497-07c96d2d4a34,OFC2470,Darbhanga,Income Certificate,38,79,796,526,270,40
11125b6e-680b-40d9-88e4-913e1ed474de,OFC5266,Kashipur,Caste Certificate,29,165,977,148,829,45
ec9dc48b-90ff-4686-886d-829f3800f5e8,OFC2380,Anand,Caste Certificate,34,133,604,436,168,35
264fc953-47ea-4f83-916c-939ffa0a642c,OFC6485,Ranchi,Domicile Certificate,31,110,222,53,169,48
cbeaabb1-0e88-4a4c-9fd1-829bce523710,OFC3667,Khammam,Income Certificate,33,173,736,597,139,45
c3a511d7-961c-4778-8d51-2401552d6ee7,OFC2014,Kota,Domicile Certificate,35,134,871,465,406,45
21764cbf-aaf3-4233-b602-e8505d7f5165,OFC6661,New Delhi,Caste Certificate,42,123,251,139,112,48
31cb519e-3b0b-4449-aaff-d8de5adfe1ac,OFC5203,Mangalore,Death Certificate,44,19,545,345,200,48
6402de42-17d7-400b-96c8-21d3a70ac177,OFC4823,Champhai,Marriage Certificate,25,92,259,162,97,40
852205e1-fb5f-4d91-b3ec-0efa33b41dad,OFC7779,Ghaziabad,Birth Certificate,18,133,674,507,167,45
24adfb0a-b0c3-4230-85b9-d7f7bc52836f,OFC9848,East Delhi,Domicile Certificate,46,104,768,577,191,48
61013f1c-e6eb-411a-80fb-d2e64a562915,OFC5326,Bangalore,Income Certificate,6,51,352,216,136,35
f5574b92-da60-4843-9840-fa633df9d4ea,OFC8251,Kavaratti,Domicile Certificate,5,176,604,38,566,40
eb97a9ea-5efb-4f68-b7ab-9e430b206e87,OFC8535,Mahbubnagar,Death Certificate,22,137,827,808,19,45
fa61ae90-f9e8-4ba5-b771-ddc6e9dd2013,OFC8241,Darbhanga,Income Certificate,14,72,692,377,315,48
ed063e8a-27a5-4019-bff3-e1744a3d9e7e,OFC3807,Amritsar,Domicile Certificate,9,19,276,161,115,45
7f6f0da4-5f3f-41cb-a790-3518256a4a08,OFC6247,Mangalore,Income Certificate,41,74,797,433,364,48
4b0c28bf-8086-4b88-a7f4-60ec2179c7c5,OFC8549,Surat,Death Certificate,43,73,998,101,897,40
1b7805c9-0ecd-4aec-888e-66fa85559cec,OFC1335,Vasco da Gama,Birth Certificate,28,137,222,141,81,40
ba162366-4445-45b4-9516-7cc358554414,OFC6951,Warangal,Death Certificate,50,114,604,368,236,48
addc77b6-0c37-4fcf-a279-067af493db04,OFC4300,Gulbarga,Caste Certificate,19,46,716,65,651,40
6d23df61-4378-41e4-a9cb-b747f58f5669,OFC6410,Varanasi,Domicile Certificate,23,16,751,105,646,45
a2dd47e8-ccfa-4416-836b-c13689021de8,OFC9140,Hubli,Birth Certificate,50,62,864,637,227,48
c292ca59-14e1-4c39-a807-f4bfdf906cd7,OFC3214,Pathankot,Death Certificate,47,34,758,284,474,48
43fac81c-383c-434b-af59-8f89818799f1,OFC5188,Kolhapur,Income Certificate,49,74,267,176,91,48
e5fc2261-ff25-4a42-8d8c-3e46701bd31a,OFC2379,Tawang,Birth Certificate,9,15,526,459,67,40
4b0e9e98-be05-456a-af1b-36e5b69fe12e,OFC8203,Agartala,Death Certificate,37,20,665,583,82,35
05e352c6-20eb-405d-93c7-5d34141b2704,OFC3505,Solan,Marriage Certificate,19,166,102,78,24,35
7be2122a-3012-4bdb-b46d-6fc2678f83bf,OFC5744,Hubli,Death Certificate,20,101,868,274,594,45
abf58e59-d5de-4d31-a532-33c44a8743b9,OFC1258,Varanasi,Marriage Certificate,43,71,636,629,7,35
3953856c-2e67-4c77-a309-de4aa83330ce,OFC9960,Muzaffarpur,Income Certificate,12,39,87,82,5,45
3bbb08ca-4030-40f0-b6da-355a348bdfba,OFC7085,Central Delhi,Income Certificate,13,143,173,162,11,35
03444f5f-228a-4e56-b1f9-2135247423a6,OFC7411,Pasighat,Income Certificate,8,124,942,573,369,48
725da33b-98bd-4a70-862f-53c8c8885726,OFC7223,Udaipur,Marriage Certificate,17,148,601,62,539,35
b87e9b1d-1b54-428b-aa8e-423611831530,OFC7474,Bhilwara,Birth Certificate,47,75,774,535,239,45
5d32f919-c784-4c3d-8c20-314950487e81,OFC5784,Jabalpur,Income Certificate,49,45,686,454,232,45
392fff4e-6cbd-4ab8-aec4-c5bf01ff81e5,OFC3284,Junagadh,Birth Certificate,41,50,100,63,37,40
2da98dad-3f6c-4963-a6e2-bde848a5bc40,OFC4414,Jamshedpur,Caste Certificate,22,144,134,101,33,40
ae0b10e0-f40f-49bb-846e-7179e836c41e,OFC9270,Agra,Marriage Certificate,45,152,722,314,408,35
7e7512c9-20d6-4bb3-912b-895a3119b5a4,OFC6804,Asansol,Caste Certificate,8,52,279,70,209,45
40d1f5cf-a512-4580-8734-f721eba805cf,OFC3667,Nanded,Caste Certificate,37,141,946,752,194,48
73e09eac-0887-4eff-b158-c4ca65cba47b,OFC1203,Bareilly,Birth Certificate,32,145,160,36,124,48
26604af0-cba1-408c-a931-949919d345c5,OFC5966,Ranchi,Death Certificate,31,59,686,141,545,40
cad630c2-5898-4b3f-972c-03647a0b76ea,OFC2759,Kailashahar,Marriage Certificate,48,110,884,76,808,40
ee4e8b7d-0b23-4966-b446-97d967de6196,OFC7506,Ajmer,Caste Certificate,28,31,94,66,28,35
11a756b4-e83b-4c29-8a53-09a4dc04276b,OFC7109,Karimnagar,Income Certificate,44,77,506,330,176,40
a025eb49-7d13-464c-8d69-399013fc5bc0,OFC2971,Bhagalpur,Caste Certificate,13,170,631,236,395,40
57ad71c0-13b5-4e60-9f9a-3c2485658322,OFC5977,Roorkee,Income Certificate,24,131,503,225,278,35
e2a4cc0c-4964-46f5-92cf-ee7f60b547a3,OFC9602,Malda,Income Certificate,34,124,187,140,47,40
1c133fa8-9f90-46a5-9a3d-903b71ad0a96,OFC2406,Alwar,Marriage Certificate,47,97,506,83,423,40
f2cbddf8-fec5-444f-880c-37abad4b5637,OFC3336,Gorakhpur,Birth Certificate,17,74,693,385,308,45
291cf799-d39b-4bd9-ba94-364eb8f9268e,OFC8857,Panaji,Death Certificate,41,38,233,226,7,35
3a9e9634-7ffb-4b5d-8daa-69b394e3f51b,OFC8390,Coimbatore,Marriage Certificate,35,92,757,342,415,35
2a8e205b-eb89-472c-a3d1-6620fb0833bd,OFC1961,Minicoy,Income Certificate,12,163,442,294,148,48
7e20a2f7-5484-4e10-9c10-a05fe34f547e,OFC9547,Tura,Marriage Certificate,29,170,808,40,768,35
7505a9c6-ec07-446b-a3c9-8f03ddd8ee4a,OFC7787,Bhavnagar,Marriage Certificate,7,21,983,828,155,40
b36e5680-bfa9-4b01-931e-9a13e237326f,OFC4791,Lunglei,Marriage Certificate,36,177,790,93,697,48
38c0e864-7b7b-4280-91c8-b9b407803a80,OFC1910,Kashipur,Marriage Certificate,26,156,711,639,72,40
4ca59975-13ad-42d8-a190-68419738643e,OFC8591,West Delhi,Marriage Certificate,50,142,122,35,87,45
21b22d86-c7b6-4949-9c8b-0e0d4d38eb89,OFC8361,Itanagar,Domicile Certificate,48,59,107,65,42,35
c8a7d2cc-2713-4b88-9214-abd9526efe26,OFC3162,Haridwar,Caste Certificate,18,117,139,127,12,48
0d2d5594-025a-4eab-8ea8-074f82307d7a,OFC8687,Arrah,Marriage Certificate,47,141,488,32,456,48
ba3ca689-d26a-4a3c-881a-05483c152f6f,OFC2936,Junagadh,Domicile Certificate,49,18,426,122,304,35
9da0e2c5-f57f-49d6-b1ae-d2576ec777b1,OFC3617,Mysore,Birth Certificate,6,16,449,367,82,35
2bbb7b74-3aeb-48c3-a428-ceae66f415d5,OFC5807,Bilaspur,Domicile Certificate,41,101,308,264,44,40
34c5d274-b794-4854-af2b-a7a1a5fb1d31,OFC5616,Salem,Domicile Certificate,27,17,448,383,65,48
cd365db2-cbea-45f4-a5ff-b902f93ab056,OFC7679,Ramgarh,Marriage Certificate,28,61,757,472,285,35
640e376a-9159-4bb0-bb27-b0b518ed7fb7,OFC9953,Minicoy,Income Certificate,21,94,278,183,95,45
c6b99cc4-cf35-49f5-801e-5a66d50ee788,OFC3555,Alwar,Domicile Certificate,35,46,380,344,36,48
e242cebe-d36f-42c9-b00b-73d68d91663e,OFC1895,Kavaratti,Marriage Certificate,11,155,352,77,275,40
ffc7396f-416e-4b54-83eb-575dd38a6b7b,OFC8653,Anantnag,Caste Certificate,30,130,685,219,466,35
30adc738-c09c-48c3-9de9-06bba962c9c0,OFC3436,Purnia,Caste Certificate,31,94,880,274,606,40
9a71f56e-48b9-407a-8ee0-d3f9770e46e8,OFC6110,Nashik,Caste Certificate,6,27,656,554,102,48
8b2ec1ec-a53b-4c70-97c5-a3028789a4ae,OFC3506,Salem,Income Certificate,42,140,722,367,355,48
b965e989-a7c6-49d6-ba62-0666f68ee57b,OFC1170,Mayabunder,Birth Certificate,35,37,435,149,286,35
9bcd36a0-a2fc-490c-8159-17b107e991a6,OFC9959,Belgaum,Caste Certificate,16,65,647,99,548,45
152f3a41-3891-4823-b899-5e0b4577f998,OFC7012,Rudrapur,Domicile Certificate,48,175,198,176,22,48
9af50968-3d06-4dd5-b959-75e25e1ef072,OFC9105,Vellore,Marriage Certificate,24,140,559,554,5,45
d09eb958-25a4-4634-8a7c-f64e237ce030,OFC5069,Mahbubnagar,Marriage Certificate,47,149,380,295,85,35
d7c5501d-94df-4a87-8d6a-75677758ff0e,OFC1752,Nashik,Marriage Certificate,19,114,970,276,694,45
ffc9e1e6-2770-42e4-870c-8d9af111ca13,OFC5959,Sagar,Marriage Certificate,8,144,172,41,131,45
eb7ba411-e3a7-4f1f-9625-b80c4a2333f6,OFC4483,Gandhinagar,Caste Certificate,38,51,123,79,44,45
4e8806cb-547a-46da-ab01-6c0eff178b65,OFC3415,Anand,Income Certificate,41,179,468,219,249,35
fb3eda1a-b2c1-489f-94f5-a6e5a6b85d65,OFC5311,Rewa,Caste Certificate,40,62,947,174,773,35
9faad72b-ebcd-497a-a8b8-d16bf3170464,OFC5811,Vasco da Gama,Birth Certificate,23,179,222,204,18,35
dd9280c7-3870-4aa5-8e5b-3225d0448892,OFC9039,Havelock,Marriage Certificate,38,48,928,102,826,48
d3d88896-bd07-48ca-981f-a2dadc35244f,OFC1079,Muzaffarpur,Birth Certificate,9,174,787,706,81,45
c684b1c8-b71d-475f-b27a-4a9398543a61,OFC5328,Bardhaman,Caste Certificate,23,58,808,506,302,45
d1b2a9e2-257a-4408-ab0c-68aed00ceb28,OFC6323,Pathankot,Marriage Certificate,6,165,88,83,5,35
47df18e8-efcd-43e6-b50e-1f6303c261df,OFC6959,Alwar,Death Certificate,31,124,671,469,202,40
166e45a2-e25c-46c5-9465-e7c4efe2e3ed,OFC6645,Dehradun,Death Certificate,49,170,546,164,382,48
8dee4a05-715b-4ca1-8e27-6116bf644df5,OFC9049,Tuensang,Income Certificate,26,67,661,516,145,45
08c422ef-df11-468e-83aa-38b8f8e39160,OFC7722,Bathinda,Birth Certificate,13,77,655,89,566,48
efddb1d0-63df-41dc-9334-273f3da9f35c,OFC9545,Silchar,Death Certificate,36,67,478,101,377,45
9ccdc75b-11e0-4e9f-ad62-2ce16fb12982,OFC5341,Central Delhi,Death Certificate,41,71,912,315,597,48
639ffbec-9638-47d5-a5f3-04a2fe82078b,OFC3579,Chennai,Death Certificate,19,99,750,252,498,40
6f3d15a2-7b8e-434d-abf1-a08c0eee03af,OFC5113,Surat,Death Certificate,20,176,769,556,213,45
c19c0b94-87bb-479c-965f-b4fbc36f2856,OFC4653,Port Blair,Death Certificate,5,134,222,210,12,45
a26c9deb-b519-4e81-8334-4663712fb8a7,OFC3480,Geyzing,Caste Certificate,12,83,407,114,293,48
0ba84cfa-1d92-4113-abbf-f3d9d090d148,OFC1472,Bilaspur,Domicile Certificate,12,88,869,163,706,40
11bae2a7-6634-4899-a98d-8cf8ba7314bc,OFC9390,Deoghar,Income Certificate,49,142,837,220,617,40
cb009e5c-6e1b-4a7b-b397-40414bf96577,OFC2701,Kathua,Income Certificate,16,67,469,335,134,40
aaab34ad-4d7f-469c-9e07-cc291366c538,OFC3412,Thoubal,Marriage Certificate,46,40,576,566,10,40
8a11e543-d53e-490a-a9b1-5eaa6a07adb7,OFC3896,South Delhi,Death Certificate,7,134,566,112,454,40
9297f5c2-134b-4ba5-9696-53ad5e7c923a,OFC4856,Bardhaman,Birth Certificate,32,72,533,84,449,48
6e634036-961f-4dc8-ba1e-bcf4bfa58cfc,OFC3778,Jamnagar,Domicile Certificate,12,109,715,249,466,45
f3df643c-fca9-47f4-8ce1-8030d793a759,OFC3572,Baramulla,Income Certificate,48,51,308,119,189,35
ab5761d7-18a5-4ef3-a54c-8be37d2b7333,OFC2546,Surat,Domicile Certificate,9,165,961,177,784,35
c4e6c305-c56f-49f1-a88a-f8f8513eef04,OFC4021,Bikaner,Marriage Certificate,33,19,380,134,246,40
30ca003f-54b4-4090-b717-08e1c47f2ff9,OFC3305,Asansol,Income Certificate,31,116,202,63,139,40
196c276b-e54e-482e-9479-9acfe53f599f,OFC2724,Thane,Caste Certificate,39,174,691,96,595,35
810e47d4-9990-4d9b-830c-a58e40667146,OFC3967,Lunglei,Marriage Certificate,9,126,564,270,294,40
4c1ac392-5466-446f-81c5-3956099545e0,OFC6180,Bardhaman,Domicile Certificate,30,141,563,396,167,35
2560e7be-e08a-4061-ab35-52ef5bd9ff84,OFC2363,Gulbarga,Income Certificate,21,179,170,122,48,45
abc1bf0c-4ef9-459c-9618-a88e6887b4a5,OFC5819,Udaipur (Tripura),Birth Certificate,43,37,532,103,429,45
6982cce3-0fab-47ec-ad11-4a717019a05d,OFC4347,Silchar,Caste Certificate,16,138,456,34,422,45
01f7a5fc-3c38-4826-9e95-64904eb7f4c1,OFC4715,Dhanbad,Caste Certificate,11,93,926,255,671,45
54e3c33c-c866-49db-bacf-9cc67f28cf74,OFC5115,Gandhinagar,Income Certificate,6,56,364,360,4,35
3c7b04f9-176a-4ee5-bfbc-7b05888ebb59,OFC9780,Nainital,Birth Certificate,41,90,858,275,583,35
ae10d198-f01e-47bd-ae9d-2be7c0bdb0dc,OFC3561,Dhanbad,Domicile Certificate,25,164,94,32,62,45
2a140172-012b-4eaa-9488-3e5ed12fc441,OFC8373,Mahbubnagar,Income Certificate,34,107,876,763,113,45
d2cfb214-d1b7-4f5b-ba55-0810f51cda67,OFC4681,Roorkee,Caste Certificate,23,138,318,112,206,35
287d1061-8a15-4dbc-bf0d-b830d5db8466,OFC4600,Kanpur,Marriage Certificate,13,54,231,159,72,45
f898be8e-2b82-4aaf-a0fb-ca08ab346592,OFC3652,Agatti,Marriage Certificate,10,103,642,365,277,40
5f0f592b-36ed-4e95-978c-037002aaf9f1,OFC9969,Mahbubnagar,Income Certificate,23,145,611,305,306,40
4181888e-57cb-454a-bee7-fedbf1ff89bc,OFC6782,Jabalpur,Birth Certificate,50,130,529,221,308,48
e7b68f58-bb20-4bf2-a579-aa3e9431c4b5,OFC6021,Manali,Domicile Certificate,41,65,579,367,212,45
61b7cbc8-4a78-4d24-ab04-e6d3dbfdce30,OFC5302,Dehradun,Income Certificate,8,151,385,110,275,35
94726609-4a54-4d45-b627-6bf29527728e,OFC7212,Jabalpur,Caste Certificate,37,19,183,134,49,40
516ed9b4-290a-40c3-b6a5-752e394a65e1,OFC8324,Allahabad,Income Certificate,33,112,77,56,21,48
a620dd05-26b6-4f30-b444-258a13fa4b0d,OFC2822,Nizamabad,Marriage Certificate,35,149,490,411,79,48
83ba150a-d58e-46c1-aa08-f9a77616e935,OFC4750,Vadodara,Birth Certificate,29,120,978,332,646,35
43c636f7-1542-4000-8a78-e90186333cfa,OFC4845,Naharlagun,Birth Certificate,20,45,307,178,129,45
9ca8e7e3-95a3-45ef-88b9-72f5e7c8854a,OFC9546,West Delhi,Birth Certificate,20,19,782,88,694,35
fa692615-0abd-4477-a323-00d1f1ae828c,OFC8297,Havelock,Caste Certificate,30,33,495,117,378,35
c758a583-7fbb-4cee-9899-b1449a4fcadd,OFC5781,Gwalior,Domicile Certificate,14,150,757,449,308,48
4a97d5d3-65ea-4110-b2ae-d260060e30e1,OFC3714,Tumkur,Caste Certificate,15,69,391,372,19,45
f8f3b5e4-fe36-4bb3-8cf7-221aa9be5d87,OFC1074,Adilabad,Birth Certificate,18,131,910,640,270,35
25e8966a-7f87-4f68-85d6-5000f3752e7f,OFC1993,Amini,Income Certificate,41,127,873,719,154,48
6222a2ed-1249-4e58-ac1d-5a6166641ea9,OFC3630,Amravati,Death Certificate,50,175,970,783,187,48
2588e779-e9fb-47e3-bf9f-fa985ae8c4a2,OFC2921,Deoghar,Marriage Certificate,32,154,208,139,69,35
80f6c1e5-e831-4e57-b2f5-155e925a8e3b,OFC1615,Agra,Birth Certificate,30,45,443,199,244,45
66fca2e5-0bd2-4769-988e-7ea659d8c876,OFC8563,Dharmanagar,Death Certificate,12,57,993,915,78,40
c3423b8a-794d-448c-8bb5-dcf000c13e15,OFC9768,Dehradun,Income Certificate,21,53,957,780,177,48
19d767ab-e015-49fa-844a-801b1fa2d343,OFC7438,Purnia,Domicile Certificate,17,169,843,816,27,45
177428c5-cb31-41d3-987b-3034071c791f,OFC4134,Varanasi,Death Certificate,23,179,339,137,202,45
d8e5742e-505f-467a-9876-651e62b3e579,OFC1357,Roorkee,Caste Certificate,35,174,762,620,142,48
7db25414-39dc-4198-a064-5d09c5c85282,OFC7023,Salem,Death Certificate,7,90,586,401,185,45
2214a074-baa7-4bb6-aef9-8d1f7beab216,OFC3234,Khammam,Birth Certificate,48,98,347,48,299,48
6684a5cf-38fc-4c9e-97bb-4f2ee233c1ac,OFC5385,Nagaon,Marriage Certificate,24,125,940,759,181,48
039ccb16-8a7f-415c-9396-c793904b2dff,OFC2850,Thoubal,Domicile Certificate,48,83,253,173,80,40
c2137b61-0399-4d62-8675-0ce146cb90c7,OFC3205,Manali,Birth Certificate,8,119,829,250,579,48
30db0c38-427b-435d-aac7-54c5e9c526b4,OFC2098,Bikaner,Income Certificate,34,142,725,33,692,40
050a032a-bc7c-46d1-b3eb-7875f5f6fc5e,OFC7064,Patna,Marriage Certificate,36,96,278,85,193,40
40c0f2dd-8208-466a-852f-f43536f5b727,OFC3740,Silchar,Death Certificate,22,46,385,64,321,40
a19222bb-ec9b-4dab-8fc5-c7d4f7b87f28,OFC8217,Dhanbad,Marriage Certificate,42,91,694,201,493,48
fb1c0404-0146-4fdc-b554-2ffaf2d9fed1,OFC6649,Kullu,Domicile Certificate,22,15,838,145,693,40
e881ae1a-faf0-45eb-8bb8-5f9a86449ff7,OFC1305,Durgapur,Caste Certificate,43,102,791,36,755,40
966befef-b5b0-4cc8-b0b2-c1a38a6abdbd,OFC4369,Tiruchirapalli,Caste Certificate,36,84,991,751,240,45
74b36b5b-7b40-4a8c-bc0d-a4e718025fa1,OFC4331,Pune,Domicile Certificate,24,22,281,237,44,48
f105184a-f9f3-4b49-bcc5-684451c86ec7,OFC5512,Ajmer,Marriage Certificate,35,128,326,297,29,35
55424de0-b480-4aa8-b23a-fc2182f7893b,OFC9575,Amini,Marriage Certificate,19,168,180,163,17,35
0d15a79f-9d2f-4e41-ab21-3387d194402e,OFC4423,Bhopal,Marriage Certificate,38,165,622,173,449,40
88908987-7be9-45c3-bc10-c878050e8e1d,OFC6845,Dhanbad,Death Certificate,37,173,856,403,453,45
2e9eec4f-e024-4c90-b139-53cf22052b30,OFC1952,Hubli,Income Certificate,50,142,418,330,88,45
846bb06a-85e4-42af-b594-44d8e65c19d1,OFC2453,Tawang,Caste Certificate,36,92,432,215,217,35
eed101c1-db39-4310-97ca-1cb3e7d9676b,OFC9116,Delhi,Birth Certificate,26,149,393,62,331,40
a870936e-7df1-4d32-a202-37e12a605671,OFC4138,Nagpur,Caste Certificate,21,117,934,428,506,35
932ecf96-19ab-4828-bcb0-d72d194ad803,OFC9032,Dhanbad,Birth Certificate,19,119,717,426,291,45
cafa7c1c-1b73-4ab1-9c7e-80222c16711f,OFC9823,Kota,Death Certificate,16,60,706,130,576,48
a58e5ae3-5472-4185-a2f1-181c81f243b5,OFC7316,Dhanbad,Domicile Certificate,15,63,333,151,182,40
c9bd98f0-7769-4114-93a9-e5999b7c19f3,OFC5533,Pasighat,Birth Certificate,46,61,393,126,267,35
6d2da9bd-215a-4298-b2c1-f6b7b10deb32,OFC5520,Jalandhar,Death Certificate,44,55,279,66,213,45
6a0ad519-c98b-4d62-9ae1-c945859576e4,OFC3334,Baramulla,Marriage Certificate,40,29,158,71,87,35
48d7c949-b82c-4ae4-8fb2-edc95b1a4bb2,OFC2969,Tumkur,Death Certificate,5,151,268,141,127,45
2af2a360-cd21-4d0d-9f00-da0da65a844a,OFC5673,South Delhi,Income Certificate,36,28,320,134,186,40
7bee2182-9a1b-490d-b06f-af4f6ad31c04,OFC6141,Rangareddy,Birth Certificate,21,86,116,40,76,45
8b5ac969-3574-4aab-a42f-c10e08c9fdbc,OFC1761,Lunglei,Income Certificate,50,41,843,618,225,45
37d49c67-2041-42ca-9cd6-5733f22f4014,OFC8565,Dhanbad,Birth Certificate,42,136,512,311,201,45
37857140-33e4-4439-8e7c-cd6b9dd3f3a5,OFC9219,Gulbarga,Caste Certificate,29,49,825,617,208,45
40cf4d83-9504-4843-8341-d904ea35fbf7,OFC6810,Nainital,Caste Certificate,5,96,972,381,591,35
d397dfde-067e-4e5e-8ba7-260160131fc3,OFC8836,Gulbarga,Death Certificate,41,88,410,50,360,40
6d3cfe73-e406-4e89-a25d-41c8abc8a212,OFC3611,Ratlam,Marriage Certificate,47,37,425,55,370,35
85c1554a-d56b-4272-a53f-7764912f80b7,OFC9854,Dhanbad,Income Certificate,30,169,893,519,374,35
79e09a54-94ee-480a-b078-b838adb03caf,OFC6315,Namchi,Caste Certificate,33,172,793,633,160,35
46129d18-69ff-4d50-bb74-220146e33ce6,OFC8606,Haridwar,Birth Certificate,23,97,442,363,79,35
64c973d9-ae92-4dbd-aa31-5b36e7c75655,OFC7908,Nashik,Birth Certificate,40,75,818,730,88,48
daaa15be-96cb-40e9-b856-7c2de7669fe9,OFC3494,Jaipur,Death Certificate,21,42,799,622,177,45
0e4dba6b-b710-4ef5-aa8e-662b319b705e,OFC1674,Mandi,Income Certificate,16,55,348,189,159,35
964546ae-8d7f-44a2-b222-6778b6f40ee5,OFC2664,Surat,Death Certificate,20,51,424,185,239,35
83544320-3adf-4f72-9924-0f63387f258e,OFC8563,Bilaspur,Income Certificate,16,146,305,204,101,35
80ae0a7e-1a50-46c7-a877-390801ea5e54,OFC7367,Ghaziabad,Domicile Certificate,41,122,162,36,126,45
3d36ae49-7dfc-4483-8e93-04eddc5ba272,OFC4938,Churachandpur,Death Certificate,21,61,295,254,41,35
553b440f-6d74-4018-8f82-7931ec0b0448,OFC9447,Geyzing,Death Certificate,33,30,780,302,478,40
68e3c5e6-d87a-4da9-963a-6ea8babeddc9,OFC9033,Malda,Income Certificate,43,94,416,307,109,45
1a3f56dc-c4dd-4c5c-81e5-486d710a564d,OFC8327,Kanpur,Marriage Certificate,10,17,154,48,106,48
bb067f4b-f247-4b6f-95c7-e1ebf34d7fb1,OFC1731,Solan,Domicile Certificate,6,128,603,438,165,45
ac2aa592-8674-458a-8d48-afc839b5d3cf,OFC4456,Dharmanagar,Caste Certificate,24,53,189,145,44,40
d01d821b-5685-4ee3-98a1-5d0cd1400375,OFC8143,Kavaratti,Death Certificate,47,60,344,175,169,45
dddf42df-1a85-4b05-8156-1a54c63e4cdf,OFC6994,Silchar,Domicile Certificate,49,27,260,82,178,35
43965ba8-55c9-403d-94cb-c6980d3d0ed6,OFC9414,Gwalior,Income Certificate,41,38,845,412,433,40
8ef003c1-3f7f-4175-9276-9a809bdf7a83,OFC7584,South Delhi,Income Certificate,21,61,52,31,21,45
3eb3ac3b-1373-49e8-bcc9-15cb2a126174,OFC2467,Belgaum,Marriage Certificate,42,41,841,380,461,35
169d01e6-2cc8-41df-8b8c-447e228b2bd7,OFC4202,Kavaratti,Marriage Certificate,33,74,325,151,174,35
daceccb0-4ba7-461d-a8a4-f346cfcba846,OFC5264,Mandi,Death Certificate,12,171,76,65,11,35
048c87fa-1289-4765-8f23-efa2be5259b2,OFC2006,Shillong,Income Certificate,14,98,506,182,324,45
0b0ecdc3-5c85-4c4f-81c3-2abb692d2e78,OFC9570,Bhilwara,Income Certificate,33,67,903,551,352,40
64e5452d-8995-43ef-b30a-10ae98baaf5e,OFC2505,Panaji,Birth Certificate,37,139,753,124,629,45
c482a8a1-bc15-41f2-9ba5-14dc07c4e35e,OFC6650,Kathua,Domicile Certificate,35,89,530,46,484,48
d7b5d8f1-8e6f-430d-ac4b-303475ca10bf,OFC1504,Madurai,Marriage Certificate,9,77,679,335,344,35
97d7fa7d-ae47-4e2d-ba89-c909de82821e,OFC1811,Asansol,Domicile Certificate,30,22,371,214,157,45
c42ca732-9767-499d-a985-2382f9c9c2d6,OFC7289,Anand,Income Certificate,16,177,700,90,610,40
7fd054ea-ce6f-4139-a5f7-8363be199ccc,OFC4571,Khammam,Income Certificate,24,115,233,156,77,35
9d8fbe53-8f18-4d1b-9fd5-f8eb0854445a,OFC7233,Kullu,Income Certificate,44,86,694,367,327,35
1f8626a2-01a4-401e-b16d-221e8a4b536f,OFC7137,Dhanbad,Domicile Certificate,45,100,114,72,42,45
36260a39-2d70-4383-9720-139f61219fb5,OFC1995,Mangalore,Marriage Certificate,19,59,666,327,339,48
b0c75d8a-7cc1-4f83-ab05-8cccba6cd19a,OFC7307,Dharamshala,Birth Certificate,31,172,234,48,186,35
50b4e8f6-c4ed-468a-8a41-d5769ba1eb47,OFC1686,Rudrapur,Death Certificate,22,78,574,490,84,35
1e05928d-615b-4b1a-91f9-bbbbf3711a4d,OFC6385,Tirunelveli,Domicile Certificate,24,88,86,64,22,48
d9f2c0ae-6d9e-4ce9-9d0e-5032455e610a,OFC2747,Kavaratti,Domicile Certificate,34,15,150,126,24,45
d662b732-dd1e-4d4f-9726-ce03cf8b3269,OFC3729,Agra,Caste Certificate,34,40,314,177,137,45
c5b9dc83-06b8-4c54-a1b3-c11e563108fb,OFC3250,Solan,Marriage Certificate,49,178,185,99,86,45
d621813d-139d-4278-a44c-8d5d0839fb5c,OFC6997,Pathankot,Domicile Certificate,30,170,57,51,6,45
8016b548-b367-424e-a7a3-5f80bea5a5fe,OFC4262,Ramgarh,Death Certificate,37,175,884,714,170,45
c9cdc94e-985c-4e00-aa47-792f82f95507,OFC6465,Ludhiana,Income Certificate,45,126,543,104,439,35
f9f922d1-a40d-41e5-9ab7-ecbbb63e3b4a,OFC7755,Sagar,Caste Certificate,18,149,502,298,204,45
d38be447-6c20-409e-bc33-cca7fd3698f3,OFC8209,Gangtok,Death Certificate,17,174,631,140,491,48
800e4fff-eb57-4bbf-b67c-8f3b583459d2,OFC7859,Agra,Domicile Certificate,19,117,211,150,61,35
4b721484-dc4a-4728-9446-65727a1d1b8d,OFC4008,Dispur,Death Certificate,29,16,339,285,54,45
e52492cc-1abe-47e8-bcf5-5530a9843ddb,OFC4090,Naharlagun,Caste Certificate,5,35,414,326,88,35
545c3d88-7ed2-494c-8cc8-6009c27a0863,OFC9754,Churachandpur,Income Certificate,23,132,738,276,462,45
2225b2e3-d75f-4559-a779-b92f40fc3304,OFC8723,Tezpur,Caste Certificate,50,111,524,516,8,35
81035b03-1abc-4942-897f-4822db410cdb,OFC3385,Ujjain,Caste Certificate,45,154,991,887,104,45
f760b8c8-0193-4e60-901f-b09a605667f2,OFC6580,Begusarai,Caste Certificate,24,154,65,46,19,48
73a65e24-247c-4d68-8f92-f8305d293653,OFC9352,Manali,Birth Certificate,26,179,706,441,265,48
17fdd297-92a7-4615-83e5-0bf35c42aec7,OFC3431,Panaji,Caste Certificate,32,166,77,34,43,48
d3ba39bf-975a-41fa-a3d1-194bcad3d455,OFC5122,Agatti,Marriage Certificate,44,15,78,53,25,48
8e4fbdcc-1c1b-4f25-a42b-1eb1035856df,OFC2308,Geyzing,Marriage Certificate,50,75,132,37,95,45
e7d9fc4a-b7f6-49f5-bd57-2700bf1ebf57,OFC7397,Nashik,Income Certificate,38,138,947,177,770,48
5dc5f7d7-a4fc-442e-97f3-17ca102e0381,OFC6525,Alwar,Death Certificate,20,70,991,141,850,48
d3100149-cab3-435a-b590-178608dbe0eb,OFC7806,Ghaziabad,Marriage Certificate,50,20,709,96,613,48
f684dd97-e548-4d87-ad08-d5317e1612a7,OFC1805,Dharmanagar,Birth Certificate,20,173,896,227,669,48
e348b43f-ac2a-47c4-a7d8-b0d04a71c982,OFC9535,Tumkur,Marriage Certificate,44,85,966,149,817,48
0ab2bbb8-122a-429b-afc3-5986287bb43c,OFC8011,Panaji,Caste Certificate,35,167,142,110,32,35
f135526b-df37-4502-ab43-3531f0b26287,OFC6826,Udaipur,Birth Certificate,8,43,857,817,40,48
7f5b4c1e-3841-4c11-8386-8bbfd12454c2,OFC4046,Dharmanagar,Death Certificate,36,95,691,94,597,40
8af49ffd-eb32-4ee5-982c-ac77eb3397fb,OFC4236,Aizawl,Death Certificate,21,45,327,191,136,40
a7ef12b5-3802-41ba-8f2b-8da7227a12a9,OFC1171,Alwar,Domicile Certificate,33,129,633,504,129,48
27e9749b-f29f-4b51-8e0c-9cea6809f74c,OFC8049,Junagadh,Caste Certificate,20,134,210,91,119,40
a5d8adce-f811-463a-b67e-e0173309c045,OFC3357,Arrah,Death Certificate,34,178,67,62,5,40
4d124e62-026e-4c9c-befd-5e069b1cc20c,OFC7791,Gandhinagar,Marriage Certificate,22,155,650,241,409,45
2030b960-f52f-4720-b02d-b1e6b8fc36af,OFC3781,Udaipur (Tripura),Birth Certificate,16,94,378,146,232,48
a1bb9469-fbc5-4e52-993e-3f7eba1c3826,OFC2906,Minicoy,Death Certificate,45,84,728,138,590,40
7f2eeb83-dc2a-4f24-932a-211ca34242b6,OFC4915,Mandi,Death Certificate,15,174,735,297,438,35
829ee132-e254-4a8a-aa64-8c366a7c909f,OFC9330,Sagar,Domicile Certificate,39,110,145,99,46,40
c9888fb3-d9ba-41d1-abdb-18ec18dbb5cf,OFC5061,Gaya,Caste Certificate,22,119,264,188,76,48
030f4834-ebdf-4948-8a3c-92f15367a082,OFC7913,Amravati,Marriage Certificate,28,67,673,351,322,45
b848c3b6-63d7-4855-af1f-de7d40e99d9e,OFC2009,Shillong,Marriage Certificate,38,28,947,688,259,45
14343b3a-dbc5-49a3-887f-237571d3ed80,OFC1955,Gulbarga,Domicile Certificate,38,101,762,147,615,35
1df0451d-05fe-4365-a8a0-51c092f830d6,OFC2211,South Delhi,Marriage Certificate,29,32,731,605,126,40
1a30d1e8-63f7-45b4-8afb-e9df09d348eb,OFC4328,Ramgarh,Marriage Certificate,26,162,758,461,297,48
4d6f38ab-8963-4f42-b1c3-60b14e8b4fd0,OFC9818,Ratlam,Income Certificate,7,95,714,605,109,48
e1770d82-9e72-4b0a-a070-f70b36806e47,OFC1173,Malda,Marriage Certificate,26,107,648,250,398,35
a9ffca25-8c02-4f6f-8b92-5ba9019c6fef,OFC5813,Meerut,Domicile Certificate,19,39,226,168,58,45
8c78d0b3-4eee-45e3-b674-fdcf28256364,OFC6632,Agra,Birth Certificate,26,83,73,61,12,48
193a1390-9ae4-494a-a37a-ee7d1ae9f75b,OFC7294,Shimoga,Marriage Certificate,32,75,586,63,523,48
121bebad-4706-41cd-8b29-90a7d6e11956,OFC1522,Darbhanga,Income Certificate,41,45,861,773,88,48
7d55306d-e86b-4798-bcdb-a0999274a940,OFC2385,Imphal,Caste Certificate,22,138,447,126,321,48
12e57e8b-bf1d-40c1-9fbc-e2c678708393,OFC8195,Tumkur,Domicile Certificate,49,143,153,106,47,48
bf6e04f1-670e-478c-8fda-f7db555a1263,OFC5093,Shillong,Death Certificate,14,120,226,96,130,45
d72ee2c0-f467-4508-87d9-531bd2b428b6,OFC1408,Thoothukudi,Marriage Certificate,32,112,997,422,575,35
71936d07-8207-4112-ade0-e0544a8e30ed,OFC9441,Dispur,Income Certificate,14,119,621,95,526,48
132857eb-2f31-4af0-a68d-139be6242f6f,OFC8245,Arrah,Caste Certificate,40,81,829,690,139,48
cf949507-d5fd-4fc2-947e-09f7d0387a79,OFC5195,Thoubal,Death Certificate,48,41,400,197,203,40
dddb36c9-d5da-4bed-966e-39490fac0f61,OFC9533,Junagadh,Marriage Certificate,26,153,862,748,114,48
416c44ac-d2c9-4a1a-ab8d-3440d4c80f56,OFC3148,Manali,Marriage Certificate,17,72,265,190,75,45
0e4f170e-955f-483c-a8a0-6f6f6c41db68,OFC6107,Rewa,Birth Certificate,41,96,662,320,342,40
d67a08f4-74c0-4e87-8546-3b1864b2205e,OFC3373,Katihar,Marriage Certificate,16,149,212,142,70,45
1dea8b68-9595-447c-b67f-e771cf41a44b,OFC4419,Roorkee,Death Certificate,42,98,670,108,562,45
3ea3270f-2817-4714-8088-20572594201c,OFC6830,Ahmedabad,Domicile Certificate,26,129,232,36,196,35
26e68ef3-4653-4af8-8665-93756cf362b8,OFC5974,Jammu,Birth Certificate,39,120,702,669,33,35
4a9e42ba-a887-4273-8d68-26a6982481c1,OFC4126,Haridwar,Death Certificate,42,151,106,38,68,48
5a342908-11e0-4691-8876-c0223bb002e5,OFC2952,Delhi,Caste Certificate,48,77,613,460,153,45
0a8aa43c-506d-4ccb-a574-da593258ccd7,OFC4013,Karimnagar,Income Certificate,22,66,52,32,20,40
9fd9081f-2a00-427d-a9ca-892a668302c2,OFC3811,Tiruchirapalli,Marriage Certificate,25,128,121,96,25,40
09489e8f-a6e8-454c-a386-343e0e75b1d6,OFC6338,Muzaffarpur,Income Certificate,27,128,273,268,5,48
f99c7999-52d4-4eed-b09c-913fa88f0093,OFC6212,Mangalore,Marriage Certificate,45,36,89,62,27,35
162c2f79-6f00-4a60-8d91-c51a1c63399a,OFC8270,Ratlam,Birth Certificate,24,124,697,542,155,45
88329a99-466c-465f-89eb-144d69ae4d6a,OFC2546,Havelock,Marriage Certificate,37,174,550,320,230,45
abb41198-b1e9-4a3e-9b59-5dad1785edff,OFC4061,Ludhiana,Domicile Certificate,20,44,73,41,32,40
81ae6e48-57a0-411d-a705-55801228bebb,OFC5555,Kashipur,Death Certificate,25,179,114,97,17,48
7597859c-e3a4-4920-91d9-5bad3f2fa539,OFC5320,Bishnupur,Domicile Certificate,43,69,766,560,206,48
a3acfbc0-84cb-4e77-abc7-6c75b38509fe,OFC4045,Kashipur,Domicile Certificate,47,179,996,105,891,40
eab16c84-da62-4a10-8e16-1c5598b867c6,OFC4062,Bikaner,Death Certificate,11,68,808,786,22,48
6923d81d-1bde-486f-90b8-ca752082eccf,OFC6600,Dehradun,Caste Certificate,45,113,734,514,220,48
93129903-bcb5-476d-a187-d748bf14265a,OFC4809,Ludhiana,Birth Certificate,32,158,476,294,182,40
489ce587-414b-4ab6-9554-b26c0579a16b,OFC2132,Udhampur,Birth Certificate,50,36,748,527,221,45
257c730c-81a8-4021-b8cb-04b5eb4e4921,OFC3765,Panaji,Death Certificate,25,49,841,152,689,45
01f966a6-460b-4f69-b712-9602d4d463e9,OFC4905,Asansol,Birth Certificate,7,67,411,399,12,45
53ca98ab-a652-446d-a165-c7ea4044dd58,OFC6171,Kohima,Domicile Certificate,18,175,430,93,337,35
0bff014b-45bb-4cf3-99e7-51781bbd5615,OFC4800,Silchar,Birth Certificate,35,46,462,142,320,45
daa7600a-9249-4896-b440-074085ee3a71,OFC1539,Kolhapur,Birth Certificate,12,116,326,137,189,45
a2ccaf51-3048-4b1c-873b-12f0a3ff898c,OFC1916,Patna,Birth Certificate,6,102,666,373,293,45
62a4579f-eac7-4a86-bf81-0123b2a124b7,OFC5905,Junagadh,Marriage Certificate,6,99,708,574,134,35
cfb154d8-b02f-4395-a561-cbb356fe7b78,OFC9835,Mohali,Death Certificate,24,142,978,370,608,35
009b07b2-db9d-4b81-beea-849e2acdec66,OFC2454,Patiala,Death Certificate,34,99,665,438,227,45
2b5a8908-a89b-41a8-bec2-2aa5dfccebab,OFC7712,Vasco da Gama,Marriage Certificate,6,173,902,214,688,40
6c87cd38-5dca-4eb7-aa61-f97ce0e80342,OFC7375,Agra,Caste Certificate,7,86,517,397,120,45
31b5754a-6303-476d-9256-4feb0553ba9c,OFC8714,Lunglei,Death Certificate,12,180,518,197,321,48
1c522f53-3d87-4f62-86c7-01af366948fd,OFC9662,Gangtok,Death Certificate,36,36,962,792,170,48
cbaca341-b427-41d1-bad4-659643a328b4,OFC6797,Kullu,Birth Certificate,35,15,816,385,431,40
75b48ad6-1b79-4336-9e04-c4478797ebc7,OFC7775,Deoghar,Marriage Certificate,14,145,763,491,272,48
967e6ce9-9da8-4ec8-ac98-1813e1d3e094,OFC5561,Namchi,Marriage Certificate,48,41,77,68,9,45
b10b6ff5-a27e-4846-8931-cd907c68a566,OFC7703,Karimnagar,Death Certificate,5,72,532,470,62,48
235fa440-8d30-45c8-aa2e-162e04366d10,OFC2945,Champhai,Birth Certificate,20,139,75,33,42,40
29c8934f-f746-434d-b3c6-51fe96ee7c15,OFC7505,Ajmer,Marriage Certificate,31,101,594,42,552,45
f0c95077-2373-4131-a83e-95140b7062bc,OFC6989,Erode,Income Certificate,46,139,953,893,60,40
ad088ee8-77ef-4317-9431-f7cc153a9102,OFC6847,Hubli,Domicile Certificate,32,89,56,52,4,45
964e5801-6248-4b6f-aae5-7c3497547adc,OFC4349,Ranchi,Marriage Certificate,9,156,391,133,258,48
3882b0bd-0f2f-4d84-848a-1e4ca5ee4852,OFC2759,Mahbubnagar,Caste Certificate,47,25,836,685,151,48
50aa52ac-c26e-45c4-82e5-1a573806d6ca,OFC7540,Bhagalpur,Birth Certificate,38,174,641,424,217,48
62260e76-8286-4017-bb51-46e29e4b5861,OFC7323,Margao,Domicile Certificate,22,69,605,142,463,35
1ef40468-e90c-42c0-8e23-1b982205eb61,OFC6128,Namchi,Death Certificate,13,90,828,361,467,35
ca9dc3d9-193a-46b6-81d2-ec0ff426ba63,OFC5961,East Delhi,Marriage Certificate,17,57,855,544,311,40
33da2df0-935e-4783-88d0-c53a1fcbf8e9,OFC9371,Ahmedabad,Domicile Certificate,16,38,980,516,464,40
0281afa2-da9a-48b8-8b92-54807d19baea,OFC5026,Lucknow,Birth Certificate,26,148,485,105,380,45
d8e5c91e-b2f0-4825-a408-050422b7a5f0,OFC7501,Haldwani,Caste Certificate,38,44,866,414,452,45
fca18da4-c24a-453c-9315-5fe7c4c18e5e,OFC5769,Bhopal,Caste Certificate,6,54,290,162,128,48
cbf409ed-e4d6-4ec6-bb92-8be65d94b2c7,OFC8359,Itanagar,Caste Certificate,9,130,507,172,335,40
5dcffa2a-71b9-49c7-9681-fc9956c42645,OFC9359,Rangareddy,Caste Certificate,31,38,727,616,111,40
e7662767-a0f5-497b-a13f-31211e67ce48,OFC2380,Lunglei,Birth Certificate,43,126,437,327,110,40
d8334103-4563-49a6-97af-1be0eed0743e,OFC7715,Tura,Marriage Certificate,32,25,531,431,100,48
979e75d6-b5ec-4918-863b-31e2de8a51c2,OFC4456,Giridih,Marriage Certificate,43,83,85,57,28,40
128330be-ad2b-4819-97dd-e8f5ffabc733,OFC9892,Geyzing,Caste Certificate,7,57,504,131,373,35
ef6a07c2-4d06-4aae-be81-633efb202808,OFC9783,Kathua,Income Certificate,29,152,646,319,327,35
11b6b86b-cc4c-4d17-a1bf-5c761b5d53d3,OFC3224,Bhilwara,Marriage Certificate,12,117,500,465,35,35
1e7fbfbb-d064-4341-b4ec-99c48b50d4aa,OFC1819,Gangtok,Birth Certificate,41,91,350,216,134,48
932ee289-1030-4929-89c2-a9305d3b4625,OFC6560,Gwalior,Caste Certificate,27,141,744,518,226,40
a647434c-0183-4430-acb3-6c5b9987bf72,OFC2770,Thoubal,Marriage Certificate,48,136,289,217,72,48
d230a4ee-f417-452d-8687-a09919c55914,OFC5978,Guwahati,Domicile Certificate,19,143,117,40,77,40
e7e46ba5-3f1c-4085-a1ff-df841d7354ed,OFC9665,Central Delhi,Income Certificate,45,154,696,326,370,40
6ba10cb4-92b4-4b14-893d-708d648f1de6,OFC4106,Diglipur,Domicile Certificate,32,167,216,132,84,48
ba6ac3a3-6039-4586-83da-d777472dc027,OFC4580,Kanpur,Birth Certificate,29,91,511,361,150,48
df1da042-c3e7-4a7b-95d2-1af0d09a4e20,OFC8866,Kota,Domicile Certificate,38,162,150,74,76,40
1022d1bf-a7d2-4401-877d-74d2176b5256,OFC3163,Begusarai,Birth Certificate,16,146,682,460,222,40
751b360c-9a59-4b01-981c-d07081f484f3,OFC1356,North Delhi,Marriage Certificate,19,38,704,240,464,48
fd1754c6-d68e-46ce-89a4-551a88c1cd9c,OFC3145,Udhampur,Domicile Certificate,23,122,412,259,153,48
fd3b44a3-5259-44fb-b26e-100df84164bb,OFC1688,Jammu,Caste Certificate,7,141,645,544,101,40
38214e76-5e22-40f0-98fd-abf479ed4e39,OFC6485,Agatti,Domicile Certificate,20,54,91,54,37,35
8fb3dc2a-a93c-4a41-b34b-68ab0b3c4c54,OFC4118,Warangal,Domicile Certificate,7,94,624,500,124,40
fa3fd80f-eb78-4649-a100-9f36d3b4e5a9,OFC1608,Amritsar,Domicile Certificate,44,19,877,187,690,35
7bb122d1-dff6-4d67-a57f-dc6c4eccfd52,OFC6671,Dehradun,Marriage Certificate,25,28,130,60,70,45
901da59f-d6a4-478d-a9ff-7f5381f49f74,OFC2833,West Delhi,Domicile Certificate,5,95,808,133,675,48
8962a098-645c-4a83-b291-4912bae9b68d,OFC6892,Muzaffarpur,Marriage Certificate,10,91,829,808,21,35
fe505587-cede-4bdf-a2d8-08d8c5ed86b0,OFC3078,Kolhapur,Birth Certificate,45,112,764,657,107,35
51916370-3fe8-4edc-bf12-09b197f90c6f,OFC7536,North Delhi,Income Certificate,46,68,567,112,455,40
113b1b61-7e21-4abd-96ac-eab4da394c67,OFC7118,Panaji,Death Certificate,35,127,645,129,516,48
d8bdd5c6-a1fb-46ff-82cd-de8abb8d6fb7,OFC6674,Jamshedpur,Income Certificate,35,71,321,63,258,35
c43dded5-3dba-4fa7-a831-b2f48479d12a,OFC4994,Sagar,Marriage Certificate,20,19,964,878,86,48
32bfa399-0343-4f96-b03b-1dfee05e645b,OFC7049,Nashik,Marriage Certificate,5,98,961,730,231,45
8ee10cbf-02b2-449b-96b6-d79c9e300298,OFC9576,Jamshedpur,Caste Certificate,29,43,436,105,331,35
60fd3c6c-5851-413f-84e6-6fd7953e4484,OFC5903,Mangalore,Birth Certificate,25,43,84,76,8,48
327c41aa-6fc7-4311-8201-4d011e3e0184,OFC1975,Satna,Marriage Certificate,27,51,778,169,609,40
17844ade-eecb-47cc-8014-f69d7f70ae11,OFC8230,Jammu,Death Certificate,47,93,877,230,647,45
165349fa-ac01-4248-bcc4-0ff9f58cab7d,OFC7965,Hyderabad,Caste Certificate,32,78,149,89,60,48
3ba9ed0a-64a3-4204-a80c-0fa093006e08,OFC5215,Gandhinagar,Domicile Certificate,31,170,180,112,68,35
604d124c-aa6d-4edd-8010-33db7b43d90a,OFC4526,Pasighat,Death Certificate,28,120,819,325,494,40
f4f23aec-b7ed-469a-8736-92a2f4456afa,OFC4151,Gorakhpur,Death Certificate,21,146,91,68,23,45
8154c7c8-b00c-4ca3-891b-fd14d377b350,OFC5219,Durgapur,Income Certificate,31,158,376,317,59,40
1555c37f-b1b1-439f-82d8-230217f48606,OFC9234,Pathankot,Marriage Certificate,34,93,441,374,67,40
61b1d0f3-af3d-4bd2-8870-c359440f9650,OFC9089,Champhai,Domicile Certificate,27,180,818,659,159,45
5716699a-e87a-4254-bdef-948174f18ef2,OFC2490,Vellore,Caste Certificate,22,179,480,233,247,40
65284e4e-65a7-4e2d-be9b-10f17bb969ab,OFC5393,Rudrapur,Caste Certificate,34,37,406,51,355,48
71bc63eb-2f6a-4b88-99d1-dc5619a46ba3,OFC4036,Jaipur,Domicile Certificate,35,159,935,402,533,40
1b90a109-db69-4360-9a31-2c4e80732462,OFC2430,Ghaziabad,Marriage Certificate,17,163,867,735,132,35
154b3aa7-26d1-4dfb-acbb-86b6b2d3cf33,OFC1366,Mandi,Birth Certificate,19,78,242,77,165,40
451c6399-b3d7-4074-905a-cd2e58216c31,OFC5231,Udaipur,Caste Certificate,23,121,728,663,65,45
db36f25c-ffc6-48fb-8a3d-47e404eb3d46,OFC1624,Asansol,Death Certificate,26,139,464,273,191,45
7f4cd374-d2d9-47c0-9828-7d7954991252,OFC3506,New Delhi,Domicile Certificate,11,35,86,56,30,35
2f6934de-603a-4785-b810-d25fe932dcdb,OFC9210,Naharlagun,Birth Certificate,44,83,535,301,234,40
fee9e4af-b899-46b4-91b1-d6fe2d13ad9c,OFC7699,Mangan,Marriage Certificate,33,52,52,44,8,45
1a9b966c-1e76-4ba2-b3a7-6df876710ce1,OFC8580,East Delhi,Caste Certificate,10,165,505,163,342,48
24e67d8a-3c7e-4ed1-aa7b-8229f8d73d97,OFC7460,Mangalore,Birth Certificate,36,156,531,240,291,40
d996494e-5939-43fb-a5f4-7ed842cbc3bd,OFC6855,Guwahati,Income Certificate,29,31,390,236,154,35
f32f47e6-879d-4ef8-bcc3-9fc994539589,OFC9349,Tezpur,Domicile Certificate,46,161,665,87,578,35
e89fae3b-dcb5-49c8-832f-cc5e98a6c2d3,OFC5803,Vellore,Caste Certificate,32,180,975,94,881,40
abfad528-3847-4138-9e56-d811e32805c3,OFC4236,Havelock,Death Certificate,46,21,155,127,28,48
cf70546d-f0c0-4ed1-84c7-03327b69cdb6,OFC5428,Pathankot,Domicile Certificate,36,60,68,52,16,45
cdd22de0-742c-476e-a9a7-9a2c63f05c84,OFC3062,Jorhat,Caste Certificate,32,104,574,179,395,35
12f3729e-e6a9-4abd-a164-b3defa4b7fe7,OFC5801,Allahabad,Death Certificate,20,91,338,216,122,48
24647e30-cf29-47a8-adfe-0e4046304592,OFC9666,Ghaziabad,Birth Certificate,24,55,940,51,889,35
a9920311-ad08-4ede-9828-58ffa4a479d7,OFC8484,Namchi,Caste Certificate,42,23,999,526,473,45
7b4e432f-d43c-4cbe-abdf-f66080c794b3,OFC8201,Jodhpur,Caste Certificate,17,161,675,472,203,40
a54f4846-bd68-4f5c-be40-7a74757f2c54,OFC7314,Havelock,Caste Certificate,30,63,82,74,8,35
d8080cc9-7809-454f-85db-aa079789c3cc,OFC8919,Howrah,Caste Certificate,42,46,581,433,148,40
6f928490-cffe-446e-b214-34b2c1d64cb1,OFC8269,Rewa,Death Certificate,11,117,998,111,887,35
b6cf66d7-5b93-41b3-8120-d0d732703c84,OFC8467,Jodhpur,Domicile Certificate,25,178,620,496,124,45
fc2d12ff-fd1a-4ecf-a405-b71fa9db2045,OFC6695,Lunglei,Marriage Certificate,43,103,53,52,1,40
d58f9aa3-c42b-4dec-9c1d-a4dbc28ef9f0,OFC8413,Chennai,Birth Certificate,45,68,455,162,293,48
b7414161-a940-4a0a-b03c-a27b5a17562c,OFC1505,Hyderabad,Death Certificate,9,154,148,30,118,48
c11592be-d634-4ef4-92a9-00676a060800,OFC6232,Ujjain,Marriage Certificate,6,143,199,49,150,35
ca76bd2e-8374-4d56-abe0-f2593514400c,OFC9509,Margao,Income Certificate,21,88,982,152,830,45
578c8200-bae8-4423-9812-ce45c7d2fd92,OFC4561,Bathinda,Marriage Certificate,27,58,487,42,445,45
582f7843-3e31-4c7c-85ec-187f56f38b65,OFC8357,Nagpur,Birth Certificate,37,132,267,51,216,40
2e362a57-773f-42b0-b05f-074fc4f4a47f,OFC3258,Kota,Caste Certificate,29,127,92,71,21,48
625d9d43-d78d-4da7-b9ba-9f7c868d294c,OFC1014,Rangareddy,Caste Certificate,30,121,433,332,101,48
a63cc565-98fc-4ab1-8645-0981e5ef6c42,OFC1822,Bishnupur,Death Certificate,11,102,850,506,344,35
405324d9-96b8-4f09-a958-a80d3d0efd41,OFC1709,Srinagar,Caste Certificate,37,113,373,232,141,40
30a5375c-bcf4-4191-890c-5e8b5ef1f45f,OFC6252,Solan,Birth Certificate,19,28,766,249,517,40
aa14e9cc-f524-46bd-a709-c8adf09bdc3f,OFC6601,Allahabad,Domicile Certificate,45,161,999,402,597,35
6b45e2c8-01a0-4a87-96b9-035dc0cb713d,OFC1801,Mapusa,Marriage Certificate,31,134,227,159,68,45
608ffc2b-ef27-4358-9b11-54d704a90972,OFC7710,Erode,Marriage Certificate,14,95,828,111,717,35
151eedf7-5900-4712-a4f3-9e4fa4804954,OFC8748,Rewa,Caste Certificate,37,30,870,234,636,45
4e99618d-bd24-454e-bac3-d91af8dca453,OFC8453,Asansol,Domicile Certificate,40,176,163,42,121,40
28c57db6-edcf-45ac-9a3e-8f0698030887,OFC5326,Satna,Birth Certificate,38,168,238,105,133,45
cad52df8-cfd4-4338-90e7-b9c8d5ed757d,OFC9024,Bangalore,Birth Certificate,9,73,963,79,884,35
f1b5b43d-a6f6-41f3-a053-f410717c9aab,OFC4733,Tirunelveli,Death Certificate,12,58,980,140,840,48
40ec0d79-f81f-4693-b627-d86c52b302a0,OFC2057,Mangan,Birth Certificate,21,96,64,32,32,35
ead2491c-2185-468b-97bb-22b58fe47bb3,OFC4323,Srinagar,Caste Certificate,38,173,730,212,518,35
78ec1a6c-924d-42fa-9eaf-5b6f87d4491f,OFC4626,Patna,Income Certificate,18,136,791,782,9,48
a1a8941c-15c9-40c6-b7cd-aad1eec7f848,OFC7049,Gulbarga,Death Certificate,48,174,810,737,73,35
87d5ca95-175c-4650-b24a-8172a86ccda8,OFC7800,Asansol,Birth Certificate,45,74,305,83,222,48
036f15a7-4075-46bd-9c53-63dd93f90236,OFC9977,Meerut,Birth Certificate,27,51,102,50,52,48
f5701ca9-6eab-4c4e-a703-562c86fbf213,OFC5020,Jodhpur,Caste Certificate,49,46,902,714,188,35
d2d67afc-ce95-4357-9ead-daa7f137c942,OFC3824,Geyzing,Income Certificate,34,33,376,80,296,40
919641a1-e7ef-42cd-b6ff-e8b8d387ffb5,OFC9004,Namchi,Marriage Certificate,47,103,104,53,51,35
72322eda-4769-43d0-97e6-41e903edd4ed,OFC8970,Namchi,Birth Certificate,34,95,82,69,13,45
45fbc30f-f157-4330-9da3-902426e99ec4,OFC7980,Agra,Marriage Certificate,39,92,401,53,348,40
d66b5c5b-8194-4829-a5c1-4f0d1c17c39e,OFC8081,Aizawl,Death Certificate,12,124,596,156,440,40
3834b690-1f91-4f01-9659-f04d99d4aaf1,OFC5290,Muzaffarpur,Income Certificate,13,145,955,683,272,35
e9b0f596-1efd-487a-8ab3-3a4779b28243,OFC8098,Amritsar,Domicile Certificate,13,20,223,160,63,45
c2d085d1-9d41-4fd9-93ed-223186d29e19,OFC8808,Silchar,Death Certificate,6,44,695,387,308,45
6ce6091b-4a81-48f3-9f07-7fdc1d047fcb,OFC6778,Bhopal,Income Certificate,7,147,394,147,247,40
e2059d9c-6159-4327-a2c9-b94c1c0d0bca,OFC8322,Ramgarh,Birth Certificate,50,41,584,437,147,45
10055251-8c83-48a5-b087-331930cfc2a4,OFC3251,Ghaziabad,Birth Certificate,20,39,582,310,272,48
b653ba69-22db-4dbd-a877-bbec718f1731,OFC9060,Kolkata,Birth Certificate,12,44,631,325,306,40
5610e64c-5ebd-4c2e-ae83-b973ebead22b,OFC5633,West Delhi,Death Certificate,48,120,563,231,332,40
00959d2c-8169-4980-a5f4-0008f0710451,OFC7433,Jamshedpur,Domicile Certificate,21,104,807,300,507,35
788bf1d0-915b-409c-8290-51291aa7fcf2,OFC1848,Meerut,Income Certificate,29,136,180,99,81,40
ed030fc3-59e1-4c40-b02d-9dd4260aee66,OFC4766,Adilabad,Domicile Certificate,40,45,85,36,49,35
2127378c-dbf1-4bbd-b575-82169da34fcc,OFC7340,New Delhi,Domicile Certificate,21,35,377,210,167,35
83d1900c-fb6e-4484-b6ed-b933c01c6bd8,OFC8969,Bhagalpur,Domicile Certificate,16,158,287,35,252,45
b1efbaee-4cdd-4c57-b3e1-8aae020012d7,OFC5705,Ujjain,Birth Certificate,28,134,208,123,85,35
825729f6-3178-463a-bad2-d8d7b7daf7ef,OFC3709,Nizamabad,Death Certificate,23,130,893,334,559,40
6d39051d-6ba8-4c3b-857e-d1efd4090097,OFC6048,Mysore,Death Certificate,31,163,349,158,191,35
97c8a3a5-96f1-4e67-a7de-9d89b8916855,OFC1837,Tuensang,Marriage Certificate,32,155,588,359,229,48
4ff57140-b366-46fc-91e4-3b2c1867cb7a,OFC7878,Jamnagar,Birth Certificate,46,152,188,152,36,35
fbedbc58-427d-4cc5-9700-66e45f57115e,OFC4125,Udaipur,Domicile Certificate,48,102,65,33,32,48
ab953e1c-e735-4885-94b4-717f0c1bd474,OFC5991,Tezpur,Domicile Certificate,14,39,485,52,433,40
75c7b9fa-0bc6-4e0f-9213-1aef553e3c50,OFC5063,West Delhi,Domicile Certificate,29,129,692,335,357,40
f6e946f3-7ca2-4083-8608-0c0a9af3c261,OFC8674,Tezpur,Birth Certificate,8,49,735,271,464,35
bbc271db-b08f-4944-9e80-f2614a3f68fa,OFC3024,Jowai,Domicile Certificate,11,49,213,84,129,40
86efe97b-d4a9-44f5-8a51-9ad902985600,OFC5024,Deoghar,Birth Certificate,25,80,756,627,129,45
7cea6018-a16b-42c5-b8ac-0dcc7700b182,OFC5171,Lunglei,Income Certificate,25,127,722,253,469,35
6f3bee67-cf2d-4f34-b522-d945fc4cf840,OFC3693,South Delhi,Death Certificate,50,96,824,809,15,35
135896fb-995e-4058-9847-28d3615320f6,OFC1476,Darjeeling,Birth Certificate,38,101,450,30,420,45
3136b31d-135b-40b7-9151-d5dcc6b4ef50,OFC6009,Darjeeling,Death Certificate,11,155,857,627,230,35
c4956126-4efc-4ba6-90be-142c57ef9d57,OFC1482,Madurai,Caste Certificate,39,30,338,125,213,35
630ed4f9-10b4-4067-871b-129edf0fb950,OFC8244,Agra,Death Certificate,38,57,524,257,267,40
a7a9b08c-31ad-43eb-aed4-f78346c8c4e5,OFC5916,Rangareddy,Birth Certificate,9,58,788,636,152,40
11a2ad7b-6302-41e1-9ff7-daa48d1e514a,OFC7249,Shimla,Domicile Certificate,20,17,787,390,397,35
6319c9f2-4caa-47fa-8aa2-73585bfc8ab6,OFC4468,Vasco da Gama,Death Certificate,28,176,58,31,27,48
c8b4888e-5f7e-4da0-9f65-20eb2938bf74,OFC9878,Naharlagun,Birth Certificate,10,169,541,108,433,48
f115875e-c359-4737-88d0-75f37a57b443,OFC1907,Allahabad,Income Certificate,30,148,181,171,10,48
78b1be72-25aa-4dc8-9be0-a5ca29aae9ac,OFC4783,Chandigarh,Caste Certificate,7,144,580,305,275,48
5a7a87d3-f533-4213-a7b2-6ca393f09a16,OFC5503,Lucknow,Birth Certificate,32,97,160,124,36,45
a0b2c9a2-fe4f-48e3-8ce3-602da9d60423,OFC4740,Margao,Death Certificate,37,122,451,207,244,35
99c8c1c3-b574-449a-be2a-73edb31d4549,OFC9452,Jorhat,Marriage Certificate,46,152,690,135,555,45
743462ed-3f40-4843-b90a-dd21a2b1e671,OFC6186,Udaipur,Domicile Certificate,17,59,228,37,191,45
0457e496-f1ac-4277-a491-65d7da1142a8,OFC5505,Champhai,Domicile Certificate,24,126,280,224,56,48
67fd2dc4-90b2-42a7-828e-3b64d99cf3ae,OFC7919,Kanpur,Income Certificate,39,97,169,95,74,48
673449a5-daf3-460a-b91b-624904b8c294,OFC1722,Patiala,Death Certificate,33,123,538,49,489,40
83be0f98-7b13-4d3a-81c8-632394d3dde0,OFC2829,Silchar,Death Certificate,33,161,533,370,163,40
1a20aed0-9475-4658-8391-60e1beeb123c,OFC8038,Coimbatore,Domicile Certificate,11,17,266,78,188,48
7f24acf4-c57f-4f4e-8a8a-3770753d7fd2,OFC5557,Varanasi,Birth Certificate,6,69,785,33,752,35
b8bdd3ee-a733-4436-9476-640822c5174c,OFC5196,Kailashahar,Domicile Certificate,31,176,954,840,114,35
adbd9c7f-71aa-4b2d-a75f-a202e92960d1,OFC8920,Udhampur,Caste Certificate,21,103,984,817,167,48
4104a4e0-81d3-4e2a-902b-a14c361b4d72,OFC9521,South Delhi,Income Certificate,23,107,253,103,150,48
3e26347a-0022-4574-b18c-7dc537f32fd3,OFC2190,Amravati,Marriage Certificate,11,76,66,39,27,35
2e340806-bc2f-4e11-a993-e126370eb46c,OFC6020,Darjeeling,Birth Certificate,7,139,218,168,50,35
e3178dc0-0849-4914-91f6-69f4ec8e5fa4,OFC7278,Durgapur,Marriage Certificate,8,109,608,357,251,40
709b5238-7b1b-4df9-a0be-642a5a2ac6e5,OFC7041,Bareilly,Domicile Certificate,8,99,833,485,348,45
41c42621-e370-4d48-b0f2-9722e99f1145,OFC1671,Dhanbad,Marriage Certificate,23,155,836,161,675,40
1b46d664-4cfc-427d-9a8f-8f2ef0777374,OFC2119,Mysore,Domicile Certificate,32,124,478,406,72,48
d632a201-35c8-4793-821a-16b6d285e3f1,OFC6764,Nanded,Caste Certificate,46,131,533,491,42,48
7c31d793-26ef-4699-abd2-d366e69637a0,OFC1179,Jorhat,Death Certificate,27,165,395,31,364,35
a219ce91-51c4-4b2d-96f9-1d4c9dd68083,OFC7907,Ludhiana,Marriage Certificate,22,78,532,220,312,48
1c48a4ca-8b0e-4ba5-bd76-b675cf58c051,OFC8978,Solan,Income Certificate,47,40,237,49,188,40
2d98f761-3e82-43da-9cba-03fcd917dd16,OFC2484,Itanagar,Marriage Certificate,18,20,51,46,5,45
6d9ceef4-9b32-47b2-9582-c4c029b2ff9d,OFC7606,Tirunelveli,Birth Certificate,12,76,668,156,512,40
1d4553af-83ba-47ab-95a5-678f643c790a,OFC7720,Thoothukudi,Caste Certificate,37,91,669,73,596,48
bacd7bcf-bd39-4163-a1a6-3d72b6bcf1aa,OFC6959,Jaipur,Income Certificate,6,24,317,118,199,48
5b267171-3fc2-479b-8697-185d2d3de5fe,OFC8792,Agra,Income Certificate,11,155,284,67,217,45
7236497a-2f49-4ff6-a161-ab04def7c153,OFC2876,Erode,Domicile Certificate,31,138,669,458,211,45
45299421-eae8-45c5-9ff8-d72a300870ae,OFC4998,Pune,Domicile Certificate,45,121,352,63,289,40
427359b3-2bdc-4534-a2a8-527b6b27382a,OFC7783,Bangalore,Death Certificate,36,58,985,932,53,48
4b41f4e8-0ef9-4720-81ea-2c51fefa0341,OFC6879,West Delhi,Income Certificate,48,136,555,316,239,40
bc1fa406-0131-4a02-a4a9-19b58da8f552,OFC2149,Ludhiana,Birth Certificate,9,76,756,37,719,48
bc53f421-0cc1-426f-a899-c3004d644f9b,OFC7642,Tawang,Domicile Certificate,7,109,64,38,26,35
a1087763-c5ec-4a0c-8957-d3ed0f899621,OFC9707,Ratlam,Caste Certificate,35,143,389,56,333,40
d0b7b136-723a-4ff3-aa28-2a07015f315f,OFC6649,Bokaro,Income Certificate,41,133,980,822,158,40
2681f138-bc74-4b6f-9687-b6241bb5ff22,OFC9236,Malda,Birth Certificate,11,65,856,298,558,45
5acfd2e7-7ebc-4c7c-95fb-a43ad11d375b,OFC3216,Patna,Domicile Certificate,45,77,187,187,0,40
0777560a-3353-453d-b89c-55d4c81a45e2,OFC7664,Gwalior,Caste Certificate,11,126,948,557,391,45
2dd271ad-2eca-4e8e-925c-10deb041cd53,OFC1208,Bardhaman,Domicile Certificate,19,34,472,285,187,45
f17c6c03-2cbb-4841-ab71-fc4a3e278222,OFC1575,Kullu,Domicile Certificate,37,94,305,121,184,45
6d52bdd5-98ab-490b-80a8-c3ad9af7aa26,OFC5560,Ajmer,Income Certificate,37,102,422,296,126,35
356ca500-7a32-4952-9a39-b17040cfd43c,OFC8579,Bhagalpur,Marriage Certificate,22,166,552,515,37,40
52a81ba4-f3c3-4305-9516-11726a4d4c2e,OFC8738,Nongpoh,Birth Certificate,21,97,281,218,63,40
79a562cf-65b2-485a-a9af-6ac41fb99bc9,OFC7764,Darbhanga,Caste Certificate,13,15,783,508,275,48
43b09501-faab-4632-b544-d433881393bc,OFC6361,Anand,Death Certificate,15,66,132,39,93,48
7f72e620-6385-4f8b-a0a7-bb0272e15e4c,OFC4428,Vellore,Death Certificate,41,179,939,253,686,35
a9768cde-928b-4939-a175-69f492359c9a,OFC1798,Srinagar,Income Certificate,19,68,242,223,19,45
c488d55c-f190-4fd8-aac6-12e45dc778d3,OFC6413,Udaipur,Income Certificate,22,99,410,264,146,35
3267633c-5c00-4e9e-9a20-d7f53d4909e7,OFC5883,Bathinda,Death Certificate,47,119,443,99,344,48
2a78ce42-368b-4938-9be4-196070975e3b,OFC8561,Mangan,Marriage Certificate,31,164,317,102,215,48
ffed850e-ad59-4949-835d-b8eb0fe09f07,OFC8259,Kolhapur,Death Certificate,48,15,443,406,37,40
00b7ad38-f901-4592-905b-9af798de4ef9,OFC2002,Thoubal,Marriage Certificate,18,176,905,185,720,35
bc40657e-3403-4a4a-8063-edc77fe364dc,OFC1224,Jamshedpur,Marriage Certificate,18,44,637,175,462,45
66d2414c-49de-487e-a88d-813d30c1378f,OFC5443,Haldwani,Domicile Certificate,14,31,673,395,278,45
5f01c0c3-3c97-4b22-b1d3-778f074db0d0,OFC5472,Pathankot,Marriage Certificate,25,22,837,548,289,40
2b3bfa2a-e499-430d-be98-69642c677fc5,OFC5344,Rajkot,Caste Certificate,9,135,210,154,56,40
e483034e-b51b-4798-b4cd-9debaf15e416,OFC7036,Mohali,Marriage Certificate,7,83,735,657,78,48
a98e4347-92de-4bc0-aca9-fe7a358a241c,OFC3942,Rudrapur,Death Certificate,22,28,89,50,39,40
2c02f303-d8f5-4d02-b8dc-72c9b10c997e,OFC5971,Haldwani,Birth Certificate,46,18,677,209,468,40
8ac70c66-dc36-48b9-938f-27ad22eb7f4b,OFC2520,Howrah,Domicile Certificate,25,164,788,386,402,35
62e6ed7a-e290-480f-ae85-e502f22e9e9a,OFC9287,Sagar,Birth Certificate,5,125,637,636,1,45
efcd8ebc-9df8-4638-9ecb-7489aab0596d,OFC3428,Hyderabad,Marriage Certificate,29,163,696,338,358,45
feef5aec-6d14-4035-ba06-2e4d2ab12f6d,OFC6381,Solan,Birth Certificate,45,122,385,340,45,45
be6ede6b-4f89-4d94-813b-1f0ee7ffc778,OFC9573,Champhai,Marriage Certificate,40,172,456,127,329,45
68b9eb31-d4d2-483a-a363-bd4c55f13263,OFC1298,Chandigarh,Caste Certificate,19,169,380,265,115,40
395aaaef-5842-4a68-9a10-f808404a48b4,OFC9286,Panaji,Marriage Certificate,45,89,953,73,880,48
f66741ff-f99d-4f7a-a07b-329e1b55bf98,OFC3257,Udaipur,Marriage Certificate,47,69,133,108,25,40
2f35c286-f7dd-43d0-b6a1-f7111c6b041c,OFC8548,Rangareddy,Caste Certificate,45,115,714,622,92,35
d13767d6-db78-456c-a152-18302e235833,OFC8281,Gaya,Birth Certificate,43,37,131,100,31,40
0d5e0a50-5bd6-42af-9e7e-5862249405f2,OFC4466,Nongpoh,Death Certificate,40,69,624,187,437,48
07870452-5819-4b8b-b322-c904fdef031a,OFC3743,Amini,Death Certificate,36,23,234,195,39,40
d5e8bb5f-6f62-485e-b56b-b4c82dadfc3b,OFC6685,Surat,Birth Certificate,7,147,818,681,137,35
9bec2250-bcd6-4f92-ac1d-07122697b782,OFC3964,Ajmer,Domicile Certificate,13,118,87,30,57,40
85ae52b9-10a6-45d7-88a6-7b052ee083ff,OFC5045,Sikar,Marriage Certificate,7,106,565,469,96,35
773616e9-9bf9-4ac0-afb2-16eca9b95ed2,OFC7741,Nagpur,Marriage Certificate,14,119,328,80,248,40
a3677c59-957c-445e-a04c-919c77ff921e,OFC2024,Kullu,Marriage Certificate,8,37,342,222,120,45
10cb638e-bfff-49dc-add6-f946b2d8ddee,OFC2568,Kavaratti,Marriage Certificate,40,55,400,164,236,48
47066ea1-4603-4aae-a9e3-d6709e166103,OFC9554,Silchar,Domicile Certificate,22,68,220,194,26,40
13b3b762-0f4a-402b-a655-322f5439d112,OFC8981,Naharlagun,Caste Certificate,20,66,841,747,94,45
c69761dd-8b34-4e7c-b267-1dd6bf032f43,OFC9763,Serchhip,Death Certificate,50,105,579,48,531,40
49beef62-6e8b-4d3f-b015-cd85163b427e,OFC6994,Varanasi,Birth Certificate,15,18,261,243,18,48
d77c4932-b4b6-491d-884a-bc127c40c00d,OFC8823,Agatti,Marriage Certificate,20,26,446,203,243,48
afd0f057-372a-4d01-8f7d-e5a6e70c8c34,OFC2496,Mysore,Death Certificate,11,123,340,123,217,48
39679101-df25-41e8-8c18-b9703ce4cab6,OFC5589,Junagadh,Domicile Certificate,6,82,556,249,307,45
c34137f7-8291-45e8-9cf8-a33707ff8140,OFC5038,Khammam,Birth Certificate,19,167,592,559,33,45
c1cbc12a-19bf-4ac7-b329-4cbbf93ea69b,OFC3572,Amravati,Income Certificate,31,90,325,281,44,45
31fc5772-a55a-4043-816d-aa0eed1e257b,OFC8972,Leh,Death Certificate,48,71,598,515,83,40
60c6fb57-34a9-47e4-a9aa-0a97d64f5dce,OFC1977,Lucknow,Birth Certificate,45,47,518,166,352,40
cfa9f441-13cf-47a1-aaa2-1253ecd8c807,OFC5172,Haridwar,Birth Certificate,13,147,514,64,450,48
8be63ae3-eef9-4ae0-b2a3-02c34a2a24c2,OFC8875,Giridih,Death Certificate,32,150,300,246,54,40
d21b4512-25c1-4257-8378-7a20e6d76975,OFC2691,Bhilwara,Death Certificate,19,32,176,31,145,48
ba328af4-ea0a-49c5-b7cd-1d54f5da2b2e,OFC3924,Patna,Death Certificate,20,43,620,326,294,35
af0fb7da-668c-4c15-b4f3-8477c3da18a2,OFC8551,Amravati,Domicile Certificate,25,63,875,206,669,45
ef3b0c30-700f-42f1-957e-7309671fb054,OFC6779,Bhavnagar,Death Certificate,50,51,163,122,41,35
54369743-d737-45cc-8620-84265696ad75,OFC7004,Imphal,Marriage Certificate,32,91,126,108,18,40
b4c604f4-c1c9-496b-840d-6df983a0232c,OFC4152,Tawang,Birth Certificate,10,130,453,368,85,45
e7f116fd-d191-4046-bb6d-a0e0cca05fec,OFC1694,Mahbubnagar,Income Certificate,48,101,477,333,144,45
5daf9471-cda4-4566-98b5-724770c2a067,OFC5840,Nizamabad,Income Certificate,31,105,118,94,24,48
b51bfb38-7f94-4c15-af53-f65c6d7b4e68,OFC1377,Haldwani,Income Certificate,34,99,287,78,209,40
3fb15b16-bba7-4113-a917-e5327470bb28,OFC4475,Nagpur,Birth Certificate,50,136,948,143,805,48
1ae542c7-3357-497b-b440-78a50c8347f5,OFC5492,Karimnagar,Birth Certificate,6,82,781,709,72,48
f9a60ff9-94de-4a29-b734-1acdeeaacb48,OFC5934,Sikar,Caste Certificate,12,22,520,385,135,35
453e0882-99cb-4286-9fbb-0d02f01a497e,OFC2391,Amini,Caste Certificate,41,102,753,433,320,45
9f6e190b-843d-4071-bc48-5f480b2e34d3,OFC9603,Pune,Domicile Certificate,19,66,142,59,83,35
7a3da0f8-cf01-4624-8cba-dd567a7dc617,OFC2003,Mayabunder,Caste Certificate,38,134,256,108,148,45
f5c2c2b4-9f22-490c-bf83-d10205b7060c,OFC9773,Bangalore,Death Certificate,26,84,706,395,311,40
a55e417c-4201-430b-9f2c-bf14af97ce14,OFC4382,Pune,Birth Certificate,41,175,828,545,283,45
86ef041f-fca4-41e4-a4eb-53319d798180,OFC9951,Tawang,Birth Certificate,46,170,120,39,81,45
371a2466-36a1-46e5-a9c3-041f26be2649,OFC2988,East Delhi,Domicile Certificate,25,127,96,32,64,40
1bfd53c1-e6a9-4cd3-a6d9-684d783a6224,OFC6761,Silchar,Income Certificate,44,146,70,67,3,40
13f24b18-ab37-4d92-a7b9-6c78ca3aec9f,OFC1187,Giridih,Domicile Certificate,11,127,929,504,425,45
6395191c-242c-48b7-bee4-14e94876c476,OFC3477,Jamnagar,Caste Certificate,43,129,98,63,35,35
474d71a7-e7a8-445b-a4ae-f44b888bce6b,OFC6355,Jaipur,Death Certificate,44,100,990,285,705,48
239b751c-6841-4bf0-ac4a-99b82c1bdafd,OFC7160,Mangan,Marriage Certificate,46,18,733,657,76,35
84bc25ad-beff-40fe-b447-4213e38fd544,OFC5581,Belgaum,Income Certificate,36,40,204,43,161,45
f1716d89-06b7-4fcc-9089-449c4d124583,OFC2492,Bikaner,Marriage Certificate,34,136,430,328,102,48
9b26ed9e-89f9-4c4a-b33b-964ed7a70cd0,OFC6218,Dharmanagar,Income Certificate,13,97,871,188,683,35
42ff8e81-9662-4d93-8817-a46441d157c2,OFC1879,Leh,Domicile Certificate,19,74,494,215,279,45
db1f91bb-9264-42d4-85d3-cfa651f2e656,OFC6256,Durgapur,Marriage Certificate,26,50,362,46,316,40
e74dd090-5744-4569-a755-7a2d9a76026c,OFC7493,Ajmer,Domicile Certificate,9,137,197,188,9,45
9298b529-ccd9-4112-b55d-d64d604e0889,OFC4137,Patiala,Caste Certificate,32,95,131,93,38,45
260a3262-08cf-45d2-b3c9-7ae4a699fce9,OFC2572,Jowai,Domicile Certificate,5,179,965,108,857,45
682e6295-5b53-496d-b20c-1bf91b481848,OFC3103,Rewa,Marriage Certificate,32,154,306,289,17,40
2048b0c5-c1e0-4e88-a70b-3876577336ed,OFC9998,Nizamabad,Birth Certificate,21,119,298,73,225,45
1a102897-3918-47a0-95e2-17e185041248,OFC7827,Dharamshala,Caste Certificate,35,36,368,242,126,40
77a8fb1b-823b-450b-966a-573708930c3c,OFC1317,Champhai,Death Certificate,20,66,662,634,28,40
e3a082e8-a3c8-41c8-888f-cfb6f9786503,OFC1862,Diglipur,Marriage Certificate,25,122,864,601,263,35
4e655127-72f7-4a93-bfc4-9330e3aaffd0,OFC1463,Tawang,Death Certificate,33,91,190,154,36,45
68aa6480-d7d3-4080-b122-f31fe7fd5592,OFC6170,Nanded,Caste Certificate,5,44,402,149,253,35
f3b6dd4e-d434-444c-8c7b-ffd9b50731e4,OFC9537,Bhavnagar,Income Certificate,49,136,232,149,83,48
334f9475-f721-4582-a131-296f0893e066,OFC3058,Leh,Domicile Certificate,48,175,256,45,211,48
e76d23e3-6988-4475-8aa5-693966b596aa,OFC8878,Chennai,Death Certificate,47,84,94,65,29,45
d5deecf6-cdfe-48d4-bd40-a2742a429ec9,OFC9987,Ramgarh,Domicile Certificate,36,180,486,210,276,40
22132d39-bf4a-48a3-acf9-9bfd9eb052bb,OFC3341,Udaipur (Tripura),Birth Certificate,21,67,384,272,112,45
d639bcfe-0022-46d7-9ae0-88d1c5866798,OFC6556,Mumbai,Birth Certificate,5,57,254,77,177,45
1e84f247-edf4-4043-a38c-36c725c12b10,OFC2366,Panaji,Marriage Certificate,21,162,797,133,664,40
2a1451ab-8816-4e8f-bcc5-cca6c38aa857,OFC2176,Madurai,Income Certificate,21,123,805,319,486,48
0288be25-2056-4d47-8ff2-1cfe87532ffe,OFC2825,Kolhapur,Birth Certificate,48,67,81,31,50,45
d9664246-d368-4aa9-ae72-cce59001af72,OFC3481,Vadodara,Death Certificate,39,98,328,265,63,45
361e124c-ce10-4064-92f4-4d00089112f4,OFC4806,Pasighat,Marriage Certificate,35,74,347,83,264,45
ca8407b1-0155-4316-94ff-fc892d724b7d,OFC3936,Siliguri,Domicile Certificate,39,106,161,123,38,48
2d170270-1cdf-443a-9965-f8d8b63f2dd1,OFC6908,East Delhi,Death Certificate,34,89,634,471,163,35
f80b17dd-4091-41a7-996d-0f016c2b6236,OFC7992,Kohima,Domicile Certificate,41,102,338,55,283,45
1977051f-d8a7-4696-a0be-f17c00ff930e,OFC6260,Belgaum,Income Certificate,19,116,927,710,217,45
e5110a5b-8bd3-4baf-9cdf-4c3a43d9eac4,OFC5516,Rangareddy,Marriage Certificate,34,144,607,293,314,40
91a8575d-f599-407a-9916-b82c4bf334be,OFC6253,Amritsar,Death Certificate,24,46,682,636,46,45
e71b4d97-9c3a-45e1-b357-9f844b57dbdd,OFC4054,Itanagar,Death Certificate,42,64,667,230,437,40
067d0639-8ae3-4bd5-b3af-17cdf84ce063,OFC1084,Imphal,Death Certificate,33,68,55,53,2,45
0d22f489-6f97-4c5f-8421-d0368d5fbc75,OFC1524,Jalandhar,Income Certificate,21,55,803,221,582,48
3445d38c-d2ed-42d2-ab7d-13fc6e5c473c,OFC2142,Srinagar,Caste Certificate,12,64,313,103,210,40
580b1c3e-cab4-40cc-9a8d-577412cab5db,OFC2496,Durgapur,Marriage Certificate,19,100,146,116,30,40
d73375f7-0164-459d-8b59-450d04ed980c,OFC6927,Kanpur,Birth Certificate,26,51,429,371,58,35
a5264ed5-4d72-4deb-baba-eaa2078dae57,OFC7638,Bilaspur,Marriage Certificate,21,27,582,469,113,40
ef956a72-7fa1-4842-ac01-e112980853a7,OFC3751,Mahbubnagar,Domicile Certificate,12,166,511,181,330,35
b02fdf3b-a6da-4046-97ae-d230845d3ec6,OFC8426,Bhilwara,Marriage Certificate,10,146,796,719,77,35
65d4f7ea-7977-4455-b4b6-dc7ea85d3333,OFC1302,Mumbai,Birth Certificate,24,138,269,34,235,35
eee5f566-cd20-4e63-b38e-8a69e01239d6,OFC7740,Guwahati,Death Certificate,26,138,161,50,111,35
220e7dcd-7796-47d4-8ca6-449ada907b2a,OFC9062,Ujjain,Death Certificate,42,22,367,335,32,35
8a1b911b-3644-4363-86b0-26f4f8d6b630,OFC8913,Patna,Birth Certificate,14,100,933,183,750,48
c9863d23-ff03-4ba1-8f31-851a8fdc885e,OFC3616,Muzaffarpur,Birth Certificate,32,45,633,290,343,48
c53ced29-9447-4be0-b6c7-284bcc781d2d,OFC8064,Nagaon,Domicile Certificate,21,123,257,148,109,35
b7403995-ced0-4e75-8573-301a7745cc69,OFC8011,Itanagar,Domicile Certificate,29,91,528,512,16,35
8cbb8687-ddf1-43de-9818-a3bfef7a1ab0,OFC7762,Kailashahar,Marriage Certificate,10,53,486,413,73,35
ec5e3732-fe3e-4253-ab66-33b0f95ff161,OFC7968,Nagaon,Domicile Certificate,24,36,718,260,458,40
9f3cd5db-2c5c-4ca6-886b-9eea4b917499,OFC1585,Ujjain,Domicile Certificate,37,54,556,246,310,45
49555b06-7501-4cfc-8f15-c70cb1301170,OFC8883,Tiruchirapalli,Domicile Certificate,29,178,701,577,124,35
1f3936be-8bcb-440b-b762-98b81ca6fe9a,OFC1355,Nashik,Death Certificate,47,80,814,483,331,48
12e57845-a481-465a-a247-33a63fb82d0a,OFC2974,Thoothukudi,Death Certificate,21,40,557,149,408,45
dfa46247-5e24-4c4b-97d8-9b5d71803ea9,OFC2600,Shimla,Marriage Certificate,38,102,621,374,247,48
6abb4399-b49a-497a-805a-060c17e04533,OFC1228,Darjeeling,Domicile Certificate,39,112,597,347,250,40
ad507062-2fc2-4834-bdce-9ca5238ee4db,OFC3277,Margao,Death Certificate,49,70,182,137,45,45
983fc0ab-10e4-482d-94c5-e71dc6aa4a2c,OFC1313,Vadodara,Birth Certificate,26,107,143,121,22,40
a9be149b-52d6-4b6c-ab29-436ca24368be,OFC9900,Srinagar,Marriage Certificate,21,124,684,246,438,45
a6b44a97-7a95-4654-a518-b3e3a1637110,OFC9924,Port Blair,Death Certificate,27,178,694,524,170,35
d4fb60ab-428e-4a46-aeb6-22bceef32122,OFC5613,Surat,Caste Certificate,40,48,714,578,136,45
df81ec75-0601-4723-94e4-51c125136d51,OFC1329,Ghaziabad,Domicile Certificate,26,117,971,265,706,35
aee30515-77c6-473b-9bb5-fef4d0fc21fc,OFC3543,Solan,Marriage Certificate,10,130,707,609,98,35
b5580062-1f7b-4c11-9627-b8cefcff54e8,OFC6975,Varanasi,Death Certificate,49,49,563,470,93,40
22ca6ee6-2c4d-4f0c-bfb5-8293422ad8b5,OFC2294,Agatti,Caste Certificate,45,114,946,569,377,35
c326d5f0-a306-4799-83f5-baeef62faa3f,OFC3911,Mysore,Income Certificate,36,15,206,58,148,45
467835ef-b985-4b8d-bc5b-59bfd6ec4e8e,OFC1146,Nashik,Birth Certificate,6,133,457,207,250,40
5325d733-1ac3-490c-ba52-7b1138410c31,OFC5148,Haldwani,Birth Certificate,40,36,675,182,493,48
5f0ee64d-fc89-4075-957a-28022faff830,OFC3792,Davanagere,Income Certificate,50,93,62,44,18,45
9747be19-905e-42f6-a573-001d26f3ddfc,OFC3918,Kohima,Marriage Certificate,22,121,283,36,247,35
f0167047-837a-461c-968a-5e481e4779a7,OFC5306,Mysore,Death Certificate,48,80,276,217,59,35
598a9b18-ff92-4084-862a-5d27c8c86c05,OFC8316,West Delhi,Caste Certificate,48,168,317,165,152,45
bafa0c08-38b1-445c-8aba-ca6decd28c97,OFC3189,Tura,Caste Certificate,14,96,696,558,138,48
3e530105-149d-4e7f-8016-55aaceb17ed5,OFC5045,Muzaffarpur,Birth Certificate,25,147,121,94,27,48
d43162f5-902e-4445-95fd-5fbd2279f2a3,OFC1251,Tiruchirapalli,Domicile Certificate,6,162,723,651,72,35
b288073e-5d8b-46e7-8d09-71c866a00f66,OFC5557,Bilaspur,Caste Certificate,39,36,216,160,56,48
3654b726-9973-4ed6-86d0-d8f436fbad6d,OFC1824,Mapusa,Domicile Certificate,9,110,483,329,154,45
1df0012b-a976-4263-a30e-4b9b73f96940,OFC9483,Nongpoh,Birth Certificate,16,60,864,507,357,48
22f98790-3729-474b-98c4-7f1c26b135b2,OFC7135,Kathua,Marriage Certificate,41,43,384,219,165,48
65e5a8a6-dc57-4143-984d-1a0a6ad55755,OFC8118,Rangareddy,Income Certificate,22,124,920,326,594,40
c7b667f3-a74e-44f9-a2eb-3deab7efae6a,OFC7012,Kashipur,Domicile Certificate,31,153,770,613,157,35
389ded2b-b9df-44ae-a607-b6a0973beb3c,OFC4560,Ghaziabad,Income Certificate,13,108,733,308,425,45
8da85c91-feed-4a54-990e-debf6094b10e,OFC2902,Sagar,Birth Certificate,28,157,830,146,684,35
d5cb210a-8389-4bd1-80aa-1d664f29d706,OFC7993,Jorhat,Birth Certificate,14,82,197,192,5,45
2751836d-8953-4987-8165-a0642538aed5,OFC4979,Namchi,Income Certificate,40,57,747,599,148,45
0eb30f5a-fc15-4c4b-83f3-3e66bf395f7a,OFC5676,Bishnupur,Marriage Certificate,40,83,648,539,109,48
2f61a025-0069-4d52-af9a-3209cea4b32f,OFC1824,Nongpoh,Domicile Certificate,19,87,621,424,197,48
620b151f-9745-49c1-b1c8-da7d89a9eb5b,OFC5801,Chandigarh,Income Certificate,32,178,195,102,93,48
8f544458-efb7-4b40-8e76-4e94894a2435,OFC5374,Arrah,Caste Certificate,44,145,866,214,652,48
4ba5a97c-dcfb-417f-9532-950554d293b2,OFC8523,Mapusa,Marriage Certificate,5,151,417,169,248,45
7a0f957c-9bbb-49e4-ad5d-49715bacf0c6,OFC4507,Bilaspur,Income Certificate,13,138,987,212,775,48
3613301d-867d-4ec8-ae75-652dfa6fc02a,OFC1570,Vasco da Gama,Domicile Certificate,23,110,644,421,223,48
608e76cc-f9d5-40d4-9684-da2c2b7cb8e9,OFC5586,Arrah,Caste Certificate,36,88,294,215,79,35
079b7249-b151-4004-8f79-3877eec36b4b,OFC4966,Minicoy,Caste Certificate,49,180,810,118,692,48
e5cf14b5-0756-4c64-bdb0-833bb4504c7e,OFC1524,Sagar,Caste Certificate,27,91,973,509,464,45
1febddb5-c5ff-4c6e-8b6a-043639e88e3a,OFC7761,Jabalpur,Birth Certificate,22,22,578,387,191,45
b1d81696-210e-4383-b7ca-9c49871ffcc7,OFC7425,Kanpur,Caste Certificate,45,61,770,405,365,40
7757a246-06f2-4d0c-82d2-5e860ca0fdae,OFC2980,Medinipur,Domicile Certificate,28,159,670,144,526,35
e08a3595-f262-4c24-94b4-8356f829f163,OFC1656,Dhanbad,Income Certificate,5,96,618,65,553,48
90242938-eb50-49fa-b758-ef3904491567,OFC7104,Bardhaman,Caste Certificate,24,70,483,155,328,48
e3a9c565-d736-45d6-bf30-d2b041079e92,OFC1332,Diglipur,Death Certificate,18,34,173,137,36,35
26a9fcc2-9bbd-4127-8b93-352bcde443a9,OFC8285,Nainital,Birth Certificate,44,64,474,33,441,45
41ffd982-8e39-4e45-be25-1af250e10afc,OFC7066,Gwalior,Birth Certificate,28,149,885,268,617,45
a6dfb693-25e8-4a21-821a-9c370d9e4748,OFC8286,Jodhpur,Domicile Certificate,44,102,981,37,944,48
5b18c85d-d93c-4cf7-8931-b7b0b726adff,OFC2062,Churachandpur,Domicile Certificate,20,65,665,178,487,35
7853faaa-22c2-4f2f-9c9b-8a3351c75550,OFC4962,Champhai,Death Certificate,35,132,777,689,88,35
85ac6ff3-0b64-45ed-8ab0-1492cbd9d16c,OFC7030,Indore,Death Certificate,39,58,805,631,174,35
6ea11dd8-7417-4ea3-ab1f-98fd8889e553,OFC5275,Vasco da Gama,Death Certificate,44,140,951,666,285,35
0cd9af87-d3b7-4397-9b80-c25461df36cb,OFC3776,Chandigarh,Domicile Certificate,43,102,423,186,237,40
ddeeafc6-9161-4665-8aa5-da1201b4c7a3,OFC4622,Kashipur,Domicile Certificate,33,56,873,810,63,45
cce9cd1f-c033-451d-aa96-cf8ca692e532,OFC3224,Kolkata,Caste Certificate,38,173,389,114,275,45
8227b23b-de20-4278-bfbc-a501503a74a6,OFC5621,Ranchi,Death Certificate,9,73,476,322,154,40
5667f3b9-549a-48ec-aba4-d0886c81ab35,OFC2744,Naharlagun,Income Certificate,26,28,99,56,43,45
2ddfbc47-5d62-408b-bcf1-1e5da324217b,OFC8776,Varanasi,Marriage Certificate,31,106,851,602,249,35
66c7a601-8b85-49e0-b3ac-0263510110b7,OFC6230,Imphal,Domicile Certificate,35,46,434,108,326,35
7adaab10-713e-48c4-a2c1-159f22ae801e,OFC8681,Mangan,Death Certificate,41,57,705,390,315,35
c68c15e7-511b-457c-8bac-262c68732b2b,OFC6180,Giridih,Marriage Certificate,24,102,741,33,708,48
5b1ec31d-44f7-498a-b50b-0c956cd7a432,OFC8283,Nizamabad,Income Certificate,44,99,691,572,119,35
a37fb5b5-0188-48b1-b770-473e61be34f2,OFC8657,Tirunelveli,Marriage Certificate,27,160,526,327,199,45
fc52985a-6798-4c8e-957c-6bf41317707f,OFC2602,Nizamabad,Birth Certificate,32,97,997,778,219,35
fdf3958d-6d55-45c2-9f51-6205e7822ea9,OFC6592,Coimbatore,Marriage Certificate,29,54,235,75,160,35
3172dad5-f4a9-492a-b5a7-ce3e3118e575,OFC6889,Ranchi,Income Certificate,24,125,670,501,169,48
bd4f31c2-6020-4a54-8ae4-3453c3a19aec,OFC2186,Bishnupur,Income Certificate,50,25,613,171,442,35
a94c10fa-0c99-41d1-9848-d5f101089105,OFC9710,Warangal,Birth Certificate,49,100,867,53,814,40
8d4a9c30-ed1a-4c79-8f9e-5888bc699ea5,OFC3707,Dispur,Marriage Certificate,27,50,870,487,383,40
b2cb0603-722e-40e6-9027-ee8f07e7a340,OFC9306,Churachandpur,Marriage Certificate,16,164,123,123,0,48
3e0da2e4-d1a5-41fe-9b0f-685dd0424016,OFC3491,Lunglei,Income Certificate,11,44,130,124,6,45
20105e38-68ee-4158-a497-ff8e756e88f1,OFC2813,Delhi,Marriage Certificate,32,30,353,150,203,35
03b36b3a-b37e-462d-b8bc-e4b7e79be9e0,OFC8005,Aizawl,Caste Certificate,46,172,366,154,212,48
ac168559-b0cd-4631-b86c-ff0348104ebc,OFC9641,Gwalior,Domicile Certificate,48,95,781,151,630,40
69fae533-cfd1-46ef-9c0a-0d4407a69490,OFC2796,Sagar,Birth Certificate,5,148,906,763,143,35
5a595fb6-eb63-4644-ad76-7d2f11ac6d28,OFC2139,Rangareddy,Caste Certificate,10,88,138,73,65,35
f993fbbf-c1ce-4b59-9e56-a09151421c7f,OFC2814,Asansol,Caste Certificate,18,79,462,105,357,40
140ed098-e374-49d1-9b30-2c0351805ccc,OFC8621,Bhagalpur,Birth Certificate,49,134,73,47,26,40
73814a71-2eee-4c29-ac0f-5ac3121153dc,OFC6276,Junagadh,Death Certificate,41,44,570,92,478,35
6c19802c-791d-493c-aad1-de23258a18a2,OFC3484,Rajkot,Income Certificate,19,144,570,545,25,40
2cf8e42e-bf7c-4cb3-a040-0a31d903a714,OFC9966,Siliguri,Marriage Certificate,13,127,296,186,110,48
7f1c4605-6685-4fc9-840a-faf34402fc97,OFC1201,Bangalore,Marriage Certificate,29,19,680,495,185,40
9115fccf-56a7-4fd1-88ea-13c64609c382,OFC4710,Giridih,Death Certificate,14,114,646,615,31,40
35c4545f-9762-4af5-998a-2a1132b085f2,OFC9861,Howrah,Marriage Certificate,48,109,662,148,514,48
f9087c66-6c9a-4a24-b898-04d3a5cbe2f9,OFC1001,Indore,Income Certificate,17,30,949,182,767,45
c490cf89-0273-4702-afda-79fc0bb54454,OFC2470,Rewa,Income Certificate,13,83,655,477,178,45
8bd5efdb-4fd4-4709-a623-e334b98a4d33,OFC9542,Jalandhar,Death Certificate,11,38,956,673,283,45
dc44800e-ca81-4205-8f22-ced89104d95d,OFC4598,Central Delhi,Death Certificate,39,53,455,448,7,40
6fe85954-6852-4f21-8941-f0d63ace99fd,OFC9775,Bathinda,Domicile Certificate,39,147,631,496,135,45
b8f61b2c-0d83-4cc1-8785-7674d40b8f57,OFC8807,Minicoy,Marriage Certificate,6,143,697,436,261,48
1a24aa0f-11b5-43e9-8c10-d3d09d80a338,OFC7571,Sagar,Marriage Certificate,50,88,384,114,270,48
f6145fd6-0693-44c6-972c-0da20d7e1498,OFC9928,Guwahati,Domicile Certificate,32,118,413,48,365,45
2e021b85-4d29-4506-9f8a-89d060612771,OFC6670,Kota,Death Certificate,25,142,770,441,329,48
fd0d0cb2-1843-4ad6-aeac-0813e075ad6a,OFC2797,Thoothukudi,Death Certificate,45,114,445,367,78,48
30f7d765-11bb-43d8-af70-5c3f695e4444,OFC8451,Havelock,Income Certificate,10,52,851,296,555,40
914bf5bb-8545-4943-8049-7961349c83e4,OFC1698,Mysore,Marriage Certificate,50,48,861,142,719,40
88e2abf3-8738-4529-bad6-08988caa5489,OFC5947,Surat,Domicile Certificate,18,58,703,536,167,45
73c06ee3-55bc-43a4-a43e-4b0c63fb0ae4,OFC4893,Ahmedabad,Income Certificate,27,92,670,350,320,40
bcac180d-477f-4804-a212-649fc023d2c7,OFC4691,Shillong,Birth Certificate,11,30,946,262,684,45
0baa8706-26ba-47e9-8f71-0c66af66ef39,OFC2678,Lucknow,Income Certificate,19,68,134,49,85,48
a19d7a47-e3b6-4a35-9379-b649598f9c6f,OFC4395,Katihar,Marriage Certificate,16,172,653,242,411,45
0abf6482-5187-4042-ab8c-adf6fff9c13d,OFC3804,Jammu,Birth Certificate,13,92,673,439,234,35
d5b14481-136e-4b53-87e3-41bbf335454f,OFC2290,Amravati,Domicile Certificate,18,142,131,112,19,35
eade7837-56c5-4068-8863-86c41489eeda,OFC4309,Amritsar,Domicile Certificate,20,128,155,59,96,35
96279fe7-e641-4ce1-98ab-0be840cd6535,OFC7929,Udaipur (Tripura),Caste Certificate,43,92,639,308,331,35
5a52e147-8e2e-467d-abb7-755aa3ade1b7,OFC3213,Coimbatore,Birth Certificate,15,15,274,65,209,48
35af8ddb-6777-4803-8363-06526d484f8d,OFC2068,Solapur,Domicile Certificate,50,64,945,80,865,35
023bd496-5736-48cb-bbda-cf30a2b9118e,OFC8724,Bishnupur,Caste Certificate,24,174,641,327,314,48
a1c02c7b-a653-470c-a8de-edca5de6044a,OFC6476,South Delhi,Income Certificate,24,59,275,267,8,45
84d5f8b7-48d0-4e66-8503-2365ea4a8141,OFC2976,Bhilwara,Income Certificate,9,86,553,85,468,40
cefaf538-a8ff-4034-82f4-edea82ee7fe4,OFC9028,Dibrugarh,Domicile Certificate,14,48,322,153,169,48
b2c4026b-4ee9-4d6d-80ea-8029380eb8d8,OFC7805,Nainital,Birth Certificate,43,83,796,477,319,45
e3a0216d-c0d0-4d64-81aa-5150d91a48ac,OFC4002,Manali,Marriage Certificate,11,76,268,256,12,40
60bac376-5645-4bf9-baea-c11ba6c76466,OFC1103,Solapur,Marriage Certificate,48,73,585,214,371,35
83b5ad96-ef56-4462-8f84-3491a0ed4498,OFC5205,Imphal,Death Certificate,18,109,535,398,137,48
1dfaf339-5f5d-4b52-82d9-1fb4b30712f7,OFC9142,Gaya,Caste Certificate,5,120,938,739,199,48
383ba5d9-f44e-4851-b6db-eff038f6e81b,OFC6897,Jaipur,Marriage Certificate,6,98,622,79,543,40
919f4392-5786-434e-aba3-4217f755ed03,OFC5125,Mangalore,Domicile Certificate,12,62,179,114,65,40
9bbb6e2b-7d53-4474-81ae-810ae889b385,OFC2361,Kailashahar,Birth Certificate,19,122,839,576,263,35
012e48fd-83d0-43e4-b700-8e69afcfd984,OFC5605,Dibrugarh,Death Certificate,7,143,664,92,572,48
b18a9914-0e0e-4459-8139-59a9ceffb8f8,OFC1412,Jaipur,Caste Certificate,35,96,848,175,673,48
9eeb10ee-72cd-490f-be69-0ca670a672f2,OFC8210,Itanagar,Death Certificate,5,28,260,158,102,35
8434b675-d957-4283-8805-52c6fe340d85,OFC7059,Ghaziabad,Income Certificate,5,141,714,657,57,45
ca4db697-2580-485d-8c28-91a1bceb624d,OFC5639,Tezpur,Marriage Certificate,11,116,759,525,234,40
a6908f1c-5bd6-49ac-b78f-0fa8288bbf17,OFC2646,Ratlam,Caste Certificate,37,33,778,695,83,45
6499def3-d950-445d-98dd-be5b5c3623ea,OFC2137,Mysore,Death Certificate,29,121,280,52,228,35
caa2edae-2125-4a9e-8e0a-33cd1047684c,OFC4582,Bathinda,Domicile Certificate,26,168,327,259,68,48
96ea4785-4b2c-4d1f-abca-c1f20d8142f1,OFC2906,Amini,Death Certificate,23,92,530,249,281,45
4b00323f-07ee-4b5d-9d76-0f62eff37eff,OFC4169,Champhai,Birth Certificate,5,19,657,256,401,40
e9c25b10-947c-491c-aa66-885328b5fe3f,OFC5621,Amravati,Death Certificate,7,34,525,193,332,40
bbed9b9a-7870-445d-be54-b04d64821c2e,OFC9992,Sagar,Income Certificate,48,32,511,67,444,35
6ceddc6c-78fb-4f85-b23a-90b5fb711098,OFC6787,Amini,Income Certificate,49,39,499,178,321,40
94c9c488-0b94-429b-83db-8d4ad4426ab8,OFC4322,Port Blair,Income Certificate,50,160,894,231,663,48
5188a916-b3f6-47c5-bec0-46ee79b9fa08,OFC1562,Bardhaman,Caste Certificate,19,151,374,51,323,40
7916aed6-1e3c-456e-a265-1b950b893473,OFC9553,Central Delhi,Marriage Certificate,49,175,271,251,20,35
c3abf2e9-b15f-43ca-8b1e-33917dd1ded1,OFC6821,Meerut,Birth Certificate,17,27,214,115,99,35
10c17711-fb3a-4631-9a10-52c1c306f85e,OFC4390,Srinagar,Domicile Certificate,28,131,744,44,700,45
4e9dc187-3aa3-49e6-b64b-abef2bfa6a21,OFC2475,Mysore,Caste Certificate,13,163,820,729,91,48
a3598465-1092-4953-9172-fe181a813be2,OFC5279,Diglipur,Caste Certificate,9,41,742,306,436,45
970617b0-c360-42bd-859a-419f06fde0a2,OFC1991,Ahmedabad,Caste Certificate,43,26,458,306,152,35
86050883-ec8a-4f30-a6f2-d0fc75833a20,OFC8334,Tiruchirapalli,Income Certificate,13,145,486,333,153,35
7bb13622-8524-45c9-acfd-4da86fb2cf35,OFC9453,Naharlagun,Income Certificate,20,53,939,356,583,40
c78cd7cd-02cf-4a5a-af3c-cc04c8254fad,OFC8964,New Delhi,Birth Certificate,6,156,828,128,700,40
09076396-a5f4-4eb2-8992-dda74abc1c57,OFC6716,Patiala,Death Certificate,35,137,242,177,65,35
7bba9bfc-a7dc-4804-81ff-cff74f37638f,OFC1078,Tiruchirapalli,Marriage Certificate,17,112,694,243,451,45
bce9068f-0e87-4727-8332-5e713ee07a63,OFC7621,Allahabad,Death Certificate,46,140,564,233,331,48
5b556eba-ae15-4cba-b3c3-040bf2a022cb,OFC2987,Allahabad,Income Certificate,5,121,771,322,449,48
c12c0191-ab5c-4704-a7fa-8599ab4a13b0,OFC5476,Bathinda,Income Certificate,23,101,869,710,159,45
d8ae7386-8886-49b4-bbc3-6ea62f748aca,OFC3922,Ghaziabad,Marriage Certificate,46,96,906,164,742,45
441b21b6-ad0c-4792-ae51-d4b9b471f289,OFC2250,Bhagalpur,Domicile Certificate,42,130,122,69,53,40
53c3f07d-9ad3-4ea1-9446-2418e35f76d0,OFC8996,Vasco da Gama,Marriage Certificate,31,38,578,145,433,40
119f31bb-5876-499f-beec-39c11d10cca0,OFC2602,Belgaum,Domicile Certificate,50,108,125,76,49,35
659cd1db-5346-4ba0-be88-82d434d1939c,OFC3183,Ahmedabad,Birth Certificate,13,123,903,54,849,45
98a9ba58-3227-4352-91f7-b13e1cb6df31,OFC4013,Mysore,Birth Certificate,18,45,699,520,179,35
edf1ba92-eed6-4983-8b31-02d57e17859f,OFC5754,Chandigarh,Domicile Certificate,39,86,244,126,118,40
02435cb4-caf0-468f-8001-fb79ac90a842,OFC3993,Mumbai,Birth Certificate,23,82,449,189,260,40
149e03ac-dc73-41aa-a0f2-90db8831972a,OFC6870,Junagadh,Domicile Certificate,13,67,371,72,299,40
f9d33203-289a-48c6-8ef4-57a964a662e9,OFC9271,Solan,Income Certificate,46,43,322,228,94,48
69c482c2-dbd2-4766-91e5-7139efad73bc,OFC3654,Kolkata,Marriage Certificate,15,166,601,187,414,35
ccebb6fd-1045-4b71-9102-6118e2e195ef,OFC7451,Mahbubnagar,Caste Certificate,15,113,299,256,43,45
a284fce5-e0fb-4ab8-96b6-f0d93e40e4a7,OFC7941,Agartala,Marriage Certificate,41,152,378,201,177,45
6e6e33d3-b5c8-49f1-9d3f-22b988a0ae8e,OFC7635,Dharmanagar,Domicile Certificate,13,18,608,357,251,40
a29d082c-9827-4fbd-956c-603265be1e03,OFC4444,Purnia,Caste Certificate,8,93,465,332,133,48
0ef6c10a-8397-43d3-8a3f-fce67635d816,OFC5479,Giridih,Income Certificate,45,32,713,502,211,35
5e653023-e220-4725-ae3d-d82006977997,OFC6436,Aurangabad,Birth Certificate,38,35,189,109,80,40
20a97663-a277-4b33-bf7e-edbf79a9a230,OFC3588,Bokaro,Domicile Certificate,36,50,339,191,148,45
1689c7c7-07ad-42f5-98d5-c5fffecb7e53,OFC9566,Central Delhi,Marriage Certificate,45,172,115,68,47,40
03df8993-224a-4cee-86e5-857f0c6f526f,OFC1985,Medinipur,Income Certificate,23,43,634,430,204,40
d46cb5ae-cc41-49f8-b86d-b6a2be15cdf9,OFC2228,Rangareddy,Income Certificate,22,88,554,255,299,45
9a933fc9-cb30-4777-af66-c0eb32525296,OFC3527,West Delhi,Marriage Certificate,25,111,256,255,1,45
63d92d2f-3e36-451c-9f98-c39bda843c61,OFC9622,Hyderabad,Caste Certificate,10,81,516,208,308,35
8f04b93e-7505-40ec-9c1e-e964bb3f09d8,OFC6601,Naharlagun,Domicile Certificate,31,32,590,329,261,35
5692bb4c-e53b-44ba-89c4-e61880985482,OFC3846,Junagadh,Birth Certificate,17,16,684,299,385,35
d260b2ea-1cb0-409a-b701-6dd90836a8c2,OFC6668,Rangareddy,Death Certificate,22,116,664,392,272,48
582f3ec2-20d5-4109-b272-3acd31b44aa9,OFC2885,Madurai,Caste Certificate,36,51,506,183,323,40
3d12a1a3-f8b8-4855-ac82-3fa9a972c305,OFC3214,South Delhi,Domicile Certificate,44,69,333,159,174,48
ed9bdba3-5649-4d7c-a785-ba4d19bebad6,OFC5725,Siliguri,Income Certificate,22,173,827,588,239,40
8ef8afca-35bf-4d4b-9875-ce5cf1fb5362,OFC8110,Gulbarga,Death Certificate,36,66,553,458,95,35
74992039-7d75-43b2-8bec-40c6be98dde5,OFC8417,Nongpoh,Birth Certificate,47,97,843,841,2,48
e8675d9d-af59-48fa-8bd0-34f61dcd772a,OFC3558,Kohima,Domicile Certificate,6,20,370,135,235,45
2bb3e430-4c76-4c3d-a522-600ad061d924,OFC3287,Namchi,Caste Certificate,20,87,551,354,197,40
ba617f0d-6a4a-429e-8036-743d58c30e53,OFC8270,Allahabad,Income Certificate,50,89,919,835,84,40
ad82c1ed-e944-4384-afe3-b028b0212437,OFC9225,Silchar,Birth Certificate,26,80,952,876,76,35
3c7ff3c9-6ea3-4060-bc3f-e0f1f7ebbb2c,OFC1035,Howrah,Income Certificate,35,157,144,100,44,40
f8a55c8b-d2fc-439e-a07d-89de1f19997f,OFC5672,Dimapur,Death Certificate,12,160,130,96,34,35
0fc71621-e399-4e0a-b01a-e3bd89289366,OFC6500,Itanagar,Income Certificate,49,128,876,284,592,40
4d0b3abe-4109-4880-9557-8d7bae03e0d6,OFC3864,Junagadh,Domicile Certificate,50,167,660,311,349,40
f0117ac8-84a3-499a-afca-aaaceb574f7e,OFC5234,Champhai,Caste Certificate,40,70,354,296,58,35
4f374127-2ef5-48b7-9c46-b53caac22747,OFC1582,Central Delhi,Income Certificate,14,73,236,232,4,45
bc6175d7-9857-4255-abd1-0224ebb9eb1f,OFC8909,Jamnagar,Birth Certificate,36,82,256,97,159,45
7f63e810-bd03-48ec-9520-df8c84ff26f7,OFC1607,Nainital,Income Certificate,24,119,97,48,49,48
b5168718-508d-4d5c-9766-b470e5adc576,OFC6464,Roorkee,Caste Certificate,32,31,652,417,235,48
c046f3b2-e9dc-43ff-95a2-3b9953a344a5,OFC4420,South Delhi,Marriage Certificate,45,141,573,205,368,45
f9f7f8f9-d313-4aeb-8383-364f557e0ac4,OFC7984,Bangalore,Income Certificate,26,52,882,713,169,35
e20e1883-bf10-4e03-b3d1-d987f03692c9,OFC2999,Itanagar,Marriage Certificate,18,128,135,103,32,35
16681949-97a1-4fdb-85cc-08e20a619d4c,OFC9853,Tura,Income Certificate,19,145,895,846,49,35
445559ae-10e8-4ba8-b3c0-f07ae84d86a5,OFC8640,Kanpur,Domicile Certificate,48,146,202,137,65,35
ccc96594-42bc-4e66-89e7-b0fca5f270ae,OFC4310,Surat,Birth Certificate,11,27,512,492,20,48
f55dd7a6-ca48-4295-bf0d-9c70f31cd9e1,OFC8232,West Delhi,Domicile Certificate,37,76,647,245,402,35
4e1a3db9-0ed8-49f5-a266-b08e84bc1537,OFC6070,Hazaribagh,Death Certificate,17,152,933,259,674,45
be19e276-db8a-40ad-a3de-428d5d8cbdf8,OFC2063,Shimoga,Income Certificate,16,31,160,128,32,45
217bfa20-fffd-490e-8e89-1f0b9ebd2bb8,OFC6820,Sagar,Death Certificate,34,158,996,603,393,40
577e2cc5-d446-426b-a5d4-29820908ecbd,OFC2123,Jabalpur,Birth Certificate,9,54,776,58,718,48
12abba66-ca1a-4dce-bb2b-291e8d2890a8,OFC2019,East Delhi,Birth Certificate,12,15,232,54,178,45
8dbe0d76-1b8b-47aa-a1be-b6b4035f6320,OFC2736,Anand,Domicile Certificate,40,50,287,264,23,45
0fa0a63e-7f9f-4138-b962-cf0ea7a97472,OFC5894,Anantnag,Marriage Certificate,33,43,766,46,720,45
7ff739ba-19e6-41ac-b6a0-da36be14d8cf,OFC9794,Tiruchirapalli,Marriage Certificate,6,72,955,47,908,45
ad6c3683-7ae0-43ed-a98f-1d7c397dc269,OFC5372,Katihar,Domicile Certificate,45,36,141,37,104,48
79fbb1e3-bbdb-4243-a021-20149a2435ea,OFC9282,Solan,Birth Certificate,9,78,142,137,5,48
8cd6d8b1-6091-455b-b0d9-a271e1f6c83d,OFC7510,Nongpoh,Caste Certificate,10,73,786,722,64,35
475b85c0-188b-4098-b0ce-01b08c4241ce,OFC3637,Alwar,Caste Certificate,25,99,966,100,866,48
b9c66b6e-2442-4d02-b26e-938754493a17,OFC5274,Madurai,Domicile Certificate,25,124,318,201,117,40
c5b45541-3d14-42cf-ad24-797c743ce924,OFC6740,Madurai,Marriage Certificate,14,179,844,354,490,48
37e302b2-d433-4654-bd54-7d793bf5e25c,OFC7741,Agra,Death Certificate,39,19,963,260,703,35
2c2d4cb0-d127-473f-b188-9ef052c42598,OFC9959,Bathinda,Death Certificate,41,147,513,210,303,45
8900e005-8ef0-4a02-a2f6-de0cbd6c847a,OFC6449,Tezpur,Domicile Certificate,20,127,89,31,58,40
8222c7e4-81f1-4a06-a07c-9040597dc1fa,OFC8991,Amravati,Income Certificate,40,179,381,246,135,45
767bba45-df5c-430c-809a-7e2850e7c20a,OFC2768,Ujjain,Income Certificate,6,18,177,143,34,35
328f412a-289b-43d4-97af-6df1e66aaa8f,OFC7130,Satna,Caste Certificate,23,149,83,60,23,45
81bf7a64-f7f4-4115-ae0f-30e86826d9e7,OFC6550,Nagpur,Death Certificate,40,15,626,239,387,45
dd8f65aa-7634-4353-b8d6-11cfe16dd0bf,OFC6756,Kullu,Domicile Certificate,50,172,699,317,382,40
74157279-3839-4cb1-b3d1-750a63c4d0f5,OFC8988,Dimapur,Birth Certificate,7,76,229,180,49,35
fa73f619-4003-438b-88ce-eb13c6212ffa,OFC3526,Begusarai,Birth Certificate,36,58,137,56,81,35
4b3758d2-886d-4cc1-9524-afc35b7e7e6a,OFC7549,Mangalore,Birth Certificate,8,143,204,179,25,45
7410058c-3f8f-4a47-bfe7-f0a2a43fc81b,OFC9543,Gangtok,Income Certificate,24,145,133,120,13,40
a9704ce7-2e82-492d-a011-fc644557759b,OFC5771,Nagaon,Death Certificate,37,84,72,65,7,48
04a8f41c-3dbf-4cf7-84e6-320781155070,OFC1529,Asansol,Marriage Certificate,43,158,763,67,696,35
f8bd887e-080d-4b59-84f8-ef7717c81cdc,OFC4366,Hazaribagh,Birth Certificate,15,126,230,97,133,45
1aa5d617-e2f3-416b-8872-9a0678c00519,OFC5131,Jalandhar,Death Certificate,31,104,508,343,165,35
2c027fe1-07de-421b-b169-6717801f1b8e,OFC8027,Jalandhar,Caste Certificate,48,108,361,288,73,40
fef890f8-a247-4bab-9194-cdcd5be45622,OFC8376,Patiala,Caste Certificate,6,128,655,300,355,45
876f6f52-afac-473c-99bd-b794c338d8a9,OFC4807,Mapusa,Marriage Certificate,23,60,185,106,79,40
476e5664-86a7-4f4e-a4c9-6f21300ae3a3,OFC5574,Dhanbad,Death Certificate,49,129,812,789,23,40
c2b9874a-d70e-4085-a8fa-0d33d95806f9,OFC4355,Jorhat,Income Certificate,7,86,255,113,142,35
2e538b3e-7fa5-40f3-a601-a61dad80b265,OFC9628,Dibrugarh,Birth Certificate,34,51,694,35,659,35
d5271916-56f7-4805-a612-d1e61ac90d3a,OFC9741,South Delhi,Caste Certificate,44,115,134,101,33,45
29c51453-6883-46e0-85df-b4c5f909e3fa,OFC2241,Shimoga,Marriage Certificate,11,167,428,142,286,48
e5838b0b-91a3-4914-8980-1caa19cc5499,OFC9126,Dhanbad,Marriage Certificate,21,61,190,177,13,40
46669411-1135-493c-854f-82da82d8bfa6,OFC7304,Thane,Marriage Certificate,40,99,555,68,487,48
f733e7b0-f77c-4a42-b0b8-47e000ecbb1e,OFC2885,Pathankot,Caste Certificate,23,119,91,73,18,40
dc32a14a-9af1-4a73-91bd-305cd3628dab,OFC2798,Katihar,Domicile Certificate,14,160,322,60,262,40
1416a2de-8926-4277-b574-0c83f848377f,OFC6636,Ahmedabad,Marriage Certificate,32,35,68,45,23,48
b176ae64-ca86-4e75-afc8-3b09ab189a4d,OFC2223,Ranchi,Income Certificate,46,109,610,111,499,40
5afb74cc-472c-4a24-b4da-b50764e1bc86,OFC3055,Purnia,Marriage Certificate,15,85,392,345,47,45
32ac9aea-b7e3-4f5d-9aa0-389c772dd530,OFC6941,Dehradun,Death Certificate,29,117,362,121,241,45
afe3b43f-a793-45af-a13b-8c7df9a26e08,OFC8302,Bhavnagar,Caste Certificate,11,61,482,182,300,45
8ccd4989-603d-457e-973d-a3999f6f1ea1,OFC6603,Agatti,Domicile Certificate,14,152,479,364,115,40
ca324137-e5ff-4eeb-ab05-c2f34035cb1f,OFC2199,Nanded,Domicile Certificate,13,16,120,43,77,35
a23d605e-51e1-4d3d-bffb-adcee170b65c,OFC2080,Sagar,Death Certificate,23,74,131,32,99,48
284fba51-804b-43c6-b66c-ebdd4dfab2f7,OFC9176,Coimbatore,Caste Certificate,14,42,272,164,108,35
3223527e-3bd1-49bb-9c92-cd770bb2fa36,OFC6831,Gaya,Domicile Certificate,22,28,298,262,36,40
b9cec261-91d7-42a2-996c-3b2cadcd701b,OFC3507,Malda,Income Certificate,42,88,459,420,39,35
84467d99-88b9-438c-a553-b74ea5f241bd,OFC4139,Delhi,Caste Certificate,11,26,581,458,123,40
cf3ac179-14c2-4bb7-8b6f-140dca7bef9b,OFC9229,Aurangabad,Marriage Certificate,24,178,640,217,423,40
e6755e49-cc0d-4cae-be8b-85e4efd5274c,OFC8415,Arrah,Domicile Certificate,23,118,921,797,124,40
24eab26d-6520-42f8-888e-7cecf7389e03,OFC5048,Bhilwara,Caste Certificate,49,132,833,411,422,40
9239bbb0-ffb4-49d4-b3a4-dd60223a5db8,OFC9027,Dimapur,Income Certificate,34,154,203,91,112,35
2c66b267-39de-4888-8dc7-6e571cfbbaa7,OFC2779,Sagar,Marriage Certificate,5,147,981,847,134,48
8946cd2f-e51b-413a-adda-5432af729530,OFC6667,Margao,Death Certificate,45,140,209,90,119,48
77a64d2a-9b73-466e-9f6d-e826a92e2bb9,OFC6012,Kavaratti,Income Certificate,14,105,820,367,453,40
c551faec-c7c0-4ea6-a621-e91efb249e85,OFC3496,Rajkot,Caste Certificate,31,151,688,316,372,45
63182b30-5338-4798-8b76-1e5991dcb58d,OFC5761,Bhagalpur,Death Certificate,29,112,883,661,222,45
b0bcbac0-4a54-42bd-b28f-2e3700a8a980,OFC4249,Ajmer,Death Certificate,34,147,338,307,31,40
b1b379be-5250-4090-ab26-1b890c7a2171,OFC2526,Kolhapur,Domicile Certificate,18,161,820,152,668,35
d6d83dc3-5942-4013-9a50-e82a4279d861,OFC9029,Itanagar,Marriage Certificate,26,102,472,37,435,40
fe2f9ddc-e7d3-43e6-9db4-20fb49135eb6,OFC4731,Varanasi,Death Certificate,27,22,117,52,65,48
5d459cc4-df33-4eba-9e92-efe1f64b9e38,OFC5214,Mumbai,Caste Certificate,17,29,647,405,242,48
860003f3-4347-4b11-8579-70018d12baba,OFC4792,Mangan,Death Certificate,20,54,626,491,135,35
9f08cfbc-2aa3-4a1b-b2ed-6c40a4b6a5b4,OFC1413,Roorkee,Caste Certificate,30,90,414,49,365,48
09fccf2e-3399-4ce2-a2c3-a1ee4a94539f,OFC2829,Manali,Birth Certificate,31,95,691,371,320,35
08dd3dc5-6bac-4bc2-913c-3ca464efa564,OFC2492,Shimla,Domicile Certificate,17,163,549,439,110,35
e645da7f-20c7-40e2-9d3a-9171dbfa8a79,OFC9873,Sagar,Income Certificate,33,134,178,148,30,48
6f3caccb-c0c2-4402-a473-30946e681fd0,OFC8707,Giridih,Death Certificate,6,48,339,180,159,48
e593e7df-dc30-4a7e-876b-6d5bb384f328,OFC7974,Coimbatore,Birth Certificate,33,20,422,398,24,40
e0e9e8b4-ee28-460a-b5dd-f9fad924e9df,OFC9447,Haridwar,Birth Certificate,10,35,569,331,238,40
98c7f897-ca36-45a9-99aa-70d69aa1df9e,OFC6100,Karimnagar,Caste Certificate,48,36,544,172,372,45
31ab842d-93b9-448f-a49b-ac8de3d7317c,OFC5368,Nongpoh,Marriage Certificate,31,169,759,77,682,35
dc3215e8-b66e-4482-af87-2f217ed03eeb,OFC7610,Hubli,Domicile Certificate,29,26,756,272,484,45
561b3abb-513b-4b04-af3a-488303f2a072,OFC7485,Leh,Income Certificate,40,46,154,65,89,40
eec9d537-8231-46e5-87fb-9b491925789b,OFC8776,Khammam,Birth Certificate,22,173,808,305,503,48
017747f3-8da1-43fc-949d-28f876d7f163,OFC7855,Solapur,Income Certificate,22,83,144,56,88,48
0b875edc-cf4a-439d-8ecf-dd2a29ad3903,OFC7467,Manali,Death Certificate,50,33,962,193,769,48
357a34cf-4d63-4f2c-9333-c4339130000e,OFC1508,Port Blair,Birth Certificate,21,36,326,276,50,45
ba2235ca-c53d-4a62-af5e-d5af100e56ff,OFC5454,Nizamabad,Death Certificate,10,104,755,707,48,45
e8658c88-c3da-414e-a0ec-6d91b5f8c4e1,OFC2748,Patna,Birth Certificate,41,68,623,30,593,35
2b961381-6d36-4f32-a799-147c6af888c1,OFC8149,Nanded,Domicile Certificate,6,50,606,368,238,48
43916d23-c818-43cb-83f1-565717ba4685,OFC8751,Chandigarh,Income Certificate,31,24,110,31,79,35
18f4c957-5eb8-4572-b8f9-b3bb4d433177,OFC8109,Ghaziabad,Birth Certificate,18,141,465,81,384,48
114b61db-bc50-426d-9356-b69720480d42,OFC2824,Mayabunder,Marriage Certificate,21,162,976,68,908,48
bae476c5-9aa6-4842-87e2-9e0b57ce74a9,OFC3591,Mayabunder,Caste Certificate,13,28,849,766,83,40
e240fc8f-867c-430f-ac1d-ccae4938e290,OFC6855,Mangalore,Domicile Certificate,36,161,266,90,176,48
c5e44371-84bc-4685-b65f-b95bccbd83a6,OFC7093,Madurai,Domicile Certificate,39,20,444,90,354,45
349dd2b5-a6d6-46f5-acb5-416ee4369ac7,OFC9267,Purnia,Birth Certificate,13,163,655,140,515,45
15e49fc2-6922-4055-b2e2-490c6092ca41,OFC2813,Satna,Marriage Certificate,33,107,967,223,744,40
f25e7d18-8527-4292-8846-86e79081d7e9,OFC3793,Mayabunder,Caste Certificate,30,174,617,533,84,35
1c459b15-2daa-4ce5-8019-d021947e2b76,OFC3057,Muzaffarpur,Domicile Certificate,42,149,665,129,536,35
c7d7c28f-1f08-4dac-87fa-d69e2e8c9d76,OFC9071,Jamshedpur,Domicile Certificate,23,44,492,383,109,45
7278fe7f-08ca-4d42-be06-352ec87c4040,OFC2929,Leh,Death Certificate,10,156,249,117,132,35
fc8a6ba8-b78b-41d2-8097-6cb9af31b224,OFC9954,Meerut,Birth Certificate,17,71,319,292,27,45
f6bd38dc-d3ef-4f81-a73c-2b89c324869d,OFC6930,Jalandhar,Birth Certificate,22,35,958,680,278,35
ea12a004-f33f-4463-ae22-9556415b375f,OFC9018,Ramgarh,Income Certificate,19,77,838,208,630,40
754a730c-010e-4046-810b-2198572eb8d3,OFC2859,Rudrapur,Birth Certificate,44,16,543,237,306,40
6734b96c-4d05-475f-8cc5-4b70882fac18,OFC3395,Kathua,Birth Certificate,47,79,657,352,305,35
e4a308c0-59c3-4fbf-8a14-61f16d0c627e,OFC3683,Muzaffarpur,Marriage Certificate,33,93,385,304,81,35
a5553c9b-2066-4755-b181-07379ae6cefc,OFC7832,Rangareddy,Income Certificate,31,166,320,174,146,35
395d379c-d209-4d40-b1ed-b4b9c5e37536,OFC9416,Havelock,Birth Certificate,15,32,770,80,690,40
b6be49fb-24c6-4531-b602-2e081f6d81cd,OFC4733,Roorkee,Birth Certificate,46,157,314,152,162,35
5af2c632-3ce4-4cc5-bdf6-a16d03887145,OFC4281,Thoubal,Caste Certificate,49,58,402,272,130,48
434c27e5-0489-40fb-91c6-87abcc320cbe,OFC2161,Lunglei,Income Certificate,28,147,313,108,205,35
f9ad0df0-3021-40f9-a6fe-b7b7434ec55d,OFC3794,Nashik,Caste Certificate,15,60,756,628,128,48
733daddd-249f-4090-a3d3-3b7692d0784f,OFC6003,Havelock,Income Certificate,32,113,299,297,2,48
d254402c-bbf1-46bd-8e6d-10c1b23e98ed,OFC4291,Nongpoh,Caste Certificate,39,143,147,33,114,40
8d6a2e0e-60dc-4c5b-bd31-cb7e929059d1,OFC4822,Muzaffarpur,Marriage Certificate,35,80,862,397,465,35
318cb5b6-7260-421c-a17c-4f5dcae96de2,OFC3225,Bhagalpur,Birth Certificate,46,69,518,298,220,40
b3cd0719-9206-458a-9435-429e02871f51,OFC2853,Lunglei,Birth Certificate,12,33,342,232,110,48
220c3099-5fb6-4451-b28f-311afe34d2a3,OFC8070,Mandi,Marriage Certificate,11,44,763,301,462,48
c31c650e-b970-4361-8ba8-399a0f9c492f,OFC8996,West Delhi,Death Certificate,17,27,290,143,147,40
d9ee7924-1c38-40da-a7f3-3ea1b319a852,OFC9954,Bareilly,Domicile Certificate,21,47,536,250,286,35
e7d825ac-5328-467f-893d-2fe8e49ec8d4,OFC5281,Jabalpur,Domicile Certificate,11,160,443,366,77,45
d0a41431-e90b-4188-b490-21b1c02f8dc3,OFC3397,Agatti,Death Certificate,46,169,913,321,592,48
b9f295d8-47d4-4af1-a05d-dbb9814ec351,OFC8732,Adilabad,Death Certificate,33,33,546,456,90,35
7ab0822e-e445-4d1e-845a-106ad8c3f54d,OFC7990,Silchar,Birth Certificate,30,122,901,286,615,45
72779611-f28e-40ee-85db-32804d035ef3,OFC8995,Diglipur,Marriage Certificate,30,158,678,103,575,45
c60334d7-58e6-4563-86a5-4260ab29dfb1,OFC7606,Solan,Income Certificate,38,86,312,115,197,48
9073eb1b-b920-43a2-a3e1-62347fc1d48c,OFC6578,Aizawl,Death Certificate,15,103,814,94,720,48
e53cefc6-836f-49d8-b62a-516442fe3002,OFC6322,Chennai,Birth Certificate,6,41,767,324,443,35
dd557216-a311-408a-ab8e-442250e9057a,OFC3983,Jaipur,Domicile Certificate,6,147,69,49,20,40
08e16021-97ae-4d43-81a3-06a80aa6cb55,OFC1636,Namchi,Birth Certificate,21,145,730,695,35,48
05791089-31fe-4d58-9adf-75c98ed7c901,OFC1761,Mangan,Caste Certificate,20,177,75,40,35,45
37356db7-66fb-4b67-bd59-523aea1b7e81,OFC4241,Giridih,Income Certificate,11,62,906,438,468,40
94f1f6fe-b6c4-4d24-98c1-d0bd4eb462b3,OFC1921,Agatti,Death Certificate,9,72,666,527,139,45
efd4c2bd-b80a-4802-941e-246ce8c42967,OFC7812,Solapur,Income Certificate,36,17,281,58,223,40
e2fb6683-b4ba-4e23-b1cd-e31f6ca9568e,OFC5122,Tirunelveli,Income Certificate,24,25,331,181,150,48
d797bbc4-5a08-4cab-86db-3b408a759fae,OFC8672,Nizamabad,Marriage Certificate,6,71,522,279,243,45
1ea16b74-62a6-4fd2-880c-6b67af2af648,OFC3876,Vellore,Death Certificate,5,48,887,370,517,40
875dba06-88c4-490c-9eae-01bf3107d559,OFC4744,Kohima,Birth Certificate,47,97,129,72,57,48
c5ef904b-4eb3-45d2-92a7-06116e255fa6,OFC2454,Ranchi,Marriage Certificate,14,34,731,514,217,48
ed1592a2-18c8-4262-8e19-af359f426dad,OFC2475,Belgaum,Death Certificate,31,101,278,269,9,45
3aa37c7f-fa39-4acc-b6fe-291dc7398772,OFC9271,Muzaffarpur,Death Certificate,8,106,419,325,94,45
da1e2f51-16df-4174-97f5-ec49e9fedc66,OFC3565,Naharlagun,Death Certificate,38,178,334,135,199,48
977b1b70-b4d2-427e-a810-44cdec6a8fbc,OFC7774,Diglipur,Caste Certificate,45,119,985,370,615,40
78ad8c1f-8ccd-440e-aa49-e93ab85fcf28,OFC6279,Gaya,Marriage Certificate,31,168,864,632,232,40
cd0b4bca-e2c2-4bf7-8599-01ffec419d25,OFC3406,Gulbarga,Domicile Certificate,9,16,835,656,179,45
b1de38b4-9841-4fc4-a137-6cb8f014d45e,OFC9607,Bilaspur,Domicile Certificate,17,48,64,63,1,35
bf7ef4bf-902b-4f95-98f7-f6b0bc499aae,OFC5400,Dehradun,Marriage Certificate,29,18,942,76,866,48
e229cf76-45c4-45a5-b196-dd48c572d129,OFC5803,Nagaon,Death Certificate,36,140,204,102,102,45
6fa792d2-6c9e-4f8e-ae50-2ed0477ddf0f,OFC2134,Dhanbad,Marriage Certificate,16,138,689,95,594,35
76d024ea-e938-4a13-9864-0aee2b1d5803,OFC2577,Hazaribagh,Death Certificate,17,158,495,342,153,48
8f147c30-88bd-4a36-bc85-27ca83cef318,OFC1504,Anand,Domicile Certificate,48,30,126,114,12,48
dc562a0a-0d79-4b97-9ffa-d804a1415792,OFC3777,Kanpur,Death Certificate,35,167,492,200,292,45
442b1d61-319c-4b6a-a8bc-429104421974,OFC9840,Purnia,Caste Certificate,22,25,277,85,192,40
c2cef330-11a3-4298-a9c8-2a599d0691f9,OFC2822,Patna,Death Certificate,16,152,571,411,160,35
465bd780-fcda-4d10-ba7b-49a7d1ea9727,OFC3406,Tuensang,Domicile Certificate,31,34,675,257,418,40
e718eee5-79ba-41f5-a711-79b0df02f7ac,OFC8819,Bareilly,Domicile Certificate,16,34,848,350,498,40
95f1adf4-c49d-4e55-b9e4-ce96ce8a0c6e,OFC4082,Katihar,Marriage Certificate,7,70,50,33,17,48
26f27db3-df76-4bda-be6d-069d55a53596,OFC6550,Aizawl,Income Certificate,18,44,328,148,180,40
8239004c-4f23-4d5e-8fd6-aa9311827cd6,OFC1456,Warangal,Caste Certificate,50,43,234,151,83,48
4850b7e2-78ad-4214-8a24-34314eb66b4b,OFC9204,Surat,Death Certificate,42,18,125,112,13,45
673b2274-aac3-4632-8256-2276df26363a,OFC9930,Kullu,Caste Certificate,40,47,836,707,129,40
f5ef9e35-c240-496a-95e1-3b0028ef5f9f,OFC5261,Margao,Caste Certificate,11,48,288,273,15,35
d0b96c89-0089-454b-906b-86fa84f7dfeb,OFC1676,Udaipur,Caste Certificate,28,172,700,154,546,40
951c88ee-7bda-4ae3-92a6-1b9c245ac240,OFC9233,Haldwani,Death Certificate,49,145,671,544,127,40
ef7d0c40-e710-4c3b-8fbf-b4715e90bf81,OFC4488,Gaya,Birth Certificate,8,65,704,332,372,35
1d50c8ad-cf94-4616-ad6a-b132fa9007b8,OFC1729,Udhampur,Caste Certificate,27,81,621,122,499,45
7300a403-4c73-45ed-9793-182ede5b2996,OFC4709,Churachandpur,Birth Certificate,9,100,722,52,670,48
35343255-6be1-4920-9c72-1565db920db8,OFC4837,Margao,Birth Certificate,36,34,394,384,10,35
3d119ae4-40b7-4b8b-9788-be77c9363f2f,OFC2838,Davanagere,Death Certificate,46,111,121,119,2,40
1f8fceeb-31f7-4fdb-862d-69aea9506a8b,OFC5927,Jowai,Domicile Certificate,11,51,379,365,14,40
0d21f42b-8c5e-4d16-8d8f-696f00cff258,OFC5655,Thoubal,Birth Certificate,37,162,484,336,148,48
6cb23d63-5901-413f-99a8-befd8c9c7547,OFC4895,Haridwar,Marriage Certificate,36,23,246,91,155,45
c00a9439-ca23-45d2-b853-ba7b89b7a071,OFC5378,Baramulla,Domicile Certificate,9,125,939,615,324,40
e736dede-857a-4f64-a8a3-e5826cbd3e19,OFC9655,Aizawl,Birth Certificate,5,164,92,80,12,40
bcd9f89c-1708-490f-aa3e-70f6f39d25ca,OFC1504,Serchhip,Income Certificate,50,145,333,331,2,48
0a0214e0-38b0-4288-af32-5de4aec9a64b,OFC9038,Dharmanagar,Income Certificate,35,16,437,272,165,48
223b7e35-a6d2-4df8-82a7-7d021bc6954e,OFC7976,Nainital,Birth Certificate,6,45,771,457,314,48
211e9f7f-d0ed-432c-94aa-12aa9bd05f24,OFC7677,Thane,Domicile Certificate,14,61,256,87,169,40
1b897f85-f9b1-4484-b0fe-7829eb191d2e,OFC6242,Malda,Birth Certificate,35,148,879,467,412,35
ca75762a-b1bb-44b2-bcf6-d78c56e3c047,OFC5458,Serchhip,Income Certificate,49,40,178,171,7,35
3e170cc7-a1a2-403c-9525-66c9f89afe1f,OFC3284,Namchi,Birth Certificate,23,123,773,495,278,40
d64bea79-9193-4f49-8a44-aeefe0eb577e,OFC5200,Amritsar,Caste Certificate,17,158,525,146,379,35
62a9040e-d181-4917-84d0-10a19b5e748b,OFC1764,Allahabad,Income Certificate,9,87,66,53,13,35
8aa72616-e0a5-454d-9d7e-0aa2eb30637d,OFC8981,Bikaner,Domicile Certificate,29,16,395,359,36,40
bc700895-dc31-42a2-ad19-db472b660635,OFC2982,Nagpur,Death Certificate,8,54,417,133,284,35
24216bd8-3d17-41b0-a722-885b5c6128f9,OFC6047,Gaya,Income Certificate,46,163,640,303,337,40
5778d874-905d-4161-9bd3-e0769f4b2b50,OFC8338,Mayabunder,Marriage Certificate,41,20,227,61,166,45
baca1ce1-749f-40b2-bd5a-9671d7f9a6a1,OFC4613,Hyderabad,Birth Certificate,43,161,779,162,617,45
8569321a-9dbc-40e1-aa48-9c31e44832f1,OFC4838,Ajmer,Birth Certificate,24,59,517,427,90,48
c8292df0-1fdb-460f-a598-4b145dfb922c,OFC6840,Bokaro,Domicile Certificate,25,161,592,164,428,35
f12a9212-fb30-4ebe-8e4d-83100f15d39c,OFC2702,Geyzing,Income Certificate,27,35,710,268,442,48
e99bb31b-55c6-4c3e-9a5a-aa93e519147a,OFC7650,Ujjain,Marriage Certificate,38,158,674,660,14,45
d7bffc62-5ece-41c3-82ed-9f6c43f6dfba,OFC4295,Ahmedabad,Income Certificate,34,132,524,68,456,45
5fbb1112-d356-4bdf-9f94-b666cde06715,OFC4617,Patiala,Domicile Certificate,43,149,648,349,299,35
5898954d-1783-4ae0-975d-03ffb14b9496,OFC6401,Gaya,Domicile Certificate,43,90,883,34,849,40
3ff6e41c-00f4-4bc2-a654-e43378e24f12,OFC3190,Sikar,Domicile Certificate,15,48,137,113,24,48
75b900bf-3505-4147-a81b-fc2bd15dfda8,OFC8251,Jamshedpur,Income Certificate,39,122,111,46,65,45
d867ca8c-f5e6-4c52-a0a2-b585e7d3338f,OFC6134,Bangalore,Marriage Certificate,26,27,492,293,199,40
85818f06-e110-4d5a-9e51-0a7c8548f6f6,OFC2069,Tirunelveli,Domicile Certificate,11,128,831,462,369,40
0a5dbaf9-847d-4386-b36d-c825ca4fc632,OFC2120,Vellore,Income Certificate,39,119,453,334,119,35
1e70f864-fff0-490e-94e5-b15bba183c91,OFC8168,Bilaspur,Domicile Certificate,13,130,507,258,249,45
f2a1de4d-ecb3-453f-8fe1-ac4c3d7530cf,OFC3694,Nashik,Income Certificate,50,67,98,41,57,48
94b0bfee-06f3-44c9-9355-0c7e2d720433,OFC3141,Leh,Income Certificate,5,31,585,122,463,45
0540fd90-7e07-4a96-9e22-4ac4358c0e1a,OFC9103,Dhanbad,Marriage Certificate,9,161,507,336,171,45
653f6186-bc46-49fb-b326-1b074c834f2e,OFC2110,Udhampur,Marriage Certificate,5,176,640,445,195,40
d61a1e64-0353-4aa8-a1a1-6ff504746e61,OFC8086,Belgaum,Caste Certificate,41,32,723,213,510,40
ae4c3e78-3610-498b-9889-a3a01e697db1,OFC1782,Jabalpur,Domicile Certificate,31,55,857,639,218,40
c01a090e-8439-4404-9800-3c80e3d52c50,OFC4699,Hazaribagh,Marriage Certificate,36,50,96,40,56,45
f8f6bb17-e40a-48f7-9b1c-1ded84056ab8,OFC7259,Serchhip,Death Certificate,22,68,355,322,33,48
41b085dd-88dc-408d-9994-a3c6bc26bfcf,OFC8861,Dhanbad,Marriage Certificate,49,91,773,58,715,45
923e09bc-fbdb-4830-8d5e-a9563bd4171a,OFC1220,Salem,Birth Certificate,19,73,128,42,86,40
8176816b-09e2-445f-b21b-8ea358831cc6,OFC6930,Kanpur,Domicile Certificate,40,132,566,134,432,35
f3853f47-a2ee-4bfa-8cdd-ac40349ad65d,OFC6451,Solapur,Caste Certificate,31,111,806,632,174,35
5f0e4147-4461-4054-8720-bbee484822c6,OFC5100,Mangalore,Domicile Certificate,29,111,855,398,457,48
d8615057-8674-4d8e-9905-fae6359e1d58,OFC5064,Thoubal,Income Certificate,5,88,886,743,143,40
b0404279-5860-4bce-9cd1-ae7fb469ed52,OFC9061,Kavaratti,Caste Certificate,40,139,897,451,446,45
f00a56af-1592-4933-a316-382e865bf40d,OFC4900,Warangal,Marriage Certificate,38,43,960,153,807,48
9a7040c4-35f7-4608-a1e5-f04a92365aaf,OFC1301,Ujjain,Death Certificate,17,53,420,259,161,40
c83fcc99-939e-4e84-8cc8-78c2eeced301,OFC2198,Alwar,Domicile Certificate,20,161,733,336,397,40
e14f077d-a46d-47f3-bf25-9c86c3340a21,OFC8741,Dharamshala,Caste Certificate,22,174,650,137,513,48
6d2e45e6-c311-490f-8f31-6850ca938b0f,OFC2393,Hubli,Caste Certificate,47,62,292,57,235,35
82a97a60-82ba-47f6-97b5-2ac8d175f413,OFC8355,Ujjain,Death Certificate,48,119,657,42,615,45
d9b178e7-efe1-4b2e-9b51-a2fae0b59fd7,OFC6483,Muzaffarpur,Caste Certificate,24,133,887,180,707,35
07283f18-d529-4530-a5c1-e404d9475c66,OFC3683,New Delhi,Marriage Certificate,45,150,175,162,13,45
a33da143-3bc4-4c57-9116-541708e38d5a,OFC4764,Kullu,Death Certificate,35,94,532,144,388,40
d6e86c87-65c9-4caf-8c39-b511e4badcf2,OFC1293,Port Blair,Caste Certificate,6,52,673,206,467,45
709af091-43f6-4180-a13c-e73d21fe9b04,OFC2147,Purnia,Death Certificate,37,58,233,224,9,48
8af54c06-1c4c-4801-b908-ba59d123448f,OFC4546,Kolhapur,Domicile Certificate,33,46,649,399,250,45
b3365c56-92d4-47bf-9e15-a7000d3f9ff3,OFC1442,Shimoga,Income Certificate,35,123,323,150,173,35
c61f83c5-076d-4b27-9c13-a331c21d8122,OFC2528,Amini,Marriage Certificate,11,42,293,232,61,35
a2999bf8-9f04-451b-a0ca-ba673dbf9c0d,OFC4982,Bhopal,Marriage Certificate,35,126,174,56,118,48
f05600a0-cba7-4301-92ce-60d23eae0de6,OFC8766,New Delhi,Birth Certificate,49,106,660,528,132,35
5a0dfd72-7587-458c-8e25-09f5e437fb4a,OFC5752,Nagaon,Death Certificate,22,44,892,767,125,40
9f140f2e-0a7d-431f-86af-f117f67100cb,OFC5867,Meerut,Marriage Certificate,7,143,405,199,206,40
000504f9-da82-436c-a746-6b995d518e76,OFC4930,Ratlam,Domicile Certificate,17,180,725,230,495,45
4ba966d5-e450-4c88-a0a6-bc02426c96d9,OFC2337,Mahbubnagar,Caste Certificate,38,132,555,548,7,48
15edde31-e9da-4c42-9c46-ff1f959e1c84,OFC7303,Vellore,Caste Certificate,47,120,290,163,127,45
4e87dd3a-d98e-4b5a-af2c-2e0814e5fcf3,OFC9763,Jalandhar,Death Certificate,39,91,787,104,683,45
6e2e676a-cc56-456d-ba0e-473907c18175,OFC5755,Nashik,Domicile Certificate,49,135,745,278,467,45
fee73ab3-67e5-4c4c-b9f8-69e71928afd9,OFC4347,Gandhinagar,Birth Certificate,6,57,678,454,224,45
e20f0adc-04c2-4930-a059-e018437de180,OFC2088,Aizawl,Caste Certificate,5,44,899,749,150,35
12f737c0-e900-4fd9-b1da-1456244f6703,OFC4958,Agatti,Birth Certificate,49,99,826,623,203,45
44c449ec-b7a8-414c-99b0-aed459f46b26,OFC6230,Champhai,Marriage Certificate,27,150,722,180,542,45
5a8cf4e2-c5e0-4153-847f-29d7ea572969,OFC3531,Ludhiana,Death Certificate,22,29,345,215,130,35
d2e70725-a78e-4a93-b2a3-4b4a2d3c797e,OFC8511,Gangtok,Death Certificate,24,89,527,387,140,48
8910de09-c4ad-4f3f-92a8-7c4a0498815b,OFC5203,Indore,Death Certificate,37,157,209,154,55,45
b8b2af08-02b2-497a-a12f-63141486893b,OFC7341,Vasco da Gama,Domicile Certificate,18,107,742,387,355,35
97733a34-6854-4b3f-8125-77be5d02b1cb,OFC6462,Nagaon,Income Certificate,23,179,801,164,637,35
48917b78-22b9-4295-bcf5-1769ea7021ab,OFC7497,Mysore,Birth Certificate,38,147,516,187,329,35
e0681bf0-dff5-4b57-b0f4-62c8a9b2fa61,OFC9463,Solan,Domicile Certificate,35,174,454,175,279,35
910d0216-8fea-42ed-aa14-24a0bce0adf2,OFC2859,Tirunelveli,Marriage Certificate,32,131,695,341,354,48
c512be8a-91a2-4157-83ff-ce752cffe00e,OFC2554,Ahmedabad,Marriage Certificate,19,53,524,428,96,35
ef942762-f9d6-4f18-9686-1af296106a3b,OFC2116,Naharlagun,Marriage Certificate,12,159,76,65,11,48
5f391e31-6ca0-47ed-b4ee-18d99086199e,OFC1564,Central Delhi,Income Certificate,41,15,775,397,378,40
30039d31-8052-4f03-8d14-56021383e245,OFC8682,Tirunelveli,Caste Certificate,24,62,193,185,8,48
cc821577-2a87-4671-b23b-b668f9297fe3,OFC1450,Rajkot,Domicile Certificate,36,125,666,197,469,40
c6d2ce78-9f81-4fdf-b3a3-1b084c04d9f5,OFC3224,Pasighat,Marriage Certificate,11,135,348,125,223,35
7c98e87d-2117-4eb9-a016-1336a078177c,OFC4556,Naharlagun,Income Certificate,43,164,596,308,288,40
591356d9-86a3-450f-a47d-d99694be5295,OFC5497,Mangan,Income Certificate,14,158,844,338,506,40
788f9ea9-a6b7-431a-a921-44623a182e88,OFC4411,Junagadh,Birth Certificate,33,105,961,185,776,48
191abe5b-8b07-483e-b230-6a691a431f70,OFC6229,Baramulla,Caste Certificate,22,79,334,294,40,40
a49c52e4-4201-4301-95df-93766c200be7,OFC1726,Udhampur,Death Certificate,25,43,618,403,215,45
a1fd6666-27d3-44fe-998c-ae98c46c0575,OFC3443,Jamnagar,Marriage Certificate,26,36,526,472,54,45
65133b40-0f3c-4c2b-aaac-7362658ca3c7,OFC8901,Dibrugarh,Death Certificate,46,131,931,802,129,48
b64bae38-973e-4386-90e9-021b923f77c4,OFC9747,Baramulla,Caste Certificate,31,58,250,249,1,48
269db29b-741d-4b0e-8eb4-958cfcd2fde0,OFC2844,Ludhiana,Birth Certificate,44,42,312,284,28,45
8fe527f5-aabe-41c5-a8aa-8575347f846f,OFC1283,Udhampur,Caste Certificate,24,17,939,691,248,35
e2ef3a4f-2d30-492b-8707-cec85a1a70e0,OFC4174,Khammam,Birth Certificate,27,83,565,48,517,35
b4976db6-bd70-43e3-a22a-14c863791e9e,OFC7236,Giridih,Caste Certificate,29,122,222,216,6,45
8814ea1b-7a11-422a-b13a-b79f24fc7fe1,OFC4287,Kolhapur,Caste Certificate,17,164,216,52,164,40
522878bd-b246-4282-bc60-6da1856a1199,OFC9138,Serchhip,Domicile Certificate,6,149,816,522,294,40
9b39c28d-b984-4900-93d6-8b0806312f07,OFC2091,Warangal,Death Certificate,48,100,624,331,293,48
3c547ab6-9ad2-43ea-8b7a-ba97a6ab15d0,OFC6039,Bardhaman,Income Certificate,12,21,801,567,234,48
28ddf428-6c4b-46a9-8ed8-6d7013804379,OFC4588,Coimbatore,Domicile Certificate,9,65,54,37,17,40
334ec7b2-9379-4ab9-a4b0-17d6dfa3f8e8,OFC1116,Jamnagar,Birth Certificate,7,88,853,604,249,45
5f88023a-90d6-4459-b5f9-0fcac3a9dc2f,OFC4019,Imphal,Death Certificate,45,71,193,180,13,35
6e0fd3c4-fc09-4185-8e24-bd2a7100116c,OFC3173,Mokokchung,Marriage Certificate,10,156,181,104,77,40
c0d11c36-8ea5-46f4-b4de-cbff1e841e5a,OFC4867,Silchar,Marriage Certificate,49,180,911,411,500,45
ae636ed2-666d-40e1-99c6-3e3c37594779,OFC8553,Kavaratti,Death Certificate,26,100,917,783,134,45
5c424acd-a8d8-4a1e-865d-d5bf57056422,OFC6302,Shimla,Marriage Certificate,17,105,841,630,211,40
fc890aae-0ada-41a8-9b32-e13b7d1cc9e5,OFC5255,Baramulla,Marriage Certificate,6,23,901,817,84,35
953d5949-fc73-44af-a455-b9d5064f0a52,OFC9691,Udaipur,Birth Certificate,30,35,336,264,72,35
bb83be64-0cdd-4fed-b3af-24e13e57e1c4,OFC2276,Jamshedpur,Domicile Certificate,38,101,413,214,199,40
6b18255f-23bc-4703-a7b0-1a3863bdaded,OFC3848,Nizamabad,Death Certificate,26,50,204,120,84,45
2252588d-4265-4cf0-97f5-b7f73990c1c8,OFC2391,Begusarai,Income Certificate,6,91,851,573,278,40
53fd404a-3d09-487b-bf4c-e7aa2d04e291,OFC7484,Mohali,Domicile Certificate,26,56,234,158,76,45
15aa8dfc-aa12-4acc-816e-dcd051f1443d,OFC8128,Leh,Caste Certificate,45,74,913,776,137,35
be68be55-7f8e-4fa5-b36b-f6abf2a4be5f,OFC6999,West Delhi,Marriage Certificate,29,126,497,32,465,45
4588c51a-50ea-4b49-80f0-ba3ec0328696,OFC4613,Darjeeling,Birth Certificate,49,47,931,718,213,45
2bb683da-71fe-482d-be86-f86da0fe49d2,OFC1990,New Delhi,Marriage Certificate,38,111,178,145,33,48
e6d10952-7dec-4244-a6ec-3b773bffa724,OFC8125,Vellore,Death Certificate,29,32,917,628,289,40
4f9b0caf-0063-43e8-9252-aa8569798c65,OFC5667,Darbhanga,Caste Certificate,34,177,81,37,44,45
03258801-2062-424d-8ece-f6ccca03d320,OFC2584,Solan,Death Certificate,26,165,742,499,243,40
c59f20ca-31c9-4a61-b88d-9519d2a6010c,OFC9804,Shimoga,Marriage Certificate,24,15,70,42,28,40
668ed390-d667-4f67-94ee-dcba0ac1a43d,OFC6856,Kanpur,Marriage Certificate,18,157,81,56,25,45
8c667e57-cef3-4577-9515-4eb9ed1b0888,OFC1798,Dispur,Caste Certificate,36,106,414,241,173,48
1af5aba8-8fd7-40c6-9240-e6e64d24cc14,OFC8663,Mangalore,Domicile Certificate,16,148,165,138,27,35
423f0294-4556-40df-83d2-496b60a37e5b,OFC8329,Mapusa,Domicile Certificate,30,114,519,446,73,48
2d39e64f-75f5-4067-84db-237fd57f67d6,OFC1618,Havelock,Caste Certificate,45,99,497,248,249,48
e347e1dd-28ce-4a8e-805e-63bf4c672728,OFC5204,Mohali,Caste Certificate,29,81,827,344,483,40
a147de83-8b07-4ebf-b8c9-dcf8e48bc945,OFC9915,South Delhi,Marriage Certificate,38,169,232,83,149,45
e077853b-5776-4a8e-b0df-8cedd0088f78,OFC4055,Jorhat,Death Certificate,35,145,475,185,290,48
31307933-4c23-454d-8f99-4da473a8927b,OFC2796,Hazaribagh,Domicile Certificate,17,71,225,188,37,45
89c5ec10-ef65-4f68-9f5d-425b8c62911d,OFC9064,Shillong,Income Certificate,7,25,765,640,125,35
310896c3-7165-4ae3-b518-c491ffd0be82,OFC3554,Ghaziabad,Caste Certificate,8,82,773,331,442,45
c78ce2cf-ea0a-4180-92a8-a2253c3fb16f,OFC5981,Begusarai,Birth Certificate,15,165,358,295,63,35
cda0e8bd-63c8-483c-9500-2c427b5e3779,OFC5114,Howrah,Caste Certificate,36,121,945,493,452,45
d46d6182-e39a-4b07-9d47-e1402b91ad9e,OFC4289,Erode,Domicile Certificate,42,93,456,100,356,45
1eef9bdc-0a13-420c-94b4-c7a684e3930a,OFC4997,Arrah,Marriage Certificate,32,153,715,632,83,45
f4972f05-20a6-47d0-90a6-8b4e44115865,OFC7605,Kailashahar,Birth Certificate,32,93,405,170,235,35
ad832645-2627-4e35-b7d4-a689ba804245,OFC7156,Diglipur,Domicile Certificate,31,116,758,191,567,35
d132a747-510c-4b4f-a980-c117ea0017eb,OFC6377,Havelock,Domicile Certificate,32,26,523,494,29,40
d67c6a26-f638-46fe-9043-57be9216633b,OFC6591,Howrah,Marriage Certificate,35,132,728,449,279,40
528beee5-703e-47c0-ae66-b346fa39648a,OFC1424,Tura,Income Certificate,50,123,522,338,184,40
199c31c1-074f-446e-8442-26c0722a8fe7,OFC4297,Anand,Marriage Certificate,40,113,562,469,93,48
4cd34032-2c5d-48eb-994d-17df7a20217f,OFC6771,Delhi,Death Certificate,41,162,810,421,389,40
06d5493c-8609-4bb8-8b54-98dddf24ec1b,OFC9931,Guwahati,Birth Certificate,26,92,251,246,5,35
bfa33d24-e439-4309-97c2-5c9e9fb5868f,OFC6583,Khammam,Income Certificate,10,160,499,59,440,45
fcec9551-ebdd-4f37-98e4-47b36fa98e7d,OFC6406,Adilabad,Caste Certificate,17,163,288,80,208,35
8ae53c47-add0-410c-a6c2-f88f4428134c,OFC2988,Hazaribagh,Marriage Certificate,9,19,286,165,121,35
5dce6957-7c55-4b4b-a07a-f906531e5bc1,OFC8421,Agra,Domicile Certificate,38,28,951,770,181,45
7730dbde-9266-44cd-92ff-be039e9f2816,OFC8363,Nashik,Caste Certificate,48,162,170,142,28,35
3df5e752-906f-4e62-8d7e-309c8af9ed5a,OFC2845,North Delhi,Birth Certificate,30,97,970,105,865,40
dd3a84de-194c-4f7e-b357-810c3da468ed,OFC1058,Dhanbad,Caste Certificate,49,123,600,172,428,45
f4c3cab2-2ef1-4a32-a323-4d815f3f3891,OFC1001,Tiruchirapalli,Income Certificate,26,16,251,189,62,45
fff2b251-5ba6-4d83-bbcc-dc732211ca56,OFC4861,Hubli,Death Certificate,27,172,424,141,283,35
110f8333-1963-4ad8-9fc4-b3b71a30d80e,OFC8429,Mayabunder,Birth Certificate,33,161,595,578,17,35
267ce3fa-3786-4403-85fa-86ef085756c6,OFC6659,Gaya,Caste Certificate,21,16,712,504,208,35
528a804c-6661-47f9-a5e0-8663d0b7c249,OFC4248,Nainital,Income Certificate,25,99,53,41,12,45
afb072a0-b10b-4811-aea4-2e9e4d15433f,OFC9041,Bhagalpur,Domicile Certificate,23,177,240,193,47,45
d7f11fb3-03ae-439d-afa6-2d416ecfc9c8,OFC1258,Guwahati,Caste Certificate,35,27,409,265,144,35
39b83461-d89c-487f-ade7-1637f702526d,OFC8879,Aurangabad,Birth Certificate,38,148,540,397,143,35
8e4a299f-2902-470b-b830-5e73c361ae32,OFC7635,Kathua,Birth Certificate,44,89,254,167,87,45
f968c4d7-ef7a-4269-8a53-bd8d434ec5c8,OFC8322,Nagpur,Income Certificate,40,107,576,165,411,40
d385a613-1aa0-461c-b2e3-2a04d443b2b1,OFC7036,Rudrapur,Domicile Certificate,25,106,256,223,33,45
33d8e19d-b84a-40c4-bcbb-533ed86cf31c,OFC3141,Mohali,Death Certificate,46,107,250,136,114,35
c74107df-bbeb-427c-98b2-0d0235e0d79a,OFC9149,Kanpur,Domicile Certificate,48,53,742,114,628,45
36a07ad6-c76a-4ccb-8dd2-0396e4ed3c7a,OFC2140,North Delhi,Marriage Certificate,29,112,974,284,690,45
9583a04f-3ca1-4249-bdb5-3c4597964fd7,OFC6171,Rudrapur,Caste Certificate,40,50,859,478,381,45
9cc4c0ff-df39-4901-99e1-78a06de8c623,OFC4232,Deoghar,Death Certificate,23,159,630,40,590,45
79972f73-a827-4f54-9d1e-9c3b3718043b,OFC9726,Tura,Domicile Certificate,7,112,412,118,294,48
5a5e0dca-8cce-483b-b230-b45b1eed662b,OFC8418,Salem,Domicile Certificate,32,94,967,685,282,40
93131ba1-0de3-4b0f-ad55-aed2922893e9,OFC2951,Mahbubnagar,Domicile Certificate,14,113,706,549,157,40
3a5abcde-d61a-48bb-965c-899d54da5500,OFC9804,Mangalore,Marriage Certificate,36,83,570,407,163,40
3c51acaa-1f41-41e6-957e-6cc9a8b475e2,OFC6352,Kohima,Death Certificate,15,74,719,30,689,35
78de68e5-3869-4825-9dc6-d463f00db5d5,OFC5638,Jamshedpur,Marriage Certificate,21,132,996,745,251,45
41b796b4-0eec-42c8-a6cd-dc002c29ee37,OFC5699,Asansol,Marriage Certificate,9,170,734,225,509,45
b87bf543-9d2d-4560-b3af-f67cc1f268ed,OFC9767,Mumbai,Income Certificate,29,50,868,383,485,45
4410af14-f685-416c-bfc8-d11eac2245c8,OFC4629,Itanagar,Domicile Certificate,27,48,971,609,362,40
357d507e-d70e-478f-adf3-3c4cea24490a,OFC2503,Srinagar,Marriage Certificate,32,106,710,43,667,40
cd0c9276-d747-42d4-8815-37c9c2ebe850,OFC3023,Delhi,Caste Certificate,12,121,807,738,69,35
0e18c919-e7b7-433e-aad2-66a9aac2b849,OFC4754,Mumbai,Marriage Certificate,39,85,820,259,561,45
79117365-57da-4c3b-9d65-24fb73fc1ab7,OFC7978,Bathinda,Domicile Certificate,6,82,845,234,611,45
8b3dc12b-69a8-4e51-9aa1-f430f400b533,OFC1590,Karimnagar,Birth Certificate,12,94,227,147,80,48
1ea5f841-0498-4499-94d7-0a4a16767d7b,OFC6855,Giridih,Birth Certificate,12,179,923,704,219,48
ed504a6e-9736-441f-a857-b05597011f30,OFC5224,Tuensang,Caste Certificate,35,129,782,471,311,45
c8904de1-67fc-4d91-8226-cfa6233cd94e,OFC9853,Begusarai,Caste Certificate,41,57,280,82,198,45
5c0dba0d-57a9-46ff-abac-1444dcbb6941,OFC1583,Pathankot,Income Certificate,46,154,836,280,556,35
2a64f0b2-01f7-430c-a872-9c43f8c196a2,OFC9538,Tezpur,Caste Certificate,48,170,417,111,306,48
2f929f09-0e48-4c33-b4cc-c6c5112caca4,OFC2596,Anand,Caste Certificate,38,137,51,33,18,40
668cebb9-3c97-4d70-82e4-db95990a5cfc,OFC2192,Minicoy,Birth Certificate,48,128,333,148,185,35
e4d736a7-191c-479e-a001-5fa5a38ea93b,OFC3206,Guwahati,Marriage Certificate,50,134,896,554,342,45
751c45db-832f-4b6e-a889-53457bd850e2,OFC7898,Siliguri,Marriage Certificate,31,67,674,235,439,35
33ca50db-b0ff-4c9a-b115-ff0bea7eba1d,OFC1053,Havelock,Marriage Certificate,15,91,612,120,492,35
3bed61ec-5846-4ae8-ae6d-8581644b0963,OFC5642,Satna,Marriage Certificate,46,142,454,78,376,40
e3b091b6-07af-4f69-8649-14df8b1fb569,OFC1752,Minicoy,Death Certificate,48,167,69,35,34,40
f950fe76-4734-48c9-a160-3b4f3ccae989,OFC6835,Anantnag,Income Certificate,45,88,973,502,471,35
3c028be9-b059-4dc7-bd2d-eac8fe56076c,OFC8347,Manali,Caste Certificate,26,124,150,121,29,35
99db2c00-70b2-4349-bed6-1a3734632766,OFC8144,Jamshedpur,Caste Certificate,37,158,916,693,223,45
a84ed2fe-39a5-47f4-9d78-3bd841ffa31a,OFC4869,Jowai,Marriage Certificate,47,62,429,373,56,35
0b945d24-cc8d-4d49-8314-62ade5212282,OFC9940,Gangtok,Birth Certificate,25,90,466,47,419,48
a63b6ff2-7585-4561-9824-f8d24221d5db,OFC5804,Jowai,Income Certificate,44,32,242,118,124,48
77037c7f-3c79-48d5-95a7-47e4d66a0f3a,OFC5130,Gwalior,Death Certificate,7,155,924,152,772,45
acfe7dd7-9eff-4d9c-9d1a-5f2c1da4aa94,OFC5187,Nainital,Caste Certificate,24,46,704,615,89,48
380d6838-dfc8-4e0b-96fc-16489dbc6fad,OFC9156,Junagadh,Income Certificate,42,134,977,922,55,40
a61ea344-92f9-497a-959f-0b9b402452e4,OFC4370,Tirunelveli,Income Certificate,33,166,131,68,63,45
a8b9806a-c2af-43d5-9bd8-cfcc32619125,OFC2685,Amritsar,Income Certificate,9,163,327,291,36,48
8c05800f-0dcd-497b-b024-6f7400788ed2,OFC6127,Udaipur,Income Certificate,15,129,161,141,20,40
43090dc6-e0fd-40c9-8963-df6d0a0c0574,OFC2264,Belgaum,Domicile Certificate,39,109,368,366,2,45
644e5644-f089-4e2e-ac9b-b512a6f0841b,OFC8690,Geyzing,Marriage Certificate,43,62,691,130,561,35
96c00247-aa2a-4b24-befb-78d2f1082826,OFC9133,Geyzing,Caste Certificate,22,137,550,88,462,48
99dd1f0c-4066-4f7d-99b8-32891d1a1a82,OFC9913,Surat,Caste Certificate,24,127,759,555,204,45
853c9485-1686-4a5e-bece-68a84a61ceca,OFC1564,Asansol,Domicile Certificate,18,142,940,930,10,35
bae83381-2134-4e9c-be0a-7e261a84c2bf,OFC4957,Durgapur,Marriage Certificate,16,110,739,567,172,48
98ccfd50-3adc-447e-a71c-b84f44b58bed,OFC9785,Nongpoh,Income Certificate,46,87,965,202,763,48
9ead6b17-5857-461d-aaa1-e9906540c22b,OFC7267,Coimbatore,Marriage Certificate,32,60,908,605,303,45
0328da01-822e-451c-8f8b-b9ae793dcc06,OFC7442,Baramulla,Caste Certificate,46,159,514,445,69,48
91532c3b-1924-4720-a13b-8613135b22a0,OFC5897,Ajmer,Caste Certificate,37,97,339,215,124,48
3950e46e-4174-4786-947f-805021180d03,OFC7837,Patna,Marriage Certificate,23,106,601,522,79,40
49a2c84d-bc03-4ef3-b92d-be9c53d82313,OFC9668,Mayabunder,Death Certificate,41,28,310,247,63,45
47274d3e-9b68-4d71-80f9-10e2686e20e6,OFC1680,Katihar,Death Certificate,17,150,613,229,384,45
4d736c44-ef8e-44bc-94fb-567993f2b165,OFC6562,Arrah,Death Certificate,13,171,221,205,16,48
ac65eff3-8b87-4a5b-aa77-cd1fc99ffd7a,OFC5451,Bikaner,Marriage Certificate,31,100,837,79,758,35
6ff36f2e-e519-4523-abc7-009c30044fda,OFC7138,Bilaspur,Domicile Certificate,46,21,782,68,714,45
7aee0185-b1a3-49c5-add0-c3d8f36a78bd,OFC3079,Baramulla,Domicile Certificate,43,135,256,158,98,35
30a04869-aa35-439a-b5e3-a22c2866742b,OFC4973,Solapur,Income Certificate,28,102,215,167,48,35
cb09751a-2a5f-4086-b71a-cde5905c944c,OFC8611,Minicoy,Death Certificate,41,64,791,161,630,45
966cf875-c8dd-45b9-b633-ab8c13cbabba,OFC3301,Mumbai,Income Certificate,41,51,367,361,6,45
54523e63-98ca-4bfa-812f-ef4506a815d1,OFC6356,Coimbatore,Income Certificate,47,80,661,554,107,35
255b37fe-5cb2-4389-945b-ee3baefbcbed,OFC6700,Anantnag,Birth Certificate,46,49,402,276,126,40
453511a6-5b03-40c5-892b-9958f36cf23e,OFC2808,Tuensang,Income Certificate,26,32,356,174,182,48
70dc0204-b129-4c2c-a77a-b9d44755ec39,OFC2852,Kohima,Birth Certificate,36,145,143,139,4,35
8278bc73-235c-4441-bbdc-7f956b0425fb,OFC3992,Pathankot,Birth Certificate,12,54,721,677,44,35
4de29a3c-e5b9-448c-a904-24fdd06c3836,OFC6748,Amini,Birth Certificate,43,31,287,187,100,40
ed2b3dc9-2842-4252-a1a3-d12a1a803718,OFC7870,Warangal,Income Certificate,14,166,660,550,110,48
2818a1d3-a32d-458d-b5be-4905af43d16b,OFC8282,Darbhanga,Domicile Certificate,19,139,596,394,202,40
ae46cc3a-1187-4da4-820a-163bc0cb6c31,OFC3251,Mohali,Death Certificate,11,61,720,636,84,48
8841123f-cfff-4792-a973-98ab0dea0a03,OFC2015,Aurangabad,Death Certificate,25,77,498,40,458,40
e9868907-9b6c-4b57-9c85-33aaad79ed23,OFC8846,East Delhi,Caste Certificate,36,35,101,65,36,45
7610f237-2b1f-42e9-84b1-85ac547fae41,OFC4095,Tumkur,Marriage Certificate,25,108,86,35,51,48
998049aa-22a1-4cd4-bcd7-c28ad17b09b4,OFC8271,Siliguri,Income Certificate,31,167,504,274,230,48
0c3fe3c5-2bd7-4542-b65f-88f802c43709,OFC3228,Rudrapur,Birth Certificate,9,50,638,36,602,45
2fdb80d9-72b7-4851-8fc5-21d77094cd23,OFC8145,Karimnagar,Birth Certificate,35,73,267,127,140,48
f0878d18-d357-410e-8b8d-8de3514020a3,OFC9440,Mahbubnagar,Marriage Certificate,44,59,943,782,161,40
17ae4711-6b0e-4a39-86da-e82afb3e9ccd,OFC9346,Guwahati,Death Certificate,25,123,630,522,108,48
ed1a8f5b-63e3-47ff-83c5-a3bc9cc6d93b,OFC5249,Haridwar,Birth Certificate,35,127,304,236,68,40
8958a95d-1d13-44a8-af71-19c65531c225,OFC7843,Chandigarh,Caste Certificate,50,127,313,241,72,48
c5d98e5e-5457-4fec-9612-758af48bd0c3,OFC6526,Nizamabad,Domicile Certificate,31,91,759,668,91,48
be7754ca-1f57-42ad-bbe9-f5df4545f68c,OFC7627,Tiruchirapalli,Marriage Certificate,34,60,943,335,608,48
50303cc4-c019-4db6-8ac8-da3c31899607,OFC6026,Jorhat,Income Certificate,17,80,908,283,625,45
7ccba09a-b281-41bd-b459-81daf1fe84f9,OFC5299,Kathua,Domicile Certificate,44,65,992,282,710,35
100a89ca-ca45-4108-986b-2b9ae63b42ff,OFC3511,Dhanbad,Caste Certificate,45,135,316,304,12,35
dc8179a8-9825-4824-9dfb-831bc8d709b2,OFC9854,Katihar,Death Certificate,44,179,288,93,195,48
2196f250-0c0c-4156-b8ff-9d36ac9fdb02,OFC7512,Ujjain,Birth Certificate,27,106,123,106,17,48
04931516-846d-4422-b6c6-dbd0b5feeb35,OFC9828,Begusarai,Caste Certificate,24,73,169,62,107,35
855db8ab-bd8b-49b2-841c-9f0be07fdca5,OFC3024,Bhopal,Income Certificate,22,35,653,131,522,45
a848b3e1-bb0d-4be9-bb90-d8a777b61a78,OFC4611,Panaji,Death Certificate,48,158,850,590,260,40
472cdacd-fd5d-4c41-90f3-8734e3f15e41,OFC5601,Darbhanga,Marriage Certificate,15,125,972,313,659,45
4575e96a-f4fa-4ec2-8524-7f36e44248a2,OFC3906,Tirunelveli,Marriage Certificate,5,147,584,509,75,35
a5392cee-fee3-44ff-9e91-9612aaf35dbd,OFC2888,Purnia,Caste Certificate,42,103,473,346,127,48
fd9f016b-c948-4e10-93c1-87ee4c79b694,OFC1122,Ujjain,Marriage Certificate,7,112,611,504,107,40
51b988e6-b4ef-4e57-9e12-4d54264992aa,OFC8383,Gangtok,Caste Certificate,37,34,862,391,471,35
3b0b0f98-4ea2-44da-95ef-8a5c5f00eb00,OFC8795,Jorhat,Income Certificate,13,89,989,37,952,35
d13e454d-c8b6-4f8a-b3b4-f34366927626,OFC9032,Bikaner,Domicile Certificate,24,64,644,259,385,40
49750a4d-7426-43a3-9ae6-4734c1f439c6,OFC1345,Shimla,Income Certificate,8,69,681,294,387,45
c8fa6bb6-5336-4094-a928-e9ae97cd82fb,OFC9732,Begusarai,Domicile Certificate,12,30,608,188,420,40
0cb533a7-3e90-44a4-b0df-fe8886a73faf,OFC2112,Thane,Death Certificate,45,55,537,203,334,45
58e8dc8c-c1bd-4e16-a2da-3d654a75da8f,OFC2131,Shimoga,Death Certificate,15,127,840,348,492,40
5b5042ac-fb2c-43da-9383-c34519b1d521,OFC4814,Roorkee,Marriage Certificate,24,51,377,287,90,35
05cca884-ebe8-4470-825a-70880dc711c8,OFC3545,Hyderabad,Death Certificate,39,72,183,52,131,35
d1471bef-087f-4f1b-ae22-3f29c9b2caf1,OFC7307,Silchar,Caste Certificate,45,55,775,261,514,40
854d7127-cc69-42f1-8525-8e6e27ecac6d,OFC7757,Kashipur,Birth Certificate,39,164,218,47,171,48
e26e478a-165c-4acf-94de-bb2b3d21a534,OFC4598,Bangalore,Marriage Certificate,43,24,544,118,426,35
2dddb559-5e00-4514-80e2-35e829d9b9da,OFC7841,Baramulla,Birth Certificate,21,75,947,421,526,45
db02de22-02db-40da-af8d-fa6cd1fe911d,OFC7203,Kashipur,Domicile Certificate,48,127,371,156,215,45
cdbf55c5-8a42-4c14-b571-254208ff01ab,OFC1385,Ajmer,Domicile Certificate,47,138,285,202,83,40
4eb92518-d489-44ca-82ee-64f3a2a5d988,OFC2694,Geyzing,Marriage Certificate,9,67,742,527,215,45
c9ddb64e-8b25-45b3-a398-63638fed63c3,OFC1596,Serchhip,Income Certificate,7,35,124,67,57,45
5578f358-4342-47f9-be7c-4daf9aaea9e0,OFC6050,Belgaum,Death Certificate,32,139,677,439,238,35
460ab5e6-11fa-4132-bff1-1f602becb4c4,OFC8451,Kailashahar,Caste Certificate,13,80,654,361,293,48
028b664e-7720-4aa9-8465-c8043d926db4,OFC3573,Nashik,Death Certificate,19,121,972,394,578,48
8562a153-dcc9-4b56-958e-89967c48d50c,OFC4346,New Delhi,Domicile Certificate,21,135,744,392,352,48
df7a846b-48e5-41ee-8187-f0cc0da3354e,OFC1654,Rangareddy,Domicile Certificate,37,170,304,78,226,48
9fca0780-a942-459b-8b28-38f79b4b0948,OFC6333,Vellore,Marriage Certificate,15,155,420,65,355,35
def3d6a0-0935-4bb2-9f1d-c08b396ab3a3,OFC3920,Geyzing,Marriage Certificate,25,136,687,491,196,40
31b55cac-6556-44fe-a34a-d3c5ae7cfea0,OFC5338,Nizamabad,Death Certificate,18,129,591,105,486,40
c1a8c873-5ff6-48ef-9836-64125256f7c5,OFC7899,Thoubal,Death Certificate,41,164,117,94,23,45
b338913d-9c46-4a8d-84af-89b4c790b86d,OFC7780,Bishnupur,Birth Certificate,41,84,231,54,177,35
968b5a82-80dc-4c84-9188-3040007feb65,OFC1506,Deoghar,Domicile Certificate,27,47,450,393,57,40
17a1cded-2be8-4188-9f79-1aa1e1cb30e9,OFC8967,Darjeeling,Income Certificate,49,90,208,155,53,40
a9c03786-123d-45e1-b0db-51147739c219,OFC2987,Imphal,Birth Certificate,49,172,789,367,422,40
a8487407-5d0c-4473-b9bc-dcc06fa96ef9,OFC5708,Vasco da Gama,Income Certificate,20,154,336,301,35,40
03d903c1-f3b0-47ff-aa93-399f14b00754,OFC5387,Diglipur,Death Certificate,36,65,580,111,469,48
26f77683-375b-40f5-a96d-9c4473cae108,OFC1168,Dimapur,Domicile Certificate,49,178,254,254,0,48
5d2df31b-5636-4fc2-8136-2a2bc96a21a1,OFC5385,Naharlagun,Income Certificate,23,24,518,435,83,45
1011346c-e655-4f9e-be04-dadd48e99561,OFC9562,Rewa,Caste Certificate,41,39,458,284,174,35
37677389-6b16-44af-9325-e7b330caf538,OFC3001,Vellore,Death Certificate,10,71,399,205,194,35
ddc48b91-d87a-4e72-9400-42fe4d794909,OFC9418,Manali,Birth Certificate,7,167,441,117,324,35
c1fde87c-a411-45af-87c0-134808dc5780,OFC2706,Mangalore,Income Certificate,39,117,352,157,195,40
a19b1637-6950-4e98-abd7-1eea46aec294,OFC8596,Nagaon,Income Certificate,43,51,285,214,71,35
345714b9-3c96-4ab8-bfc5-e5feb3b8b6d1,OFC6248,Siliguri,Birth Certificate,19,77,625,190,435,40
61037d28-cd04-48c7-b179-5fa8b9a33100,OFC6607,Sikar,Domicile Certificate,5,118,882,845,37,35
b8b4499d-248f-4cf1-ae78-aa42c5a78292,OFC8414,Bareilly,Domicile Certificate,25,47,509,94,415,45
f759dd34-99c8-49e8-99d1-b89a1993bade,OFC5460,Adilabad,Death Certificate,39,50,613,431,182,35
7a5daf4c-bc76-437e-bb1f-85e6178288db,OFC5552,Diglipur,Income Certificate,48,59,898,436,462,40
9281b202-8b6f-488c-b299-920176b18f17,OFC1967,Gangtok,Domicile Certificate,22,51,531,72,459,35
bbc715ab-f95a-4a3a-803a-052a0f9da99a,OFC7418,Mandi,Domicile Certificate,10,144,264,190,74,45
87ee8741-6cfb-41ac-94ed-987de3f41886,OFC9020,Kohima,Income Certificate,23,78,191,145,46,48
c0462263-6e12-4296-89c5-a1966376e6e6,OFC9313,Udhampur,Marriage Certificate,17,115,960,512,448,45
91660bf9-ff04-4133-b54f-d4f8f2b38086,OFC3556,Medinipur,Death Certificate,12,166,175,165,10,40
523402bc-20b2-454d-8480-d49aae65a225,OFC2290,Asansol,Domicile Certificate,14,149,746,460,286,48
a0ef6e1b-3521-4c3a-93ec-42e3fbfb0077,OFC4417,Patiala,Marriage Certificate,36,59,255,205,50,35
4bb129cf-77e4-45a7-9d6c-7ead2c82675f,OFC7079,Gangtok,Birth Certificate,24,84,723,300,423,40
35cdbfe5-ede1-436a-b2b8-64d7d1efe6fe,OFC5582,Sikar,Income Certificate,47,158,470,52,418,45
c368ef1c-df58-4242-b215-aa1710d8be50,OFC3859,Shimla,Marriage Certificate,44,170,790,195,595,48
ff1ea7d8-0258-4ea7-896c-6ceec6855b48,OFC1508,Agra,Death Certificate,17,29,399,40,359,48
1fbfc9ff-bad8-4f22-b160-5f1213e2ab9a,OFC8936,Rajkot,Income Certificate,8,155,153,40,113,48
81fb6692-a33e-445d-854c-5accb2d81546,OFC2088,Aizawl,Death Certificate,34,70,765,653,112,48
556bf8cf-dc28-4fe6-9986-0c6f64f5838d,OFC1891,Varanasi,Income Certificate,19,170,541,62,479,40
2ec62bcd-56e5-49b8-afb4-9f713072491e,OFC8770,Port Blair,Marriage Certificate,45,85,828,372,456,48
e036eda6-6443-4574-8a08-b89d9a0a5fae,OFC7613,Itanagar,Income Certificate,31,66,292,244,48,40
c9556c4f-5f0e-42b5-9b04-d560b06d562a,OFC1210,Belgaum,Caste Certificate,9,46,149,66,83,45
64d7d9da-0789-414f-a038-8f789c13aa24,OFC2445,Shillong,Marriage Certificate,18,39,668,468,200,45
509489c3-0189-480a-bbcd-35b485e99f8a,OFC1169,Udhampur,Income Certificate,26,173,535,402,133,45
9dc068c8-9f74-43b1-b709-d1c2b5d72e60,OFC6717,Naharlagun,Marriage Certificate,7,43,816,807,9,40
a0af36e9-e7ca-425a-b98c-7f1887bce787,OFC8547,Arrah,Domicile Certificate,12,35,193,156,37,35
d1b0f646-5808-4b32-bc6a-5c3829fdb7d8,OFC6115,Amini,Caste Certificate,36,24,764,588,176,48
ba95919f-d559-4579-99e6-5947b10179c7,OFC7805,Davanagere,Domicile Certificate,30,177,753,151,602,35
1c71b32d-6481-418e-bd18-f94540a60087,OFC4088,North Delhi,Marriage Certificate,27,26,977,467,510,45
57eeee64-9e67-410d-a878-eb7c7de29809,OFC6549,Rudrapur,Caste Certificate,41,80,333,176,157,48
e1349ee1-cb10-4d84-ac39-f8ae5e0b2267,OFC7423,Tiruchirapalli,Domicile Certificate,30,85,85,34,51,48
706132e1-39b6-4fcc-b2cf-dd3a89678897,OFC5449,West Delhi,Income Certificate,38,151,598,525,73,40
081cd9cc-102e-4665-b6d4-2bbf48211f8d,OFC2398,Margao,Death Certificate,37,55,97,83,14,35
ed5f8ecc-117c-4ec9-a973-a394bfe716a0,OFC5783,Dibrugarh,Domicile Certificate,23,53,543,343,200,35
292632ad-4673-4717-b61b-32392f7462d8,OFC6806,Nainital,Death Certificate,16,143,351,247,104,40
629b266f-a7a2-4578-8581-f45f3caa56e5,OFC2018,Kavaratti,Birth Certificate,49,167,912,196,716,45
22e315cd-681e-4ead-8d45-9ab41ff3f7f0,OFC3622,Nanded,Income Certificate,36,162,932,537,395,48
d620c0d5-5140-43b7-b435-972085baa2ab,OFC8735,Margao,Marriage Certificate,9,21,183,116,67,45
31935437-5da0-47fa-935b-eaf3e4f4aa2f,OFC2938,Mayabunder,Marriage Certificate,10,31,326,223,103,40
de711370-2259-46dd-9e2c-90e0710eb8b5,OFC6737,Dehradun,Domicile Certificate,13,33,979,511,468,48
e2abd08c-08e4-45c9-ac70-6c4c1e1d05b6,OFC8301,Nongpoh,Domicile Certificate,33,90,441,335,106,40
1ca318e2-4e36-4605-89ec-07632bef5de8,OFC1495,Anantnag,Birth Certificate,27,71,481,328,153,48
01ae06d2-3a05-41b9-92ab-0b260aa25b16,OFC9729,Kashipur,Income Certificate,16,157,909,329,580,40
2f441f45-537b-4131-a799-3a4627f1d33b,OFC4359,East Delhi,Caste Certificate,45,17,983,500,483,40
ff5a92d5-379a-46ae-9a4b-3aa0bb9d70d9,OFC3602,Kullu,Domicile Certificate,39,41,411,155,256,35
f4dc19f5-ce1b-4857-9de8-b87ff3d46205,OFC3585,Jowai,Domicile Certificate,50,40,362,309,53,48
b59edfc0-d904-405e-9211-5f36c1a3b53f,OFC6434,Varanasi,Caste Certificate,34,62,419,311,108,35
9d9c1d6e-a261-4e65-be60-41075ac37981,OFC6533,Gaya,Domicile Certificate,43,100,424,332,92,40
0a4e5dfd-0712-4e3b-b675-add73ded5e1b,OFC8781,Nagpur,Death Certificate,31,103,835,33,802,35
2e6e859e-dd23-4dc3-855f-3fcc2ad4c2d1,OFC8189,Purnia,Death Certificate,23,91,284,80,204,45
c3539e6c-90c1-4641-b043-d7d248c1db86,OFC1809,Bishnupur,Domicile Certificate,20,137,534,175,359,48
85a52791-3dbc-4129-9955-4616d551b306,OFC4375,Jaipur,Marriage Certificate,13,49,606,592,14,35
96708ef4-dff0-44e0-87c7-442f8578ec06,OFC4574,Diglipur,Marriage Certificate,14,178,76,68,8,40
f3f4a1ad-8559-48da-98db-4db16078fc46,OFC3246,Jowai,Caste Certificate,50,50,549,436,113,48
3d8fafc3-a0e2-4606-bb79-c8a3df3613f3,OFC6755,Nongpoh,Caste Certificate,32,42,981,432,549,48
702965a9-a87e-45f8-88ba-73f135d860fc,OFC4359,Itanagar,Caste Certificate,23,143,805,246,559,45
c3082c00-1b95-4520-b67e-10984a4a54ab,OFC7204,Udhampur,Birth Certificate,16,80,491,357,134,48
4b4a1a1c-eae6-4c91-8683-4892f2e0bd56,OFC4155,Naharlagun,Caste Certificate,15,85,227,62,165,45
25108fef-944c-4db5-bfff-53cff4f92847,OFC9901,Bardhaman,Birth Certificate,6,20,786,781,5,35
3ab5cff4-ad46-4d56-96a5-ba755ee7f7f1,OFC6268,Purnia,Income Certificate,5,67,953,168,785,35
034db253-0bf0-4ba8-b790-442f154632e4,OFC2380,Bathinda,Domicile Certificate,22,150,345,71,274,40
3b4ab620-f2d8-4e87-9de9-5bc1a9e5838e,OFC1052,Shillong,Domicile Certificate,18,179,912,36,876,35
979a3a23-c469-4a0f-b403-86e5c4d80b6d,OFC7262,Katihar,Income Certificate,27,22,767,469,298,48
432e6751-08f2-477f-a054-11247bb29a79,OFC1049,Deoghar,Caste Certificate,39,116,399,263,136,35
26f328f8-8533-42f3-a1c2-097e7cbddd16,OFC3793,Bangalore,Income Certificate,30,75,657,354,303,40
a4c30fcf-4cdb-4149-b67e-1cda2c4f26f1,OFC4717,Mapusa,Income Certificate,5,142,983,453,530,35
5c7a675a-d8a8-49e7-b771-ccd1f8382ee3,OFC8377,Gorakhpur,Death Certificate,13,80,60,35,25,35
ef49ac06-b9ce-4ed9-9924-1a1d371f92e5,OFC4593,Pasighat,Domicile Certificate,24,122,384,303,81,48
df7adf29-bce4-4f23-908d-0b3e9e03f5a3,OFC6149,Pasighat,Birth Certificate,38,69,834,217,617,35
196abbca-f7aa-4a37-9a8b-c66294474736,OFC3727,West Delhi,Birth Certificate,18,85,210,111,99,40
21f579a1-2a87-485b-a8ff-be21a09271ad,OFC1360,Hazaribagh,Marriage Certificate,43,149,530,357,173,35
d4db4a8e-48f6-4563-9588-4b7c6c0188a6,OFC3290,Serchhip,Domicile Certificate,15,152,500,50,450,40
2c76e44d-6e45-47b3-a2f3-5c3a2e7f7c2e,OFC5965,Jamshedpur,Death Certificate,16,46,243,55,188,45
8385f665-3a3b-4361-bfd7-3a51ed2deb89,OFC1965,South Delhi,Domicile Certificate,28,171,191,56,135,45
8dfc4eb0-85cf-4060-ba6b-ec509ac028ff,OFC3565,Nanded,Birth Certificate,21,152,434,128,306,48
ecaadafd-8894-4b36-ad47-34771629c848,OFC2209,Tuensang,Marriage Certificate,34,65,316,290,26,45
b436a20b-4915-4e22-bea9-70c4361a9c38,OFC1907,Kailashahar,Caste Certificate,46,129,664,100,564,48
2a9101cc-77bc-42ef-a9eb-589fb26ece02,OFC9140,Ahmedabad,Death Certificate,18,144,924,224,700,45
96f85321-9e9b-441a-9f7f-079fcd207f29,OFC8126,Ranchi,Birth Certificate,39,76,726,457,269,35
900ed2e0-41b4-4ff0-8d96-bcb5294a6b10,OFC3452,Jamshedpur,Caste Certificate,25,159,85,69,16,45
edfe5dcc-ed61-47e5-8dfd-d2ecd21c7c25,OFC7426,Agatti,Domicile Certificate,31,79,266,224,42,45
bd468a23-0299-4f17-8558-82eadcee39d0,OFC6149,Mandi,Death Certificate,7,151,235,194,41,48
7ef4074a-19b9-41bf-a12e-e3b843cffe45,OFC7807,Jammu,Marriage Certificate,46,34,203,78,125,40
3e521e46-f651-4d87-9a5a-6cdd9033a9cd,OFC7259,Warangal,Marriage Certificate,34,88,298,33,265,48
6dd1640e-bd99-4baa-9354-8a50551f1c9b,OFC6456,Itanagar,Income Certificate,44,99,224,191,33,48
ff7639e1-4d9a-4fc8-b9e3-d649c683286e,OFC1430,Dibrugarh,Birth Certificate,47,84,470,374,96,48
8297cb23-2974-4dfb-97a7-fc8e45e21947,OFC4161,Satna,Caste Certificate,17,139,480,53,427,48
962a123f-89b0-482b-9782-24e47f56e5b6,OFC6463,Karimnagar,Income Certificate,46,93,836,508,328,48
5d1613f5-7b3e-404b-a5a4-3379b1c53ab4,OFC3389,Tirunelveli,Domicile Certificate,38,116,95,45,50,45
b3d82112-6c1e-4e9f-9a9f-43ddcc671691,OFC2842,Rewa,Income Certificate,24,157,724,387,337,45
7b24cf66-7d11-417c-a6ae-4dc8d8428b6c,OFC8357,Medinipur,Domicile Certificate,17,72,302,199,103,40
8800d8a0-15ef-4880-a0ce-5410324be8c1,OFC4470,Mokokchung,Marriage Certificate,12,109,711,290,421,40
1f9b0fcb-7666-41ef-95cb-447dc77a05b4,OFC1470,Rangareddy,Caste Certificate,22,165,461,352,109,48
aa78471e-c226-4f37-9c78-2012da9fdcf1,OFC6510,Nagpur,Death Certificate,37,103,220,117,103,40
9ccf9be3-3084-4e6e-9fc6-6d830ee5eb13,OFC8876,Roorkee,Income Certificate,46,139,301,277,24,40
66300e6e-80a6-4c50-a547-8fce7110132f,OFC9620,Jammu,Caste Certificate,16,138,394,165,229,35
2bb0e4c6-4f40-460f-baea-57686eb201c9,OFC9050,Pune,Marriage Certificate,20,101,919,797,122,48
bbe4569e-6f64-44f3-8bfb-fe89c19bcd60,OFC7644,Sikar,Income Certificate,17,15,783,168,615,45
6f9f42ae-61ba-4a41-ba99-59d4caa3b404,OFC2830,Udaipur (Tripura),Income Certificate,15,98,885,679,206,48
3b091b65-8328-4994-8f7a-b7a83839267e,OFC3145,Jalandhar,Death Certificate,40,73,352,262,90,48
4434ba10-3c9a-4410-ba7b-220590bdc379,OFC1622,Mayabunder,Caste Certificate,10,71,316,312,4,45
d9d23d35-e957-4fe7-b57c-04496d2c05f2,OFC4406,Jabalpur,Birth Certificate,6,17,603,433,170,35
8bf7feab-3cb9-458f-839e-50a5c109851b,OFC3484,Coimbatore,Marriage Certificate,31,93,323,243,80,48
8fcb62ec-ed6d-4a60-b1e0-0505bed96379,OFC1447,Aizawl,Domicile Certificate,48,144,385,378,7,35
b1c2e1bc-cca2-4e94-9dd4-ef7040059f11,OFC8134,Roorkee,Marriage Certificate,14,149,171,144,27,48
05d8257a-7e86-416a-95db-ff5df5a9223f,OFC4455,Mangalore,Domicile Certificate,49,133,495,479,16,48
0bc50fb4-f6ba-44f5-9fe6-a8d9188791cb,OFC3741,Coimbatore,Death Certificate,28,128,732,130,602,45
d18ee32c-42de-4b85-b2ac-281d853897a2,OFC8687,Allahabad,Domicile Certificate,19,154,480,72,408,40
b77dd8e1-8cca-4297-a825-7a938e9c065f,OFC6160,Ramgarh,Death Certificate,49,114,650,50,600,48
e220b20a-8780-4848-81e7-55c1f788aeae,OFC2930,Srinagar,Birth Certificate,47,22,840,633,207,35
67ecc3c6-8c87-4fd2-910d-964cf426874a,OFC7300,Hubli,Caste Certificate,43,145,326,261,65,48
13b3d8ca-cc73-46dc-b0f6-c9314a6d0c6a,OFC2590,Rajkot,Domicile Certificate,31,135,717,232,485,45
276e3758-aaef-4d4d-a1c0-f53d60232b59,OFC8619,New Delhi,Domicile Certificate,30,164,921,124,797,40
37bb4dfc-e67e-4ecd-8203-416ced10bd54,OFC1445,Nainital,Income Certificate,10,110,288,73,215,48
1e2fde50-0edb-4045-9bf5-7cd34d4d9734,OFC1397,Tumkur,Domicile Certificate,47,86,764,735,29,35
6e9a40ef-0bbc-4221-bb0c-183491a72abd,OFC4787,Adilabad,Marriage Certificate,34,170,173,153,20,48
9f27f75e-34bd-479a-a74c-522b5230ce36,OFC8242,Tuensang,Death Certificate,32,138,65,48,17,40
63d671f8-76d0-466e-acaf-fa4102b01a11,OFC5387,Agra,Death Certificate,28,122,441,175,266,48
dfca8622-5e12-4642-a813-7c565ed3757a,OFC5304,Aizawl,Domicile Certificate,21,157,199,180,19,35
a118dffd-aba6-4c8a-a5d1-6df7f1b34879,OFC9380,Haridwar,Birth Certificate,27,158,429,171,258,40
9b0a8629-5c0b-4db9-b1e7-10f1d700aca1,OFC2667,Warangal,Caste Certificate,21,77,584,90,494,48
6ef608d1-6d24-4d1e-888a-05ecba91dde1,OFC2038,Sikar,Caste Certificate,17,177,596,415,181,40
c53f747a-8f78-40a2-873c-ff40fb963428,OFC5884,Dehradun,Caste Certificate,6,107,590,353,237,48
37b1711b-706d-4ded-848f-434a69b0527e,OFC3143,Shillong,Birth Certificate,29,86,256,100,156,35
2bc111ce-e337-4250-adc0-eda41afd6e2a,OFC2243,Mumbai,Birth Certificate,44,59,782,380,402,48
9e959c52-b8d4-486a-9909-07c6ee5ee97f,OFC8248,Bathinda,Birth Certificate,25,34,221,31,190,45
4ff2621c-9b9a-4d67-9a38-ecab1e408054,OFC2962,Nagpur,Caste Certificate,42,178,849,773,76,48
7a5eb5ba-9600-49d4-af6b-dc5e5baef505,OFC8957,Diglipur,Income Certificate,50,134,305,246,59,45
30d35950-bb3e-41c6-8650-651d360bedc2,OFC1798,Jammu,Birth Certificate,34,67,849,475,374,40
7d740d96-de7a-447b-9077-9bde7c2fbcbc,OFC7450,Bhopal,Income Certificate,15,124,294,256,38,45
f45cc9cf-8b5e-4c2d-aa98-ee4b9c6acdae,OFC2230,Tuensang,Income Certificate,25,172,325,145,180,40
11124311-4427-441b-902c-c946c4388486,OFC2913,Silchar,Income Certificate,35,66,717,564,153,40
4e46e0c2-5f36-4f30-9d67-9672a87e9d22,OFC8428,West Delhi,Marriage Certificate,48,30,699,78,621,48
021d328c-5882-46f1-8af2-007e88b56660,OFC2635,Manali,Income Certificate,13,20,708,259,449,48
cdf850eb-58bd-4cfc-81fd-5a8695725844,OFC1377,Churachandpur,Death Certificate,15,50,104,94,10,48
17af257f-d130-41a3-9911-48561accc5eb,OFC5538,Jorhat,Caste Certificate,7,84,981,712,269,48
cfb4058b-47eb-433e-955d-3d5be4097e8d,OFC1727,Mohali,Death Certificate,49,78,998,934,64,48
d08a70c2-5f05-412a-96c7-14c0e4f0cf68,OFC3282,Chennai,Caste Certificate,32,173,665,469,196,35
5c897a97-dbe9-4282-9a7d-b350015a22e2,OFC4116,Mysore,Caste Certificate,39,178,188,71,117,48
6fabc80e-8598-4d9d-8091-45edfaf33b4a,OFC9770,Amini,Domicile Certificate,39,36,814,598,216,48
1d017239-40a9-45ea-a23a-982c525a3d0f,OFC3126,Tawang,Marriage Certificate,5,136,458,125,333,40
950b04ba-a594-4cf0-8d9f-07854a9af686,OFC9924,Davanagere,Birth Certificate,36,73,374,44,330,48
f99e3301-3ef0-4357-84f8-30def5ea24a9,OFC2747,Vadodara,Birth Certificate,40,174,162,32,130,35
213e285e-a015-4066-b3e0-1860584db5c5,OFC7279,Davanagere,Caste Certificate,45,52,620,78,542,35
1f1fa23a-a13c-41d5-9552-e5e3d5fe3ac9,OFC9181,Tirunelveli,Domicile Certificate,39,149,205,68,137,35
39900fa7-9934-4aea-bcce-a51eee392f1a,OFC5537,Dibrugarh,Birth Certificate,21,108,225,176,49,45
2097c208-2d6a-4e93-a138-798760a36dd7,OFC3542,Asansol,Domicile Certificate,9,51,987,565,422,35
aa399036-e347-4a40-824d-114fb3f1ecb6,OFC3903,Minicoy,Domicile Certificate,48,166,176,139,37,45
b2a86434-0775-47ca-8660-f2042d0a6a88,OFC9670,Agatti,Domicile Certificate,44,177,789,424,365,35
3be18666-d917-4cbf-8a99-b65d18726050,OFC8627,Adilabad,Birth Certificate,19,150,170,53,117,48
251d4236-9e1f-45d3-befd-bdf8e5c850e7,OFC1484,Serchhip,Birth Certificate,12,113,474,257,217,45
12b2675f-1728-409d-8d72-504957b7ecce,OFC5835,Kanpur,Marriage Certificate,13,68,703,40,663,45
fe4a8b05-248e-4125-8e5f-f76af5db4a8f,OFC2790,Varanasi,Caste Certificate,39,21,965,669,296,35
59418153-b86a-46e4-874c-dd1d8bdb206f,OFC3037,Kohima,Death Certificate,14,175,1000,368,632,35
415debe7-eda5-4623-ae3e-3bb2f11d0ee3,OFC8226,Amini,Caste Certificate,37,82,205,144,61,45
3a79301b-d1cf-4f2e-a88e-6832967e1486,OFC7815,Rangareddy,Caste Certificate,20,173,793,297,496,40
b2f93ddf-26d9-4a39-922e-c5519707fa9c,OFC6130,Bishnupur,Birth Certificate,14,133,604,485,119,35
0ce21eab-b059-422b-a6d4-4e0b1be6bb31,OFC1568,Erode,Domicile Certificate,36,85,512,420,92,45
321eb06c-c639-436d-a977-38e776f66e62,OFC6398,Ahmedabad,Birth Certificate,23,81,94,85,9,45
bb46c4fe-1ecd-462e-8618-4a4e14f8dd3a,OFC9693,Tuensang,Death Certificate,36,17,165,49,116,35
9d97cb59-43a8-4df6-a193-2cf1a1c45a4b,OFC6464,Surat,Caste Certificate,45,132,319,119,200,48
e78b5ddf-d8cd-4c77-90ac-84b3244c860a,OFC2520,Khammam,Birth Certificate,47,37,187,51,136,40
563cd920-5f42-45dc-a51e-8b857c478e29,OFC9756,Kashipur,Death Certificate,24,18,698,436,262,35
f3ed93dd-4a0a-4ee0-a5d2-29ee00c7474d,OFC3656,Surat,Birth Certificate,50,79,691,318,373,35
06d10b0a-0be7-498d-8dc9-f25d1277a657,OFC1476,Chandigarh,Caste Certificate,16,124,955,306,649,45
f197e8f8-fe27-4796-8d9e-3f881cb730d3,OFC4367,Central Delhi,Caste Certificate,11,129,577,50,527,45
b1ec6675-9e12-46c5-973c-410b5df69a96,OFC2677,Vadodara,Birth Certificate,5,98,917,64,853,40
ceec4f89-5c62-47e6-98bb-5b4171012f8b,OFC2660,Tawang,Marriage Certificate,22,65,83,34,49,40
e9966f38-5a58-4a4c-bd7b-396d5c5117b7,OFC7596,Dharmanagar,Domicile Certificate,22,139,65,55,10,48
b212fb3e-7855-4b5e-bb56-bb3ac9a76930,OFC2662,Sikar,Birth Certificate,44,168,973,306,667,35
658b7180-b031-4c27-b418-63ead89ca58e,OFC1863,Davanagere,Domicile Certificate,36,17,381,234,147,35
0f45855f-b43a-4562-ad7d-81b30b670618,OFC2475,Bilaspur,Caste Certificate,33,26,596,553,43,48
802e1cf1-012d-402a-838f-df99b0ef8765,OFC5857,Gandhinagar,Death Certificate,20,100,830,364,466,45
6bd85ac7-093b-4ee0-9379-4e01ba5d4743,OFC2280,Muzaffarpur,Caste Certificate,9,66,284,97,187,48
284b5df1-5411-4799-8d7d-552715229dfc,OFC3025,Kolhapur,Marriage Certificate,13,135,604,394,210,40
9f43e86a-7bcb-4200-90a8-d765bbdbd99b,OFC6640,Rudrapur,Domicile Certificate,27,119,324,131,193,35
5ab21ebe-1462-47ea-b0f4-d7415529b0dc,OFC6815,Nagpur,Income Certificate,12,158,923,483,440,45
bcacde56-4e71-40fb-a8de-91885a2f728a,OFC7034,Ratlam,Birth Certificate,14,19,211,42,169,35
9db2c9fb-a316-4ca8-9049-0ab407b09459,OFC7289,Agra,Birth Certificate,49,50,801,88,713,35
78012955-ca33-4226-938e-c1461e99af53,OFC3819,Bangalore,Income Certificate,17,89,979,383,596,48
64fdb124-71eb-47d5-b47a-58db79e39a0e,OFC5123,Lucknow,Death Certificate,10,109,419,253,166,48
661eeca4-26c9-48fa-9213-ff3a5f87f5bc,OFC9610,Kolkata,Death Certificate,33,51,297,78,219,35
8ef3306b-839b-40a8-9489-46aaeaad9aad,OFC5731,Asansol,Caste Certificate,38,174,612,435,177,40
a38ed02d-157e-4d57-8aae-48c26e7c359d,OFC3222,Varanasi,Income Certificate,20,151,888,48,840,35
781e62da-b01b-4989-a669-1d1fe0d35baf,OFC6597,Nanded,Income Certificate,43,30,631,436,195,45
334bd225-159c-4ef4-a20a-56b56f5f5d0d,OFC2735,Kavaratti,Marriage Certificate,20,134,863,288,575,45
008ff1db-c74e-4349-99d6-527fc65f50c8,OFC9551,Erode,Marriage Certificate,15,37,887,758,129,45
2c32d06c-59af-4a21-b985-16d766143af3,OFC1873,Minicoy,Death Certificate,40,99,151,77,74,48
27702b5d-30d4-4f0a-a735-f61f6aa4f90c,OFC8668,Tumkur,Caste Certificate,46,62,661,93,568,45
2649370f-70f6-4c76-ae20-9e3602920454,OFC3940,West Delhi,Marriage Certificate,8,152,721,485,236,35
2df62036-a8aa-49cd-82d0-bc9e080db522,OFC1171,Namchi,Domicile Certificate,41,104,66,33,33,40
b9968b6b-9269-46a8-a6df-65880c669bdb,OFC9921,Alwar,Income Certificate,10,118,76,72,4,48
ad67872b-f3c1-44c2-a28e-855136042a0d,OFC4808,Nizamabad,Income Certificate,35,119,282,261,21,40
79644166-131d-4815-aafa-a2a44f09cb16,OFC9125,Haridwar,Marriage Certificate,38,143,445,327,118,40
7ab90e29-b6da-428c-a83d-c9aac596e762,OFC5199,Namchi,Death Certificate,23,100,293,148,145,48
37ca4a1e-e586-4b17-9a0b-4381f82c5957,OFC9478,Dehradun,Domicile Certificate,40,80,972,930,42,48
3d5fabe2-ed77-45e4-8fc2-4c1a556e147d,OFC4047,Khammam,Caste Certificate,28,15,68,37,31,35
75407feb-a3b1-4ea0-9306-80996f848c7c,OFC7292,Dharmanagar,Marriage Certificate,47,23,863,614,249,40
51616b9f-3ead-41a5-8275-f04b66217b0f,OFC2660,Rudrapur,Income Certificate,7,161,555,124,431,40
ecd4a63b-2e13-4d67-b624-5ebd78d600dc,OFC9815,Ujjain,Domicile Certificate,50,89,171,69,102,35
802533c5-b88e-4d51-88a6-aed61d05972e,OFC1076,Solapur,Death Certificate,24,25,126,74,52,40
cec1c48f-21de-47d5-8297-f7042539e04e,OFC2829,Adilabad,Death Certificate,15,75,137,59,78,35
100a640e-1dbf-4832-bc1e-d639a18b1983,OFC6216,Ajmer,Death Certificate,44,122,744,595,149,40
344fd23f-d9c9-47b8-a4f4-670a0cdcb9e7,OFC6988,Jodhpur,Income Certificate,24,92,681,519,162,40
aacc7e4b-428b-4983-afd8-c41e40d24680,OFC1891,Patiala,Birth Certificate,49,108,177,148,29,48
b7f9b94c-4c6f-4ed7-97bd-66e65678a34e,OFC3397,Solan,Income Certificate,28,137,860,315,545,35
5a4802cd-39ed-4c66-9a4f-818a4b643f1f,OFC6872,Mangalore,Income Certificate,34,43,781,351,430,35
9c49be7e-cc64-4952-a2ff-886a77cb7c85,OFC1073,West Delhi,Marriage Certificate,18,38,720,545,175,45
0ce6fed5-0737-4cca-b8cf-c827d72e07e3,OFC8233,Silchar,Caste Certificate,25,177,90,51,39,40
e95d4975-f4fe-4294-8263-8569f10e99d8,OFC3397,Alwar,Birth Certificate,17,17,406,406,0,48
9aed4f34-b8dd-4c85-96c5-fc70f7690c26,OFC1525,Gorakhpur,Marriage Certificate,27,54,278,251,27,35
73a19d82-2e63-4321-83ca-c94e62898440,OFC4684,Dharmanagar,Domicile Certificate,45,92,534,479,55,35
a3caacbe-659b-49a8-ba93-1a9ba1201c70,OFC2715,Amritsar,Income Certificate,38,75,522,65,457,45
269b8855-9178-4841-b7b0-992b8807940f,OFC3592,Amini,Caste Certificate,36,132,570,350,220,40
df24693b-7a9e-4b40-b724-da0ad38ff8e6,OFC3342,Bikaner,Death Certificate,6,141,143,102,41,45
05cfdbfd-b38c-4797-bcba-48811f6eb72f,OFC4356,Dharmanagar,Income Certificate,25,96,509,495,14,35
021d1652-eb06-435f-8158-b37f0d6a7f37,OFC2315,Rangareddy,Caste Certificate,31,112,998,818,180,45
9ba7bf9a-d636-41c2-8cf1-1d599eae3180,OFC1514,Hazaribagh,Domicile Certificate,26,128,514,495,19,40
f2bbddea-5f0b-412b-8a3b-e3f96155a866,OFC8678,Imphal,Birth Certificate,20,113,343,250,93,48
8eab68b3-92b8-4738-833a-ff9adafdc547,OFC6946,Jorhat,Birth Certificate,17,137,247,164,83,35
068d100f-e69a-4a61-b9c4-ec17e4f9e464,OFC6737,Srinagar,Death Certificate,5,107,327,119,208,40
16bed974-7c4f-4b58-ab84-6f3e235e5f50,OFC6946,Hubli,Caste Certificate,36,34,80,63,17,35
09cc8710-88a5-4689-98ba-889c253131e9,OFC3977,Shimla,Caste Certificate,10,112,738,706,32,35
b8d3091b-8230-4cd7-ab13-f9c3fe93254e,OFC6027,Madurai,Income Certificate,36,59,989,149,840,40
3f1a983a-0b80-4245-bcf3-cdb157ef6507,OFC6778,New Delhi,Birth Certificate,38,55,542,370,172,40
72e7a921-2bc0-4e3e-8c29-d61bd2c89ed1,OFC4449,Patiala,Marriage Certificate,7,114,536,124,412,40
50c409f1-17f5-49f2-9d69-9fec4057c48f,OFC6972,Nashik,Caste Certificate,27,166,371,220,151,45
9e87ac7a-b219-4d06-8d58-19526b41d65a,OFC7601,Tura,Marriage Certificate,35,116,373,201,172,48
d71dbe56-5560-47b7-a789-aa7d90224c76,OFC4354,Kailashahar,Death Certificate,42,138,699,290,409,48
b0c3d5e2-f680-4309-9cd0-1b12655899d2,OFC3618,Kavaratti,Caste Certificate,44,98,194,155,39,35
1cf82c61-8d7d-4e9c-ab86-0d49ac96ffcd,OFC8040,Hubli,Caste Certificate,14,168,852,60,792,35
1aed4605-03ba-4d20-9b2b-ffbdebe36b45,OFC9468,Panaji,Death Certificate,36,104,201,157,44,40
2450a497-1590-4974-88a5-a20bd83295b3,OFC3436,Central Delhi,Domicile Certificate,48,80,991,370,621,48
ec1368b3-b278-462f-a1b1-c27a382308e7,OFC2344,Gandhinagar,Domicile Certificate,31,38,310,146,164,35
552f63c1-573a-4574-ae59-b1ce2707baf5,OFC1991,Erode,Income Certificate,20,87,366,124,242,40
3ea26092-8eef-4d72-a0ad-1c374f8f74a7,OFC8512,Asansol,Income Certificate,47,77,288,284,4,35
9f54dcb9-f75b-479c-8e99-740e54abd50e,OFC6644,Pasighat,Death Certificate,37,149,284,254,30,45
bfaa1a7d-f079-4c33-b60b-a13ddadb9c21,OFC7001,Davanagere,Birth Certificate,46,90,474,192,282,48
4594bffa-b76e-4819-9b52-896304a9d697,OFC3874,Nanded,Birth Certificate,35,93,914,725,189,35
d5d11446-6ab1-496b-bdbc-ba1f85e8149f,OFC6403,Thane,Death Certificate,50,138,698,610,88,45
3dbff7bf-4fad-4a77-bddb-91308cc91e2b,OFC6311,Champhai,Income Certificate,12,135,275,267,8,35
4a6b2160-91fe-4ba3-8cb3-6a0309755c8d,OFC8052,Karimnagar,Income Certificate,17,15,61,33,28,35
3019a6ca-d83f-4130-b3aa-4f8e62d9b64d,OFC5205,East Delhi,Death Certificate,39,132,799,153,646,48
fbf19d70-6ee4-42a1-af91-dbde66063c8b,OFC7202,Gaya,Birth Certificate,10,50,663,191,472,40
aaa325b8-ae95-433f-88d8-ed6c5dbfbff5,OFC9673,Lunglei,Birth Certificate,30,47,789,236,553,40
2faad299-f293-4701-935d-4043958ba92e,OFC7778,Margao,Birth Certificate,12,140,657,487,170,45
18a64272-310c-4383-8001-4614a19ed185,OFC3713,Ratlam,Income Certificate,34,35,567,515,52,48
754db656-15c2-4395-8a4d-48bc4521f4b0,OFC1864,Anand,Death Certificate,42,151,291,188,103,45
e0d53c1a-ba5a-43f5-9ff1-9efa6ce7ca3a,OFC7983,Namchi,Birth Certificate,22,142,275,144,131,40
289d8ca8-b2a1-4ea6-8034-53aaeb966407,OFC4460,Bokaro,Domicile Certificate,38,20,834,567,267,48
10720c77-f043-4d71-a38e-508fd3f22588,OFC6295,Sikar,Caste Certificate,43,66,84,46,38,35
0f922554-4105-4a78-bec5-c62355f56199,OFC2235,Tumkur,Death Certificate,45,178,588,88,500,48
cd72a1ad-658e-4d08-b90f-f7598d32d3dc,OFC3426,Indore,Domicile Certificate,11,95,514,407,107,45
0c0f68ed-c785-4306-94dd-06cc48ff093c,OFC9757,Baramulla,Birth Certificate,18,57,433,80,353,45
41c080ad-74cc-41db-8c0f-9d2731df3ef0,OFC8562,Namchi,Death Certificate,8,138,234,109,125,40
4c367ea8-9744-4294-aa97-008a01a5aedc,OFC9213,Bhilwara,Domicile Certificate,28,34,785,561,224,40
a971ba0e-5341-40a8-8fbf-be65a5f649de,OFC3192,Aizawl,Domicile Certificate,30,100,804,532,272,48
e0441414-4883-45e0-924f-913128cacc4a,OFC6262,Agartala,Caste Certificate,10,31,431,184,247,45
4717eab4-08b9-4498-85bd-50ed57d2ba88,OFC7559,Vasco da Gama,Marriage Certificate,22,71,237,157,80,35
ab22d35d-3794-4c30-8aeb-9d5b2b56e8e2,OFC6346,Tuensang,Domicile Certificate,20,128,840,488,352,35
abbba360-5662-460a-b83b-145c1279ade0,OFC7047,Delhi,Domicile Certificate,44,151,145,145,0,35
11febf3a-eb4a-45b9-9efa-85f7719ee382,OFC5495,Jalandhar,Marriage Certificate,36,140,527,192,335,35
b00d5303-7656-4c73-8c59-b2be93695744,OFC6253,Dispur,Death Certificate,48,131,245,142,103,48
8403e8cd-9457-4605-8b9e-c1e2a6f2e161,OFC7320,Karimnagar,Death Certificate,31,71,615,68,547,48
35448f1e-7ad1-4a39-aade-bbf49c0260cc,OFC1156,Dispur,Income Certificate,30,113,461,318,143,40
22aff6de-bf5e-499a-86c0-825f5ef053f4,OFC5044,Jamshedpur,Birth Certificate,48,176,350,222,128,40
c6504aa5-30cb-43be-9006-6bbde58af43d,OFC5208,Nanded,Domicile Certificate,20,163,951,219,732,48
3adf0985-11fc-4a7f-ad1b-eac77fa3aacf,OFC8943,Ajmer,Income Certificate,31,29,357,74,283,40
52457e41-40e6-48b5-b120-ca79f9fa1e7f,OFC1729,Chennai,Marriage Certificate,8,130,470,194,276,35
831d1008-0a2c-489b-b76e-65c653d95fbb,OFC2674,Amritsar,Income Certificate,12,77,803,563,240,48
e05ef317-73b1-429c-bdd3-c9ed8a9d2f07,OFC1168,Mayabunder,Income Certificate,13,157,684,661,23,48
739be84d-ef36-4e04-b208-eac7dfd81ec1,OFC3128,Bhopal,Birth Certificate,10,161,851,314,537,48
b573e127-e4c3-476d-a2b8-3f329547317b,OFC4551,Katihar,Caste Certificate,23,103,371,251,120,48
e89ad914-e6d6-4639-93e6-366d72c14030,OFC7456,Junagadh,Income Certificate,29,101,139,48,91,48
cc3c2ab6-b4bf-4e0f-a5d5-2e6ed886efcb,OFC1863,Shillong,Marriage Certificate,50,163,824,613,211,48
c6fc63c1-10ed-413b-b00f-cbbfede67cad,OFC2984,Amritsar,Caste Certificate,6,118,93,90,3,40
9cf54092-a117-4b4f-828a-5070f977e8ce,OFC5591,Khammam,Caste Certificate,35,36,670,640,30,40
b67fe8a0-f71a-4093-a631-cef39a190c47,OFC6588,Hazaribagh,Birth Certificate,27,66,319,131,188,45
59094ba8-fd2f-4c28-90b4-ec9ca07afe37,OFC6833,Port Blair,Death Certificate,46,103,889,435,454,35
fd4d835a-e850-4991-9124-b9301998a790,OFC7773,Kota,Death Certificate,34,93,95,64,31,48
61e28357-acad-4f1b-8285-9a4e4f7f9a09,OFC8667,Dispur,Marriage Certificate,49,82,687,593,94,48
ba4d46ea-a694-4c44-bdf4-3861dbf829c2,OFC3661,Tawang,Income Certificate,27,92,105,34,71,48
ecb8bfc0-0f6f-4e4e-9c31-e2339a0b6c0f,OFC9995,Jowai,Marriage Certificate,24,104,73,59,14,45
3ed6cefb-43c9-4888-a271-91da74b265cd,OFC9086,Mandi,Domicile Certificate,27,94,401,388,13,45
ad927f64-01dc-48ab-9e26-f933d92c2505,OFC8030,Tirunelveli,Caste Certificate,37,120,199,67,132,48
3418c564-0844-4fec-a696-fff65a9115e3,OFC4075,Warangal,Caste Certificate,15,83,800,275,525,35
8ce07fa9-3326-4f9e-8c66-f24529740cd1,OFC7635,Bangalore,Income Certificate,7,85,177,87,90,35
0662b325-eece-44c8-9613-934385051a4b,OFC3417,Jamshedpur,Caste Certificate,8,127,809,364,445,48
7ed075df-c327-4e77-8f24-a12f634de773,OFC3170,Nanded,Caste Certificate,20,163,247,78,169,48
02fb0e82-eb67-4517-8d19-115f5cb4073c,OFC7995,Delhi,Birth Certificate,40,133,451,314,137,48
200462a5-a5e7-4f06-9892-694df126f1ae,OFC3408,Namchi,Birth Certificate,20,25,447,418,29,48
b32b0be3-7ce5-48df-bd31-5372e65c4b58,OFC8283,Tirunelveli,Domicile Certificate,47,126,826,541,285,45
196b3048-e3d5-4b6d-95ea-96e6b469c783,OFC7648,Junagadh,Domicile Certificate,12,164,585,65,520,48
5785eb31-caf8-46ed-8ec2-360ae773730e,OFC7005,Champhai,Birth Certificate,29,100,167,73,94,48
1c476ea7-ee2c-4e68-bd98-c64f5207a78c,OFC9445,Imphal,Caste Certificate,28,134,646,50,596,48
c6540ba7-e608-42d9-8150-5ee2ab52477f,OFC8538,Vasco da Gama,Income Certificate,20,88,269,149,120,40
7b1f6f73-4148-4d0c-83a2-8b9892522131,OFC8641,Pune,Domicile Certificate,18,49,203,83,120,48
0684aa02-2599-4618-9a7f-8867cb474c66,OFC3643,Amritsar,Birth Certificate,35,58,249,227,22,35
c2299cb0-b8f6-4e18-87de-a49d8ec8d24c,OFC1724,Belgaum,Domicile Certificate,36,27,630,228,402,48
da76e781-a0b8-4767-95e5-919363f90bc6,OFC2577,Erode,Caste Certificate,38,20,225,102,123,45
7cdb56b4-d131-4df6-9055-3307bf1911b2,OFC2722,Leh,Domicile Certificate,13,173,893,530,363,48
b361bc20-7c55-48f9-8d51-4c4e91e72a71,OFC8588,Mangalore,Domicile Certificate,25,136,228,112,116,48
d0e599cd-8f1e-4eab-8500-fa3d137f2921,OFC2065,Lucknow,Caste Certificate,15,147,222,55,167,35
bdae58af-20d6-48ea-ba45-35c7b9801b57,OFC4263,Ludhiana,Caste Certificate,23,20,192,184,8,40
7148fb48-5c93-4461-ab07-b7314ddaa213,OFC1377,Durgapur,Birth Certificate,28,127,577,73,504,48
3bd3f5b0-4a43-443c-9052-431a1c4160c3,OFC9685,Hubli,Death Certificate,14,71,354,223,131,45
711d15a9-949c-49e6-a2a9-643395ae0894,OFC8807,Mumbai,Income Certificate,8,141,644,619,25,35
fd12384a-923b-422d-bdef-dca61650bba0,OFC1312,Anantnag,Death Certificate,20,34,147,111,36,48
bd706fda-06db-43ec-b38d-6e49f7020daf,OFC2771,Udaipur (Tripura),Caste Certificate,7,107,491,97,394,45
d0971bef-fed4-4a2d-a0e9-3e6e476cd271,OFC4416,Jorhat,Death Certificate,31,119,147,72,75,40
0517638a-aba0-4c33-9429-cbe88f9aa368,OFC3904,Champhai,Caste Certificate,34,132,919,602,317,48
022a5dfd-8ea4-48d5-9a66-d6b0a6b1600d,OFC7018,Gulbarga,Income Certificate,30,32,232,194,38,35
1a58dc1f-b4e6-4375-b6bb-ef9a1e4f85c6,OFC3863,Ratlam,Domicile Certificate,14,95,586,286,300,48
5b8f99d5-f719-49e1-afe8-8b67d65c1a05,OFC4035,Roorkee,Income Certificate,13,43,758,109,649,35
63a5fa4d-2a34-44b7-b05b-68b6befd5d7e,OFC6839,Itanagar,Caste Certificate,38,148,434,101,333,45
7d2ba1c4-74f2-4635-bdd0-109b94a24f18,OFC2168,Durgapur,Birth Certificate,42,100,524,207,317,35
03cf3271-e375-4cde-a660-0730866d5e02,OFC3325,Gorakhpur,Caste Certificate,36,76,782,528,254,40
25e43900-e334-4656-8bc1-f80b20c73999,OFC5108,Mohali,Death Certificate,47,30,562,348,214,48
0f96e8c7-ba93-4226-bc9b-2f6ea496152f,OFC7128,Bokaro,Domicile Certificate,23,18,407,158,249,48
16d6a4b5-b3fc-453d-b48c-c4002896c095,OFC9083,Port Blair,Income Certificate,19,26,988,113,875,40
a4ee4ff4-f6f4-439a-9428-f4228f8ff9ad,OFC1931,Bhagalpur,Income Certificate,15,77,793,128,665,35
76c2d78d-3e92-4d87-9e75-cc97f8783f21,OFC5863,Tiruchirapalli,Marriage Certificate,24,24,972,532,440,45
c79afddf-2ac0-45ea-bdc3-7ff68a54f696,OFC7376,Arrah,Income Certificate,41,18,232,48,184,35
37a99d49-257b-4860-87db-a18fef8e9f18,OFC4787,Haridwar,Caste Certificate,39,50,236,123,113,48
d413a77b-1fb2-4fe2-b6ab-6daa9d516def,OFC9914,Thoothukudi,Marriage Certificate,38,91,261,215,46,48
79f0ab0b-b1d2-4837-b397-7963fc855da0,OFC6438,Jalandhar,Income Certificate,12,165,918,230,688,48
cdee758d-0c76-4fd7-8ca2-adabf15b794d,OFC8501,Aurangabad,Marriage Certificate,26,45,837,157,680,48
d48769cf-2ec2-4171-93c7-3a5c21f90183,OFC6141,Minicoy,Domicile Certificate,7,124,729,262,467,40
de690f14-abb9-47f5-b4bf-0d72193f3975,OFC9262,Katihar,Marriage Certificate,22,53,889,416,473,48
72a2da66-7a79-4e80-8219-30be133b7df9,OFC3471,Madurai,Marriage Certificate,7,128,550,407,143,48
ac080926-d7c5-44a8-aeaa-9fbfbec6eefd,OFC9355,Mayabunder,Marriage Certificate,39,122,174,155,19,35
e30a7109-f134-41c3-b4a2-ca767cd66f92,OFC7721,Tiruchirapalli,Caste Certificate,8,26,883,795,88,45
9bfb1471-3d80-47c4-b349-aa9a904fb973,OFC9435,Jaipur,Domicile Certificate,25,168,323,221,102,48
a34ffa2a-cbd8-4944-96af-a7a89a4473b7,OFC7628,Meerut,Caste Certificate,25,150,310,236,74,35
b69680f1-ba6c-4757-b1a2-b86f92e09563,OFC9752,Chandigarh,Domicile Certificate,46,166,761,205,556,40
2fd9b01a-a58d-4e3b-a0a6-ac9d13251556,OFC9862,Bokaro,Domicile Certificate,45,178,239,204,35,35
d66a29fe-4773-41bb-8815-6f7063c701fd,OFC7638,Chennai,Marriage Certificate,39,125,798,499,299,40
9a9561fa-de09-47a1-95f8-3d54bc01365f,OFC9582,Junagadh,Marriage Certificate,32,47,842,478,364,40
72fe7064-4082-4faf-be0c-2567d3054df1,OFC8494,Warangal,Income Certificate,34,130,639,448,191,45
d5bf33d0-29e7-4a81-a11b-056e02444cde,OFC7889,Salem,Death Certificate,26,36,222,167,55,40
44403c2d-43a6-4c97-84f9-db7cfdf2cb36,OFC4219,Mumbai,Domicile Certificate,29,164,107,78,29,35
9b48921d-0156-4c12-9897-cb771a4c7284,OFC3103,Gandhinagar,Domicile Certificate,23,127,374,247,127,45
fb9383ee-e92a-418e-9b73-a204041f2f9f,OFC5770,Kavaratti,Death Certificate,41,96,819,335,484,40
8dea6e4b-6b7a-4053-ad84-bbb26d29971c,OFC4814,Gangtok,Birth Certificate,37,101,288,89,199,45
cd38b470-1b1a-48df-853c-e2fb714289b2,OFC4905,Jorhat,Marriage Certificate,46,133,321,32,289,40
9b86f300-3bb4-442e-9f92-b60ff85baa32,OFC5296,Ujjain,Death Certificate,43,171,899,330,569,45
1433bd02-27d1-4ed6-9277-08e182658a08,OFC6110,Roorkee,Income Certificate,16,169,373,273,100,45
648aba65-05b7-4347-8a1b-eba3dbdf3fa2,OFC6611,Kullu,Income Certificate,28,179,904,536,368,35
471bda90-872f-4cb2-8240-8d1d069d8ce5,OFC7030,Bardhaman,Caste Certificate,36,88,90,62,28,48
ed40b4e6-f365-469f-b1df-da1001fb90e7,OFC4638,Nainital,Domicile Certificate,44,83,204,181,23,45
762b3ddd-43d1-478c-9a32-dbf16ef40a62,OFC3393,Ratlam,Birth Certificate,39,143,86,37,49,35
d609816f-6d98-442b-bbd5-4693b85b1997,OFC8890,Namchi,Birth Certificate,45,88,899,502,397,35
762b09d3-e6d3-4e70-93d7-49d560fb07ba,OFC6483,Khammam,Domicile Certificate,26,109,492,91,401,45
c8265eb0-b2f6-4179-8f14-3a43448ebf0a,OFC6536,Ghaziabad,Birth Certificate,11,33,690,313,377,35
68cc0147-bd5c-4357-b20f-ca373e8e1583,OFC6989,Adilabad,Birth Certificate,15,154,642,143,499,45
8bca5ab0-55a0-47bd-9aa6-a0890a88d0e5,OFC1195,Howrah,Marriage Certificate,27,55,659,487,172,35
cfd3774c-928e-4476-b704-9bfd3f46be17,OFC4684,Adilabad,Birth Certificate,33,43,219,99,120,45
acf6e963-6a5e-48a2-951b-f37e4e327ccf,OFC1042,Begusarai,Death Certificate,35,131,377,194,183,40
378139e2-98ee-4364-b38d-ee84cfda85b9,OFC1971,Agatti,Marriage Certificate,46,91,360,34,326,35
cb858dcb-48ba-4534-8e17-c3d403a39292,OFC9080,Madurai,Marriage Certificate,33,52,257,238,19,40
3a56fe5a-8b25-46d4-b8d3-70c40e8cd7ce,OFC8456,Arrah,Income Certificate,44,16,162,33,129,45
0db7f0dc-5c7c-4612-b36f-697ffac454c7,OFC2438,Bhavnagar,Caste Certificate,11,29,364,337,27,35
812f5fe3-b2c0-4872-9c63-727d7509dd17,OFC6480,Bhavnagar,Income Certificate,6,27,511,416,95,35
ec37fd14-66a5-4bbd-8703-71e8a49db494,OFC8264,Amritsar,Domicile Certificate,37,157,437,391,46,40
fab650df-31d4-4eae-a515-57857fef5d29,OFC5667,Gangtok,Birth Certificate,23,17,108,33,75,45
27b30f55-275b-467c-9c93-ab0c62e0cde6,OFC3250,Geyzing,Caste Certificate,18,37,836,299,537,45
8a17ec5c-ef71-48cc-a4f9-76034c8a4dc8,OFC6977,Muzaffarpur,Birth Certificate,25,107,122,44,78,48
208d0092-5aee-4f93-b7f3-41abf354c284,OFC5066,Amritsar,Caste Certificate,16,80,909,591,318,45
f403af3f-2411-4146-8e4b-f4dcad32227e,OFC3407,Thoothukudi,Caste Certificate,32,52,222,135,87,40
bc7aa660-9df0-49b7-a98e-1766f56c8d06,OFC4835,Silchar,Death Certificate,17,98,226,161,65,48
d349cc10-e031-4c84-a91a-634556ec5a36,OFC1086,Asansol,Domicile Certificate,28,69,117,43,74,48
879774a6-a40e-4d20-94af-8061d61a8f0d,OFC5683,Ahmedabad,Death Certificate,30,149,254,112,142,35
85d68773-e5d8-40dd-9e26-69856f65b768,OFC6749,Central Delhi,Birth Certificate,13,116,183,54,129,40
dc33f074-d8a8-4969-b287-6bb435ad1417,OFC2058,Khammam,Domicile Certificate,37,136,488,127,361,40
889721b3-ce80-4fbd-9bca-058e3a7d4350,OFC3363,Bhagalpur,Death Certificate,50,176,886,799,87,45
f5a9bda9-bded-4d3a-9f0a-228be2ecfdc2,OFC6691,Agartala,Death Certificate,28,91,124,63,61,45
30d1ffde-5cf2-42bc-a551-b04238b00974,OFC7792,Dhanbad,Caste Certificate,24,139,278,206,72,40
f2d079da-cfce-4166-ae58-7d26acf06c2d,OFC4471,Jorhat,Death Certificate,7,107,847,670,177,48
afc1a67d-acdb-4bac-af76-9041100a241b,OFC5915,Bishnupur,Income Certificate,37,175,765,341,424,40
ecfa7c75-a712-42a8-a19b-d85519c08928,OFC1143,Leh,Caste Certificate,37,65,657,357,300,45
944c9dcc-7e23-46e5-a34f-3d8a45235a47,OFC4961,Sikar,Income Certificate,49,123,83,40,43,48
5f02b11d-7746-49b5-b8c5-e24d96408dc8,OFC8100,Tezpur,Caste Certificate,17,79,546,316,230,48
124b22c9-5f6b-40aa-8707-4bb4d7104dc3,OFC1684,Hazaribagh,Caste Certificate,23,46,822,405,417,35
d5db2897-e355-4084-900a-3797b3a10bbb,OFC4558,Surat,Caste Certificate,41,170,961,511,450,40
8be234eb-3a55-4cd9-bc4b-127cb9f9427f,OFC3634,Sagar,Birth Certificate,31,159,589,204,385,35
7a87da48-a5bb-405c-a88c-ae83966c11e1,OFC4654,Panaji,Death Certificate,13,171,564,409,155,45
9751b277-0637-40e8-8115-5dd8f44886fd,OFC6894,Guwahati,Caste Certificate,9,166,889,352,537,48
a6334439-1325-44a4-a079-95bffe27b171,OFC5992,East Delhi,Death Certificate,38,132,121,44,77,45
e4b038cb-9c96-4e37-a0d4-a91f54a98fb0,OFC1892,Jammu,Income Certificate,16,154,901,466,435,40
f1ab557a-1077-4aed-b41a-1fa2e9c3467f,OFC7776,Hyderabad,Caste Certificate,31,119,764,478,286,35
9bc5c421-5b1d-41b6-a951-be45e283eb67,OFC4098,Nanded,Birth Certificate,17,95,746,296,450,40
1a7e4cda-1355-430d-9679-8584bc60d96f,OFC1607,Udaipur (Tripura),Marriage Certificate,50,102,615,97,518,35
75bab4b2-7d1a-41f9-9a8a-a470396175e8,OFC9035,Durgapur,Death Certificate,21,171,196,93,103,40
b5f264ce-d31a-4ee6-967d-bf02c2ad320f,OFC2460,Havelock,Income Certificate,38,177,968,293,675,40
5c76d313-b316-4e52-9241-8c6415946c11,OFC9326,Mohali,Marriage Certificate,30,28,379,39,340,45
0c74a7a3-d19a-46cd-99db-8c4ea59514d3,OFC1637,Thoothukudi,Birth Certificate,12,60,715,622,93,35
9d812828-eb2f-423b-bb83-7e85bf8b98e2,OFC5045,Giridih,Caste Certificate,29,80,282,103,179,48
6e7ddfb2-dc17-4467-9bcb-443411c2c9ca,OFC7299,Minicoy,Income Certificate,49,34,568,236,332,35
6e891ed8-3bdb-4c74-ac21-6660adf2a455,OFC3151,Ghaziabad,Marriage Certificate,5,105,997,704,293,35
2f458c40-fe92-4543-a58b-22c197276781,OFC2716,Udaipur (Tripura),Caste Certificate,33,16,260,57,203,45
d0d0a68f-19b7-42a1-94e7-9507047b1662,OFC7169,Begusarai,Birth Certificate,48,90,794,459,335,45
bed75c07-a987-4d51-8c16-d46b10fbe144,OFC1473,Dehradun,Death Certificate,12,80,532,163,369,48
a3941d0f-b82c-4e9f-a99d-4b4f0971c8ef,OFC2814,Margao,Income Certificate,45,78,437,151,286,45
ea205597-c5c4-47ff-89e6-ff53cc27a54b,OFC8426,Naharlagun,Birth Certificate,50,71,995,449,546,35
e4c2f55c-575e-4526-b161-a0b76b0a8223,OFC8379,Hubli,Marriage Certificate,15,66,191,81,110,35
43dde46e-17cd-4375-a0bc-51c5f2428bcf,OFC4018,Katihar,Death Certificate,44,106,973,60,913,40
1eed8a40-8e77-454e-8735-af5847c50358,OFC7613,Silchar,Marriage Certificate,50,107,751,444,307,45
5a8308f7-989a-46e4-bce2-9966018ea660,OFC6446,Churachandpur,Domicile Certificate,40,21,857,741,116,40
ff978fdf-5ec6-4cf6-9ed5-cfc76df3a4a7,OFC3307,Gandhinagar,Caste Certificate,47,94,578,443,135,45
e109142c-75bf-4694-af7f-b0dafdb99929,OFC1111,Patna,Domicile Certificate,10,43,886,286,600,48
6f64edf1-30f9-4828-82e9-5f2558b40b19,OFC1254,Tirunelveli,Domicile Certificate,16,131,309,172,137,40
b153bdbb-2dc2-4846-b9bb-8539af97d64e,OFC3653,Mayabunder,Caste Certificate,34,136,748,184,564,35
fce2d12a-6685-4719-adeb-edf14fb9eaf1,OFC8026,Nagaon,Income Certificate,37,57,55,44,11,48
7f0d6f11-e23b-4561-8629-3ef6c17b4a1d,OFC8423,Srinagar,Caste Certificate,8,94,998,497,501,45
427cf13a-91d3-43e7-8a5e-866dbce092e0,OFC2185,Howrah,Death Certificate,21,153,259,46,213,40
89274d8d-81b3-48a5-8cac-7f49cea23a3a,OFC8539,Kota,Caste Certificate,15,173,341,179,162,40
8d5f4882-5b1d-4eab-b65b-517996d36b68,OFC2000,Bishnupur,Caste Certificate,39,150,642,540,102,40
31657a25-1bed-46fd-a01e-417d0bfc0e8b,OFC8941,Howrah,Caste Certificate,6,148,448,194,254,48
7f9e73ff-09a8-420a-93ec-f10bba45b923,OFC2637,Indore,Domicile Certificate,22,59,235,221,14,40
cc473d3b-41ee-4cb3-8d99-7fc31d00a6f5,OFC7623,Deoghar,Domicile Certificate,32,53,78,53,25,40
78ddf8cd-e5f7-4866-ad6f-73e9c5e8e22e,OFC3967,Gangtok,Marriage Certificate,49,167,600,248,352,35
388d7fe4-de9b-4dd2-8f8d-404eead7815f,OFC5162,Erode,Death Certificate,21,132,990,785,205,40
baa66890-4a5f-45e5-b675-fbc2da2f75c0,OFC8735,Tiruchirapalli,Marriage Certificate,38,177,118,114,4,35
bffde566-9830-46e1-a11a-97d558461f40,OFC8925,Gwalior,Income Certificate,16,51,524,476,48,45
e1ac3dda-8f49-4b09-9130-7e598c1ac91b,OFC7004,North Delhi,Domicile Certificate,39,97,986,924,62,35
b603c590-24b6-466a-a39f-853d41c26513,OFC3651,Champhai,Marriage Certificate,30,119,783,391,392,48
0098c179-6771-4090-b743-69daf64cc88d,OFC4022,North Delhi,Death Certificate,47,165,176,35,141,40
43691159-b6f5-484a-943e-d1df6b40cbf5,OFC3961,Kota,Income Certificate,25,159,575,300,275,35
af560e1d-81ff-46d4-87c6-1eed6255bd43,OFC5867,Kanpur,Marriage Certificate,26,96,497,143,354,48
4a483ad5-3131-4981-af10-69d1540a25d1,OFC2609,Malda,Income Certificate,37,116,301,276,25,48
1f8e7db8-12e7-4e86-b789-95f4bba264e9,OFC7439,West Delhi,Income Certificate,20,116,972,562,410,45
d4c362f0-b508-4452-8fb2-62b8ab124fa4,OFC2432,Leh,Caste Certificate,40,165,512,159,353,35
7eb61f97-ddb2-474f-bd64-2aadca05f95e,OFC5053,Itanagar,Domicile Certificate,36,119,457,442,15,45
f356f1d7-5dcd-497f-9dc6-be9c3a3a26fc,OFC8373,Chennai,Domicile Certificate,48,56,748,88,660,35
92a79bd2-1e78-4e62-815a-0096389658af,OFC3193,Medinipur,Caste Certificate,22,132,751,530,221,45
4a92f33b-9245-4be6-a9a1-b9926193e877,OFC9372,Pune,Death Certificate,34,176,426,212,214,40
b5aad6f4-4b0a-42bf-ab06-d461c35de569,OFC4759,Erode,Death Certificate,7,133,815,122,693,40
af84c380-e0ea-4806-af5b-0f0a5d75ce00,OFC5267,Rajkot,Domicile Certificate,49,135,421,335,86,35
bc159811-2426-4ac7-8a82-73555fffa080,OFC2217,Churachandpur,Domicile Certificate,19,28,840,147,693,48
c1f12091-2a81-41e9-8e4b-3147dad7d6f5,OFC8515,Mokokchung,Domicile Certificate,27,48,515,363,152,35
f0896e7b-6b30-4cc1-ac11-6d6171f2f73a,OFC1722,Gangtok,Income Certificate,49,19,565,35,530,48
8149c5d3-a84f-449a-a892-fc2b9080e4a7,OFC3427,Solapur,Death Certificate,41,179,514,390,124,45
ecd329a1-83af-412b-9c93-036913c01902,OFC8462,Kashipur,Domicile Certificate,14,149,679,291,388,45
5eccb806-a8e5-4740-8832-1294b9379984,OFC7520,Karimnagar,Domicile Certificate,37,171,214,149,65,35
5d45d55d-0db2-4665-aca0-c1d1c4b1c5bd,OFC5386,Nainital,Marriage Certificate,16,153,122,75,47,48
aebad699-47eb-4d2b-8074-a33ea5e1515d,OFC2573,Udaipur,Caste Certificate,8,27,323,99,224,48
c6365068-7bbf-43fa-9db6-924b20ca6f51,OFC4188,Madurai,Death Certificate,48,175,685,612,73,45
24012ad8-954e-4831-8df9-ea7d705da5fc,OFC7700,Bardhaman,Income Certificate,25,95,729,100,629,45
a0528d54-7513-4a79-b788-2a39f87ed23d,OFC6072,Ranchi,Caste Certificate,32,57,221,209,12,48
2b863de3-2b02-4dc7-85d5-800436d2d642,OFC3392,Mumbai,Birth Certificate,26,79,651,312,339,45
1bc24d34-18d6-41ff-8993-13e6363b5ece,OFC9871,Silchar,Caste Certificate,6,115,78,51,27,35
ba66f858-82ab-4dca-8cfd-7635c92855e1,OFC9011,Gwalior,Birth Certificate,27,155,331,153,178,35
d799f2ed-f571-4952-b4c0-bfaa0119ad1a,OFC2031,Kota,Marriage Certificate,29,29,593,568,25,40
b552b7b8-c787-4c2a-ad7c-f753da2d288d,OFC8774,Mayabunder,Death Certificate,42,66,246,150,96,35
b6374c9a-7e0f-43f7-b18c-7ca4d5f21a39,OFC6127,Alwar,Birth Certificate,7,54,887,803,84,40
f5eaeb89-8136-4dba-99c1-757e6f87f4ec,OFC4498,Dehradun,Marriage Certificate,42,112,457,367,90,40
433ea3c6-e3f3-4de3-ab0c-b82785697525,OFC2608,Tawang,Domicile Certificate,12,28,100,73,27,40
7a5e6b0d-b3c2-4ec5-9cb4-0ba7d0d4cd98,OFC2762,Siliguri,Income Certificate,45,58,252,185,67,48
521b107b-c79d-469e-abc4-cd81254adaa6,OFC4821,Tawang,Marriage Certificate,17,173,228,47,181,40
2cac16bd-650f-41e7-b5ab-50508d5beb68,OFC3369,Sikar,Marriage Certificate,30,40,580,154,426,40
99b9c3c4-fc06-4736-8d78-35ff755a2e2e,OFC2707,Kolhapur,Death Certificate,44,135,109,48,61,48
a2d822e2-4433-4ad8-92fe-4f974f38d47a,OFC4878,Shimla,Death Certificate,13,167,677,330,347,48
0428a920-6138-42a3-9f69-175072a9109c,OFC7372,Kohima,Birth Certificate,17,97,381,257,124,48
25fa818b-b781-4a23-9487-92b78b3ad2ff,OFC5425,Diglipur,Domicile Certificate,44,122,185,65,120,48
fecb7efd-6656-4366-b280-5f88188db4f8,OFC5807,Erode,Marriage Certificate,27,26,474,74,400,45
09303e2d-cde9-457a-98cf-9436ab15978b,OFC8847,Siliguri,Marriage Certificate,11,64,206,182,24,48
ff27a91a-5d65-4933-bd40-ce33c6815828,OFC2505,Salem,Caste Certificate,23,34,713,35,678,45
5493aaf8-9bd7-4b62-852e-cb5c27bb5ca9,OFC2853,Mangalore,Income Certificate,21,129,105,76,29,48
bfb8f900-1048-4c42-97ef-36d163e3b455,OFC8549,Kullu,Income Certificate,17,73,152,47,105,35
3c1a0fe8-e02b-45eb-a8c2-1022419da4cf,OFC2661,Hazaribagh,Birth Certificate,37,138,769,691,78,35
637fb8f5-9e94-45cd-97ae-800fff7b3058,OFC4814,Amritsar,Caste Certificate,50,142,163,54,109,48
e8216f3c-8788-4865-9c00-a767f75ab1df,OFC1580,Thoothukudi,Income Certificate,29,173,736,662,74,35
a3fd209f-685f-4d5c-9982-6da796fd2915,OFC3328,Patiala,Birth Certificate,8,85,239,83,156,40
14ea6199-62f7-4753-873d-154ae3f52caa,OFC1860,Itanagar,Death Certificate,19,143,52,32,20,45
d42ded9d-064a-4da1-ad2f-1031292598ca,OFC8325,Bhilwara,Birth Certificate,49,83,418,401,17,35
c0b7d326-0786-4959-bd84-8bbbc0f2eb81,OFC8031,Sagar,Death Certificate,42,158,573,426,147,40
d09d74d1-bea3-4e96-a9b3-b3091e708911,OFC3583,Chandigarh,Birth Certificate,45,155,66,46,20,35
9eacbb26-f2f3-42ea-8717-85b99a14ad8f,OFC6943,Bareilly,Birth Certificate,18,167,483,216,267,40
6f8f07d5-1e81-4563-8f74-14343268dc79,OFC5382,Central Delhi,Caste Certificate,26,122,511,167,344,48
5ace08ad-12a1-4d8a-a473-6beac17f8071,OFC6433,Nagaon,Caste Certificate,17,84,966,798,168,40
617e759a-e8a4-456a-9c07-8bf7fa0dd0bb,OFC5713,Srinagar,Caste Certificate,11,113,371,343,28,35
39039fb3-2ad1-4211-a001-9a972407e109,OFC2496,Mandi,Domicile Certificate,11,177,771,125,646,45
34a5a884-0e86-4427-9fad-fa66467dd6cf,OFC8782,Kohima,Domicile Certificate,35,122,880,306,574,48
d34a20ab-e98f-468a-9847-1818d2b70c45,OFC6963,Darbhanga,Income Certificate,14,123,982,770,212,45
62828429-6504-4d53-9a66-91f2669d1a23,OFC1029,Udaipur (Tripura),Domicile Certificate,15,47,595,240,355,45
2e4aa012-a44b-40e2-8a8b-554de8537e50,OFC8366,Adilabad,Caste Certificate,44,123,355,216,139,48
c3c5d712-c05b-441f-ae31-ed95b3683490,OFC2391,Jorhat,Marriage Certificate,31,64,860,601,259,40
3a97ecd3-1ac7-4539-a0fe-57cc48f55276,OFC7842,Howrah,Domicile Certificate,28,85,56,49,7,35
2548fee9-8ed7-45ab-b08a-0e5d78721cc3,OFC5101,Aizawl,Death Certificate,26,26,131,77,54,40
2636f55f-8b73-4269-a99d-e2d7352d8b42,OFC6590,Silchar,Death Certificate,11,142,955,676,279,40
86cf3ee8-7317-49a7-828b-3a1069c373db,OFC9033,Mangan,Death Certificate,9,100,679,673,6,35
b102714a-80d2-4eaa-95ce-21b2f2ac1718,OFC4876,Erode,Domicile Certificate,31,98,717,684,33,40
1edd17a0-0aa5-4a0c-9d44-7009f40dbbb4,OFC8108,Churachandpur,Death Certificate,37,56,883,809,74,35
40ec772c-8ff9-4ef6-9a92-03e119d444dc,OFC4402,Dimapur,Marriage Certificate,28,154,153,96,57,48
3ca4952e-c4f1-4832-93a0-7c5d95f551f1,OFC2033,Bishnupur,Birth Certificate,6,140,278,141,137,35
40b819dd-ee3f-4ba3-b78b-20c2beb95cad,OFC9038,Kavaratti,Death Certificate,32,98,163,128,35,40
5c015669-55df-4fd3-b823-47206f60f7b6,OFC7847,Bilaspur,Marriage Certificate,30,136,806,246,560,45
e47c3339-8022-4cce-9d04-50262923e6ee,OFC4682,Rudrapur,Domicile Certificate,16,177,258,175,83,45
610b0b5e-acd0-4486-aff0-17e7bd08e0cf,OFC2759,Tawang,Birth Certificate,49,140,798,664,134,48
aafa6c5a-6914-43d1-b39b-cd4dc10a40a3,OFC9849,Satna,Caste Certificate,43,104,808,566,242,35
fd37a78d-928e-4c22-8940-d683ef46ba5f,OFC6398,Minicoy,Income Certificate,17,27,991,127,864,45
f75f3bbb-a22e-4dbe-bac7-bd24aabf9fe6,OFC7795,New Delhi,Death Certificate,21,99,78,30,48,48
7749f427-95d2-4e28-a892-a2d6af352974,OFC9484,Aurangabad,Marriage Certificate,8,53,100,57,43,45
d834150d-687c-4d52-b079-cd7798b7b40e,OFC4461,Naharlagun,Birth Certificate,12,93,418,176,242,48
58c5c258-5f5f-4f25-81ea-3a5c47b99bbf,OFC5439,Rewa,Birth Certificate,44,51,458,125,333,48
121141d3-2f60-45cf-bd07-d8af08d80be7,OFC8486,Haridwar,Marriage Certificate,31,179,290,206,84,48
b505ba6a-e5f5-4559-ac18-3759cb87443c,OFC7323,Malda,Caste Certificate,35,146,478,270,208,48
ac7a0d29-5658-410d-bc33-e307aaecceca,OFC5875,Mangan,Birth Certificate,8,129,376,199,177,45
9c6c7769-6463-48be-a914-1095d59107f2,OFC8085,Kanpur,Caste Certificate,10,179,52,40,12,40
817cf9ab-8c63-427c-b50f-51428d22b93d,OFC2168,Port Blair,Caste Certificate,42,99,415,191,224,48
53bf107e-a555-439c-a1e9-f0e1c2803d68,OFC7766,Giridih,Caste Certificate,18,116,196,156,40,40
3bfa2dfa-be27-4798-a291-05dffea812a5,OFC8278,Silchar,Income Certificate,46,60,787,318,469,35
e44dfb7a-272a-44ce-9552-5608b2b40901,OFC2005,Mahbubnagar,Income Certificate,29,149,543,206,337,35
7853b844-76d3-485e-9c4a-67ee035cbae7,OFC5231,Thoubal,Birth Certificate,21,83,966,570,396,48
d7506cf5-f28b-4956-b71b-611a5967dcb4,OFC3734,Tumkur,Birth Certificate,20,45,803,41,762,35
2ddbe902-ec09-4507-987b-d5e87863a119,OFC3432,Roorkee,Domicile Certificate,20,132,680,34,646,35
dd4f819b-2fce-488c-b4f9-049d1074a3bc,OFC8015,Vasco da Gama,Caste Certificate,49,108,368,362,6,45
a62e776c-56a4-4cfe-a2ff-f2780b752aef,OFC1139,Bhagalpur,Domicile Certificate,16,108,657,519,138,35
06b2c22d-8c02-4d2a-bc6d-6677f30e8b33,OFC3338,Bishnupur,Birth Certificate,24,99,385,230,155,40
c7cab4a2-dfc6-481c-a61c-58bab3f19159,OFC2900,Ahmedabad,Death Certificate,35,57,601,281,320,40
ca1ed27a-5675-4a6c-907b-8feaeeb51b3f,OFC1889,Allahabad,Income Certificate,40,109,342,45,297,40
900b4ba9-7a98-489b-bf77-359dcae4c4a9,OFC4414,Agra,Income Certificate,36,111,796,287,509,48
270b84a9-4607-46d7-a1c3-ee37361d8738,OFC2312,Bareilly,Birth Certificate,13,164,513,488,25,40
91f136da-06eb-42ca-880b-92d9f02d8579,OFC6380,Agra,Birth Certificate,17,102,970,369,601,45
2018d20d-9a75-4e0b-9689-3d8074341667,OFC4595,Itanagar,Birth Certificate,10,151,130,69,61,40
27f3355a-2775-4b8f-8162-df4e6c11a976,OFC4512,Ajmer,Domicile Certificate,34,115,544,373,171,48
5a8f82ad-a012-4e17-93a8-9a5787308603,OFC4590,Mayabunder,Domicile Certificate,38,53,429,396,33,45
dba98e1e-ede5-4a28-9523-6de597be846b,OFC8730,Salem,Birth Certificate,47,69,199,40,159,48
c7656727-6de0-4e93-8459-e48db4c93a7a,OFC4365,Kailashahar,Income Certificate,50,57,839,487,352,40
a61af68c-71e8-4bcd-8ef6-ea0e008d36ea,OFC9149,Ghaziabad,Marriage Certificate,39,96,762,129,633,48
ed9e7a65-5ce4-4806-a0c1-139373e16202,OFC1485,Udhampur,Marriage Certificate,40,99,444,161,283,48
425f42b7-e22a-4388-8618-4b843f302449,OFC1707,Indore,Income Certificate,35,83,811,105,706,48
a059f6b0-98bb-47f6-aa86-95371800eafe,OFC6396,Rajkot,Marriage Certificate,5,120,947,452,495,35
5d7a7b2a-bd6d-4809-817c-16146fba975e,OFC4267,Chennai,Domicile Certificate,36,109,410,300,110,40
f60dca1c-776b-4ac5-b604-d96cffcf910a,OFC4307,Haldwani,Domicile Certificate,38,46,492,58,434,40
af60e0d0-6b35-4fae-af4a-079309010ba6,OFC1311,Margao,Income Certificate,48,87,851,529,322,35
c3efba18-900f-41f5-827e-3dc7178b27e1,OFC1485,Karimnagar,Marriage Certificate,39,153,118,52,66,48
828426a8-efba-4e2e-bcdd-d7eefeca82ce,OFC5250,Ratlam,Birth Certificate,31,82,432,242,190,35
09c8e802-d45a-4b3c-928d-012e1304f27f,OFC8677,Haridwar,Domicile Certificate,44,15,283,80,203,35
c2f4d38a-47e1-410f-a053-85a2ec5b08b9,OFC5374,Pasighat,Income Certificate,6,146,560,390,170,48
e0bd3a30-1668-4d97-98d7-ccacce63f363,OFC1372,Thoothukudi,Income Certificate,40,48,870,542,328,45
19ee0e3f-8340-4783-b318-b581cb653f6e,OFC4845,Ludhiana,Domicile Certificate,13,67,997,404,593,35
7692dfc2-9e73-4ec4-914c-b9448ee37da9,OFC3718,Hazaribagh,Death Certificate,22,77,922,624,298,45
a4fcd958-7a26-4e28-93f4-a80f181e580a,OFC5160,Tiruchirapalli,Domicile Certificate,44,164,887,475,412,45
196c1b7a-95f2-4380-99f8-6c324b68278d,OFC4166,Aurangabad,Domicile Certificate,21,172,866,591,275,35
0459ded1-95c5-4ed5-9fee-381a5391394c,OFC5038,Thoothukudi,Income Certificate,34,28,115,81,34,35
faca267f-41cb-4ce1-9c40-548e7c48bc05,OFC1720,Bhilwara,Death Certificate,14,20,674,362,312,48
11b2d1c3-f2fe-425a-bba2-0695e317b350,OFC9039,Nagpur,Marriage Certificate,5,172,367,166,201,48
9bdf7b32-03cf-445c-9f4b-f32c96d53b4e,OFC1671,Kolkata,Caste Certificate,7,145,325,204,121,35
da555e05-c339-4164-8ed7-44cb1f61f5e0,OFC2468,Itanagar,Income Certificate,46,131,596,144,452,48
1476f0bd-e5a0-4697-a5ea-aae6c5c8e79f,OFC5166,Gulbarga,Marriage Certificate,39,175,907,552,355,40
0e629f2e-472a-4467-98bb-ddf5db4320b3,OFC1736,Muzaffarpur,Income Certificate,33,143,726,58,668,48
6d975b78-4583-433d-b816-f1ccef0ea14a,OFC5671,Kathua,Marriage Certificate,25,104,221,142,79,35
ea2ce08e-ef39-4170-a595-4019b4fc06bf,OFC2723,Bishnupur,Death Certificate,27,165,625,397,228,48
b58bcd1e-305e-48ac-8300-6326a76d7f4e,OFC8279,Manali,Income Certificate,20,99,852,85,767,48
fbfbc256-eed8-403c-a1b8-15ad715008d4,OFC3649,Patiala,Income Certificate,44,112,638,164,474,40
fbd2d4a5-ae08-40d6-9b73-d58d81b005df,OFC4627,Ahmedabad,Domicile Certificate,46,43,754,312,442,48
27682b02-0a2c-42d3-b3c6-2ee322af7676,OFC4486,Champhai,Birth Certificate,25,137,318,224,94,48
6e925a7f-2850-422d-8952-2916864023a8,OFC9810,Ujjain,Domicile Certificate,34,171,750,460,290,35
bf9f64a9-2bce-424b-9d46-809c028290e9,OFC9131,Churachandpur,Caste Certificate,29,108,151,87,64,48
f2a2b984-2b0d-4b50-9500-302f5ff74ccd,OFC1353,Junagadh,Death Certificate,27,175,383,291,92,35
ac024328-718b-48c0-9c48-0c7522706b20,OFC5816,Patiala,Domicile Certificate,45,83,462,99,363,45
4ccce549-0aba-4fad-924c-810c230807f9,OFC3702,Roorkee,Marriage Certificate,18,149,433,231,202,40
499b2c80-b57f-498f-9da1-6eb5ac7d09a1,OFC4696,Tiruchirapalli,Income Certificate,50,15,354,239,115,35
7e9c0f1c-471d-4e66-b9cb-9877aec2aec1,OFC7037,Kanpur,Income Certificate,34,108,862,665,197,35
3625b113-15ff-489d-9d44-01df32baa2e3,OFC5115,Lucknow,Marriage Certificate,21,118,154,133,21,45
85960172-65b7-4a9b-8152-c36c958bc4e7,OFC3577,Bhavnagar,Domicile Certificate,25,87,847,128,719,45
d2a693d4-fbed-45f1-810c-8558a4acc209,OFC3996,Bhilwara,Income Certificate,13,35,322,55,267,40
2611ef19-3de4-4153-84a8-3217123ebe9e,OFC5229,Jalandhar,Income Certificate,18,132,788,98,690,48
782ef9d6-2215-4bc6-8681-f6fb739c6194,OFC3445,Dhanbad,Death Certificate,46,41,933,477,456,45
e6b5c400-e7f9-4a35-9054-a4cca907ee39,OFC2783,Bhagalpur,Death Certificate,25,70,309,138,171,40
474b8155-2388-4310-9ea9-2e24a4e5cb0d,OFC5270,Dharmanagar,Marriage Certificate,30,172,275,126,149,35
355cc22f-05d2-4034-a102-30dc63c461d1,OFC4944,Leh,Birth Certificate,32,92,469,118,351,40
cd934005-ad79-499c-bd59-2d607c36b614,OFC7751,Panaji,Birth Certificate,32,84,972,896,76,48
833525b0-57c4-41a7-b638-3e30802ca031,OFC4737,Manali,Income Certificate,45,53,800,120,680,40
d24386fe-871b-432b-a59a-1df964619dfa,OFC2866,Udaipur (Tripura),Death Certificate,12,130,751,624,127,48
4cc9e4a4-7bea-4190-b31f-dd62fb7537ba,OFC7794,Vadodara,Caste Certificate,9,57,524,511,13,40
f2828ff4-7f20-485f-97ee-7272e43d8f6d,OFC6426,Alwar,Caste Certificate,5,124,397,70,327,45
83c6464f-d4ba-40cb-aa5d-a57c7363c4a1,OFC4295,Pasighat,Domicile Certificate,44,103,743,635,108,45
188b11d3-8256-4757-a7fc-7546f68e77e4,OFC3818,Thane,Marriage Certificate,10,19,700,517,183,40
5e14d581-b6fd-49d6-bf24-d1940bc8b36f,OFC3485,Khammam,Death Certificate,28,73,378,296,82,48
88159455-bd95-4c08-8af0-9840a77abc8a,OFC5690,Warangal,Income Certificate,31,156,341,162,179,35
18bb5c42-2b50-4550-a6d4-1041e6e12e7b,OFC6998,Jorhat,Birth Certificate,14,171,193,118,75,48
b18bed6c-2b51-4040-82b5-2cfda129a473,OFC4571,Aizawl,Death Certificate,41,137,290,250,40,45
f402d3df-9c8c-4a51-adfb-a46ec71a6c91,OFC6953,Rangareddy,Marriage Certificate,45,31,895,674,221,40
34180172-c167-44e9-b334-1b65dee8763a,OFC4769,Bhopal,Death Certificate,18,122,291,37,254,48
5a0042f7-dca7-4c81-b49b-8dcecabaf3da,OFC2390,Bhopal,Caste Certificate,34,94,821,733,88,35
45785ec4-93f3-4d03-bd92-a24698b4d804,OFC8069,Satna,Caste Certificate,15,56,378,192,186,40
2a6d4691-37dc-4f42-baf5-1f12e8f2e255,OFC2795,Udhampur,Birth Certificate,48,50,539,134,405,40
3aa5bba6-9d04-487f-99ab-a9189c1a3f53,OFC8823,Itanagar,Marriage Certificate,32,61,946,843,103,35
1122fc48-590d-4571-9c35-545b134d824a,OFC5786,Kavaratti,Marriage Certificate,28,27,714,312,402,48
a31ddf48-ecae-44cd-b3f3-e1b3422d64ec,OFC4784,Dibrugarh,Death Certificate,23,166,790,62,728,35
fdad84d8-b77a-4acf-9aae-ffc1d6b805ef,OFC6631,Amini,Death Certificate,28,126,539,457,82,35
1b227c42-4f3a-4620-8fb8-eb237afafbe5,OFC7078,Jorhat,Domicile Certificate,18,48,794,461,333,35
104bd8b6-5211-4f1e-91bc-a03d1d2583aa,OFC8696,Bathinda,Marriage Certificate,48,25,993,352,641,45
7eaddf5f-400c-4bc9-b163-0d091a30b42f,OFC1800,Pune,Birth Certificate,20,151,795,545,250,35
120b949f-0b01-4dc1-8d97-01f0d3341de8,OFC1424,Jammu,Caste Certificate,16,30,193,136,57,45
2f5450f3-f7c2-4600-ae8d-ace5b2f5751b,OFC7046,Tiruchirapalli,Birth Certificate,36,87,397,346,51,35
b666fc24-2fbf-4bc0-bf57-736423d54592,OFC6943,Solapur,Domicile Certificate,18,90,210,115,95,40
bbf895b1-56ac-4673-acc6-52c51387b524,OFC5729,Bareilly,Income Certificate,5,72,295,205,90,45
cb7d8200-8c75-44a3-9af1-3452ee42fab9,OFC4805,Erode,Domicile Certificate,11,49,538,460,78,48
46489b08-3881-4cf6-9ded-f02b1e56e309,OFC1878,Howrah,Income Certificate,44,62,817,120,697,48
a92730a6-9da1-4be2-be69-c27ba21b00c5,OFC3572,Kullu,Marriage Certificate,33,145,364,339,25,35
c3b119c5-dd91-4ae8-ac23-54590bf657b1,OFC4430,East Delhi,Marriage Certificate,27,123,670,266,404,40
ca1e7840-36cd-431c-8758-9570bebb2f30,OFC3873,Warangal,Income Certificate,20,86,269,49,220,48
c59f5902-18cc-4817-989b-1d8ee29a863c,OFC6671,Nainital,Birth Certificate,44,106,410,364,46,35
3fc5fd82-7864-4987-8b99-4d2a3699f7fc,OFC4102,Bhavnagar,Domicile Certificate,19,142,958,656,302,45
40ebf218-128b-471f-af5a-370b57879070,OFC6088,Jamnagar,Income Certificate,50,86,103,55,48,48
8ace1cee-009d-4823-bce8-569c91f5e2a4,OFC8463,Pune,Marriage Certificate,10,32,252,246,6,45
7ec3ca69-c06b-4d5d-9379-d4050b41c077,OFC9395,Pathankot,Birth Certificate,17,32,172,67,105,35
6d8ad1a6-431b-46c1-8020-c4b5b59483cd,OFC9599,Haridwar,Income Certificate,38,85,369,209,160,40
73d4a776-3ec5-4572-90ec-357ecbd17eee,OFC8698,Karimnagar,Domicile Certificate,19,18,710,597,113,40
7d155ac9-f8ea-427a-93b3-ff95944f2c50,OFC3546,South Delhi,Income Certificate,47,67,211,47,164,48
2dd8561e-44a8-47c0-be56-b3237a2ea635,OFC2591,Tirunelveli,Income Certificate,22,118,451,228,223,35
16735932-a23e-41a9-b6aa-cdeac64ad2a7,OFC1623,Siliguri,Birth Certificate,20,24,351,346,5,40
652023fe-feef-4beb-b4a9-69b2bce233d6,OFC9387,Davanagere,Birth Certificate,14,171,311,95,216,45
4bc482f1-eb3c-4876-a0ed-46c96b3eaa26,OFC8227,Gwalior,Income Certificate,20,99,352,106,246,40
1b3c07ff-09fa-4495-91ac-4555ad2a5c7b,OFC2219,Shillong,Death Certificate,44,64,786,371,415,45
33794ef9-cce6-424c-96ec-f6b0d58b9da2,OFC2287,Ratlam,Caste Certificate,23,57,738,194,544,48
96f520e6-04fa-4970-b052-3df1990627d7,OFC5403,Ramgarh,Income Certificate,27,153,971,641,330,45
46dccfc4-df1e-4756-bd21-d50ff1d0cb26,OFC7580,Silchar,Income Certificate,19,148,467,350,117,48
21fc57b6-7a7b-4964-9931-b2127e410ada,OFC2231,Serchhip,Birth Certificate,17,110,350,215,135,35
159b3167-25e2-442f-b955-9fd38417b973,OFC5579,Manali,Domicile Certificate,8,178,194,119,75,40
b3ac409b-e4f8-48d8-aadc-2c58b913d0ca,OFC6713,Port Blair,Income Certificate,16,26,214,106,108,45
29a3cf23-add4-488d-a805-fa1e3a6669aa,OFC5745,Ranchi,Income Certificate,5,98,785,593,192,35
3e214fe9-3219-4611-9c89-37ca52bf7759,OFC8170,Udhampur,Domicile Certificate,37,180,510,404,106,48
3a4014a9-9965-4ebd-8c78-672ab833c25b,OFC4384,Kashipur,Income Certificate,34,113,329,81,248,48
32a6c3c8-b083-4022-98a1-d932d877acf3,OFC3336,Kathua,Caste Certificate,24,102,684,645,39,48
37fafbc9-61cd-41a2-ade5-c63258d1c990,OFC7747,Lunglei,Marriage Certificate,20,107,644,309,335,45
9b3daf12-bf6d-431f-b087-0663d58a0fcf,OFC5044,Bardhaman,Death Certificate,14,118,249,79,170,45
3c840ae7-a0e0-4cea-afe9-2b5f3c61561f,OFC1066,Shillong,Caste Certificate,42,109,332,218,114,40
6bc5840c-d5de-4f0d-9c28-6727f84ecf62,OFC3791,Baramulla,Income Certificate,31,99,698,205,493,40
b14c06bb-639f-4346-b28c-942e4135c1a7,OFC4841,North Delhi,Death Certificate,24,104,274,239,35,48
7ff4ca97-1924-49b2-b52d-431c0108919b,OFC9750,Dharmanagar,Marriage Certificate,34,168,788,132,656,35
7ed5ae49-6a94-47fe-befe-cb3b2338d391,OFC1153,Udhampur,Marriage Certificate,42,139,521,422,99,40
1f3eaf8e-7b2e-4045-b0e9-729fb9e6c522,OFC1203,Kailashahar,Birth Certificate,27,130,671,188,483,48
c378496f-f155-4d41-ae29-96c608d71891,OFC8798,Madurai,Caste Certificate,50,148,607,53,554,45
4abd0f60-8360-42f3-8007-b1105b4250b9,OFC3336,Kathua,Income Certificate,37,116,760,38,722,45
e2205001-4fc4-43ab-bf3b-4462a2a1d9c4,OFC6280,Silchar,Domicile Certificate,42,57,668,60,608,48
0a46802e-6769-45c6-b68d-27822615b335,OFC2250,Katihar,Birth Certificate,24,109,358,192,166,45
1d3bfc06-9c80-49c5-a623-7e65619e8f3b,OFC2983,Nanded,Domicile Certificate,34,89,134,129,5,40
e908b63a-8d48-4d20-aa84-45d5f8060e41,OFC6639,Vadodara,Domicile Certificate,23,95,567,392,175,40
b67d76bb-8ab4-4392-98ce-4743765e7409,OFC8915,Darjeeling,Death Certificate,28,133,593,37,556,48
56506a58-23d0-4c77-9291-564648548188,OFC8886,Dharamshala,Income Certificate,22,115,223,113,110,48
e5f17879-c52a-47c2-b5c1-fdc35b1fd1b1,OFC4857,Patna,Death Certificate,48,32,668,450,218,40
7b3a5337-ba1e-48bd-a329-29b11ed96f28,OFC4714,Kavaratti,Birth Certificate,22,130,675,198,477,45
576e7856-f483-408d-918a-e09d6fac4fc5,OFC6999,Bikaner,Marriage Certificate,49,121,162,53,109,40
e12ebe0a-28df-453f-aa19-5d59a379af19,OFC6630,Muzaffarpur,Income Certificate,40,46,90,73,17,35
8b3834cd-2983-458e-b425-d4ffaf1b3644,OFC7452,Udaipur (Tripura),Death Certificate,36,64,167,75,92,45
d1c35270-0ebb-4454-923b-ce7db39f1daf,OFC7213,Champhai,Caste Certificate,37,65,371,65,306,45
c4ed75aa-78f4-46bb-9bed-5bedf878f778,OFC4788,Bardhaman,Income Certificate,28,146,913,871,42,40
d0e62fbc-92c9-4191-a166-c956950fb169,OFC7281,Solapur,Marriage Certificate,45,43,210,165,45,48
bcd9f76f-9d15-436d-b250-6d7d7de49375,OFC1879,Central Delhi,Marriage Certificate,42,177,625,413,212,35
d4f5a8cb-5b54-42a9-a676-6ba3b193bc20,OFC9867,Dehradun,Caste Certificate,30,23,632,137,495,45
e83eaf62-aaeb-4303-a82e-bf54cced2d84,OFC2481,Warangal,Death Certificate,37,29,901,211,690,35
04cf82d7-f075-4ea5-acaf-bc62869fb3e9,OFC3105,Jodhpur,Domicile Certificate,34,88,787,215,572,35
3771bb0d-e704-47c2-a0c4-336d3b7ece12,OFC9732,Muzaffarpur,Death Certificate,43,134,628,42,586,45
aeb1a040-7a51-4744-b7c0-dba7e0a5b2ad,OFC6327,Kathua,Income Certificate,45,137,145,117,28,48
512372ff-3da1-4705-9152-871a12fd5bb4,OFC3317,Sikar,Marriage Certificate,26,62,577,423,154,45
577058a5-4d2d-45c4-ae04-1b469e7fad28,OFC3535,Karimnagar,Marriage Certificate,47,166,804,579,225,40
95518956-5e48-4a47-81fc-6a3c10a990f5,OFC1565,Shimoga,Caste Certificate,39,153,887,168,719,45
e70e8758-2abd-497e-9644-01d5daa645a5,OFC2358,Deoghar,Income Certificate,28,157,415,375,40,40
37b8a30f-887d-4e48-9baa-268eb6774662,OFC6809,Ahmedabad,Marriage Certificate,5,55,556,106,450,48
924931f5-da16-4112-9061-272ab6cf685b,OFC8093,Udaipur (Tripura),Income Certificate,23,94,900,770,130,48
e1cf1235-692c-48a8-8683-f03c48010f92,OFC9845,Bilaspur,Income Certificate,35,71,78,73,5,40
29aacd74-b918-4d29-ba00-5c3e84675a94,OFC1382,Dispur,Income Certificate,28,146,481,202,279,48
feb6fadd-a7db-4888-87ee-7728ae24bb79,OFC2593,South Delhi,Domicile Certificate,37,77,61,56,5,40
8a6eddb9-577a-4710-b31a-bc8a256b392d,OFC9573,Bilaspur,Domicile Certificate,36,164,196,40,156,48
0ada3b79-9205-4744-9d5c-dd2f319c806f,OFC7195,Gangtok,Domicile Certificate,10,86,100,97,3,40
60a19588-6bd4-4d33-9b3c-c88043a1185a,OFC8036,Bhavnagar,Domicile Certificate,7,172,318,184,134,40
4aa8092d-5633-42d7-b704-847e805e5b64,OFC5435,Tiruchirapalli,Marriage Certificate,28,75,871,63,808,45
77644cf5-3174-4e96-97c4-f0c6acc119bc,OFC9277,Satna,Income Certificate,20,46,555,479,76,48
1796babc-3ed1-45f2-8edb-b58c9891b618,OFC2894,Tuensang,Income Certificate,46,170,52,35,17,35
e0785304-df57-4280-aac8-eabc9a0f5511,OFC7788,Central Delhi,Income Certificate,18,73,692,634,58,48
1dcb35a5-2863-4369-9a34-f6be8452342f,OFC4943,Dhanbad,Income Certificate,7,137,303,62,241,45
9b49dd7d-c1b7-405b-b560-4863ad986594,OFC6576,Medinipur,Income Certificate,45,76,421,325,96,40
3d6bb8b4-ff1f-4270-b841-9bc844ea26b7,OFC2356,Bhagalpur,Death Certificate,21,170,565,479,86,40
349d13e5-070a-4670-8671-7820a10b1ba1,OFC3072,Agra,Death Certificate,18,28,777,683,94,40
b9a6d9e1-46c7-478a-b4cf-df72f88ec693,OFC5833,Haldwani,Marriage Certificate,50,120,379,291,88,40
338e4281-fc2c-4ccd-a4e9-3daa16a58301,OFC9065,Darjeeling,Caste Certificate,19,34,952,492,460,48
48dd602d-1188-4879-93a5-955812e0c10c,OFC2465,Shimla,Caste Certificate,9,36,492,174,318,40
4e8a557a-e0c5-4d26-9658-054f1e3f71b4,OFC2845,Leh,Income Certificate,17,174,837,628,209,48
a488a2b9-3fd8-4e5a-93ac-a7af65398b9a,OFC4568,Bikaner,Caste Certificate,8,171,681,101,580,45
61141136-e4c2-4bbb-88e7-1f2d2630364b,OFC5728,Tezpur,Income Certificate,47,152,449,148,301,40
156807d5-bb7f-4214-91fe-7f32a32a0a86,OFC1845,Ujjain,Income Certificate,47,56,319,142,177,45
d27ee89d-979a-43e4-b4c4-01fa5de02543,OFC2869,Ujjain,Income Certificate,33,71,777,412,365,48
89e5d4d1-be3b-4060-a5a7-e7aace9862b7,OFC5458,Silchar,Domicile Certificate,36,124,390,275,115,45
5cff0203-e0f5-478a-9ebd-aeedd8fe76d4,OFC3038,Pasighat,Domicile Certificate,29,169,187,69,118,35
75da0fac-36e8-4472-9ce5-cf09378a9118,OFC9168,Ratlam,Death Certificate,43,130,507,288,219,35
27b7adda-7aa7-4e4b-b9c8-b53c95f5617d,OFC3070,Mokokchung,Income Certificate,15,144,752,689,63,45
71b91a4d-1c10-4095-bbf2-88a7e4e80e48,OFC3257,Tiruchirapalli,Birth Certificate,45,25,583,478,105,35
2c5c0d87-8c1a-4d4e-a32e-336fcc407a09,OFC7146,Havelock,Death Certificate,10,29,813,374,439,35
98636422-50cc-48dc-a49e-90cd54a1eef1,OFC8533,Agra,Caste Certificate,49,83,661,401,260,40
653a6971-23b7-41f8-97e9-29995bf79a34,OFC4038,Mokokchung,Caste Certificate,28,32,525,470,55,45
104b358d-c46b-43ac-a020-24679c227b8d,OFC8742,Agatti,Marriage Certificate,41,154,784,88,696,40
49f41896-4cb9-4be2-9de9-84d892427e82,OFC7082,Gangtok,Income Certificate,35,161,143,79,64,35
8293c27a-37f0-4637-a9f3-3ca03903558a,OFC9931,Jammu,Domicile Certificate,12,126,537,213,324,35
400e877e-cc4e-413e-aedc-a6dfcc10ac0a,OFC7757,Delhi,Domicile Certificate,41,151,217,185,32,48
4cd77012-f032-44c8-af92-67ff57f6a875,OFC2417,Pathankot,Domicile Certificate,18,99,844,834,10,40
bc5798ef-11d5-4954-b59f-501cdcad4bc2,OFC8740,Thane,Caste Certificate,44,147,609,42,567,48
d7a83e0c-b60a-4555-a2ec-314c047a2060,OFC4247,Shimla,Caste Certificate,32,103,912,558,354,35
1ff0e222-7fd4-4deb-b0f5-9e6e4ac81323,OFC5278,Jaipur,Income Certificate,27,119,806,529,277,45
b90a458a-902c-4451-8e1a-a21654c81756,OFC1542,Durgapur,Marriage Certificate,16,152,373,132,241,40
cc4c1084-7701-4774-aaa6-9f75e9b461e9,OFC7867,Haridwar,Marriage Certificate,31,83,594,146,448,35
4437f8c4-f3db-487d-aea3-79426254b87c,OFC7053,Vellore,Marriage Certificate,8,36,164,116,48,48
5a7bfd25-51a0-4496-832a-9468a75cbd3c,OFC5023,Srinagar,Death Certificate,44,60,751,364,387,35
c91fdd35-3e01-4948-970e-5744ac0aa8b6,OFC4966,Agartala,Domicile Certificate,15,135,777,499,278,40
14d42a70-29f5-47ff-bb3d-ef169ba18052,OFC2817,West Delhi,Marriage Certificate,46,42,916,285,631,45
c01a1172-345c-4f65-a9b4-2de2aedc337b,OFC1371,Chandigarh,Death Certificate,33,118,855,403,452,35
402bd9f6-4665-41f1-a08e-6753a2e968ee,OFC4248,Adilabad,Death Certificate,36,53,907,817,90,35
b5d52bdb-8e34-4fa3-902f-def773df1354,OFC2073,Dibrugarh,Birth Certificate,17,98,370,109,261,48
38e6cc79-c2a5-43b6-bc0d-9dd26e78bfdd,OFC9918,Kota,Income Certificate,31,106,838,786,52,48
210da82c-4e2f-47a5-8321-e86df66912a1,OFC5340,Panaji,Domicile Certificate,31,133,917,332,585,35
ce6818aa-7cc8-4501-ad5a-92859da45441,OFC8083,Bardhaman,Marriage Certificate,31,104,252,225,27,45
303dba78-e883-4afc-8477-6697adbb942b,OFC9965,Dharmanagar,Death Certificate,16,52,623,437,186,48
768b0e32-30bf-4cdc-82d8-122821259fb4,OFC8467,Darbhanga,Domicile Certificate,45,146,613,327,286,35
42b50af1-7f87-46cf-a691-ea4d5c0bf464,OFC6537,Sagar,Marriage Certificate,32,141,204,157,47,48
f1aa74a9-28c1-46b2-9c45-9ced49fd10dc,OFC6725,Nongpoh,Birth Certificate,25,170,371,281,90,48
debfa1de-ea85-4ff6-bc30-0a9ef11044d8,OFC8164,Port Blair,Marriage Certificate,37,145,273,92,181,40
a3079658-9093-478d-bc29-d4c94ed10e3d,OFC7599,Kota,Death Certificate,22,73,511,56,455,45
ef4367da-1c4a-4a0d-92f8-f6742205d6c0,OFC2611,Karimnagar,Marriage Certificate,26,38,883,306,577,45
b6250e8e-ef0f-4e48-ae31-57c805ddca65,OFC1297,Srinagar,Income Certificate,18,19,120,113,7,48
c625ba5f-9c49-4219-84b0-ea497f412daf,OFC2344,Itanagar,Death Certificate,41,51,330,154,176,35
71ab5bc1-3e23-43d4-aeec-78b853bb365e,OFC5252,Dhanbad,Domicile Certificate,7,63,448,270,178,40
3189a1ef-3203-4c24-bccf-055220574ccc,OFC8645,Sagar,Birth Certificate,24,83,519,343,176,45
654e5d18-2595-4460-8f41-ef08fd12ced4,OFC7586,Asansol,Death Certificate,48,177,676,278,398,35
c13ffb75-3fbe-4f1d-abdc-9b66061c087a,OFC2123,Central Delhi,Marriage Certificate,17,142,730,183,547,40
4df8ec24-acda-4f97-8b8c-831aca83aa17,OFC9832,South Delhi,Death Certificate,8,54,664,479,185,48
0ea311e6-538d-47ca-9c97-a0ec1cb23200,OFC1407,Amritsar,Income Certificate,22,37,557,171,386,40
e7c947e5-5a1f-416c-b636-8771181aafcb,OFC8497,Medinipur,Marriage Certificate,29,102,617,368,249,48
310e5dde-c6ac-4b0f-96fb-6d2e38102c66,OFC7960,Jowai,Birth Certificate,37,54,539,401,138,35
6221de69-504b-4ef3-ab4a-dc714533ea94,OFC3118,Churachandpur,Domicile Certificate,39,62,119,101,18,48
e2f33cef-e84a-4359-8b5e-55e7f7d01e36,OFC7662,Madurai,Income Certificate,30,15,105,97,8,45
a8c200ba-5cc7-412f-aec5-17a807c18770,OFC2454,Kohima,Death Certificate,7,64,555,364,191,40
f8da91b7-d916-4abb-aa4a-4f9492cd6887,OFC3854,Delhi,Income Certificate,49,119,654,151,503,48
513f17f7-d759-4a3c-8308-1cd84446e92e,OFC4446,Panaji,Caste Certificate,27,139,698,487,211,48
319463ea-bc7a-485d-aafc-a40212dcb799,OFC9855,Patna,Marriage Certificate,14,117,809,521,288,48
67807a82-a27c-4e3d-b23f-b692ed28822d,OFC2081,Aurangabad,Income Certificate,13,103,602,240,362,40
c39da559-b404-42de-96e0-e58e48cf0cf2,OFC2342,Ranchi,Domicile Certificate,32,39,873,782,91,45
a7b06f7f-bb92-496d-afd9-4a5037a0c3a5,OFC3534,Kanpur,Income Certificate,17,26,531,321,210,48
21e3a633-abc2-488c-b7b7-364c151b9918,OFC4794,East Delhi,Marriage Certificate,43,60,62,46,16,35
15f5e11f-32e7-4329-b5a9-811e87e0047f,OFC7055,Durgapur,Domicile Certificate,22,17,982,55,927,35
af116405-232c-4f5a-91f4-2c6763aaff69,OFC1463,Kolhapur,Birth Certificate,38,135,946,820,126,48
c6b29109-366e-49bc-a0bf-baa8ba57fb3e,OFC6962,Mangan,Income Certificate,37,50,770,61,709,45
6072e8b7-4a72-4418-af75-33f09745fa50,OFC5716,Indore,Caste Certificate,29,22,200,115,85,35
18125a36-3442-4e9e-b8cf-f300f324e9e4,OFC6787,Tura,Marriage Certificate,18,19,710,485,225,45
64c6bd0a-c9ae-4890-88ad-6e00b9645ab0,OFC5598,Bathinda,Marriage Certificate,43,146,958,838,120,48
5e5439dd-94c4-4571-bd8b-5e4b8fd4d5eb,OFC6420,Jammu,Income Certificate,49,110,608,116,492,45
d0d19b95-9003-4714-b40c-93f23a2de3a1,OFC1743,Indore,Income Certificate,24,135,953,576,377,45
d7f87b61-68dc-4f0c-a0c5-2139813adabe,OFC6751,Ahmedabad,Income Certificate,36,113,633,501,132,35
3e6e0a0f-acab-4f88-a0d9-26582652d989,OFC9207,Nagpur,Income Certificate,18,16,95,37,58,48
f5e903cc-cda3-4242-b6f4-32e1904b3ec3,OFC2317,Gwalior,Income Certificate,5,169,84,78,6,48
b1058110-6fb8-48de-92b5-4936f39986e7,OFC3266,Baramulla,Death Certificate,48,177,792,341,451,45
a6162733-7180-4cc6-a37a-762ed0f8bea7,OFC9015,West Delhi,Income Certificate,15,15,301,148,153,45
466d76cb-a44e-4dfb-b298-57daadb91783,OFC9478,Malda,Marriage Certificate,37,31,495,393,102,45
b33df24e-a6ac-4e4c-aeba-61f73ad32d82,OFC3361,Asansol,Death Certificate,42,48,421,123,298,48
10197f61-6a8a-4492-9f82-8e45493f4444,OFC1857,Jamnagar,Caste Certificate,34,164,279,82,197,45
9e3d9be0-2896-4789-8415-f4d666bcf001,OFC3547,Muzaffarpur,Domicile Certificate,50,33,965,271,694,45
22ae2aff-4c7b-4cca-b1c1-901ce77a4c44,OFC8982,Mohali,Birth Certificate,28,55,785,584,201,35
8d291410-cdbc-4fad-a7d7-2cb08a536bb7,OFC2400,Dispur,Birth Certificate,13,149,813,807,6,40
b69268e6-3808-4a3f-a4ab-47633aa1422f,OFC2250,Udhampur,Caste Certificate,35,172,925,206,719,40
96f784a5-028a-43e5-8237-c01b59538256,OFC9505,Roorkee,Birth Certificate,30,76,314,181,133,45
e568d5e2-3f46-42c8-b43c-093bf21c01ba,OFC9809,Thoothukudi,Marriage Certificate,28,79,358,251,107,40
881cf07d-ad33-4a93-afcb-f992095eff35,OFC9380,Lunglei,Birth Certificate,9,79,648,307,341,35
e90de634-631d-47f9-822c-9642bcbba5fe,OFC3704,Patna,Marriage Certificate,14,56,60,47,13,40
5e107d12-bf63-4ee0-91ab-ce3fe664c317,OFC1886,Deoghar,Domicile Certificate,5,15,694,172,522,48
39813378-25a5-4e30-abcd-b4d011f1d3e4,OFC5134,Davanagere,Domicile Certificate,28,103,726,177,549,48
af5f1a12-6c47-4580-bc60-29974f7bbeb8,OFC3532,Chennai,Income Certificate,47,41,356,192,164,45
4edc2d1d-18bf-4032-a9c6-67bef3d688e5,OFC1403,Hyderabad,Death Certificate,36,92,513,488,25,45
c322f77c-df61-440c-9377-c49865338949,OFC2384,Purnia,Domicile Certificate,14,71,484,145,339,40
c9fe927d-fbfa-4f38-8d96-941901bad7c1,OFC4738,Naharlagun,Death Certificate,8,142,845,731,114,48
675b7caa-1f2a-4765-81be-589deb08df74,OFC2498,Kolkata,Marriage Certificate,26,44,68,45,23,40
8c19b884-b7ad-459c-ba8c-d7cce84f93a2,OFC8850,Patna,Domicile Certificate,12,131,762,574,188,35
8449041a-cc16-468b-b3a6-64bfe866b168,OFC4776,Begusarai,Domicile Certificate,48,164,884,700,184,35
322f148d-cb0d-4d9b-ae4b-da8dadc45886,OFC8972,Srinagar,Domicile Certificate,40,124,549,64,485,40
511c350f-0227-4620-b81d-7209f1c6057b,OFC5174,Mohali,Income Certificate,24,167,602,269,333,35
c73e36b0-c4e1-4675-ae63-06664561c68d,OFC4624,Agartala,Marriage Certificate,21,93,540,527,13,45
58a3dda1-b0ee-47b2-a116-d13dbf8c39dc,OFC5402,Medinipur,Marriage Certificate,12,74,824,182,642,48
f9e3eefd-6101-4ee2-8699-3b5b76f65863,OFC2053,Patiala,Income Certificate,29,140,967,289,678,35
ef529f52-01f3-4d6b-8d87-d49b28210636,OFC2213,Sagar,Death Certificate,10,26,657,633,24,40
34fdb088-2927-4428-9932-903ffc3f22e8,OFC4416,Diglipur,Birth Certificate,42,21,455,286,169,40
b4fee39f-0a75-49cb-9fb9-8a03ae56d722,OFC1974,Ahmedabad,Birth Certificate,30,56,964,114,850,48
0b9cacf3-dfad-467c-90e9-55f51389388a,OFC5600,Darbhanga,Caste Certificate,31,156,454,443,11,45
8df8ec22-e6ce-4248-828f-2b934e9cde21,OFC7797,Satna,Income Certificate,47,61,491,254,237,35
3005d407-c1e4-44fc-9559-fbabea905594,OFC9298,Patna,Domicile Certificate,20,114,674,60,614,35
a32c2ca6-e5ee-4c84-8944-e8028dcf00fe,OFC5773,Imphal,Death Certificate,46,137,908,642,266,45
e3dc0b8c-0f2c-4adb-83c2-654821dd794e,OFC2575,Indore,Marriage Certificate,45,128,793,68,725,45
cf977415-12ea-4bc9-bfbf-3d1cfb064c59,OFC6427,Udaipur (Tripura),Birth Certificate,27,58,408,139,269,40
efafd1e2-750d-4855-988a-78aaea106611,OFC4227,Amini,Marriage Certificate,48,15,355,209,146,40
692bdd45-f98b-4cf3-9ea1-fe4a25e2aa14,OFC9157,Varanasi,Birth Certificate,35,124,986,722,264,45
63ea4e34-e267-405b-8aac-1694cfbfa7c8,OFC4440,Champhai,Death Certificate,13,105,628,139,489,35
c697c3a7-b1ce-45cc-9c84-6a97a2109153,OFC2486,Tezpur,Birth Certificate,6,67,106,63,43,40
0e363a09-25b6-4b0b-8938-8d465a306c1c,OFC2674,Gaya,Marriage Certificate,20,57,518,417,101,35
685d61c6-b8b4-4822-97b9-bf4106aa76e0,OFC9626,Vadodara,Marriage Certificate,39,132,491,473,18,45
ce50070f-8a09-46cb-bbb3-34fc14eb3e83,OFC3638,Kota,Marriage Certificate,45,51,881,607,274,40
f9520b61-0756-401e-bf64-82b1746ecfa6,OFC1224,Begusarai,Death Certificate,36,93,863,776,87,35
45bc3338-e113-4bff-8820-417284dc835a,OFC2705,Kolhapur,Birth Certificate,19,157,996,524,472,35
08d75b67-644c-4a4a-b0f8-5a3d40b31f5d,OFC8864,Udhampur,Birth Certificate,36,175,310,194,116,45
71d9eb90-4bf0-4798-8eb2-f3136fd55a3c,OFC5606,Dehradun,Death Certificate,12,25,858,590,268,35
da80ffdf-6406-4f4a-a4df-3ce836206ac7,OFC6757,Durgapur,Birth Certificate,13,84,447,427,20,35
af86147a-0c0a-4635-b6d5-7ce53ce584a4,OFC7563,Davanagere,Birth Certificate,46,162,323,164,159,45
8b68a2db-13f6-4751-a42b-b6396062e688,OFC1842,Allahabad,Death Certificate,35,27,111,64,47,45
1fe55a6b-caae-401e-bd7b-bbfadac9573f,OFC4956,Naharlagun,Birth Certificate,42,175,555,290,265,48
709d29dd-2704-4483-bd50-17842e568b2d,OFC3269,Shimla,Birth Certificate,18,61,491,270,221,35
29afac1e-d27b-46fb-a82e-b47a773c5d86,OFC1526,Nongpoh,Birth Certificate,5,174,715,563,152,35
f5eab905-db8f-443d-9c5d-601e34c5d83e,OFC7036,Asansol,Death Certificate,13,121,141,60,81,48
28cd94f8-f015-4696-9a7b-b486d4c79e5c,OFC9086,Bhavnagar,Death Certificate,28,62,713,688,25,35
48e0daee-155b-43a0-8720-3716711eccb3,OFC9730,Varanasi,Death Certificate,28,138,604,96,508,40
d87fd152-6cea-434d-b979-2682c49ca2de,OFC8156,Sagar,Income Certificate,33,89,612,202,410,45
f55bf032-d510-48c3-a569-0e1a142e5b0d,OFC1740,Bikaner,Domicile Certificate,44,102,916,366,550,48
6717fcf9-02a8-44a8-a801-6ac60146e961,OFC3382,Mandi,Marriage Certificate,49,172,685,89,596,48
178665fb-1bd3-47aa-8674-6952623f6c4c,OFC3454,Anand,Death Certificate,17,124,87,55,32,35
4949d951-fc8d-47f2-b79c-f5a24d4ce286,OFC2351,Gorakhpur,Birth Certificate,29,81,401,88,313,45
a4ead2e7-abde-41e4-b644-729a7eff2408,OFC5881,Lucknow,Domicile Certificate,17,141,832,118,714,45
260096f7-a3f3-4f0c-a35c-13a158dabb52,OFC5297,Geyzing,Death Certificate,28,138,898,221,677,45
17f0c56e-49c8-4713-bdcd-5427d5ff7201,OFC6331,Davanagere,Birth Certificate,38,39,534,91,443,35
41448804-5f2f-4baf-9f7c-6f2e997d4102,OFC3056,Mangan,Marriage Certificate,17,30,508,207,301,35
d51d30d7-5521-4adb-b636-46a6f362e26c,OFC9544,Thane,Marriage Certificate,5,173,883,228,655,48
70b786ed-79c9-4083-9bf1-b7810ecdec92,OFC7486,Solan,Domicile Certificate,40,97,417,366,51,45
5f5d6e9a-d56c-413e-b6e7-2932c39277c7,OFC4168,Rewa,Caste Certificate,15,85,978,786,192,48
84fec64e-b061-4ea7-918a-906cc196b5ab,OFC9024,Gorakhpur,Caste Certificate,13,133,816,45,771,48
8ecf7143-d11e-4fbd-a9bf-379a9753c2a8,OFC9740,Dehradun,Death Certificate,43,15,967,390,577,35
7073cbae-5b59-4d89-9000-67003ab2afa6,OFC6221,Deoghar,Income Certificate,45,58,853,776,77,48
f72163b8-7887-4e50-a19d-413e4445967c,OFC2708,Anantnag,Marriage Certificate,35,130,937,104,833,45
6d47cce6-ace9-4aa7-97ef-992bc0042d5b,OFC6394,Shimla,Death Certificate,30,43,496,238,258,45
3f2c732d-707b-41cd-b0fa-65d38542ca1c,OFC2469,Delhi,Marriage Certificate,6,127,393,141,252,45
688560b2-a25f-46e9-9f10-5d220ab5950a,OFC8916,Tezpur,Death Certificate,8,158,288,210,78,35
e8900929-55c2-445a-bcc9-cd2b20cc7663,OFC1011,Warangal,Death Certificate,42,59,992,418,574,48
d57d0ff9-c76e-4b8e-b5d2-50faeb9fddcb,OFC3374,Nagaon,Death Certificate,50,17,711,266,445,35
dee37218-8105-4451-9ebd-cf842df970de,OFC9229,Mayabunder,Death Certificate,17,135,209,154,55,45
e1e17a75-b54f-4728-b384-404af38a7f07,OFC5202,Rajkot,Income Certificate,29,105,581,288,293,35
5e8efec0-7db2-43c1-813f-dad8fc366cfe,OFC8523,Allahabad,Domicile Certificate,48,149,899,458,441,35
8faeed18-ea66-4fd8-8090-ae8bb62bf00b,OFC2932,Vellore,Income Certificate,23,32,749,633,116,40
d28f4ed4-07a5-47f1-a9a8-04d223fe2c21,OFC1788,Thoubal,Domicile Certificate,39,104,624,595,29,45
a7139cb1-5ce9-4266-9b4a-b5360ad97cce,OFC9648,Kavaratti,Caste Certificate,40,69,811,130,681,45
7f47df53-02b2-4ef3-badd-8fa10b66d894,OFC8093,Bhilwara,Birth Certificate,21,168,935,892,43,40
c1610432-9d72-40c3-ad4c-fc399bb04fc2,OFC9882,Surat,Death Certificate,10,75,647,55,592,48
84477c58-4217-4857-abd4-8d2b5f9f8871,OFC8444,Kolkata,Birth Certificate,29,92,981,631,350,48
00c4fa49-4ec9-477c-ae43-487077d1d0f1,OFC3402,Varanasi,Marriage Certificate,18,83,323,78,245,48
57bb5e61-0e05-4413-b027-0aaf32705872,OFC2004,Jammu,Caste Certificate,9,144,851,466,385,45
eabf2747-d32d-46e7-b853-ac6f7f4cf1b9,OFC4902,Darjeeling,Caste Certificate,25,24,801,694,107,35
78816b34-95cd-4ae3-bcb1-2762e51254c3,OFC7107,Mayabunder,Domicile Certificate,29,167,709,518,191,40
e9630afe-bb17-4ef2-94b1-8134fc8c325e,OFC4219,Udhampur,Marriage Certificate,40,29,994,747,247,40
f5095dd0-b0e8-44ff-ba70-c8ec133d2c6e,OFC4462,Patiala,Marriage Certificate,41,93,121,86,35,35
a512e9cc-612f-4e4a-9738-6798ba03dba8,OFC7828,Srinagar,Caste Certificate,6,74,911,312,599,35
fe0848bb-8bfe-4065-96b4-066ead4afa5b,OFC2931,Coimbatore,Income Certificate,29,111,326,326,0,48
4c90e97c-f933-4082-b102-90461bb2445e,OFC8041,Begusarai,Birth Certificate,18,141,990,767,223,35
63f0a018-77ad-40d3-9f09-1d78e43720d6,OFC1266,Kohima,Marriage Certificate,19,165,626,477,149,40
9a07c4d8-3148-46a2-a176-4bc539b9f7e8,OFC3855,West Delhi,Income Certificate,24,116,761,497,264,48
c62a974b-0b96-4db8-96de-5aed35e33bc2,OFC3649,Dhanbad,Marriage Certificate,39,166,225,37,188,48
9d2c73ed-af7b-47c9-8680-8c4eaf8a79ff,OFC2608,Jammu,Domicile Certificate,28,44,588,423,165,40
fa07b87b-a32c-4981-93bc-691a7cec0187,OFC3944,Ajmer,Income Certificate,31,33,232,163,69,40
608f2cf1-c8a5-42af-a708-a36cb63d6097,OFC1619,Anand,Income Certificate,13,109,283,276,7,40
7fb1262a-830f-4e91-984e-cea61e35cfc8,OFC4350,Nagpur,Income Certificate,19,99,122,33,89,45
56d42400-9dc2-4014-94f6-5cb0f62ef1b1,OFC5134,Darbhanga,Death Certificate,10,124,734,375,359,48
e1ff6a05-0bd8-4a08-a977-0e1a2060d314,OFC4372,South Delhi,Marriage Certificate,9,113,576,511,65,40
6a29570d-bd16-4cfc-8196-bfea2b6eb38b,OFC4422,Shimoga,Income Certificate,13,151,686,552,134,45
2e9db73f-b0ce-43a3-ad7d-025fb64586cb,OFC2921,Dharamshala,Domicile Certificate,14,179,456,97,359,40
93bb361f-6e44-48a0-8532-aada730e18b9,OFC6674,Kailashahar,Birth Certificate,46,178,759,180,579,40
ffcff184-7067-4cf4-94d6-2ef41971b235,OFC6032,Hazaribagh,Birth Certificate,5,114,945,840,105,40
3954aecd-5949-42fb-9f89-3bc7fd01d989,OFC7620,Kohima,Death Certificate,24,29,661,111,550,48
9eda97ae-a3ac-4024-b9ce-80da20c82066,OFC8560,Amritsar,Death Certificate,49,72,199,35,164,45
41c5cba0-f634-443f-be7e-adb53b7eaf34,OFC2864,Amravati,Death Certificate,43,179,999,201,798,35
ca17aa1d-c19a-472c-8b9b-5dc54cdd78e5,OFC2478,Jammu,Caste Certificate,30,64,872,317,555,35
2d340bc7-91ca-4615-a932-7af8f2b35c7a,OFC3613,Dehradun,Caste Certificate,21,132,153,130,23,48
95122cf1-e277-4df2-bec5-9d2e399e1173,OFC1589,Namchi,Domicile Certificate,9,144,984,613,371,35
9faf8ebc-a369-4161-ad03-f68f894a2bcb,OFC7828,Baramulla,Domicile Certificate,47,174,995,593,402,35
557286b8-0d59-4734-be16-215b39ef19aa,OFC1746,Surat,Death Certificate,13,25,502,35,467,35
111af617-4662-4a78-8919-a46d5fddfec1,OFC1974,Agatti,Death Certificate,40,20,139,125,14,45
88c5c85f-7c73-4f6d-ab88-7d8ad357ef4a,OFC2652,Nizamabad,Caste Certificate,12,124,745,365,380,35
6071c197-59a7-4457-aa41-42be24392578,OFC1033,Adilabad,Birth Certificate,13,43,267,77,190,48
90059622-3ab5-4ccf-8015-99cdbab2420f,OFC2902,Gulbarga,Marriage Certificate,19,33,100,51,49,45
4ca25768-dc6f-49b8-bb97-21f0cabffcd9,OFC3450,Vasco da Gama,Income Certificate,25,41,401,274,127,40
7ad6efc7-a22f-42fe-9276-81afd4f01634,OFC4420,Kota,Death Certificate,44,21,201,185,16,40
40389ab4-b0fb-4dcc-ad0f-f937df2d0efa,OFC9957,Tirunelveli,Domicile Certificate,21,148,259,130,129,35
db1fac04-d870-4814-bb34-7edc5ef1ed71,OFC9442,Naharlagun,Caste Certificate,50,82,78,55,23,48
6c343bf9-45f0-452f-a37e-8d812e0ebe68,OFC7126,Aurangabad,Domicile Certificate,13,27,833,223,610,45
f38ec927-fab8-4bdc-bc23-e61d19521fa7,OFC8121,Bardhaman,Caste Certificate,43,179,306,98,208,45
85b5b2b1-a676-421c-a624-e1bec9ebd6a7,OFC1051,Coimbatore,Birth Certificate,32,127,596,170,426,40
b094e0ce-01eb-49e4-b3b7-45f2d70b9420,OFC2204,Rudrapur,Death Certificate,29,34,613,593,20,40
2065f347-79bd-4908-9042-a44a692497b0,OFC6583,Bishnupur,Death Certificate,18,85,845,543,302,35
67506415-6f7d-4856-a591-8048bc9f2398,OFC9259,Bhagalpur,Marriage Certificate,37,72,242,228,14,48
044d0639-0482-4bf2-9417-3304bbe2b508,OFC8213,Gangtok,Death Certificate,25,161,109,78,31,40
717d2883-2fab-4069-bad9-1267281dfa77,OFC3323,Udaipur,Marriage Certificate,27,139,431,63,368,40
ed7a408f-c618-4924-9079-d174cb70971a,OFC6417,Bardhaman,Caste Certificate,28,177,729,220,509,48
695efa3b-cbda-48d6-804e-09c1e65175fd,OFC8072,Diglipur,Marriage Certificate,33,56,544,91,453,40
79b4404c-a61c-4cba-ad60-6166936cecf2,OFC8417,Tawang,Marriage Certificate,44,33,981,815,166,45
737bb59c-6757-441c-83cf-6ed922e2a600,OFC4075,Jammu,Death Certificate,7,142,733,251,482,48
8a05c286-402b-4ad4-8f2e-2474a9bb67cd,OFC5559,New Delhi,Marriage Certificate,39,114,465,329,136,35
738c64e3-421e-4bc3-9680-2dc7aeb4c497,OFC4506,Tawang,Domicile Certificate,37,81,437,48,389,48
c14ca7e7-41e9-42a5-912d-1cca6982e0f0,OFC1014,Adilabad,Birth Certificate,9,142,659,432,227,40
7a49493c-329f-455f-b7a8-3d6b14c864d8,OFC7442,Kashipur,Income Certificate,6,74,580,69,511,35
c9ba91b7-283f-4d4a-9688-72d2c3da9650,OFC4876,Amravati,Birth Certificate,48,145,950,414,536,40
0486beba-7569-488b-8098-622d2cb7eaf8,OFC4922,Silchar,Domicile Certificate,35,41,378,159,219,35
b5a7d85f-09a7-4842-a7fe-1c34fee58356,OFC8602,Erode,Domicile Certificate,49,39,561,350,211,45
3045fafb-1c90-4485-98c0-b8426d1b253a,OFC2558,Bhagalpur,Birth Certificate,11,67,232,120,112,35
7a4fd61e-356c-446b-b020-da7985310205,OFC7895,Haridwar,Marriage Certificate,42,51,532,406,126,40
d8abc3db-3984-4776-873d-25ecb219a4db,OFC2929,Gangtok,Domicile Certificate,11,139,375,37,338,48
881aa17e-eee9-4901-b96c-3b49a7742d8e,OFC1984,Dharmanagar,Income Certificate,26,69,947,746,201,45
d4062d84-7f73-4c34-b43c-c9da3017b145,OFC1474,Kolkata,Caste Certificate,41,178,465,390,75,45
2811a767-6baa-4985-85e6-db7894ffbd6e,OFC6308,Silchar,Domicile Certificate,39,157,378,204,174,40
64995014-274b-4fc7-a2c8-c399ecbff5ef,OFC1574,Bokaro,Marriage Certificate,11,179,596,133,463,35
60c36a6a-f3b0-4a3b-9639-15725c1fc0d9,OFC2407,North Delhi,Marriage Certificate,23,152,459,455,4,40
c8bcbda9-1160-4d5c-a2c4-5d015370d414,OFC3148,Itanagar,Birth Certificate,20,56,805,799,6,45
e418bc0b-5bd3-4333-94f0-ad031aba8109,OFC4421,Ujjain,Income Certificate,11,18,637,408,229,48
5cb89cf5-a104-4a7e-b226-7c724295c055,OFC9341,Shimla,Birth Certificate,24,147,673,148,525,35
10de3208-f0db-43f0-8da5-4a14fd120b00,OFC7800,East Delhi,Domicile Certificate,25,162,973,245,728,40
307b92f9-bd80-4732-a0d5-b8fcfd6b052e,OFC5115,Namchi,Domicile Certificate,47,71,682,541,141,35
e8ef70bd-b268-44ed-bef1-67b7e6721146,OFC1896,Jaipur,Domicile Certificate,45,172,171,88,83,35
b4107275-77f4-442f-9213-0f4589e486f5,OFC7364,Churachandpur,Birth Certificate,27,163,62,47,15,45
6037cad5-ad0c-4ea5-8a61-53123e36b839,OFC7857,Adilabad,Caste Certificate,7,56,82,76,6,40
55785abd-273e-45ee-8d9f-ca277d628215,OFC4965,Tiruchirapalli,Income Certificate,9,130,262,172,90,35
bbc5c657-618c-44c5-856c-69fce1eac9af,OFC7346,Howrah,Domicile Certificate,30,61,925,289,636,40
e0d198ed-167a-499f-8fb4-8a9b6b229f88,OFC3818,Rajkot,Birth Certificate,46,60,245,214,31,35
909a474d-49e2-48c6-a2f2-0b18f3ec241d,OFC4648,Nainital,Marriage Certificate,13,140,480,222,258,48
c352ee2c-96ae-4903-8738-ada896072b3c,OFC1221,Kolhapur,Income Certificate,27,86,746,78,668,40
e949c86d-add8-4119-b0a7-e4b18c186ca5,OFC3278,Kota,Domicile Certificate,49,144,91,54,37,35
7e9096da-911f-4f79-aef3-a2db6d1c6fca,OFC5611,Amritsar,Domicile Certificate,11,31,126,57,69,35
e9403386-0ab0-41d6-9be7-46d6445c4f18,OFC1699,Pune,Income Certificate,24,107,497,133,364,48
928bb85b-baa0-479a-9dfd-ee67fded8085,OFC4788,Medinipur,Income Certificate,10,104,894,883,11,35
ee7f388e-0212-46f2-863a-a8491c5facc5,OFC3625,Sikar,Birth Certificate,10,108,638,90,548,45
e3dd1d2a-19ef-4e17-92e0-1a2f98f65aa3,OFC4465,Karimnagar,Marriage Certificate,17,179,354,299,55,48
e9171ee6-36f9-43a4-b000-82d3169ff380,OFC2123,Amini,Marriage Certificate,8,41,524,348,176,48
10f39d7d-3ea6-4ead-b74d-982baa9aa938,OFC7751,Dhanbad,Caste Certificate,25,87,277,207,70,35
589e2b43-a2ad-46ae-8f77-88f2d209bdf5,OFC5717,Srinagar,Birth Certificate,31,101,196,61,135,35
a33cbc43-a037-484f-ac8c-4843ff8a7835,OFC2826,Warangal,Income Certificate,33,66,451,311,140,48
2290d241-9d5b-4290-b38e-53c4193f9c79,OFC5715,Mangan,Domicile Certificate,30,36,678,624,54,35
7e2601b6-3abf-4b29-8c63-221dc6ad2aa7,OFC1530,Begusarai,Caste Certificate,22,30,922,849,73,35
9413c361-37d7-400a-ad62-08240d122986,OFC2743,Kailashahar,Marriage Certificate,12,179,875,547,328,40
4e70ed48-43db-406d-9e7b-75d2622f4d46,OFC2297,Alwar,Domicile Certificate,22,30,852,243,609,40
0c0470de-6874-4c8c-93d0-206d26db1852,OFC7668,Anantnag,Caste Certificate,20,18,179,103,76,40
011c5401-9e3a-447f-8d91-c21c31c2a1ce,OFC7889,Tura,Birth Certificate,16,93,342,264,78,35
f6cc3b1b-1a02-47ca-a8dd-5e141927ed09,OFC8332,Dimapur,Marriage Certificate,8,15,457,388,69,35
a9abb9c8-be05-4014-a636-a42c83ab85e4,OFC4862,Minicoy,Birth Certificate,19,105,745,75,670,48
6627be30-4d7d-4ac7-9847-bc7fcfc5d2f9,OFC9205,Kolkata,Death Certificate,14,140,55,44,11,35
0359b70d-c08a-4c0e-8c75-5f2911ca86cd,OFC3952,Bathinda,Domicile Certificate,6,33,670,582,88,48
8329c277-d8c0-4dcd-be90-85d59b921599,OFC6893,Salem,Income Certificate,6,147,485,347,138,45
2eaae419-aec6-4ea9-bb5f-8663eac76d43,OFC6402,Deoghar,Marriage Certificate,33,162,89,79,10,45
5319a669-cc55-4e5d-9703-a9cf6ffcb7a6,OFC1999,Mumbai,Caste Certificate,38,67,821,791,30,48
1572440b-7334-4a40-9423-d46ec7609619,OFC1013,Dispur,Domicile Certificate,24,43,360,92,268,45
cd5485ba-9928-4cf9-9a1e-689e125e19c1,OFC7987,Katihar,Income Certificate,37,154,304,184,120,48
65b8b09a-8592-413d-904c-7a853e96eb92,OFC4595,Gaya,Death Certificate,45,155,595,108,487,40
8b504ec4-8a9f-4777-8970-398a4ec8e4fa,OFC2271,Kohima,Domicile Certificate,10,176,591,69,522,45
69294170-dd48-4bf4-b634-4532b987ec55,OFC6646,Amravati,Domicile Certificate,44,178,654,390,264,40
17ea6ab7-5088-442a-b57a-b520b3c93b69,OFC5467,Jammu,Caste Certificate,32,124,887,404,483,48
1e5f48e1-fac0-4d4d-9032-b3537ee7ba72,OFC3910,Erode,Caste Certificate,28,157,991,604,387,40
d7354b9b-ea92-4628-877e-e06775b06423,OFC8228,Warangal,Death Certificate,45,70,441,242,199,45
05b0189c-eb64-437a-95f4-8fb11a36f36f,OFC5713,Coimbatore,Income Certificate,31,137,423,125,298,45
dce7d045-b4b4-4bd1-b3bb-8b12b672e6ba,OFC5553,Muzaffarpur,Death Certificate,17,118,912,187,725,45
5fd0a3e8-48b6-4208-bdf0-d5d1edca2f04,OFC6412,Durgapur,Death Certificate,24,150,519,280,239,45
e7377f00-4090-48ef-b0df-0e4b8edfadcf,OFC3558,Jamnagar,Birth Certificate,30,44,175,165,10,40
9d7121c8-97ad-4378-a78b-c315b2f1192e,OFC3726,Pathankot,Income Certificate,12,15,668,593,75,35
f8701864-77e2-41ae-8e9a-abf05161333a,OFC8928,Pasighat,Domicile Certificate,33,41,973,52,921,40
0a401a88-1131-488e-a131-475fae44aded,OFC3019,Sikar,Income Certificate,35,98,894,32,862,35
d18d3d42-7cb1-449e-976b-61d7b2591350,OFC1987,Bokaro,Death Certificate,7,116,313,253,60,48
5a9639a1-2745-48d7-a365-2bea62b829f9,OFC5909,Agra,Caste Certificate,6,108,415,186,229,48
d64c4426-eb7c-4381-8f44-4dd4c56a0e4a,OFC7350,Leh,Caste Certificate,7,78,850,499,351,40
d59731ff-c80f-4fbc-b72e-c3665455c3c3,OFC2854,Khammam,Marriage Certificate,39,175,575,313,262,48
0f7ed77b-7fcd-43fc-845a-7d4596be724d,OFC8851,Gangtok,Domicile Certificate,37,82,381,218,163,48
a3aa817d-c9f7-40ac-a58d-908932a19ad6,OFC1043,Imphal,Birth Certificate,31,46,614,64,550,45
085f0a4e-2561-4ae9-a860-20997c524168,OFC4252,Nainital,Birth Certificate,26,113,173,71,102,45
92659794-238b-42ed-a91e-c0fccf18915e,OFC3373,Ghaziabad,Caste Certificate,39,22,218,39,179,48
7f64df90-9ef4-4694-853d-f56d746e580e,OFC4763,Amritsar,Domicile Certificate,49,47,459,218,241,45
38942942-d7fe-464f-aac7-62d197d326a2,OFC2431,Jamnagar,Caste Certificate,16,19,385,274,111,40
cdd0c11d-daca-48ef-8187-9f9e3789d19e,OFC4827,Aizawl,Marriage Certificate,14,110,149,45,104,35
34492922-ac67-48c5-b124-3146308580e8,OFC6953,Kullu,Income Certificate,42,149,666,413,253,45
296a54a6-eb49-476d-a746-01babfeffeff,OFC8889,Medinipur,Birth Certificate,15,91,936,912,24,45
a70b5e5c-a036-42e7-b376-fcd93b555b86,OFC9762,Tuensang,Birth Certificate,32,164,650,452,198,35
f2f9ca8c-6a1e-48c3-a2d4-db5236b2a118,OFC8490,Port Blair,Income Certificate,44,130,651,191,460,45
e8eb680d-0eb7-4259-82b6-251e2576f05f,OFC1172,West Delhi,Birth Certificate,6,53,668,355,313,40
1277557f-e7fa-4c97-b8c9-37bde5ef95d0,OFC2210,Karimnagar,Caste Certificate,23,65,327,144,183,48
da15dda2-4037-44da-a692-2a43c3621b41,OFC1389,Tirunelveli,Marriage Certificate,46,27,851,443,408,48
595aeb76-935d-4ffc-a963-31a0a9f5d4fa,OFC9892,Port Blair,Income Certificate,43,49,598,434,164,35
2358b5f4-3484-4bf6-a1f2-044d9e577b77,OFC8307,Mangalore,Marriage Certificate,44,69,932,899,33,35
3c84ed25-94e8-4f85-9e0d-a125426d466b,OFC8137,Roorkee,Marriage Certificate,8,97,483,414,69,48
bdfd4ffe-6232-47b0-b1cb-4cc36e20934f,OFC3900,Haridwar,Income Certificate,27,155,336,199,137,45
e33c7ffe-9072-4626-a88f-ab216802f2fd,OFC6114,Hazaribagh,Income Certificate,36,17,504,390,114,35
e6fd8abd-04c1-46a7-986f-0641d74e4fca,OFC9122,Purnia,Birth Certificate,18,163,623,567,56,48
609db613-f688-4085-8e1e-70f5f68c21ba,OFC9498,Hazaribagh,Domicile Certificate,7,109,850,209,641,35
85a41b49-ae20-42cb-a12f-d8996a80196a,OFC7017,Begusarai,Birth Certificate,41,61,700,356,344,45
b2cf3509-d15c-47dd-9bfc-213e130cbe23,OFC9311,Nagaon,Birth Certificate,16,145,351,230,121,35
7e9ac8c9-62e4-446e-8964-5cbe835ec9e8,OFC3368,Bareilly,Marriage Certificate,14,117,787,455,332,45
98fad366-fe4f-4eff-b2c3-16aac91ad41e,OFC9142,Bhavnagar,Domicile Certificate,10,160,170,130,40,48
25428662-5886-4028-bc4f-55db9549817c,OFC7482,Gorakhpur,Domicile Certificate,41,148,482,393,89,35
b9d15418-908e-4f79-a90e-83ebf148c73a,OFC3046,Agatti,Domicile Certificate,36,154,591,336,255,40
c26a2a66-efd3-4883-ab17-afd58be0e165,OFC3545,Bhilwara,Death Certificate,16,115,925,394,531,35
7ca93c56-92c7-4341-89be-e2d85c3fb24d,OFC5976,Geyzing,Domicile Certificate,17,140,728,229,499,40
58562d3c-8abf-48a7-8626-7484523aa5fa,OFC6994,Bhagalpur,Caste Certificate,6,22,815,660,155,48
b66ef5a9-e500-4fdd-92d5-ee40738c42cc,OFC9067,Katihar,Death Certificate,30,104,109,52,57,45
9c067f80-d269-4eff-99b5-325ea4e3e641,OFC2675,Madurai,Death Certificate,50,154,234,221,13,45
30a5b309-3264-444b-9457-a74b007b51e8,OFC9883,Gaya,Income Certificate,8,129,384,43,341,45
faf4ae32-e7bc-40ed-979d-5fa92d83e278,OFC6586,Shimla,Birth Certificate,10,23,176,43,133,40
08db16c7-e43d-41fe-a643-a43d4371edc6,OFC7572,Bilaspur,Domicile Certificate,13,114,72,41,31,45
018e6db1-2f92-4c30-a7aa-86e947f1589d,OFC3496,Hubli,Birth Certificate,16,17,122,39,83,35
6dace1e2-b10c-458e-9ee7-6e9f25056797,OFC2638,Ratlam,Caste Certificate,31,39,109,96,13,48
cb5edec2-3d1e-4a59-a71e-c08d8ea6c6fe,OFC5012,Vellore,Income Certificate,46,160,358,238,120,45
0c4f88fd-0f8d-4896-b10d-88e32448152d,OFC3587,Bhavnagar,Death Certificate,42,179,439,277,162,35
2d52a80e-badd-4d10-af8f-cea10e56fb4b,OFC9663,Hazaribagh,Birth Certificate,19,49,735,669,66,40
ab069492-8a63-4b24-9a8e-4b86d2adbefc,OFC5798,Bathinda,Marriage Certificate,5,24,665,267,398,40
f8847bc7-b509-4e98-9383-5ec7dbf11fd7,OFC8444,Dharmanagar,Domicile Certificate,29,148,630,359,271,35
9dfd4cb4-64f2-41e0-9557-616d1f44cb47,OFC4510,Rewa,Birth Certificate,8,169,273,82,191,48
2ebf6b2e-2602-4d2b-b61e-d5b8f09f524a,OFC7080,Panaji,Caste Certificate,44,74,641,162,479,35
a2a50a43-deed-47e1-ad47-94b68549f183,OFC7488,Tawang,Birth Certificate,35,36,501,124,377,45
de024698-4cf4-4a88-af19-90ac97ef3883,OFC8564,Kailashahar,Death Certificate,18,15,213,120,93,45
0f532340-923e-4403-a630-ba7bc754c026,OFC2509,Nashik,Caste Certificate,36,85,398,104,294,45
f152e806-45ba-4292-994a-4e9162b1acff,OFC6486,Bilaspur,Marriage Certificate,26,63,599,548,51,45
009d7346-1deb-4664-a79a-e435a0140b19,OFC7616,Gorakhpur,Income Certificate,21,76,578,305,273,40
dccc5d64-682d-4f4f-9c89-99da50831fce,OFC7939,Kailashahar,Domicile Certificate,32,121,906,37,869,40
9d746fee-9cb2-4c6e-947b-f3fa3555efaf,OFC7325,Tawang,Birth Certificate,31,65,853,649,204,45
1c3d0412-b403-4cb1-ac16-e99f2d8fc632,OFC3800,Havelock,Death Certificate,34,179,592,276,316,48
3d0bbfd9-c67e-4b17-a56a-c02c84f0f32a,OFC3012,Gaya,Death Certificate,23,79,341,48,293,35
81376b69-f4cd-44f8-95d6-3c7162e623ca,OFC3582,Havelock,Death Certificate,28,157,99,42,57,48
b08f1f5a-584f-4286-9354-cb899aa1a122,OFC2732,Bathinda,Caste Certificate,28,48,381,87,294,40
83866a09-93d1-4a8a-aacf-50dfe51400a1,OFC1321,Muzaffarpur,Marriage Certificate,11,44,276,268,8,45
f0fbfcf0-a066-4b9e-953b-61db9e45f398,OFC1658,Indore,Domicile Certificate,24,169,221,54,167,35
3ec7aa39-13a5-4625-9b55-b956a80a2928,OFC4089,Malda,Income Certificate,19,111,352,187,165,40
35172e29-a4fc-48d5-9484-e004d2604f9d,OFC2163,Bokaro,Marriage Certificate,35,80,630,621,9,40
76f30ee9-0a5c-4e56-8840-0db3c09f692e,OFC7728,Thoothukudi,Domicile Certificate,27,100,502,47,455,35
a2c25538-0338-4f02-b6d7-3adc9bee8db9,OFC4924,Margao,Birth Certificate,32,87,270,191,79,48
d8a9cd82-cca7-4fb4-bfb3-daa52cec4aa1,OFC9112,Tumkur,Birth Certificate,9,169,174,44,130,48
8e5b25a3-5cbf-4cec-b433-1037994f37c6,OFC8114,Namchi,Death Certificate,16,46,328,288,40,35
0f962f84-695b-4789-b548-1635185d0bb9,OFC7852,Katihar,Death Certificate,10,117,398,53,345,40
c4e16052-c237-4416-8ac7-fc0d77272e57,OFC6604,Erode,Death Certificate,34,40,529,78,451,35
f4c309c2-8de1-41ff-bc11-21b1365d0dc7,OFC2398,Nashik,Marriage Certificate,28,112,712,307,405,35
605dbbbe-fa3e-4be2-a004-bd666987d573,OFC3260,Mumbai,Marriage Certificate,42,93,898,760,138,40
4f2967c7-0ccc-4382-af05-d5ca08fe858e,OFC1526,Dimapur,Death Certificate,10,94,953,533,420,35
eb8111dd-3095-43b5-8ac8-3501175281c3,OFC1199,Dispur,Marriage Certificate,6,122,70,65,5,35
795ab3f8-02f4-4395-94da-3f0b8c434a6b,OFC4865,Kailashahar,Income Certificate,40,66,349,307,42,35
a98a0a8a-3d62-45de-8e60-0a5950e5d472,OFC1926,West Delhi,Income Certificate,49,123,679,342,337,35
2b2dfe73-8d44-4001-8351-716d40b94473,OFC1214,Itanagar,Death Certificate,33,162,293,44,249,45
0cc7128a-5320-49a8-93d1-b1556358c4d2,OFC1067,Howrah,Birth Certificate,35,96,565,216,349,35
2a373a32-418a-4f35-b98d-c0172b0197ea,OFC3733,Diglipur,Caste Certificate,21,163,384,329,55,48
5ce4b450-910a-4b10-b585-e1310a3104da,OFC5179,Gangtok,Domicile Certificate,43,150,291,105,186,35
3f699846-63ea-4e2a-aa18-79cfda61cbff,OFC3915,Diglipur,Death Certificate,49,68,241,55,186,40
e42db6bb-a7f6-49b1-b9e6-a87b24ad169a,OFC6409,Bhavnagar,Income Certificate,10,106,699,445,254,45
c1b52991-b4f6-4098-a1ef-ef0c4a340ce3,OFC1412,Jodhpur,Income Certificate,41,43,357,310,47,48
11d20997-27ca-4547-8718-46e4d00275f3,OFC4275,Agra,Birth Certificate,32,80,877,465,412,35
46b03a94-f676-4fb7-ba01-ccf7cdfe6c7a,OFC4387,Gandhinagar,Domicile Certificate,20,66,844,114,730,48
cd1a7ce6-f541-4a71-aaf6-2030fefcd4d8,OFC8093,Bathinda,Death Certificate,44,70,369,264,105,48
d5dff599-0c0f-4f10-b270-491a0707fbff,OFC1743,Anantnag,Income Certificate,47,18,570,483,87,48
50d395af-c891-4655-8368-9298789943f9,OFC2095,Bikaner,Income Certificate,46,80,404,337,67,45
df18e100-0dc3-4927-8230-95f8df98494f,OFC6777,Gandhinagar,Death Certificate,24,17,956,225,731,48
e987c2ce-c6c9-43e2-8e1d-14e1d7d13c5a,OFC2398,Amini,Income Certificate,32,123,80,34,46,35
86965a44-d583-43d3-b9ee-618baddea7df,OFC8352,Diglipur,Birth Certificate,24,97,698,354,344,35
9c8201c4-8019-4a81-a256-f676bff83601,OFC5985,West Delhi,Caste Certificate,6,29,121,87,34,35
c8f8af96-8103-49a3-bd1e-f2323e78bd4b,OFC2574,Solapur,Marriage Certificate,44,15,503,472,31,35
d3b2b9c1-725a-413b-8599-a40235ac0656,OFC7422,Satna,Birth Certificate,19,24,721,82,639,35
aa12013b-5033-4f4f-8d88-26c2711bcf87,OFC7031,Kathua,Death Certificate,24,86,806,476,330,35
3ae19a96-fbfb-4538-8635-ffc33129667f,OFC2350,Dibrugarh,Income Certificate,19,96,414,129,285,48
8a5a6066-6829-423b-922d-051a7bcefa3b,OFC9399,Sagar,Death Certificate,41,50,157,97,60,35
d833d675-a542-4dd9-b0ca-5ae415ae6a5c,OFC7665,Kavaratti,Death Certificate,43,161,209,101,108,40
474a5394-ca06-4a7e-8102-21c55e2188b6,OFC4693,New Delhi,Birth Certificate,24,160,490,444,46,35
23f96aa4-4fb9-4877-b649-a4f6bd1767c4,OFC7312,Bardhaman,Marriage Certificate,29,71,747,119,628,48
2ad33dd9-2e11-4fe9-89a7-30fda0402c7f,OFC3596,Churachandpur,Death Certificate,28,26,139,82,57,48
a1ceb436-3526-4f90-8e49-a6abbbd1d834,OFC7537,Bhavnagar,Birth Certificate,22,58,734,541,193,45
8e57e3cd-281d-46e5-83a1-d3ff8ecc9eb1,OFC4905,North Delhi,Income Certificate,32,152,994,594,400,40
d647c3dc-c329-483c-9ddc-b445ea175ed7,OFC5919,Ahmedabad,Domicile Certificate,39,71,173,60,113,35
d7a706fd-a32c-4d4f-9f54-277b75861edb,OFC2743,Ludhiana,Death Certificate,21,43,542,437,105,45
e0f095d1-1402-4224-beac-feba431bdac0,OFC7706,Mayabunder,Income Certificate,34,83,108,64,44,40
415ae2f9-ec47-4077-8a64-7a5f455fcf7b,OFC3188,Naharlagun,Income Certificate,44,50,827,393,434,45
2746ca6b-4eb2-4390-a81c-fa1f16e84c39,OFC4976,Nagpur,Caste Certificate,48,102,204,148,56,40
9b25cac9-f0de-43d0-b8c4-662c2136adb0,OFC6781,Naharlagun,Domicile Certificate,48,130,66,37,29,40
3bdc47ab-2921-479f-b7d3-c4a5cd30fdb7,OFC4983,Kullu,Income Certificate,9,15,77,35,42,35
b5daadf2-d191-41b5-9dee-44cd03ef3497,OFC1482,Aurangabad,Marriage Certificate,29,152,98,45,53,45
c2f8c628-b5b9-49d2-bd79-39a89b9e46eb,OFC5282,Giridih,Death Certificate,23,161,128,37,91,48
1e1647f9-81c0-4021-ab6c-cc8161831e1f,OFC4154,Amini,Death Certificate,33,153,80,45,35,48
361f8c73-1ffa-4f42-b9b7-96ca4402e96a,OFC9457,Geyzing,Marriage Certificate,46,44,179,172,7,35
fedb37c7-30ef-4a1b-bc55-8513af153663,OFC4280,Ranchi,Income Certificate,21,116,965,948,17,40
78f4de16-5c35-4c1b-90b9-71b81b475b1f,OFC1403,Champhai,Caste Certificate,7,153,960,242,718,48
b6625635-000a-4994-8f3f-317404c7c9bd,OFC8667,Agartala,Birth Certificate,32,57,210,92,118,48
cef62a88-be4c-4515-a934-9d356e8172a0,OFC5152,Kanpur,Marriage Certificate,37,160,558,414,144,45
ea75dfd6-2fea-4037-aefb-edc575cd25f4,OFC3974,Guwahati,Marriage Certificate,48,130,111,63,48,40
57bb3fdc-231f-4ea6-be80-c4e9c7e06da9,OFC9107,Bhilwara,Birth Certificate,45,98,838,830,8,48
5bd2d328-d9fb-482c-87a6-602384d90a31,OFC4792,Kullu,Marriage Certificate,13,149,661,597,64,48
69055004-494b-40bd-9323-f8a4b7f1e954,OFC9189,Ajmer,Caste Certificate,25,153,470,49,421,45
27803508-f60a-463c-84ac-156e33a7d3a7,OFC5065,Nongpoh,Income Certificate,22,110,449,440,9,45
d359b415-4cfe-45e8-b8d7-a9707ae1c8c2,OFC8187,Bokaro,Birth Certificate,23,133,640,344,296,48
0d5e100b-ed86-4266-94a1-156e539809bc,OFC8360,Patiala,Income Certificate,25,166,678,539,139,40
2a57f8de-8889-490c-8336-a47896988233,OFC5919,Nagpur,Domicile Certificate,19,122,595,282,313,45
e4265743-be71-4a96-8637-9a758254a8b6,OFC6099,Mandi,Death Certificate,32,150,534,99,435,48
fe50b8b5-cf5c-470b-aa65-aa88e2023ef3,OFC9496,Haldwani,Birth Certificate,5,99,907,417,490,48
eceb1f0d-8bd9-4e8f-b2e5-faa36515239a,OFC1442,Siliguri,Death Certificate,34,178,307,141,166,45
7df52666-0b6a-4f32-8df9-ee2194abe193,OFC1654,Agatti,Domicile Certificate,50,150,846,684,162,40
0a554d7a-11b1-4abb-b072-86621d82823f,OFC4153,Muzaffarpur,Death Certificate,18,123,964,461,503,48
fe4fcc95-a5d9-4e5f-88eb-ec08de7c8626,OFC5479,Manali,Domicile Certificate,12,19,207,30,177,40
7ab9e809-5214-4a20-b4f3-985ab70ccf5d,OFC5610,Jalandhar,Caste Certificate,46,40,157,152,5,40
4c7ad320-dcb9-47e9-9bd8-92b16a56c300,OFC7608,Kashipur,Domicile Certificate,22,154,101,91,10,35
969d6b01-6cf7-453d-b91a-f840d0b54cdd,OFC4780,Amini,Marriage Certificate,17,119,73,37,36,48
243b5e52-77f7-4a3f-a28f-d0735470f4f9,OFC9549,Kanpur,Death Certificate,5,79,797,406,391,35
b77dc81b-9d05-42bc-956d-aa9e58f39f55,OFC2219,Hyderabad,Domicile Certificate,22,112,463,391,72,35
9c21fe4e-8af8-472d-8856-eb06cdc3422a,OFC2444,Thoothukudi,Income Certificate,50,42,940,794,146,35
4899ae13-adf6-47be-91c2-e80bf45d6e14,OFC6581,Rangareddy,Death Certificate,48,144,219,66,153,35
e53093e4-8b50-40e3-9cc2-adea654f4354,OFC2458,Amravati,Caste Certificate,9,84,632,43,589,48
c87d62e2-040b-4b8a-a4b0-ba6d526ece52,OFC3348,Solapur,Caste Certificate,22,44,728,509,219,45
57f9dc8d-6d79-4fad-912c-e3284c8c71a1,OFC6687,Naharlagun,Marriage Certificate,49,28,398,132,266,35
dcf82add-256a-4f94-a819-0c2d630cff0e,OFC9257,Serchhip,Caste Certificate,10,46,224,103,121,48
899486c1-fb15-4986-938c-0d1acd4bc6e2,OFC8596,Rangareddy,Marriage Certificate,35,70,236,115,121,40
30e7a061-6ecc-4aa2-b45b-1733c6d7cd15,OFC3840,Varanasi,Marriage Certificate,17,20,234,160,74,45
916743e7-56f4-42ad-8c82-055a67ab0a0b,OFC6482,Thoubal,Caste Certificate,41,164,723,496,227,45
5c6e6363-2dea-41a0-bc27-636dbf32ece0,OFC4167,Deoghar,Income Certificate,43,109,169,110,59,48
37870431-b84e-4403-addb-d64f7294e427,OFC7912,Bhagalpur,Income Certificate,46,149,139,121,18,35
2beda425-0c83-496b-b67d-f7ae50c8fef7,OFC5880,Solan,Death Certificate,8,150,335,135,200,35
2eee4633-2bc3-4d21-8524-b732b61f266b,OFC5242,Bhilwara,Marriage Certificate,34,166,392,120,272,45
c6b7a6ee-3931-485c-a497-0da629f33659,OFC7524,Erode,Birth Certificate,46,105,254,94,160,40
52d7435c-1c95-4ce4-be8d-1faccbed8661,OFC7207,Bikaner,Death Certificate,32,162,279,106,173,45
0b70d898-f808-4506-a050-98eb5ba0b331,OFC8418,Dhanbad,Marriage Certificate,27,38,378,278,100,45
4998d2c0-3699-4bc1-92e2-d3d05578787e,OFC8920,Dharmanagar,Death Certificate,5,101,245,210,35,35
97b70d12-5a51-4bb7-a132-b0167f059b24,OFC9677,South Delhi,Marriage Certificate,15,124,398,105,293,40
feabda4f-1245-4199-9b22-c1a31921d34b,OFC4435,Baramulla,Income Certificate,7,17,92,90,2,40
f051dd2c-e750-4709-a179-abb65796f782,OFC1734,Davanagere,Birth Certificate,8,130,186,166,20,45
8c5b04e9-6717-4bdc-9626-fe780703c755,OFC5739,Rangareddy,Death Certificate,12,97,126,96,30,40
7f593bb8-6cd3-473b-b956-a25be4828a4b,OFC2254,Mahbubnagar,Birth Certificate,46,97,777,327,450,45
ad4c24e4-cf06-4d7e-9be3-ea424f4c7c62,OFC5148,New Delhi,Income Certificate,36,106,378,241,137,45
ac413ade-7214-4819-97af-a977af7eed2a,OFC9345,Bhavnagar,Domicile Certificate,45,88,399,245,154,40
0ab12ebc-93ae-411b-bc98-be3c1b382499,OFC1700,Tezpur,Caste Certificate,15,108,136,52,84,35
8de85803-cabc-41a1-9416-67b1f6eded6b,OFC2833,Dharamshala,Marriage Certificate,35,130,970,325,645,45
dda8cb6f-ed10-4f3d-9d71-53bca96aa708,OFC1061,Ajmer,Marriage Certificate,22,86,959,345,614,48
a72e4fd6-d4d8-413f-8152-4477d8aac71f,OFC2891,Bhilwara,Income Certificate,35,99,973,621,352,35
a4188451-8c36-4eb2-923e-0ad0b0927333,OFC7392,Ajmer,Income Certificate,35,34,291,199,92,45
0f91c8f7-d418-45d3-9cdb-913359316fab,OFC8301,Dibrugarh,Birth Certificate,29,100,312,182,130,40
eb87f8d0-1607-4d24-81ea-4757bf5c4ee4,OFC4321,Mayabunder,Caste Certificate,40,20,187,124,63,35
ddec1813-1d78-40ef-88de-b502db0083dc,OFC4629,Port Blair,Death Certificate,10,27,908,208,700,48
7c9e15ab-b857-4aee-a3c9-77c5c3a12aca,OFC8811,North Delhi,Domicile Certificate,49,166,992,291,701,45
f782baf1-e4f1-44fc-a30d-90a085d120f9,OFC5058,Sikar,Birth Certificate,11,69,58,41,17,48
8fee69bb-ded2-4576-8ff7-9287cd96b0f9,OFC3282,Pune,Marriage Certificate,21,86,867,439,428,35
91b5d758-6115-4a6e-b4db-614ae7cab8b7,OFC6576,East Delhi,Domicile Certificate,12,113,263,65,198,35
e1950333-40bf-4aa7-b5cc-7dc0b06464a4,OFC3256,Howrah,Income Certificate,6,105,736,296,440,48
7ced1bc4-77d1-407b-9ec8-1f3b24443693,OFC6497,Srinagar,Income Certificate,8,175,215,52,163,35
213b4946-2fa3-4e92-8635-1a8fb685ce6e,OFC1309,Anantnag,Death Certificate,24,175,630,500,130,48
02ed383b-0eee-4eb4-811a-c19f1ebc8709,OFC7566,Anand,Birth Certificate,5,108,667,83,584,40
6ca46774-9ab7-402e-bab5-b0b1fc25b09d,OFC3661,Pathankot,Birth Certificate,44,178,879,150,729,48
2b12712d-6e42-4180-a211-6cfde386f8d9,OFC3796,Mangan,Marriage Certificate,12,107,536,93,443,45
182e1c5c-0691-4dff-b448-19fea79e9a06,OFC3475,Agatti,Domicile Certificate,19,79,640,194,446,35
ddee1d8c-f43a-4e76-8fca-2a343d6a80ba,OFC8818,New Delhi,Domicile Certificate,36,166,161,126,35,48
7ffc7cc3-976f-42e7-99cb-30543bea9d23,OFC7309,Sagar,Death Certificate,25,166,601,47,554,48
9c91c5ff-4159-48e4-a261-70f57f6d9026,OFC5421,Namchi,Income Certificate,8,121,560,199,361,48
9b95df91-b883-4543-97c1-2f56245c73a8,OFC8493,Warangal,Marriage Certificate,31,37,758,749,9,40
6b240727-b293-4d9e-a641-c28c7c4abbd0,OFC2589,Havelock,Death Certificate,41,61,365,304,61,40
3e748019-6a8c-4a0c-896f-65d9293af0b6,OFC9019,Dhanbad,Marriage Certificate,20,49,128,89,39,45
d1dea51b-cf66-413f-9746-4469e6a7c660,OFC9429,Salem,Marriage Certificate,19,101,271,149,122,48
cd2592e2-c59e-4d11-a2a4-761768fbb11a,OFC8722,Dibrugarh,Death Certificate,7,76,280,217,63,48
b49fd625-3a0e-4ee1-a938-25cf7e6bf04c,OFC2556,Udhampur,Caste Certificate,13,116,156,119,37,48
6f3edf42-c2b1-4c70-8db6-b985affc5aaa,OFC5560,Chandigarh,Death Certificate,34,147,677,643,34,48
76ac821d-8bb3-4013-ae55-d6c775858cd9,OFC9487,Hazaribagh,Income Certificate,38,45,574,85,489,40
5f983267-7725-46b7-bd60-37aed6a25b8d,OFC9731,Asansol,Domicile Certificate,34,25,109,57,52,45
f2467900-2eee-41b9-8ace-d5ede2b9589a,OFC8961,Port Blair,Death Certificate,35,31,806,717,89,35
ff6b8211-12b2-441f-bc21-4d2911b2557c,OFC4739,Hazaribagh,Caste Certificate,21,103,995,438,557,45
81b049d1-4748-4b9f-8386-df991779011e,OFC2843,Muzaffarpur,Death Certificate,6,101,919,773,146,45
1947a27b-29fa-462e-9887-6d515b2320ad,OFC8403,Ghaziabad,Death Certificate,34,111,646,181,465,45
df2caadc-bcc3-4e00-8872-28a22b33ba89,OFC5784,Nashik,Death Certificate,49,129,705,541,164,45
32373606-be53-4a82-aab8-508c53c3bc35,OFC6915,Surat,Birth Certificate,40,111,346,233,113,35
d3ba412e-5d2b-417e-89da-c0376be41655,OFC9033,Jabalpur,Death Certificate,30,100,974,811,163,45
590dcc9e-cdd3-4bde-9511-3f99bb809e12,OFC9079,Siliguri,Death Certificate,9,96,595,492,103,35
6851751f-3566-411c-b4a5-f00bc2bda941,OFC7127,Agatti,Birth Certificate,22,130,257,193,64,48
3d3d47e1-8a63-4505-84a5-5ba2d65a831a,OFC1500,Rajkot,Marriage Certificate,14,153,595,565,30,45
67a92019-1707-4f8c-86bb-54e62631c90d,OFC2304,Central Delhi,Caste Certificate,39,16,369,58,311,45
a908e148-8289-4e34-b7c7-63d0dfc1aac6,OFC6999,Port Blair,Caste Certificate,29,41,676,188,488,40
5e27815a-a642-40b4-a240-1f601d046b17,OFC2487,Karimnagar,Death Certificate,48,86,827,423,404,35
3a7a1349-8fb8-4bed-991b-ee959d7ecf82,OFC7225,Central Delhi,Income Certificate,14,166,562,442,120,48
27c6b26f-3a7f-44fc-9c49-ebe47d11b770,OFC4239,Junagadh,Income Certificate,27,27,230,53,177,48
99ffd484-6356-445c-9d3e-6c1e08432ba0,OFC3984,Nongpoh,Caste Certificate,14,86,55,34,21,48
a6fcef0b-f7c9-4a17-a1bd-7ff460e9c911,OFC4263,Kailashahar,Income Certificate,49,40,161,63,98,45
f3c170c0-de1d-4e79-a38f-202390d69145,OFC6270,Leh,Death Certificate,36,32,975,794,181,40
ceb5916c-f862-40d0-8b19-61b036f035a4,OFC8759,Kota,Marriage Certificate,16,156,814,568,246,48
db42372e-1bb4-4c6b-a4ae-e98ff3315214,OFC2510,Nagaon,Domicile Certificate,9,155,208,97,111,40
ca163c34-8e40-47f1-a299-9c36dbd19c04,OFC6851,Ghaziabad,Death Certificate,39,149,101,52,49,40
9ed71ec3-4e2d-4082-bfb2-5c7a568df909,OFC8361,Rajkot,Domicile Certificate,37,147,389,225,164,48
2ac6ec34-1302-4ad5-ad2b-0e2b339dc5b6,OFC8014,Adilabad,Birth Certificate,17,100,201,150,51,40
3b335572-c633-4d27-ac79-73e982f2bcfc,OFC9926,Jamnagar,Caste Certificate,40,38,921,357,564,35
c123a9af-c402-4b14-bb0c-940aa61eb4ea,OFC9423,South Delhi,Death Certificate,43,109,324,205,119,40
17cc2ea9-1f5b-4ff6-b29f-f1fd2e659ab8,OFC5972,Gangtok,Death Certificate,13,125,644,289,355,40
24ff3e32-246a-4f26-8bef-66b6eb92b0bd,OFC2954,South Delhi,Birth Certificate,36,105,631,302,329,35
9ec62039-8000-4b71-a96b-fddb69826c9c,OFC4784,Nizamabad,Income Certificate,32,122,502,138,364,45
801ad7be-2a10-418a-b3f0-354a6d3f2232,OFC3770,Begusarai,Marriage Certificate,9,97,890,506,384,45
5baf001a-1f5e-41c9-a2e4-1045d4639266,OFC9646,Delhi,Domicile Certificate,36,77,971,249,722,48
59dd95d1-fadf-4988-bd3e-9e229e73d5d6,OFC7877,Imphal,Death Certificate,33,152,972,163,809,35
d8ec8634-afc1-4152-9965-8ff6c126720a,OFC8269,Solapur,Birth Certificate,20,135,133,117,16,40
9505dba2-ad94-4073-b4d6-63e95c426dc9,OFC1734,Pune,Income Certificate,37,179,85,71,14,40
abc79215-1ede-471a-ba34-265649bfc54f,OFC9241,Mysore,Death Certificate,41,173,690,178,512,45
b40abb18-5cda-4ab7-96c6-7c598fae4930,OFC4699,Solapur,Marriage Certificate,14,103,399,203,196,48
c85039cf-1424-41f1-b6d8-1d00f78b66b0,OFC4657,Itanagar,Domicile Certificate,7,108,457,134,323,45
8c1d4dc2-da6f-4a36-b507-b8b464d573fd,OFC6110,New Delhi,Marriage Certificate,32,58,707,268,439,40
dd8e98aa-b774-4db5-a85a-8c265d34f0d3,OFC1713,Mandi,Income Certificate,5,108,362,310,52,35
ee910258-9d9e-4c83-a809-e05a27c8b3ed,OFC8531,Jalandhar,Death Certificate,23,98,173,170,3,40
0f58640f-3887-49a1-80a0-a54b601982d1,OFC7061,New Delhi,Birth Certificate,11,48,815,151,664,35
15e5c84d-703f-43bd-bc44-5fb3d150d2c9,OFC4627,Dibrugarh,Death Certificate,8,116,526,342,184,45
29016471-931a-462e-9234-5a2758ef5e92,OFC4064,Allahabad,Domicile Certificate,5,121,216,189,27,48
edd7a969-76e7-4f28-8140-d5d31e53ade2,OFC7854,Bareilly,Marriage Certificate,28,110,564,116,448,48
8b38db3e-5a5c-482e-a3eb-268287c8f27c,OFC1423,Guwahati,Birth Certificate,15,118,849,570,279,35
e4b80d3d-18dc-4c7f-a9b6-7a01cd22fa90,OFC6798,Nainital,Death Certificate,32,116,645,346,299,40
1ce9cca5-80a3-490a-b66d-aebc1240e788,OFC3988,Pasighat,Birth Certificate,28,149,625,46,579,40
69e7da48-2759-4578-b98c-784624a80e5a,OFC4005,Nagaon,Marriage Certificate,9,24,603,570,33,45
feb80476-85e1-4ad5-90cf-f738735f2881,OFC6247,Bhopal,Domicile Certificate,8,151,816,199,617,48
cb50afe9-22cc-4ea7-94aa-47914dea261d,OFC3439,Ujjain,Birth Certificate,45,90,375,213,162,45
9c924dad-6aa1-43f2-9f1f-0ff8ca586c27,OFC2545,Kullu,Death Certificate,11,171,181,135,46,45
7148dc07-96c0-4fc0-a638-49097bb4f0dd,OFC6911,Manali,Birth Certificate,28,56,377,267,110,35
4f3e6d30-19da-4ce5-a084-905775efcf00,OFC3695,Tezpur,Income Certificate,33,129,223,43,180,35
b08f67ba-9216-42b7-8b91-83f2fe020392,OFC3204,Rajkot,Marriage Certificate,20,53,335,42,293,45
a56bd325-eaf0-4dd1-9bcc-c119eecee155,OFC6586,Durgapur,Domicile Certificate,37,167,990,696,294,40
3aa38c75-0233-472d-a6d8-7b21bb44546c,OFC7112,Shimoga,Death Certificate,33,167,167,110,57,35
3f2ba7de-448c-40fb-b49b-9da5c023d74c,OFC8080,Darbhanga,Caste Certificate,29,38,561,77,484,48
06325d7b-9926-4fdf-a066-97d81fc75cb5,OFC5004,Gandhinagar,Birth Certificate,12,15,451,109,342,48
10bce323-428c-4a41-8332-4560a17fe296,OFC2283,Panaji,Domicile Certificate,49,127,330,330,0,48
6691893d-e710-4083-ab99-e19a33e612e7,OFC4960,Gwalior,Caste Certificate,35,84,134,75,59,40
929f25b4-4ffb-4eab-a30f-ab45d6dc4e67,OFC9549,Diglipur,Domicile Certificate,49,146,458,317,141,40
f79197a5-2b91-4f6f-9572-7199b3505475,OFC5501,Imphal,Domicile Certificate,37,61,522,356,166,45
7d4e181c-f2ae-427b-9a5c-78c3b85a3c83,OFC9832,Amini,Caste Certificate,8,60,463,163,300,48
5b992ee6-be1f-46d0-9550-1b0cb2cd5164,OFC5362,Bangalore,Domicile Certificate,24,141,972,796,176,40
de22cd13-39c9-46be-8f2a-89ef967a015c,OFC3625,Amini,Income Certificate,48,142,451,84,367,40
b8ed6f3b-aa06-4769-a920-09db5ac378bd,OFC8048,Kashipur,Domicile Certificate,37,17,842,272,570,40
d415a183-176c-47c6-abcf-ad12d7d512cb,OFC1275,Dibrugarh,Domicile Certificate,33,75,474,200,274,40
251ebc7b-b1f8-4d52-b9b6-468d1f648c3a,OFC3373,Vadodara,Income Certificate,45,82,585,303,282,45
646c7273-64c8-46de-8f8f-572191ab3d71,OFC3512,Shillong,Caste Certificate,9,39,614,520,94,48
832b7a89-ec58-4138-8969-6c4b5ffc1292,OFC8600,Jabalpur,Death Certificate,19,99,805,120,685,35
486e0c4f-e633-43f6-a045-867368864da1,OFC6516,Allahabad,Domicile Certificate,15,77,325,108,217,35
01197c57-2fa8-4cf6-9da5-db8253a01b9a,OFC5510,Minicoy,Marriage Certificate,9,158,661,638,23,35
436b0989-7aa4-4999-a4da-07a0098197cb,OFC3339,Sagar,Death Certificate,11,136,739,52,687,45
0ebcfe4e-a73f-43ef-b8c6-507464344498,OFC3568,Jammu,Death Certificate,34,15,389,185,204,48
79c4f1ea-2fa1-41cc-9567-b97cefb00777,OFC5557,Vadodara,Birth Certificate,34,159,872,141,731,45
8cd990bb-eb24-4891-8c07-771cc16ba75e,OFC2548,Gandhinagar,Marriage Certificate,33,108,425,205,220,45
ddb35d03-1a04-459e-8875-536847d88b4c,OFC2894,Thane,Caste Certificate,22,27,698,286,412,35
a07c4c54-6743-408f-92ab-7b8131eb1085,OFC3817,Agatti,Domicile Certificate,38,122,427,427,0,35
c8c009c3-3260-41e9-8684-6c315562620b,OFC8437,Ludhiana,Birth Certificate,27,82,718,478,240,45
20577e87-4e7e-459b-b507-69864eeecf1e,OFC2591,Kailashahar,Domicile Certificate,17,120,457,259,198,48
a34fee7f-651f-45d8-b414-5584704ca114,OFC2958,Thane,Marriage Certificate,40,50,171,123,48,40
ad565b3a-f494-4b1d-a887-5ff678db8358,OFC6702,Mangalore,Caste Certificate,21,69,680,132,548,40
442e6766-312b-44ad-9d34-95cda09de452,OFC2757,Mandi,Birth Certificate,7,37,422,278,144,48
31463ef5-7582-4f36-a620-652d25ddbf25,OFC6479,North Delhi,Domicile Certificate,32,55,70,42,28,35
ce1dac2d-81b7-492f-9dea-d3fd75f02710,OFC5574,Anand,Caste Certificate,36,104,199,190,9,35
d94b8506-623a-49de-9cee-1f5d3e0a4984,OFC9023,New Delhi,Caste Certificate,36,84,392,386,6,45
5affb650-1e5f-4f4f-aa94-f6944b9ab9d6,OFC4539,Muzaffarpur,Income Certificate,35,112,990,912,78,48
11174c0d-9dd3-4c1b-928d-b8648be70593,OFC7637,Jorhat,Domicile Certificate,32,119,606,253,353,48
54ab64a2-fbf4-48c1-9170-23f9ce099cd6,OFC5422,New Delhi,Caste Certificate,32,42,160,64,96,40
f79e6d1a-8e82-40c3-8a0f-aa59a2bd377f,OFC6807,Madurai,Birth Certificate,10,136,944,794,150,48
377e6eac-b190-4d2b-baaa-12eb4b070883,OFC3081,Leh,Domicile Certificate,7,97,454,35,419,40
0c9db2b4-4caf-4875-80cb-fadf0fe525b0,OFC1201,Rajkot,Marriage Certificate,44,45,566,104,462,40
25364b91-3b67-41a4-a532-7d855ed1bbfd,OFC9814,Rangareddy,Death Certificate,28,18,756,395,361,40
61bf43ec-c211-427e-9282-614eb74ada06,OFC2343,Tumkur,Domicile Certificate,38,63,286,130,156,40
9c0f7984-9357-496c-8134-e7e90fc99b63,OFC8568,Jamshedpur,Domicile Certificate,29,143,444,409,35,40
38e21e5c-cc9e-44bc-960a-78487d47f19d,OFC8392,Kolkata,Caste Certificate,30,135,107,66,41,45
c2c78655-dd07-44cd-a286-5435bc5c3f78,OFC2737,Katihar,Death Certificate,21,93,775,129,646,48
a76dcc88-6543-437c-9b42-e859d76bb620,OFC6561,Naharlagun,Marriage Certificate,5,154,581,517,64,48
d83e1447-24d9-4bff-8043-4cb4f7a9b2e4,OFC1158,Gorakhpur,Domicile Certificate,19,160,77,53,24,48
d537b886-fc5a-4372-83bb-b539c3213ca5,OFC8424,Amravati,Death Certificate,23,93,100,79,21,40
157800ff-c48b-4dac-8069-2f6ada1be1d6,OFC9804,Ludhiana,Domicile Certificate,15,125,815,580,235,35
03d107a4-fccb-4893-9d98-a8490163559c,OFC9858,Aizawl,Death Certificate,35,152,269,250,19,35
bceeed68-e2f5-4138-9ec3-2b01d1d8c8f0,OFC9967,East Delhi,Birth Certificate,22,74,440,274,166,48
7cd7d03e-eb3a-4750-b0fe-4f2821dc9af6,OFC7975,Davanagere,Income Certificate,33,51,247,97,150,45
780257ee-bd00-4dd0-bef0-85f7c200d5c9,OFC5947,Dharamshala,Income Certificate,32,37,781,268,513,48
ee56cd2c-a02c-4563-8b5d-3c671a3ceb52,OFC3197,Kailashahar,Birth Certificate,20,87,945,476,469,35
5edf4ab7-35de-4fd0-b987-46f672840098,OFC6051,Vellore,Death Certificate,44,56,207,35,172,35
248d4c2b-ccc4-4413-bcbc-e87d2667334f,OFC6729,Durgapur,Death Certificate,19,87,927,374,553,45
a5116772-3dca-4650-867e-f295f3877eb7,OFC4873,Howrah,Domicile Certificate,49,18,653,433,220,45
5919370c-f87f-40c7-ac43-7db4bdfa4fe5,OFC3894,Shimla,Birth Certificate,38,42,834,608,226,48
ed7890e6-52ef-42dd-bfa8-0bce34d5c354,OFC6868,Gulbarga,Marriage Certificate,19,142,345,259,86,48
4379fc6c-74f4-44bd-8fee-5c0a69c22f64,OFC2547,Durgapur,Caste Certificate,49,93,368,129,239,48
59a585cf-4603-45aa-9f0a-c85de443bb10,OFC9370,Srinagar,Death Certificate,50,171,115,58,57,35
f3e2be79-4de5-49ff-9d42-bb0f58700b08,OFC3286,South Delhi,Domicile Certificate,32,38,855,576,279,40
04de2d7b-9972-40d8-81c7-f8c027a59dbc,OFC6146,Agatti,Marriage Certificate,50,149,660,469,191,48
da7b72a9-faec-4f04-885e-3dfac5cc4488,OFC8953,Darjeeling,Income Certificate,28,74,841,696,145,35
7861a358-31e7-47cd-9c40-5117d424c7c7,OFC2755,Bareilly,Caste Certificate,40,173,541,497,44,48
4f9ecee5-edd8-4a34-96fa-36ee82ca0acc,OFC1118,Davanagere,Death Certificate,12,138,109,59,50,48
adf4d191-19dd-4aed-a418-68961162549a,OFC7577,Haldwani,Income Certificate,21,49,641,331,310,48
dbadb0a3-908f-4cc8-a474-15ef3ee10056,OFC3107,Dhanbad,Marriage Certificate,28,60,348,250,98,45
65062d51-93c9-45b9-8411-31dcfeec3625,OFC5977,Ludhiana,Domicile Certificate,12,32,796,589,207,35
217c43bb-1e94-4167-8746-b7f1d8892e24,OFC7471,Mumbai,Income Certificate,17,145,547,338,209,35
63f8121d-9e1b-4fe7-9081-40925201e0eb,OFC7475,Solan,Income Certificate,29,80,410,295,115,40
d2703565-2e3d-4cee-bdf3-64576e5551f1,OFC2068,Anantnag,Marriage Certificate,9,48,383,141,242,48
817f45d5-c783-4ffa-b53c-85d4a639b25c,OFC7373,Diglipur,Birth Certificate,22,152,777,613,164,48
4cceaaa0-34b8-414e-aa99-ffc2493d6c58,OFC5838,Hazaribagh,Domicile Certificate,7,43,972,919,53,40
661e1f79-19e2-4e43-bda8-57b56d940605,OFC4042,Belgaum,Marriage Certificate,11,134,741,539,202,45
f7cb129a-1c63-40e7-932c-596fbcf20f45,OFC5577,Rudrapur,Caste Certificate,22,107,968,923,45,48
1c01a2ac-ede6-47f3-97a3-4405187b6671,OFC2790,Jaipur,Birth Certificate,49,84,827,267,560,35
32f65c52-2f55-4b18-9318-eecd62d22e01,OFC5162,Bareilly,Marriage Certificate,14,137,179,102,77,45
40b4e06e-d57e-4525-bf5c-968210820337,OFC2711,Belgaum,Death Certificate,9,105,723,138,585,48
926a27f1-86e7-40bd-919e-5b676d5a35d6,OFC5636,Thoothukudi,Domicile Certificate,6,99,778,444,334,48
9645140c-19e8-49c4-bd4a-70b0b28ecba8,OFC8033,Ranchi,Domicile Certificate,21,42,427,74,353,35
f74fba2f-714f-4c99-a6f7-a790fc78ac1a,OFC3674,Ranchi,Marriage Certificate,14,17,685,645,40,45
b0abcc5c-a16d-42ca-9b5b-3180c404f3a7,OFC6201,Bangalore,Income Certificate,9,67,829,427,402,35
0cdc0cc3-ebb1-4f54-a332-a067bafee290,OFC4747,Shillong,Death Certificate,49,54,644,520,124,48
f5eb6fc2-3069-4d1a-9cf3-f3babb56ce63,OFC3121,Kathua,Marriage Certificate,27,30,687,355,332,45
fab7203f-08d6-4e80-b0bd-94db9178df22,OFC2201,Agartala,Marriage Certificate,41,126,58,33,25,35
f918033d-9db5-454d-962f-c86967bed9e0,OFC7201,Margao,Marriage Certificate,44,114,199,90,109,48
1a11c4e9-1465-4812-b225-a7374a3a992b,OFC9232,Jamshedpur,Caste Certificate,20,155,577,477,100,35
a005b78f-9413-4a1b-bd4b-1d08624aba57,OFC1222,West Delhi,Income Certificate,36,29,362,151,211,35
4b898504-4613-4bb7-ae93-618af77a0284,OFC7087,Aizawl,Income Certificate,17,141,813,249,564,40
c6dd4137-2729-48b7-8a7b-9eafcb4241c6,OFC7530,Jalandhar,Marriage Certificate,6,55,643,641,2,48
c0ad17b4-d0ad-4640-ba60-c73386223350,OFC9177,Port Blair,Caste Certificate,11,160,581,407,174,40
14f9e593-1bba-4d99-bde4-e158e52d3875,OFC9374,Allahabad,Income Certificate,17,41,262,231,31,35
0c0bba95-31a4-4ce4-bb10-02efcab116f1,OFC6259,Anantnag,Marriage Certificate,30,161,739,391,348,48
1383f240-ae2d-4db2-a7f9-5e2b8075fb1c,OFC5114,Gwalior,Domicile Certificate,17,173,233,146,87,35
30c3a282-1866-4e9e-a619-2fc0f360e8fd,OFC5315,Nainital,Domicile Certificate,30,102,406,325,81,48
f31e9062-b73b-4e40-8289-277626cde2ef,OFC7217,Tezpur,Domicile Certificate,43,41,368,137,231,35
5265b387-c6b3-4a7f-8269-586fed9bfd3f,OFC7796,Jamshedpur,Domicile Certificate,6,84,981,332,649,35
58408ef3-adb0-43b1-89e6-0cc2507aa1ad,OFC7985,Udaipur (Tripura),Birth Certificate,42,33,68,57,11,48
995161fd-864e-4f03-9d95-1b20e1a79fa6,OFC6194,Agartala,Marriage Certificate,13,24,334,99,235,48
92e78a90-a6d6-4f13-aeeb-20cac264f459,OFC5311,Begusarai,Caste Certificate,14,123,365,320,45,45
e6a66d20-20db-4f2f-ab82-800d7712ef82,OFC5050,Bishnupur,Income Certificate,38,25,192,135,57,48
6e80b23e-b10b-42ad-8722-9ac1bc5f590a,OFC6962,Alwar,Caste Certificate,40,34,737,322,415,45
06f63a2a-bfe6-4474-bb24-e6b64f61dc7e,OFC4246,New Delhi,Caste Certificate,23,163,354,51,303,45
de57e6fd-880a-48b1-b87b-a1d9e72e5819,OFC8090,Vellore,Domicile Certificate,9,57,740,147,593,45
e5335555-8234-4abf-8e58-1233b5a18bea,OFC4460,Minicoy,Income Certificate,5,102,912,342,570,45
6a6e2ab6-ecec-4d86-a77b-4cf077f2e4b1,OFC4531,Sikar,Death Certificate,46,20,725,374,351,35
e38c0163-2c95-436c-83e2-e96723952c3d,OFC8500,Jabalpur,Birth Certificate,38,38,833,132,701,35
dc24aaee-f0c4-4172-a345-b2327da55da8,OFC1447,Patna,Domicile Certificate,19,76,136,127,9,45
8a194dba-c015-4d04-9804-e12a11a94a2b,OFC2228,Panaji,Marriage Certificate,8,103,117,101,16,40
943a2bc1-1f2c-4436-aa7b-8995f9328552,OFC4707,Adilabad,Birth Certificate,19,62,977,887,90,40
d8363e9b-fd4a-4c2e-815a-c1516a7ccf0e,OFC7498,Kolhapur,Birth Certificate,14,144,727,503,224,48
12a023ec-8145-4117-a36e-a9040ec07dfb,OFC7533,Tumkur,Marriage Certificate,5,162,812,640,172,48
eb96b42a-baa2-46b2-b4f0-fd8e5e87ec35,OFC9140,Salem,Marriage Certificate,43,144,567,68,499,35
eb0a908e-52c9-4f3a-9c5e-54d2b62e9d62,OFC7883,Mapusa,Caste Certificate,47,115,216,47,169,48
746e1949-fde0-4b5e-a4b3-d93d8e844b51,OFC2143,Bareilly,Marriage Certificate,25,110,328,323,5,48
b4a98085-27e7-4cc2-a9d6-c18d8f1d8663,OFC9600,Deoghar,Death Certificate,31,105,337,228,109,35
c93bb985-e69c-4c47-b8c6-ec590eefdc56,OFC9934,Nizamabad,Income Certificate,31,61,262,75,187,48
882fcf0a-b459-4a24-a49a-f6b047a1f539,OFC8746,Erode,Caste Certificate,31,162,113,108,5,40
847e2aa4-0312-43fa-9d4a-744ac8e5e06a,OFC7111,Darjeeling,Income Certificate,12,77,314,239,75,45
771975c6-91f8-423a-bede-590631483fa3,OFC3249,Mangalore,Birth Certificate,48,35,671,360,311,45
75488e8c-5108-46ca-b37c-8e6669445747,OFC1750,Medinipur,Income Certificate,10,124,631,344,287,40
4c5950e4-744b-4da9-a093-652b9fe53106,OFC3173,West Delhi,Birth Certificate,45,42,79,41,38,45
9a4b6d3a-b435-44c6-9232-d52891d5f78e,OFC9392,Kota,Birth Certificate,50,173,207,81,126,35
28a47b7e-6716-419c-817c-4d923ae704ee,OFC7589,Mumbai,Marriage Certificate,16,180,830,476,354,45
4617dc3f-d95c-4ea8-9110-8bdcd06e7e4f,OFC6384,Varanasi,Birth Certificate,20,52,658,82,576,35
49fd1a0d-0a8f-4a51-b106-bf6a0de80174,OFC6532,Jalandhar,Death Certificate,29,92,444,165,279,40
59feab73-e848-427c-b081-1fe58eff92a6,OFC2264,Jalandhar,Death Certificate,45,119,426,327,99,40
db33a8ee-6ffc-47b3-b872-e8add122658f,OFC9056,Darjeeling,Marriage Certificate,15,170,401,372,29,35
c0e910c3-fc10-4d40-8bdd-d351f75f739f,OFC8603,Jodhpur,Caste Certificate,34,115,194,172,22,35
b22a8046-61be-4d1f-b5f6-60d70a379481,OFC6832,Agra,Domicile Certificate,39,34,851,705,146,45
d70ec31e-5af5-43f9-a88e-66fb4cdf7a6d,OFC9074,Howrah,Birth Certificate,41,36,136,53,83,40
6b7b995d-0228-41ca-8011-13868b72bda6,OFC2127,Jodhpur,Death Certificate,24,86,673,352,321,45
46724753-1d94-4296-b462-3cda0cbbb237,OFC6885,Thoubal,Marriage Certificate,16,122,678,638,40,45
bf750f6d-991b-4652-b3be-a2d64a7fe2a0,OFC4046,Central Delhi,Income Certificate,49,135,644,267,377,48
e05c8fd5-ab24-4d1c-9b8d-da33802f4cb9,OFC6229,Begusarai,Death Certificate,19,140,571,34,537,45
257ff21e-9b68-48b1-ae74-a51f351d7291,OFC3839,Patna,Birth Certificate,48,47,154,130,24,40
91336806-9256-4f1d-8a98-4ffb3524aa51,OFC5923,Udhampur,Caste Certificate,15,78,696,539,157,48
6a246090-36c8-471c-b6d2-444372cea5a7,OFC9055,Adilabad,Domicile Certificate,11,144,137,67,70,48
49f4e502-02e8-4a91-a7a2-e8725810336d,OFC7069,Serchhip,Domicile Certificate,22,103,275,93,182,35
fc773fc4-a17c-495a-a2a6-464d5ad26a65,OFC1168,Dehradun,Caste Certificate,23,172,174,33,141,40
acedfa54-0d7b-4a49-a195-acaf7f5f7495,OFC1638,New Delhi,Domicile Certificate,20,162,328,237,91,40
b9b109d5-31f8-4c1e-a693-033e6d5530d6,OFC4182,Serchhip,Caste Certificate,40,57,768,232,536,48
38475b6b-3056-4489-b4eb-23384f410577,OFC2632,Agra,Death Certificate,33,42,389,377,12,45
59b2b7fc-7fe1-4105-aa30-59b3ffdfb97c,OFC4354,Nizamabad,Birth Certificate,20,35,892,699,193,40
a08fd480-013f-4a01-940f-f04c1051d1a4,OFC7540,Kanpur,Marriage Certificate,27,160,648,88,560,35
ec1192ed-2810-43ec-aaca-769ddd58cda4,OFC2745,Kolhapur,Domicile Certificate,16,69,595,461,134,48
6a4620b8-373a-4120-852f-ffd03e0e3329,OFC1952,Medinipur,Marriage Certificate,35,142,419,327,92,48
17571af5-dbb2-48df-9572-471025eb949e,OFC8028,Leh,Domicile Certificate,42,121,62,36,26,45
133a6e7a-cdad-4944-a309-494801838202,OFC5112,Jammu,Marriage Certificate,35,89,848,721,127,35
b645acbd-1719-405d-a5ae-8883f3f9c153,OFC6865,Hyderabad,Marriage Certificate,41,142,609,599,10,40
70478fc3-04b6-44bd-9703-d5d83c893a87,OFC5278,Bilaspur,Income Certificate,28,153,726,697,29,35
4bca0607-71eb-41ba-a09c-24d9eb98ad49,OFC4341,Tirunelveli,Income Certificate,18,58,835,207,628,45
9415e9a3-0e14-42ff-8638-4d58279cf953,OFC3542,Hubli,Income Certificate,47,86,753,159,594,48
e118c4a7-6af4-489e-9e34-1c6c2e34739c,OFC7229,Nongpoh,Caste Certificate,17,170,441,354,87,40
8ca82023-6b3e-42b8-8f60-e1a1c1610c3a,OFC8364,Gulbarga,Domicile Certificate,39,153,350,294,56,40
8ff89512-217c-4887-8f68-28cf0b095600,OFC5896,Gwalior,Domicile Certificate,32,39,165,160,5,40
9e352d4b-5db6-4d97-9767-7b23f43fd171,OFC4904,Dispur,Marriage Certificate,18,119,77,47,30,35
c7e89e7e-b6bd-42c1-9c85-80e96274655c,OFC4714,Vasco da Gama,Caste Certificate,31,98,334,240,94,45
b1fba7d2-ab1b-451f-898f-45dcc1a65ab0,OFC5822,Allahabad,Marriage Certificate,41,119,60,48,12,45
28a89437-60c9-4e62-b535-8dac611fec8b,OFC5649,Hubli,Income Certificate,39,26,648,322,326,35
502a8e88-fff7-4315-8348-719b4c1068f0,OFC3374,Dhanbad,Marriage Certificate,47,77,195,142,53,35
0e7302ae-1b26-4c04-91c9-fad84372816b,OFC4344,Ajmer,Domicile Certificate,18,18,293,221,72,45
f4d0344d-440d-4a9e-b0af-6b13242febc7,OFC9588,Aizawl,Domicile Certificate,50,145,96,65,31,35
9e22debb-8fcf-4098-b9d1-f545f6fde2af,OFC7845,Vellore,Death Certificate,14,157,174,104,70,45
a6b394c3-2147-43ab-9804-d5406496b493,OFC4056,Surat,Death Certificate,43,160,61,46,15,35
3cc76bb4-ffcd-47c5-b0bb-c2174657dab2,OFC5354,Margao,Caste Certificate,29,99,846,603,243,48
f83c8506-10e1-4fe2-9ab0-249de121d276,OFC5455,Namchi,Caste Certificate,23,142,787,774,13,35
4c722075-623c-4667-bd6b-8f5d16f93252,OFC6246,Darjeeling,Marriage Certificate,37,100,382,289,93,45
87586397-df74-4711-bd21-12c35799c677,OFC4370,Shillong,Death Certificate,34,150,73,50,23,48
d11ed194-6a38-4038-a1f0-5b3d2b918eca,OFC2407,Jammu,Death Certificate,35,28,125,82,43,45
e3a98d1b-4c4a-447d-a559-2c7a37e1363d,OFC4039,Thoothukudi,Birth Certificate,23,106,597,436,161,40
e6a7770f-b341-4e0c-b669-cf667c2d4a20,OFC7379,Gaya,Caste Certificate,17,39,466,109,357,40
98bfd7d4-b181-4712-8e95-73ce852c05c2,OFC7512,Ajmer,Domicile Certificate,28,149,544,361,183,40
99a483e4-3a8a-4c48-bddd-aec56d646c09,OFC2035,Dharamshala,Domicile Certificate,35,21,997,174,823,48
5dbcad8f-9a8e-45fa-bc2d-845bdc1884ca,OFC2900,Satna,Marriage Certificate,28,121,440,311,129,40
9e71fee8-9dde-4af7-8678-ca03f4a6a1d2,OFC4849,Dimapur,Caste Certificate,26,124,489,98,391,35
faac6e94-23d6-4803-bc5c-5728b1ffcf1c,OFC2141,Havelock,Income Certificate,25,47,474,221,253,35
f46155e3-6c79-4fa9-bfff-d2f4a264e4e7,OFC4288,Geyzing,Birth Certificate,26,127,858,616,242,45
e889b819-8dd9-4119-9c0b-11c9fa98ca32,OFC8161,Aurangabad,Caste Certificate,23,79,516,233,283,40
a5f200cc-75f9-492e-b7ba-4f428f84f976,OFC8135,Allahabad,Income Certificate,6,29,119,94,25,45
e48a2b79-6790-4534-88be-252a1bdd5f4b,OFC1584,Lunglei,Marriage Certificate,14,148,167,94,73,45
3fb74e08-986d-4e26-9d83-6191870c7094,OFC5269,Mokokchung,Birth Certificate,24,136,239,37,202,35
c7de022c-792d-4860-8c66-e43238d33b34,OFC1472,Nizamabad,Income Certificate,19,157,240,227,13,48
cd448f67-1e1a-491f-b9aa-fb87712a44e9,OFC2335,Shimla,Death Certificate,9,89,191,136,55,45
58af4872-afc4-4d66-a52b-8afdee42c47e,OFC7219,Tirunelveli,Income Certificate,39,78,271,162,109,35
5b2516ab-4d5c-406f-b1fc-2d5ac8f2fcba,OFC1945,Bhavnagar,Caste Certificate,8,27,995,470,525,40
0e4ce4e3-cbd1-460e-877b-84dd25bba8e9,OFC3598,Warangal,Caste Certificate,26,180,815,143,672,40
ff4a9edb-fc3a-492c-96db-9a5201cfddb2,OFC3762,Manali,Birth Certificate,36,90,561,94,467,45
2ab36c89-18d4-41c9-92ba-cdc2f81bd08a,OFC5705,Geyzing,Marriage Certificate,25,60,436,343,93,48
6dad31fb-1e06-4381-9840-422d5c32a358,OFC2545,Jowai,Birth Certificate,43,159,705,177,528,48
9680afeb-7b3e-46fc-b9f6-2cd9f8b879e5,OFC4366,Bhagalpur,Caste Certificate,22,147,217,43,174,35
ea8b0f44-83ec-4e58-b015-2247dd98dac5,OFC5497,Amritsar,Marriage Certificate,36,160,892,486,406,48
302287d3-f549-48a0-b1ee-b50d3908ccc6,OFC5925,West Delhi,Caste Certificate,50,91,370,199,171,45
b43d8f50-269c-483f-8d41-1557dd2edd97,OFC5880,Tumkur,Income Certificate,48,71,514,193,321,35
0d6c5214-eef4-43fa-8008-48f1ffc69971,OFC6764,Jamnagar,Income Certificate,44,173,92,38,54,40
71b7f0d7-580e-4ce4-994e-88c46c729baf,OFC7272,Havelock,Caste Certificate,49,115,391,53,338,48
8ee9dbf1-7d60-4e4a-a79b-7cec9b9d1245,OFC7283,Durgapur,Marriage Certificate,42,149,412,166,246,35
74f1d31c-aead-4acb-a8ea-ff05b9f86533,OFC4978,Jamnagar,Death Certificate,49,155,506,155,351,45
6433bc46-2411-4292-a7f0-31e653716efc,OFC5041,Thoothukudi,Birth Certificate,24,162,867,600,267,40
88a4c9ee-d3b7-4717-b775-bfc72841372b,OFC5399,Jodhpur,Death Certificate,43,43,533,106,427,40
84904854-e61f-4852-994f-584d6edef6b5,OFC2821,Mysore,Income Certificate,20,114,189,169,20,35
a4c216fa-9ae3-46a3-a3ef-b2d0264c0d67,OFC8387,Tezpur,Birth Certificate,49,37,805,255,550,48
0921eb60-023c-4815-946d-ff8ccaa5c3dc,OFC2096,East Delhi,Marriage Certificate,14,119,261,260,1,40
73e50a16-f501-461e-9532-77d28a300428,OFC6920,Mandi,Domicile Certificate,26,112,251,36,215,45
cf7af4ea-6ce5-4dc6-9122-64d59bee0de1,OFC3269,Baramulla,Death Certificate,25,144,517,173,344,40
c772ea15-90a1-4a2b-bc9c-63dd81367bb6,OFC9707,Gorakhpur,Domicile Certificate,27,39,162,129,33,48
c689580b-a79d-4c6d-b8d1-0c43956634ee,OFC5109,Dispur,Income Certificate,34,129,908,691,217,40
00134038-ed94-43df-8fcb-5ed6cdb7ca83,OFC4436,Srinagar,Birth Certificate,9,22,467,429,38,48
c7c7058f-ab5e-4ae8-828e-f4bb0b58319e,OFC5591,Mandi,Caste Certificate,40,124,455,314,141,35
78892e96-832d-4280-b101-dd1c0656dac5,OFC5875,Gulbarga,Birth Certificate,17,158,97,66,31,40
ed9df230-c8a1-4718-8923-fda5068fad70,OFC5902,Churachandpur,Birth Certificate,23,149,281,35,246,48
588bf384-8a31-4e6f-9e14-13108fc169d4,OFC4757,Kolkata,Death Certificate,37,75,229,97,132,40
7b5f37af-e785-4b59-8980-230940acec0e,OFC8225,Gangtok,Birth Certificate,13,91,60,51,9,45
30645629-3c38-449b-a5dd-c724fa3d6d0a,OFC9964,Mapusa,Marriage Certificate,20,92,219,167,52,48
10cc5fda-d024-4565-8ef9-63abd970721c,OFC7565,Rajkot,Marriage Certificate,5,124,744,310,434,45
587855b8-9478-46dd-9654-9af4ae4e862c,OFC7894,Alwar,Caste Certificate,23,21,609,336,273,48
57754556-3dac-459d-b91e-baeaae0402f1,OFC7468,Bilaspur,Income Certificate,20,23,80,32,48,35
ca115e1b-fb89-499f-84cc-c7f2547db5b7,OFC1590,Gulbarga,Caste Certificate,19,105,356,180,176,35
6b8bc083-a5a5-4efd-865a-f7441e4d6cbc,OFC7325,New Delhi,Marriage Certificate,23,143,793,134,659,35
7fb28a2d-a6fa-48ad-8f01-95ce04b7c269,OFC7116,Bangalore,Income Certificate,32,52,295,59,236,40
9944bb6f-9a32-4d8f-b2bc-3ff9f6d35890,OFC6130,Central Delhi,Marriage Certificate,30,142,252,147,105,48
6a239008-0350-4076-b10f-8fe5b0d7956f,OFC3447,Sikar,Caste Certificate,29,146,312,135,177,35
f1fddaa4-4621-4401-aad5-f7c2a0a4243a,OFC6619,Dhanbad,Death Certificate,23,53,883,297,586,45
a37f7b99-48d4-4263-a673-a4ad57038a5c,OFC7689,Margao,Death Certificate,27,148,146,64,82,45
aac8ff37-3509-4682-894e-7d906975c824,OFC5319,Silchar,Income Certificate,7,83,339,302,37,48
79b88303-16ad-458b-8983-f8f62f4b0a3c,OFC9074,Bhavnagar,Marriage Certificate,11,100,338,187,151,45
16549cd8-5cb6-4530-82d8-c2f7d20944e5,OFC9011,Dhanbad,Death Certificate,10,166,86,85,1,48
d4382675-1cc5-40ac-9ccb-4f1eb97397db,OFC8682,Tiruchirapalli,Income Certificate,47,84,221,47,174,35
c97fde3e-5a34-4bd3-aab3-6db7989f2a6b,OFC2413,Mysore,Birth Certificate,27,30,69,67,2,35
e11a3a78-1333-4c9c-a426-20f8d92624c4,OFC3884,Tumkur,Marriage Certificate,46,112,993,298,695,35
32d40995-6848-4e72-a419-650d0c78f7fb,OFC2860,Hyderabad,Death Certificate,21,175,82,49,33,40
43c7ee09-9b29-48a9-a316-c1b064003d26,OFC5844,Udaipur (Tripura),Income Certificate,16,108,923,507,416,45
52866872-c6f2-4f7e-838f-87a3fbe04fac,OFC7009,Leh,Marriage Certificate,6,93,721,330,391,40
9f2fde2d-f2b8-43f0-acdb-fd4fcf86a8a4,OFC4211,Dharmanagar,Birth Certificate,19,142,695,461,234,40
b2b1e170-3cd4-4122-8ef9-d80b3109546c,OFC6411,Aurangabad,Birth Certificate,33,118,719,410,309,35
1984559f-b36c-44e4-88f5-57fb2c7e9b33,OFC1721,Junagadh,Caste Certificate,18,159,299,102,197,48
1d187bfb-dc1a-4d3f-b0ce-05b5d11d13ac,OFC3720,Patna,Death Certificate,13,28,269,229,40,48
5b324e5d-93e5-4c37-b4bf-1781941fdab4,OFC5898,Jabalpur,Death Certificate,34,33,130,107,23,35
098f7631-2767-44bf-8fdc-7f1ff4478dd3,OFC3750,Tiruchirapalli,Death Certificate,18,127,687,88,599,40
709b0aef-2a27-4758-b3d9-7836097aaebe,OFC7055,Bhavnagar,Birth Certificate,26,137,712,233,479,45
11618a58-123c-425c-bbf6-c8bc9daf66ba,OFC5396,Malda,Income Certificate,27,108,436,390,46,48
315551be-e2ac-4ab3-9d87-0a7575c13939,OFC6312,Durgapur,Domicile Certificate,47,124,124,95,29,35
64d6df2c-7f91-4909-aa57-c7dece37009a,OFC9985,Dhanbad,Caste Certificate,12,45,81,52,29,40
72a6ffe5-97b4-4261-a6e4-ae6072f9eb33,OFC6201,Tirunelveli,Domicile Certificate,26,139,777,269,508,40
e26c429f-dedb-4988-8e6a-108fa6d99e0f,OFC9849,Manali,Marriage Certificate,43,25,674,631,43,40
2c9585dc-8f0f-49a6-98f1-cc1bd8353d71,OFC3209,Chandigarh,Domicile Certificate,32,87,706,332,374,40
d0fecbe7-cf3b-4d63-9879-1a4d33bf3306,OFC2430,Nashik,Domicile Certificate,13,115,660,572,88,45
283a0d5b-f3e1-404a-bc8f-8fe09fa517e4,OFC4384,Gangtok,Caste Certificate,33,151,467,318,149,40
80f6159a-7244-4ca7-a622-7d20ba71c006,OFC7290,Rewa,Birth Certificate,15,94,52,51,1,40
33133f33-91db-4b49-9c68-930659ec4bfb,OFC5122,Jamshedpur,Domicile Certificate,21,168,790,532,258,48
7709cc38-bd66-4408-8722-6a8d51b8f4cd,OFC1892,Nizamabad,Birth Certificate,16,16,385,222,163,48
5f0bb7b6-945f-490c-97c4-0df7a8832130,OFC2833,Tawang,Marriage Certificate,10,37,574,476,98,48
9935b6bf-1fc1-4a53-9bf3-f3332b0dfe47,OFC5998,Hyderabad,Death Certificate,15,171,488,50,438,35
e006498a-54e4-4587-96a1-40216dd3ebe8,OFC4755,Coimbatore,Death Certificate,21,159,848,306,542,40
7d3baa57-46e5-4163-b4b0-b282bb1af851,OFC8104,Ratlam,Domicile Certificate,20,156,654,396,258,35
89e7e93e-b7f1-4c45-ba5c-adf41650e35a,OFC3630,Patiala,Death Certificate,15,74,497,132,365,40
4219f584-774c-4825-9b64-0e3abde32694,OFC6681,Dharamshala,Domicile Certificate,34,105,963,922,41,40
41fc641c-c867-45fd-83f0-284aa1cd0853,OFC6804,Ranchi,Death Certificate,25,108,102,72,30,48
815cc82c-9b78-4e4e-9fbe-86a08e5006f6,OFC8319,Allahabad,Marriage Certificate,39,28,407,64,343,48
00649ce5-2ea7-470a-a6f6-f12d06a8de9e,OFC7671,Jalandhar,Marriage Certificate,29,33,599,344,255,48
b540fe82-d8c4-4287-be97-213b7733e2ce,OFC8776,Warangal,Birth Certificate,18,97,608,256,352,35
16c62ea6-646f-40fc-8dab-7231e7ecbeaf,OFC3907,Sagar,Domicile Certificate,17,15,110,82,28,48
b608fc2a-77a8-46b1-9c5c-642f281b6eae,OFC9464,Begusarai,Domicile Certificate,34,83,547,74,473,40
28e7ab67-a7fb-42e7-90d4-0adbb519939b,OFC9010,Shillong,Domicile Certificate,17,92,726,101,625,48
cc84d9b0-1f88-4e69-982e-a8833c3ecbd8,OFC1711,Karimnagar,Caste Certificate,21,21,410,233,177,45
e7be1b98-ef39-491e-be31-7b31f71ad226,OFC1714,Giridih,Domicile Certificate,41,170,364,111,253,48
99084f5b-d55c-498c-aab5-dc186619c28a,OFC2024,Pasighat,Income Certificate,11,17,881,715,166,40
61b92cf6-f9f6-4dd8-87d4-34dbf7fa2101,OFC9429,Dharamshala,Birth Certificate,8,169,491,217,274,48
a0c9c513-2bc3-40f4-b391-a72949de60e7,OFC8048,Central Delhi,Death Certificate,27,31,192,144,48,45
a0917567-6d2f-4b46-b3b2-bb7fccc553f1,OFC4976,Begusarai,Birth Certificate,36,19,330,80,250,45
94fe0ef2-db75-4c54-8029-c03a30cb20af,OFC7197,Nizamabad,Birth Certificate,38,40,849,600,249,45
2677e130-afec-4770-aba7-7160977f1aec,OFC2671,Jammu,Birth Certificate,12,144,162,140,22,48
eab7d349-d1fb-4d26-9bb4-8b3303e5b812,OFC5371,Kolkata,Death Certificate,21,18,185,91,94,40
96a0316b-3548-40f9-9fff-d23fc4f10a40,OFC2997,Bishnupur,Income Certificate,38,58,662,39,623,40
de480753-47ba-4e2d-8fa5-e43844a7593b,OFC5265,Lunglei,Marriage Certificate,5,16,565,88,477,45
22867656-e967-4f1d-9485-09de9a1c6487,OFC6786,South Delhi,Marriage Certificate,19,33,835,394,441,40
7e5d3f21-ae09-4550-bec4-cd58bae2848d,OFC1561,Katihar,Birth Certificate,31,131,142,108,34,48
a6b3609d-ac52-48be-b8f6-a2d94840224f,OFC5575,Bilaspur,Income Certificate,14,146,687,335,352,40
00d040d8-203e-428a-817f-dbee3afea4aa,OFC6091,Dimapur,Caste Certificate,6,130,924,370,554,45
e78cb4bb-6f94-4fb5-8af7-14c0ac5d53c3,OFC9034,West Delhi,Domicile Certificate,31,139,590,89,501,48
065031bd-b21e-423a-b6b4-c8100615ba8d,OFC9292,Jorhat,Domicile Certificate,41,175,936,851,85,45
2b7e6357-54d5-4a69-9f5d-609dc058dc05,OFC7331,Mokokchung,Caste Certificate,24,133,904,452,452,35
48a74875-82fa-4db6-87a1-af67afeedcce,OFC3016,Bhilwara,Birth Certificate,35,95,588,587,1,40
45a64f3d-0c34-48f4-9155-59cfad4aeabf,OFC3411,Lunglei,Caste Certificate,13,36,350,242,108,35
29c3f5b7-c190-4b6b-a7ea-18872216854f,OFC5458,Leh,Income Certificate,25,43,770,85,685,48
9a4bfe22-e148-4fbb-8fcd-ae1b9460d0a9,OFC9589,Chennai,Birth Certificate,23,149,957,932,25,48
90f66655-b235-4100-8fed-9e4565c98ad5,OFC6660,Tawang,Income Certificate,50,125,204,166,38,35
7ea894e5-5ad1-4cd0-a73d-d8927f1ed1ea,OFC4088,Tura,Income Certificate,42,104,612,85,527,48
fe0e8980-a5df-45c3-9f1c-cb625e137415,OFC6003,Haridwar,Birth Certificate,23,137,437,149,288,48
b6ca63d6-f5b8-455a-87d5-70ad7a7a05b1,OFC8599,Warangal,Marriage Certificate,40,35,919,466,453,48
ecf362b3-ecb1-490d-85a5-aa65375e3278,OFC5061,Vellore,Caste Certificate,31,39,514,239,275,48
cdc43dc2-6a6e-4014-8224-b9ef64cc204e,OFC5082,Srinagar,Death Certificate,6,120,852,842,10,48
7801c2a2-7866-407f-8507-6642210fc385,OFC4505,Mokokchung,Death Certificate,42,111,191,102,89,40
a16c2a69-5550-49bd-9e01-0951d5b2d517,OFC2828,Salem,Birth Certificate,34,71,239,61,178,35
db76891f-cf86-44ec-979c-89465332b292,OFC8213,Bhavnagar,Death Certificate,21,142,497,374,123,48
1fb2a6e8-c450-4651-b159-ac0a71afdf20,OFC8981,Junagadh,Marriage Certificate,7,96,600,272,328,48
8fc86bbf-70bf-4405-b45b-57fc81b8aec6,OFC2991,Kailashahar,Birth Certificate,38,85,574,548,26,45
e2b24671-079e-43ea-a9d3-60ab5a95c0ef,OFC6096,Ujjain,Income Certificate,18,36,317,119,198,40
bead9910-bd0f-4908-8dbe-f7feb593eb8b,OFC5173,Nashik,Caste Certificate,19,95,979,821,158,45
befffb1d-549f-4152-a4c7-10dfa34add2f,OFC5689,Agatti,Death Certificate,17,142,210,175,35,40
895a76f0-80a0-4f5f-aa0f-002a3e8fe1b9,OFC3619,Kolkata,Death Certificate,13,82,414,324,90,35
b00a009d-b741-478d-a0dc-e8bc4c769cce,OFC7838,Dimapur,Marriage Certificate,5,62,912,564,348,48
672620bf-4fcc-4daa-b058-865a6f8dc18e,OFC3884,Aizawl,Caste Certificate,40,86,742,535,207,40
9f95eefe-a67b-4cb3-b551-492b6f12db9a,OFC2987,Itanagar,Death Certificate,19,142,609,420,189,35
5e5a9add-4f87-47bb-bf6d-b73dd1e9e19d,OFC3243,Dispur,Death Certificate,47,134,840,42,798,40
08478174-f9ac-4bc2-9328-53134dc2fb59,OFC7734,Bhopal,Birth Certificate,9,125,141,30,111,48
4c077e9f-5bad-4293-8eee-ad62681bb83f,OFC2691,Udaipur (Tripura),Birth Certificate,7,22,603,186,417,48
ac1012bb-9c14-4212-bd2f-d59c8266a7fe,OFC4138,Durgapur,Death Certificate,43,45,450,87,363,45
ddc1cd55-2a75-4ba5-9b6e-97314d91ee99,OFC4369,Panaji,Birth Certificate,39,129,71,65,6,45
421b2eb2-dc45-42e3-ac6d-40269c67dfde,OFC6133,Rewa,Domicile Certificate,46,119,500,298,202,35
1dc1b278-cf0e-4cc8-8987-24f85a6e5363,OFC1592,Bishnupur,Caste Certificate,33,132,435,213,222,45
10c98ba7-21f8-47d8-86ba-505aa5a7c4b9,OFC9716,Pune,Marriage Certificate,21,171,754,510,244,40
ff17770b-ddd5-448a-bac8-79d5d9492622,OFC8758,Bikaner,Income Certificate,36,88,700,698,2,40
e814c579-359c-47bf-b4ad-0a7eed0aaf5e,OFC4382,Udaipur,Caste Certificate,44,135,679,395,284,40
ea98bcd2-f6b6-45c2-af62-73fc13db1678,OFC3537,Salem,Birth Certificate,25,34,938,792,146,45
3552dbaa-ca49-466b-86ae-9c24c407fbb2,OFC9879,Jammu,Birth Certificate,21,121,218,31,187,48
15ababe9-1dba-4ce4-9613-5db816428cbc,OFC2940,Naharlagun,Marriage Certificate,33,170,687,259,428,40
ac84bb1c-60b9-4356-8efc-2e18d877a540,OFC2159,Mokokchung,Income Certificate,34,180,805,362,443,35
e4450159-7395-453a-a5fb-1f2429cec5e8,OFC7609,Rangareddy,Birth Certificate,14,102,676,597,79,45
745b7a08-97a4-45c2-9a5c-6a23f11bed63,OFC4920,East Delhi,Birth Certificate,41,91,864,56,808,45
ff8aeeed-a001-4f17-82ad-34554c2bc79a,OFC4293,Aizawl,Domicile Certificate,10,53,200,160,40,45
fa2eda04-3c05-4051-850a-c823b0165aa7,OFC4123,Gaya,Birth Certificate,28,92,454,128,326,45
f7adb60d-2402-4870-b65c-8997b3904d79,OFC3239,Dispur,Caste Certificate,8,39,869,500,369,40
354ff3a2-75e6-4321-8e2d-270e7f29233d,OFC6504,Thane,Caste Certificate,12,41,359,139,220,48
d86bfae4-3afb-4115-9983-ad2cfb9580e1,OFC8409,Dharamshala,Marriage Certificate,12,38,109,74,35,48
e768e5e7-c565-410f-ba6a-e479bcae5913,OFC4759,Malda,Birth Certificate,43,20,308,115,193,45
e09f0382-f8aa-4ccf-8e77-d8468b28dce7,OFC1462,Jabalpur,Birth Certificate,28,55,933,443,490,48
b1c8ffef-f0c0-4e71-8a3a-b4ffd5292541,OFC1913,Bangalore,Income Certificate,35,75,147,88,59,35
229d4138-6cd1-40e1-9e76-ee3874db6999,OFC3586,Haridwar,Income Certificate,10,140,956,932,24,48
77029931-9718-40ab-9f9d-b08518988eac,OFC7041,Udhampur,Income Certificate,5,153,53,46,7,48
3b7e5459-0ff3-4304-a12f-cc3df0099a12,OFC1489,Jabalpur,Domicile Certificate,32,97,308,212,96,45
96625d8e-e382-422f-ba57-eaba3f9409de,OFC3196,Rudrapur,Birth Certificate,29,104,653,536,117,35
56245a31-4308-4148-b888-fbd6f1595bc2,OFC6865,Ahmedabad,Income Certificate,12,46,236,189,47,45
0ac83c73-04c4-4c6d-bec0-7677659ddff7,OFC8681,West Delhi,Marriage Certificate,26,45,395,113,282,35
0b6fc0e9-b59b-4284-be3c-373dbccd89f7,OFC1378,Adilabad,Domicile Certificate,7,147,372,93,279,48
bb878397-c148-43f1-ab8b-9c9b9e23d56e,OFC6276,Havelock,Domicile Certificate,21,162,161,85,76,35
e26dd5ed-6fd8-4bce-bc0b-c513a803dcb6,OFC3824,Mumbai,Death Certificate,12,176,664,238,426,40
f7fee01c-ddf7-4baf-a4d4-4638f0e496a4,OFC4172,Bhopal,Income Certificate,28,70,453,264,189,48
a21512b6-0ef2-400e-ad1b-b1d9ba6bd7c8,OFC7555,Dharamshala,Caste Certificate,37,105,162,161,1,35
74fed7bb-16fb-4638-90c9-219ad92a7db7,OFC7758,Ludhiana,Birth Certificate,8,140,619,406,213,45
e27deab3-c586-4144-9b25-01bd256225cf,OFC8395,Sagar,Birth Certificate,49,18,619,613,6,45
e306ba76-a09d-4593-8a29-851d342768d3,OFC2137,Rangareddy,Birth Certificate,12,32,610,524,86,45
986e9e6b-1ea6-4f07-bc2e-ffec6d270641,OFC6274,Dibrugarh,Death Certificate,45,157,794,449,345,48
8de46527-5bd0-440a-af1a-af6e6b2d7850,OFC2731,Rewa,Death Certificate,8,30,71,56,15,45
37b150b3-8f44-49e2-876f-ee64970efee5,OFC7257,Port Blair,Birth Certificate,47,112,488,160,328,48
4295c7f6-147d-4411-8f93-1430558a8198,OFC4369,Bhilwara,Birth Certificate,5,68,948,477,471,35
14039d5c-7167-4fab-a7fa-cf55cce41d3f,OFC3887,Bareilly,Caste Certificate,9,123,351,322,29,48
a16877c6-a2e8-4a35-a782-ab146000d36d,OFC3134,Mangalore,Marriage Certificate,36,26,416,248,168,45
5a880f83-9f45-41f9-8135-9cdcc89df071,OFC6637,Imphal,Marriage Certificate,36,148,243,54,189,45
a9d72231-c573-4546-b5d1-4baca8088995,OFC6512,Nizamabad,Birth Certificate,23,88,397,125,272,40
3593dda8-f166-4717-aa96-1ba4998c6254,OFC5400,Jowai,Marriage Certificate,44,87,660,596,64,45
068dfec7-65e1-4e53-b67a-c6c2f58b1c76,OFC4442,Tura,Domicile Certificate,16,171,211,127,84,45
70d81fad-e36e-4c6b-9d82-b0b8b6d82a54,OFC5859,Jowai,Caste Certificate,12,36,547,312,235,48
ba79dc7a-4341-4dd3-b118-0af68e6cd5f6,OFC2318,Hyderabad,Domicile Certificate,44,165,794,470,324,45
191e426c-afd3-4c99-88e0-b80990fdd307,OFC6883,Dibrugarh,Income Certificate,21,31,119,84,35,40
4f5ee657-9afc-48f7-893b-fe9a3d0a9cea,OFC1829,Giridih,Death Certificate,29,55,621,265,356,40
1e540d13-e10c-498e-b67e-26e11f95b996,OFC4351,Begusarai,Income Certificate,24,104,224,88,136,48
dd5dd016-62b8-42e8-899f-f73207704aa7,OFC5701,Jabalpur,Caste Certificate,47,108,839,163,676,35
09d21252-1c77-4454-bca7-a6a603b11743,OFC6765,Rewa,Death Certificate,22,101,439,58,381,40
049a6352-213c-4344-96e6-957d72284b73,OFC3843,Haldwani,Death Certificate,43,75,360,189,171,40
eb7c0a91-a5c0-41d5-9b7b-9ff5e7dec764,OFC9742,Srinagar,Birth Certificate,24,53,646,549,97,35
b23d6aad-5042-4dff-8027-0c37d2f0efda,OFC8533,Purnia,Marriage Certificate,48,34,339,166,173,40
5db398c5-161f-4d41-8cc0-4419727142b5,OFC5078,Ujjain,Caste Certificate,40,165,955,669,286,48
5f92dd2e-9673-42bb-b151-85ed9230d692,OFC8956,Dhanbad,Birth Certificate,14,150,90,41,49,45
120075bf-175b-456b-92cf-46b5664f592f,OFC5575,Srinagar,Caste Certificate,36,177,751,187,564,40
f2019262-03a5-4fbb-b634-cad8463f6d54,OFC7980,Nongpoh,Birth Certificate,14,55,93,30,63,45
d9fb13d4-3693-4823-ad26-0ff6d8fe86a2,OFC4651,Dharmanagar,Death Certificate,5,143,237,113,124,35
8296fc5f-703b-42fa-bca6-fbf712fba814,OFC6489,Ratlam,Income Certificate,28,23,485,207,278,35
8500bcd8-1a4e-430f-9c24-80f2578464dd,OFC6011,Udaipur (Tripura),Marriage Certificate,38,94,266,233,33,48
c8f6e191-2800-4582-add5-b4a568901613,OFC2207,Katihar,Birth Certificate,17,78,836,147,689,40
2d25f890-4ba4-4eac-903b-3cf8815aee8b,OFC2957,Rewa,Death Certificate,32,112,52,33,19,40
4e3ccd1a-d35c-4148-b4e6-7a793fbb7f17,OFC7468,Manali,Marriage Certificate,13,154,289,112,177,48
1d2d22d4-df46-4864-a2d5-de1709dbd7aa,OFC9494,Bhagalpur,Birth Certificate,14,59,799,473,326,35
4b2ff7a0-1e0f-4211-a1a4-22a07813bd2b,OFC8919,Kullu,Marriage Certificate,49,154,987,530,457,45
3eba715d-e129-414b-9aa0-880f0123dac2,OFC5618,Kohima,Caste Certificate,48,125,402,45,357,35
18de7f7a-3cfe-403a-9cc5-502a75ccc4cd,OFC1887,Tiruchirapalli,Marriage Certificate,43,167,570,42,528,40
f2300776-9541-45d1-a67d-f3ec346e9b29,OFC5600,Ratlam,Death Certificate,23,127,486,384,102,48
0dc19ceb-defa-4d12-903a-85cae32fdae7,OFC7939,Tirunelveli,Income Certificate,29,155,251,45,206,45
aa5c06c2-8d5b-428f-9dfc-caaa7f9b2174,OFC8069,Ramgarh,Death Certificate,47,24,503,473,30,45
52b6dfca-c4af-4d4c-b0df-121a7dd04225,OFC2302,Mapusa,Birth Certificate,20,177,61,60,1,35
1c487c01-c93b-46ba-863e-90f982e60eb2,OFC5756,Katihar,Birth Certificate,24,178,911,637,274,48
55348b33-0c00-4cd0-af59-6e97c580c529,OFC6103,Tumkur,Income Certificate,41,121,524,434,90,45
5542e097-44f6-4d72-a7cf-ee022b65b805,OFC1985,Kailashahar,Income Certificate,29,45,810,534,276,45
f885dfc2-bd66-4b0a-8eb0-017bbfa70c0a,OFC4007,Rajkot,Death Certificate,18,116,508,492,16,45
fbfc9243-1d00-4e5c-8703-845c1c31e5e6,OFC1561,Mangalore,Caste Certificate,18,127,782,684,98,45
c1224e6a-33ab-405b-bf76-323ab609615d,OFC9357,Bishnupur,Caste Certificate,37,78,868,816,52,35
7a51942a-08a5-42ca-b959-86579c141159,OFC1687,Kathua,Income Certificate,21,104,820,783,37,40
7dbc454d-5bef-40cf-b7ce-d162cf1b4a24,OFC1927,Agartala,Marriage Certificate,15,137,169,115,54,35
9a9cd686-992d-474f-a7d5-5a3f27d76921,OFC4088,Rewa,Birth Certificate,27,133,250,34,216,45
ad5dc395-ee27-4157-8457-0a7d7c001a5f,OFC2384,Agra,Domicile Certificate,21,75,440,132,308,48
ab5e53c9-a959-49a6-9915-8aacfd152024,OFC7405,Ratlam,Income Certificate,41,139,577,471,106,45
21d22909-606c-42dd-8ee8-e6743e8dfb38,OFC8224,Ahmedabad,Domicile Certificate,35,142,122,36,86,48
a1f96d64-421a-4dc3-8e0e-d675ef716bcc,OFC5711,Dharmanagar,Death Certificate,36,60,912,176,736,45
24e8155a-8927-43f0-90d9-04b2f298d053,OFC6885,Allahabad,Birth Certificate,37,65,927,253,674,45
07dac6b5-8d5d-4599-acad-76815937942c,OFC3519,Jaipur,Marriage Certificate,10,119,918,194,724,35
8e17493f-4ae8-468f-9444-7413cf652399,OFC5670,Surat,Marriage Certificate,40,174,593,380,213,48
ff8e95fd-fdc5-4c0f-bc99-1eaa58bff902,OFC2051,Begusarai,Death Certificate,25,29,991,310,681,35
a888a1d6-f5e7-4ada-a824-043997a49a79,OFC6296,Tawang,Caste Certificate,44,100,938,285,653,40
4c3a8793-436d-4a09-97cf-6b5f0926970a,OFC5964,Dharamshala,Death Certificate,38,114,754,358,396,48
7a0d2663-5762-4a33-a8c6-62ab1a02bcee,OFC5744,Davanagere,Income Certificate,27,180,820,131,689,48
ce9d50c7-2c17-4f1b-890e-e1042165a5d3,OFC8224,Mapusa,Marriage Certificate,47,98,202,90,112,45
d23d92a4-32a9-4661-86aa-f69f206b990a,OFC3997,Chandigarh,Domicile Certificate,6,114,450,406,44,48
9015dd2c-8e8e-49cb-bae3-4f3f863ba183,OFC8194,Mapusa,Domicile Certificate,39,174,744,425,319,48
4d6a949b-7ea5-4777-8c1e-b0065b3387c8,OFC5323,Serchhip,Income Certificate,49,60,242,171,71,48
7f255765-4005-4cbf-a178-1fe996ed8d06,OFC4466,Mumbai,Birth Certificate,32,92,886,651,235,48
7d9aa025-b53c-4d61-a812-c58c1977c08e,OFC8289,Mumbai,Death Certificate,30,91,642,604,38,48
1fb0b8c4-b40c-4dee-a34d-3bd15ddf576d,OFC8118,Nagaon,Caste Certificate,49,100,971,283,688,45
9159de7a-4898-448c-b37a-74f1a8735b86,OFC3626,Howrah,Income Certificate,32,53,351,338,13,48
483bc03c-716c-466c-9c19-f45599ee9f0a,OFC9390,Ghaziabad,Death Certificate,15,179,943,363,580,40
3c5630ad-20f9-459c-a70a-a66474720dd0,OFC7962,Amini,Domicile Certificate,7,86,663,198,465,35
cbb7e9d9-0fc7-42d1-b6a9-d638d4a2c6f9,OFC4188,Dharmanagar,Domicile Certificate,46,148,582,58,524,45
a91185f2-a95f-4e91-9f29-677d6b1471a9,OFC9363,Meerut,Death Certificate,14,156,666,106,560,48
a8403931-6586-4016-9d7f-1481de234942,OFC9829,Bilaspur,Income Certificate,29,114,643,367,276,35
74f3ea27-75d4-4813-a1aa-7578bb3ffedd,OFC7555,Ujjain,Birth Certificate,21,117,999,202,797,40
2b01e410-b191-47a6-b73e-87df64a7285e,OFC1393,Bokaro,Income Certificate,44,18,181,49,132,40
f6d3e4aa-d905-4ee6-a6f5-3838b3a02d75,OFC5672,Mangan,Income Certificate,41,56,651,401,250,35
d05340e8-c5c3-49d4-b4e8-ab959b3228ef,OFC5553,Ranchi,Caste Certificate,11,51,885,78,807,48
28ee0c11-3bd5-4b9b-ab4f-e78d41eac012,OFC6097,Mahbubnagar,Income Certificate,16,117,267,36,231,48
81287ba0-8d26-4aac-a946-2531347eba2b,OFC3918,Nongpoh,Domicile Certificate,33,22,439,394,45,45
b1e930b3-a48d-4a8d-9141-ae22248f8865,OFC6844,Sikar,Caste Certificate,35,21,496,159,337,48
5ef13db1-8820-4559-8505-aba4617ec423,OFC8253,Varanasi,Domicile Certificate,45,129,893,171,722,48
771436cf-4223-4efd-a78e-fe4a2dad3227,OFC8150,Port Blair,Birth Certificate,44,67,695,555,140,48
f63ec714-559e-47ad-8423-41c774c90069,OFC9798,Gorakhpur,Marriage Certificate,13,166,309,147,162,35
24a41f8a-2482-4141-ab00-11916dd4083d,OFC9384,Durgapur,Caste Certificate,47,99,990,892,98,48
0dc3d3bb-a9fd-44e8-b2be-f5dcdc5583c7,OFC3885,Baramulla,Marriage Certificate,6,67,398,250,148,35
cc8fed4d-7ffb-4ce4-8e0e-3c6a581200ad,OFC5747,Varanasi,Domicile Certificate,46,136,995,443,552,45
17c29aa3-9b23-4c54-ad51-faa14d5f4860,OFC8481,Malda,Birth Certificate,35,56,184,169,15,48
94b9732e-e5e5-490e-ba10-be72d263f860,OFC7062,Siliguri,Domicile Certificate,39,43,89,57,32,48
c8b5dc23-fd80-4452-b7b3-029ad7033382,OFC3586,Ujjain,Income Certificate,27,102,175,87,88,45
83579d36-9ea7-41d5-8872-3d72165a5288,OFC1865,Bilaspur,Birth Certificate,33,29,915,903,12,35
d9eec71b-740d-4731-9e05-ea1ed82636ad,OFC5469,Central Delhi,Marriage Certificate,21,85,649,417,232,45
9614ed18-c74d-4481-b67a-fe3378e09219,OFC7656,Amravati,Income Certificate,25,150,970,366,604,45
ae902bb6-13bf-4bfe-9a9c-2177414b08da,OFC1977,Shimoga,Domicile Certificate,5,179,671,408,263,48
d55f83d6-e2cb-48bd-a3d6-9f9b7bc8392a,OFC2382,Khammam,Domicile Certificate,20,71,587,95,492,45
8fad9a5b-6501-45fa-bb77-06b20c66812c,OFC6076,Jalandhar,Birth Certificate,21,49,635,63,572,45
99e1c070-626b-4645-a96f-1ac8b5b4b44f,OFC9454,Patna,Marriage Certificate,26,138,502,184,318,45
3e13898a-66f0-4f71-8511-843f67ba137a,OFC4042,Diglipur,Marriage Certificate,37,39,59,53,6,45
4bd60c62-0af8-4e21-b4e7-78f2dd969b14,OFC8419,Deoghar,Income Certificate,18,137,890,285,605,45
2b450892-7537-4fd5-8b1a-763de2336f2f,OFC1624,Mangan,Birth Certificate,19,146,119,47,72,40
8bf10cc9-c78d-4d85-908b-a75017d69020,OFC4896,Ahmedabad,Death Certificate,43,177,251,136,115,40
2c46f708-78ec-465d-9679-60ec460fed7b,OFC7467,Nongpoh,Income Certificate,10,151,284,155,129,48
2b93e57b-69c1-420b-bf90-adab853daecd,OFC7440,Churachandpur,Income Certificate,11,168,191,98,93,45
482c5e25-95f7-4772-aedc-37b7e077c721,OFC3348,Churachandpur,Income Certificate,12,106,933,34,899,45
b96ac885-5f33-491a-8440-97cf06852dc7,OFC6441,Kathua,Birth Certificate,32,23,639,46,593,35
9c420a80-1e70-4837-bba4-50ad325f7608,OFC4646,Itanagar,Income Certificate,32,26,422,360,62,45
afdf2208-fa13-4a7f-abed-f9424cc79182,OFC2707,Namchi,Death Certificate,10,165,596,140,456,48
43ccafe0-29a8-4ecf-9722-8d8421dcc99b,OFC6079,Bangalore,Birth Certificate,34,168,389,192,197,40
36f14333-df2c-4749-b4c3-ca340aa63665,OFC7855,Kohima,Birth Certificate,41,127,125,68,57,45
47d1f181-3780-4c3a-899e-e4984016f966,OFC8873,Gangtok,Death Certificate,11,88,141,41,100,40
9ab579f5-08c3-46c8-b5a5-9ddb631f86b7,OFC6412,Satna,Birth Certificate,46,141,486,256,230,35
c3049de4-83d0-43b6-9dad-e842c244bfc3,OFC9783,Mangalore,Marriage Certificate,27,166,257,213,44,48
15d7396c-c7ac-4890-8ed2-0b8d08465056,OFC5510,Dehradun,Caste Certificate,45,131,908,428,480,45
6b8a40d5-5588-4d30-9ae8-db891d8cf867,OFC1897,Kavaratti,Income Certificate,6,98,967,261,706,45
90f8bc64-7b95-4e06-b6e5-e3593d53b7f4,OFC9094,Tura,Marriage Certificate,46,157,900,657,243,35
9515b830-a5df-4cdb-8eb2-e53b8355754e,OFC7110,Amravati,Domicile Certificate,45,133,724,519,205,40
0fff3209-8de4-4d3f-93d9-0f7af7c3d18c,OFC2392,Panaji,Caste Certificate,34,81,581,465,116,48
b5d70ad1-a596-4749-9361-ee2b0694a772,OFC6594,Dispur,Birth Certificate,33,74,624,392,232,45
4ee55040-7bd0-40cf-af32-049ba04ce426,OFC4926,Kailashahar,Income Certificate,46,67,172,148,24,35
6afe29a7-0001-4d1e-8d69-42223d5a595c,OFC5433,Margao,Marriage Certificate,32,44,827,375,452,40
68bfe570-73bb-455f-9e81-781227f8e898,OFC8961,Shimla,Income Certificate,11,159,149,99,50,35
bbdbb761-ef21-41fd-b62c-ea07c8e67c05,OFC9819,Jamnagar,Caste Certificate,30,153,362,62,300,48
b7c2799b-02e7-42b4-ad7c-54601fff5f15,OFC5135,North Delhi,Caste Certificate,28,48,463,381,82,45
f856c490-5e41-43ba-bb52-1a03b82e936b,OFC8085,Baramulla,Caste Certificate,30,45,365,250,115,48
715abe1a-f556-4df1-9e43-d099012d15a1,OFC4838,Kailashahar,Caste Certificate,45,126,785,702,83,40
634de27a-7f25-407f-a551-968e2b695d9a,OFC5272,Churachandpur,Death Certificate,32,150,543,80,463,48
89587500-aaf0-443f-846c-137407c68510,OFC4618,Belgaum,Income Certificate,30,72,996,345,651,40
1514df21-3092-4eae-944a-bcc86db78a1b,OFC8196,Haldwani,Caste Certificate,13,130,94,46,48,40
de6a4dc5-8f3b-4427-bede-feca707fc7b2,OFC4098,Medinipur,Caste Certificate,44,122,454,279,175,40
0a406906-32b5-4593-a5e1-a81024228e39,OFC2773,Ramgarh,Death Certificate,11,110,275,169,106,35
a5f6c2a5-f788-4bb7-9bab-8747470a793d,OFC8556,Haridwar,Marriage Certificate,8,129,924,678,246,48
769ffa76-6927-4329-8900-9f3c8e66fb50,OFC4797,Gorakhpur,Death Certificate,15,157,518,471,47,40
2e9ee469-72f4-4275-aec5-dcd0b74ed59e,OFC2110,Vadodara,Income Certificate,47,56,834,263,571,45
e87326d8-c296-43e5-aae2-7e2faf0b50da,OFC9299,Bhopal,Domicile Certificate,39,68,482,421,61,48
bd54c4b1-dd34-4e66-a546-093a1ad27bc3,OFC4859,Serchhip,Birth Certificate,50,31,761,174,587,48
8dda6d7f-5ff4-4cbe-95f8-6e5f36d18a4a,OFC1145,Patna,Caste Certificate,27,146,863,524,339,45
c0652868-acee-40ea-95c1-8b845ef1287b,OFC1099,Nashik,Income Certificate,12,166,341,92,249,48
b798c43f-72bb-493e-854a-1689c5ee1f9b,OFC4838,Churachandpur,Domicile Certificate,40,95,637,522,115,48
44876a2c-9fda-459e-93bb-4f107c119ccf,OFC2158,Agra,Domicile Certificate,11,119,471,210,261,40
1e42dfba-e334-4c6f-a5ba-bcb21aeb1e78,OFC5164,Ghaziabad,Caste Certificate,42,148,909,746,163,35
b60919b0-2217-4d51-bf83-9e79f83c6aa9,OFC7421,Mayabunder,Marriage Certificate,45,46,435,220,215,48
15f9b3cd-a081-45d2-9e5f-7a02bed59413,OFC5908,Jodhpur,Domicile Certificate,29,82,313,183,130,45
1e64dbeb-3000-480d-8454-ce65f75ce544,OFC7641,Gangtok,Death Certificate,9,97,694,281,413,48
8dffdf5e-8e73-41d9-8fdb-923954d8a175,OFC3156,Guwahati,Marriage Certificate,46,24,749,226,523,48
0777e302-2122-4f7e-bba8-dea47611c53c,OFC7050,Bikaner,Domicile Certificate,41,68,733,632,101,35
3343fea7-0d50-4518-9aa9-53bb8becb041,OFC1002,Hubli,Domicile Certificate,9,92,144,122,22,45
11ba2c60-8f6e-478b-928f-33b266f946e6,OFC1390,Serchhip,Caste Certificate,24,52,234,99,135,35
ecc4e5bc-a995-448d-b9cc-a026e9e9e804,OFC2065,Khammam,Income Certificate,26,37,260,155,105,45
d153956b-678b-4929-b60a-d07a803803df,OFC3320,Bhopal,Death Certificate,44,96,894,180,714,48
a3e02d66-f565-439a-af0c-1328b560b795,OFC4262,Vellore,Caste Certificate,46,161,101,48,53,48
5cff20ef-42d4-4c78-bc95-db87537e2ce2,OFC3908,Mangan,Domicile Certificate,21,79,163,63,100,48
8eb0e85e-d85a-4365-89a7-3397300edc07,OFC2873,South Delhi,Birth Certificate,9,105,417,344,73,48
8e9bbf53-786f-434d-8b21-15fbd4d64eb1,OFC7506,Vadodara,Caste Certificate,27,84,245,198,47,48
c47a0fe7-db3f-43ed-9afa-0e96ff9deb5b,OFC3986,Arrah,Domicile Certificate,18,88,134,55,79,48
d0cc6ca5-01f7-4853-9442-bec47cbb7384,OFC4391,Ajmer,Domicile Certificate,47,44,576,340,236,48
8e964b25-3fd4-459f-8a41-9265b1ef3b6d,OFC9447,East Delhi,Marriage Certificate,17,149,302,202,100,48
43e71780-9d64-486b-84e3-b5c10cc4ba96,OFC3137,Satna,Domicile Certificate,34,47,907,66,841,48
74660700-29d3-45d4-aac5-74b033ba1c2d,OFC3784,Nagpur,Marriage Certificate,28,39,647,610,37,35
972b7d69-22af-4174-9850-8e6981016e48,OFC7937,Hubli,Income Certificate,21,73,981,452,529,40
c37324c7-b89c-4aae-b10c-ea4163767e23,OFC9478,Itanagar,Income Certificate,38,35,306,100,206,40
2eecb6ea-f92c-4c16-b2b2-e4ece6adff2d,OFC2671,Ramgarh,Death Certificate,49,153,741,599,142,40
828eb7d0-665a-4587-a078-db72a8b8d1b3,OFC7874,Srinagar,Caste Certificate,49,136,803,429,374,48
c9b71ece-fc7e-45a3-b74f-069a774a0cc7,OFC3695,Ratlam,Marriage Certificate,13,65,278,49,229,40
4bf42170-6e01-4b5a-a491-1edc01ac9341,OFC4377,Aizawl,Caste Certificate,49,155,829,820,9,45
91724c01-9ff4-4c06-82b4-0e7c99a31703,OFC8975,Gaya,Death Certificate,18,158,484,349,135,35
ccb1dcff-eafe-48c2-871e-378650968070,OFC5829,Malda,Birth Certificate,20,138,412,385,27,35
6ac389f9-254b-4988-973c-1137ce519144,OFC4558,Minicoy,Birth Certificate,11,80,526,245,281,45
ee0464de-563d-4441-af61-701e86f28c97,OFC8226,Roorkee,Birth Certificate,7,95,477,424,53,40
879f6f0c-c81d-463e-96c3-4b76e7ca161c,OFC2527,Dhanbad,Domicile Certificate,36,18,955,951,4,40
cd79d91b-5086-4095-b917-691e4af9c514,OFC6892,Udaipur (Tripura),Death Certificate,9,143,290,258,32,45
2f65f205-8a86-422a-8cef-6e233f7b885a,OFC2611,Mahbubnagar,Death Certificate,23,174,250,134,116,35
3dd20605-1f3d-4394-97d0-9b63f971bfde,OFC2372,Champhai,Caste Certificate,32,127,977,655,322,35
1eb9a86a-94cb-41f8-b58f-86d6b8d30445,OFC6149,Ludhiana,Domicile Certificate,26,73,914,225,689,35
5d5bbe01-9d9c-435c-b25f-b38df02e8e05,OFC5404,Rajkot,Birth Certificate,13,62,782,114,668,40
0ac5300e-e57a-4551-8a8b-04f30d625da9,OFC8749,Mumbai,Death Certificate,37,161,68,48,20,35
1ffd0220-696e-4bf4-b7cd-34e3cfccd140,OFC8474,Roorkee,Domicile Certificate,21,102,203,191,12,45
2fbea20c-73cd-47cc-a26c-6b158b024b51,OFC9005,Varanasi,Marriage Certificate,40,151,618,615,3,40
6474af7d-8618-45fc-b62d-7d6d847a5330,OFC9247,Rajkot,Caste Certificate,34,70,933,718,215,40
59b9ff68-b122-4e87-9d6a-c8e48a6e505c,OFC8376,Naharlagun,Marriage Certificate,34,157,297,222,75,40
3bd6a4a3-5498-4522-95de-709f25936082,OFC2721,Haldwani,Death Certificate,39,141,125,37,88,45
18d1d575-bc3d-4c9c-afd9-189045b8291a,OFC6234,Kota,Domicile Certificate,8,101,447,52,395,48
95a3cb47-baf5-48e8-b6f8-4e711bebd139,OFC9255,Asansol,Domicile Certificate,21,114,76,52,24,35
ef20dac5-4cfc-425e-8f77-8a87778c5479,OFC9039,Anantnag,Caste Certificate,42,161,930,882,48,35
83fee374-fa1d-4bad-b0a2-1097180357b8,OFC8089,Dibrugarh,Birth Certificate,19,159,820,369,451,35
18f70d6f-eca0-4a2d-b11b-17bbffbf1951,OFC2327,Howrah,Marriage Certificate,22,146,984,952,32,40
4ecd2c6c-61f6-4249-8347-b25c8ce2a70e,OFC4459,Tumkur,Income Certificate,36,46,977,99,878,35
080ff3de-d3fe-42d6-98ff-2a59dfb61502,OFC5481,Bhopal,Income Certificate,12,92,687,70,617,35
259de4b7-aff8-4cd3-87bd-ab064d5510f5,OFC1308,Hazaribagh,Birth Certificate,6,128,417,296,121,45
78f5379b-c467-40ab-aa66-2613b20f05f3,OFC9588,Sikar,Domicile Certificate,5,68,860,681,179,40
ef402942-bf6d-448c-8e97-b5f1276e9fb7,OFC3685,Nashik,Birth Certificate,12,139,872,737,135,45
b9ded4d9-fb89-4b4a-863a-8ab22d4a41ed,OFC7386,Nanded,Marriage Certificate,12,150,983,909,74,45
1a6c0f40-6521-4a8c-83ad-824e397e3158,OFC6902,Udhampur,Marriage Certificate,18,119,389,67,322,35
1b39bda3-9e1e-4b5c-b0e2-2464255decd3,OFC3950,Mangalore,Marriage Certificate,47,109,121,79,42,48
99d86fbe-d2bc-4d21-9da3-08185baa6a8a,OFC8240,Satna,Death Certificate,22,177,905,153,752,45
43ad13c3-3769-4101-92ae-3daea8f79dfd,OFC2421,Ranchi,Income Certificate,14,58,727,54,673,35
4ca3cee2-9b89-4786-bcac-92d54a26683d,OFC7753,Kathua,Caste Certificate,44,145,526,479,47,48
85854d55-2c41-4ed3-942e-a2a9f159b95a,OFC3313,Patna,Death Certificate,5,53,372,174,198,45
5b28f9c5-a05b-4659-b2e7-bfd1f1a96a33,OFC9963,Pathankot,Marriage Certificate,40,81,501,308,193,45
4ed28ff0-3c79-4e41-81b5-0686c6c30dd6,OFC7322,Ujjain,Income Certificate,23,95,475,90,385,40
b5eea9bf-b5f2-40b4-8d68-f7a09214cab0,OFC6509,Silchar,Birth Certificate,5,175,358,250,108,48
c729aacc-0909-4890-b149-9bdddbb0988e,OFC6722,Gandhinagar,Income Certificate,11,110,177,160,17,40
f01a97f0-0213-4edd-ab5f-cbb7a11b0df1,OFC7945,Namchi,Domicile Certificate,13,150,790,326,464,45
438bd83a-2e3b-4909-9818-e81a9ec03504,OFC4916,Ranchi,Income Certificate,15,109,240,201,39,45
1d4703f6-d818-417b-8a4e-917e1b82a8c6,OFC4815,Serchhip,Domicile Certificate,16,108,347,38,309,40
d365fbc4-a0c8-4781-aa50-e603f081e08d,OFC3666,Solan,Income Certificate,45,84,976,483,493,48
9c559e8a-ae72-4790-958b-da229f31d24f,OFC6983,Bardhaman,Domicile Certificate,44,21,590,291,299,40
e5f7c847-4b87-42cf-b296-fabaa2f0a878,OFC4965,Warangal,Income Certificate,12,65,869,185,684,40
db8de9ca-577a-476e-8552-c30691e511c1,OFC7504,Ujjain,Marriage Certificate,23,112,274,219,55,45
c1f0345e-6d90-4f01-b72f-c6a60d51d0cf,OFC9358,Patiala,Death Certificate,24,60,793,544,249,48
41accf00-1885-4dec-9464-4049123a82b1,OFC5577,Patna,Birth Certificate,10,79,232,96,136,40
7828f213-8868-4d9a-bf08-f287edcf043d,OFC7027,Dharmanagar,Birth Certificate,12,110,619,106,513,45
40ced86a-69b4-4e5a-b130-12bb8d66fdce,OFC8803,Vadodara,Income Certificate,22,42,999,603,396,35
8823b6d4-31cb-48b2-b7d0-a6941b170e02,OFC4097,Pasighat,Death Certificate,22,128,807,643,164,48
b06684bf-3153-40cb-8d5b-589c9ff647e9,OFC8745,Haldwani,Domicile Certificate,46,110,478,363,115,35
5bd00895-299d-44e9-a93a-9123b68d653c,OFC8824,Ramgarh,Death Certificate,22,179,580,211,369,40
b887d693-a51a-453b-af9f-50a3c41be906,OFC2286,Imphal,Death Certificate,27,81,277,196,81,35
5b897474-c670-429f-8aa8-95f83c1a543d,OFC5737,Purnia,Marriage Certificate,28,72,620,251,369,40
d9286b6e-553e-463f-aa3e-213865772b05,OFC1691,Ajmer,Income Certificate,30,115,448,445,3,45
4dd5caea-c6f2-4a3b-a814-5eed604def96,OFC4555,Guwahati,Birth Certificate,25,54,575,387,188,48
d53f0c44-077c-4f14-8248-4e93fa9b19aa,OFC7409,Bhavnagar,Marriage Certificate,22,17,939,835,104,40
145fd958-8206-4e21-b4e4-913854bf885f,OFC7062,Amritsar,Birth Certificate,45,115,457,34,423,45
7f81261a-d8cb-4401-af8b-9fa84e347950,OFC4139,Muzaffarpur,Domicile Certificate,10,155,902,484,418,48
fae07702-d992-46ba-930c-4f7f6dcdb41f,OFC5782,Hyderabad,Marriage Certificate,49,125,366,141,225,48
117c78d3-29c2-4d84-b777-313354dd13b4,OFC5817,Mahbubnagar,Caste Certificate,40,30,103,81,22,35
23b76780-5255-4280-9ca0-3fdf44b51b06,OFC8883,Gangtok,Caste Certificate,25,131,917,393,524,35
e1acec73-c2b5-4328-ba15-cbffe0a6d860,OFC8423,Agatti,Birth Certificate,13,151,126,65,61,35
96d6d856-24fd-455c-8583-968104724c95,OFC6154,Anand,Domicile Certificate,28,36,76,74,2,48
cf98958f-796a-4d1d-8d50-f36ee6b480df,OFC1071,Kohima,Birth Certificate,30,21,340,215,125,35
56afd3ea-ca47-43b6-bf52-36fb24917eaa,OFC7305,Leh,Income Certificate,31,145,528,145,383,45
6e1c0491-0f04-4475-9be3-6cb3cf8896ef,OFC3306,Bathinda,Caste Certificate,45,32,90,87,3,35
0289f23a-e3c2-4bb9-a271-bbb653bdbc0d,OFC1049,Varanasi,Birth Certificate,6,166,273,144,129,35
9e7b21cb-b8c9-453b-8cf3-2b39756747a2,OFC1416,Gulbarga,Caste Certificate,21,78,330,201,129,45
f5be4249-1ef7-41f7-b292-f0f2aabdf729,OFC6709,Thane,Marriage Certificate,49,91,371,248,123,45
2b542091-af42-49d5-bfc2-87c857c5c159,OFC9460,North Delhi,Marriage Certificate,16,104,742,621,121,45
ab429306-2e4e-4e79-94d2-75e321723ef0,OFC5687,Bangalore,Domicile Certificate,34,131,855,512,343,45
45605b6c-21fe-42f2-a3a9-99eb55d738c2,OFC6316,Adilabad,Caste Certificate,48,74,921,39,882,45
e968618e-3df2-4583-8b8d-089fc977a5c4,OFC5208,Thoothukudi,Birth Certificate,14,20,879,752,127,48
e655f5f9-5cf3-4f09-8669-d96571b96226,OFC9391,Chennai,Death Certificate,36,59,994,427,567,40
8866fff9-1b85-42f8-8c72-dccd81b2670b,OFC6371,Chandigarh,Income Certificate,17,30,792,473,319,40
457101b5-bde1-4201-933f-e7abc8374ee0,OFC1914,Kavaratti,Birth Certificate,48,163,711,210,501,48
f1e15363-4985-4e8b-b98e-a0435cb74b58,OFC4284,Bikaner,Caste Certificate,47,33,218,203,15,40
2ff052ae-17e4-436c-9e2d-14d455525ff1,OFC4616,Patna,Caste Certificate,32,30,893,814,79,45
58cddb52-5256-48f9-a46b-1d9ba3c259ec,OFC1113,Jabalpur,Death Certificate,11,92,667,630,37,48
96fa70e3-bcef-4e87-84ca-48573b744966,OFC1690,Tezpur,Income Certificate,21,35,334,101,233,35
30600988-fd5f-42d4-a3f8-66c168e88337,OFC8634,Mohali,Birth Certificate,24,17,956,886,70,48
f6b704a8-f342-4301-bae5-6ac7878a161a,OFC1665,Dehradun,Domicile Certificate,23,23,509,30,479,35
fcc5e867-a905-405d-8f9b-695a88bfc1fd,OFC1976,Itanagar,Birth Certificate,9,82,662,228,434,40
21eed519-10f6-4adb-8af9-b7055560bcc2,OFC5028,Salem,Caste Certificate,50,179,170,123,47,45
d13a6651-6da9-4b46-94b6-15d40ddd3ba8,OFC9529,Sikar,Income Certificate,14,22,521,468,53,35
e206848a-c718-4d4d-8a85-bcdd0634ac2b,OFC6383,Gaya,Death Certificate,9,52,89,66,23,45
93092771-c1cd-4b5c-96bb-33d7f2574c0b,OFC4541,Lunglei,Caste Certificate,23,148,968,275,693,35
98d2f7fc-1a3c-4b09-a263-4987b72f7df7,OFC4872,Diglipur,Domicile Certificate,45,18,518,53,465,48
96fa5f64-dcca-409b-b4a1-f7291a4928e1,OFC7320,Tawang,Birth Certificate,7,124,934,388,546,35
f184cf34-8487-4066-a27b-41a21af743f8,OFC5954,Hubli,Marriage Certificate,33,133,442,299,143,35
6c31b38a-b608-49c3-b031-39793bffa4a1,OFC3474,Tawang,Marriage Certificate,38,140,678,253,425,35
25d66bd6-cff1-48aa-8618-2672125b8525,OFC5224,Jabalpur,Death Certificate,16,135,357,292,65,35
f7733614-9477-4615-bf3d-781af8509430,OFC6238,Vadodara,Death Certificate,36,79,521,383,138,48
cc1ca0d0-6411-4ee8-863c-ed0927aafb18,OFC2407,Manali,Caste Certificate,23,176,291,144,147,45
92d804f1-0e9e-4d8c-92be-a3cdb1164afe,OFC3223,Kathua,Income Certificate,23,65,948,91,857,40
a2e5753b-64aa-44f2-965d-ddacd9365247,OFC2365,Kolhapur,Marriage Certificate,30,80,779,676,103,40
204a2c22-1b3e-41d0-ac46-97f980ad23c5,OFC1176,Thane,Birth Certificate,38,17,140,65,75,35
26029821-1bf0-4bbb-9ec3-41c14ba15ff1,OFC7970,Nainital,Domicile Certificate,45,29,625,490,135,48
bde62a2f-d17c-4f4f-9313-8cdbd1dd6dac,OFC8674,Belgaum,Caste Certificate,30,49,620,607,13,45
282fa019-14d8-4dc3-a981-4eaa262ee8e5,OFC1721,Baramulla,Birth Certificate,20,103,266,163,103,48
e79b5e85-29bc-4efd-a21e-da4614c82d37,OFC6310,Warangal,Caste Certificate,30,70,852,277,575,35
46a94e3a-d425-4f11-8153-09553c4ef2f3,OFC8393,Medinipur,Birth Certificate,9,30,556,407,149,40
72784021-a5c5-43ca-8b98-54fb0ce78cbd,OFC3744,Mandi,Death Certificate,37,55,332,176,156,35
ee05c5a1-12ff-4983-be08-9d160b921b19,OFC8135,Ujjain,Income Certificate,33,178,349,336,13,35
67fdb223-7a4c-486a-a672-2817355252d1,OFC7221,Bikaner,Birth Certificate,44,130,959,933,26,45
46240044-ad32-4d00-9afd-e8c6cf9816ff,OFC9696,Mokokchung,Birth Certificate,14,176,137,82,55,45
bb08f5cb-da9a-4f66-bcf3-05bcc2f980a7,OFC7782,Warangal,Caste Certificate,8,161,314,187,127,45
26dfe83f-ee83-4ae1-84b9-bb555979e0c3,OFC8442,Mumbai,Caste Certificate,22,51,846,529,317,35
e1752de9-b079-4f4f-bff4-6ec34df45053,OFC6615,Baramulla,Domicile Certificate,13,34,990,552,438,48
20c52810-31de-4052-8e9e-0acf3b2c1023,OFC2381,Rudrapur,Domicile Certificate,18,73,438,67,371,45
d03c5df0-8438-4dba-9099-18bd6c19fb3f,OFC6338,Jamshedpur,Marriage Certificate,7,66,397,338,59,40
aefb92cd-f2d0-4e15-9625-b14380409158,OFC1993,Pathankot,Birth Certificate,46,109,524,72,452,48
6d531e2f-6616-4213-aab0-21685b6d1ba4,OFC4291,Patiala,Caste Certificate,39,171,134,111,23,45
a8fc45e1-4dd2-4201-b80c-a0a3c6af5c18,OFC8026,Thoubal,Domicile Certificate,22,57,283,80,203,40
e1d98072-f19f-4fa6-9f9a-3cb8b891924d,OFC8682,Kathua,Domicile Certificate,45,134,200,181,19,45
d2370139-84a7-4ba5-aa31-2f43fda135d4,OFC3438,Delhi,Birth Certificate,30,132,231,43,188,35
ced1e74d-733f-4f5e-86a2-bc37ada2dab5,OFC1524,Kota,Income Certificate,25,86,322,198,124,35
b9de0abf-c997-4426-8906-e4091023f48e,OFC4037,Lucknow,Marriage Certificate,12,18,981,389,592,35
a28b704e-ec30-4f55-9b63-81a616be6f6c,OFC5019,Haldwani,Income Certificate,29,67,195,101,94,35
0db1ab1b-c58e-4e6f-ae05-d3848352266c,OFC7816,Dharamshala,Birth Certificate,26,30,423,148,275,45
c199d63b-811b-4bcf-aceb-23ddb771965e,OFC6986,Khammam,Income Certificate,5,103,925,97,828,40
81b3174f-9424-41fd-a38c-a5dccdf5ad06,OFC6345,Mohali,Death Certificate,44,46,168,41,127,40
c90af45d-e8c8-4541-b59d-b82441033c1a,OFC9323,Mysore,Income Certificate,26,19,105,49,56,35
c81333ff-275d-4d8c-a035-850e1c300ee3,OFC7760,Durgapur,Death Certificate,39,78,566,485,81,45
c577ff88-c77e-46b2-bbdb-ced1be509d65,OFC3767,Thoothukudi,Caste Certificate,16,21,819,170,649,48
84de1549-6729-40fe-ad3b-16f5f2c50a5b,OFC1733,Muzaffarpur,Caste Certificate,10,20,966,666,300,40
f0d1eb95-a2a9-467b-9684-fe0d33fbd22e,OFC6361,Meerut,Caste Certificate,49,169,898,457,441,35
ff4d1971-489e-41ff-82a0-7337168aa92d,OFC4938,Nagpur,Birth Certificate,40,26,152,33,119,45
86b82a66-e6ae-422f-adc7-40606513de59,OFC5979,Gangtok,Marriage Certificate,20,80,109,79,30,48
cec15a25-85e1-45be-b45a-ef64139939a6,OFC3050,Haldwani,Birth Certificate,28,144,953,524,429,35
335257e8-ca90-4f34-acec-18a4d883926c,OFC2074,Bilaspur,Death Certificate,31,118,823,752,71,40
a66747ab-6fcd-45db-bf1a-ef43365b086f,OFC2513,Haldwani,Birth Certificate,20,111,874,379,495,45
f0651287-27c6-4858-a875-28e051ad013d,OFC1136,Roorkee,Caste Certificate,5,121,871,92,779,40
4fba70e8-f609-4498-aeea-881a53c43e21,OFC9598,Rudrapur,Caste Certificate,29,122,275,256,19,48
51e9ec6d-4726-4e0f-9cbd-c82889a46eb0,OFC9996,Dibrugarh,Caste Certificate,49,126,249,107,142,45
bcde11a3-2fd0-45f4-b8bd-7fe6d36082cb,OFC9184,Howrah,Marriage Certificate,34,180,880,128,752,40
219d4b82-e5da-4c0a-bdcd-3dbc326e4290,OFC5051,Mapusa,Birth Certificate,8,154,711,656,55,35
ffe0538a-30cd-4983-8861-e524b3cbeadb,OFC6430,Belgaum,Death Certificate,17,28,357,49,308,40
91e41927-8deb-41b4-a0e6-024a83ec3f5f,OFC4156,Geyzing,Income Certificate,10,50,404,380,24,35
aa296dc0-7f2c-4cb4-914d-268be97db07b,OFC1823,Guwahati,Death Certificate,43,146,775,462,313,48
bf46f521-6ba3-4df6-a308-50b9d762cfe7,OFC5445,Bilaspur,Death Certificate,38,145,904,823,81,35
271388f3-d210-4465-9ca2-fa5d08dcfa25,OFC1867,Indore,Domicile Certificate,38,161,517,367,150,48
babe1a4e-1f24-4fcf-b927-cfbc546bdff9,OFC6159,Lucknow,Birth Certificate,48,82,517,373,144,48
3020de2c-e89d-4d6b-bd7d-e8c68b676dfa,OFC5908,Tezpur,Death Certificate,28,28,153,44,109,35
5f5d29d8-49e6-4f18-a0ef-3f0ae2ff1835,OFC3906,Agatti,Marriage Certificate,16,136,542,113,429,35
75c839ab-cf57-4fb3-a9a3-e021a59d6103,OFC6363,Dimapur,Domicile Certificate,47,104,207,65,142,45
91063d9c-b147-4f54-b2aa-15817c6bd224,OFC5779,Mapusa,Death Certificate,23,172,399,72,327,40
c94af286-f3d2-445f-9bef-66f81cae63e5,OFC1641,Aurangabad,Domicile Certificate,34,171,382,54,328,40
dfc72a51-026f-4db4-9535-bff1e0f74e4c,OFC3107,Nashik,Caste Certificate,22,175,458,132,326,45
8cf1cea3-9b70-410e-840b-db5649a8a73f,OFC4366,Anand,Caste Certificate,29,68,417,254,163,45
7c84c28e-cff6-426b-9c82-06a448c3d31a,OFC8243,Begusarai,Income Certificate,26,175,896,468,428,45
fe6114a4-1879-4c1a-a392-00f32e1f27f2,OFC2391,Ranchi,Income Certificate,9,156,561,222,339,35
efc77290-d6d4-46cd-b564-b8c4d6b6e32b,OFC9632,Davanagere,Death Certificate,26,56,63,36,27,40
43ba36a7-d612-4847-9d72-b0e78709d040,OFC4136,Hazaribagh,Birth Certificate,6,180,914,354,560,35
e365993e-6e6f-432e-ac52-7735588b9982,OFC8614,Nagaon,Caste Certificate,39,121,642,417,225,40
5e3ba65d-ac72-4e79-9d18-11b2d352b0dc,OFC3502,Satna,Birth Certificate,23,133,208,93,115,45
20a99dea-198a-4266-a0e7-6b2100fe0fb5,OFC9206,Solan,Income Certificate,20,171,101,94,7,40
92e9a4da-1c6c-4021-8967-3b690264f4bb,OFC7454,Indore,Marriage Certificate,8,105,220,157,63,48
fae38cf8-7b5b-4b08-b49b-1d89ecbc481f,OFC8621,Rajkot,Caste Certificate,23,72,671,172,499,35
1bade556-42d5-4c84-877b-ec719b866373,OFC3559,Solapur,Marriage Certificate,38,31,288,73,215,45
7ec8f317-a88d-4221-8ca6-964de41ebe24,OFC3332,Leh,Death Certificate,48,91,298,296,2,35
df4258a7-533f-4054-a066-76866778be67,OFC6067,Shimla,Marriage Certificate,15,168,585,225,360,48
651497a8-e8f0-4593-a1e1-d9e64d215a1c,OFC1377,Asansol,Marriage Certificate,34,166,630,169,461,45
4f68bc6c-53cf-4f6c-aea9-0da72b0c0547,OFC8001,Ratlam,Birth Certificate,8,72,563,111,452,40
c6449189-626f-4a59-b7b8-60d0e0a17d12,OFC5975,Nizamabad,Birth Certificate,18,68,118,97,21,45
3c164c01-1d35-481d-a22a-3f4b60868f08,OFC6392,Udhampur,Domicile Certificate,24,107,292,231,61,35
d6ad576a-c05b-4ffc-9808-f180a2165b88,OFC6629,Lucknow,Caste Certificate,19,157,307,202,105,40
14556747-6430-4403-b9aa-95aaf8ac6c83,OFC4371,North Delhi,Birth Certificate,34,144,611,365,246,45
4c185ff0-f211-40a5-8f6b-98511e9cde1c,OFC1530,Asansol,Domicile Certificate,27,153,85,62,23,48
094110af-a6c1-4031-b087-8dc5c105775b,OFC3805,Mokokchung,Birth Certificate,5,76,496,94,402,48
ca574a6e-8bb0-4673-a529-d3c4b339291b,OFC2700,Gaya,Domicile Certificate,38,30,646,405,241,45
d7a0aabb-bb7a-4ea4-bb97-759cbb0c1c8c,OFC3581,Bikaner,Domicile Certificate,44,55,131,71,60,35
2705a80d-c05b-45d9-841e-bce101617712,OFC9598,Bishnupur,Income Certificate,43,52,409,218,191,35
7de3445a-113f-4f05-a77f-78dd443e3bbe,OFC8151,Geyzing,Caste Certificate,37,39,640,509,131,45
d459392c-25db-4f0d-9e7e-d878981c8708,OFC9361,Bhopal,Caste Certificate,33,137,181,76,105,40
1d1258b5-fc77-49e4-811c-0be75960cadb,OFC6418,Khammam,Domicile Certificate,21,16,339,125,214,35
258712ce-d105-4942-a7e4-7e5d0ad90b26,OFC8333,Chandigarh,Marriage Certificate,46,179,912,829,83,45
d2769778-461c-43eb-b3ea-64ecb47fe288,OFC9910,Havelock,Marriage Certificate,33,49,743,321,422,40
fedaf4e9-4b53-4dd5-ae54-7fb1e4373331,OFC7433,Kathua,Birth Certificate,17,160,498,78,420,48
7cca12a9-182e-49cd-879a-0b51c3b1216a,OFC7925,Lucknow,Income Certificate,19,98,495,367,128,45
1e586bf3-bb81-4cc6-98a5-05ef32e154ed,OFC3616,Dispur,Income Certificate,48,64,972,149,823,48
ffa23a30-5dd7-4a80-b4ba-63d3fbea7c49,OFC2781,Jamshedpur,Birth Certificate,10,156,876,667,209,45
eba2e437-0b68-4dd1-bf28-dd40c0ddb2a8,OFC1214,Pathankot,Death Certificate,8,53,836,668,168,35
6f6a6658-3261-4342-9188-4c4ef3e8c311,OFC9495,Thoothukudi,Death Certificate,39,163,986,784,202,40
8cef9193-ea3d-43ac-865f-71fd7b42b871,OFC7465,Jalandhar,Caste Certificate,26,121,940,699,241,35
d53fa1af-849a-419b-9c73-41243107b033,OFC9000,Solapur,Birth Certificate,47,22,612,137,475,35
b5755e12-9ec4-4fcc-ad08-5c47d4fc5cb2,OFC5207,Anand,Death Certificate,40,53,333,75,258,40
b0082baf-5833-4e74-bf9f-73b6cf0fe6cb,OFC7216,Dimapur,Death Certificate,27,52,979,59,920,45
5ecad398-5c6d-4e65-bfc7-e6c70c1cb6cf,OFC5890,Tumkur,Caste Certificate,33,111,838,733,105,40
68b1c4f1-1835-4aca-a06c-f5617caf33b9,OFC7486,Indore,Caste Certificate,22,56,631,596,35,35
edc5963d-4c6a-4235-9846-6a891397a009,OFC6365,Haridwar,Income Certificate,14,74,126,97,29,48
19f21076-130a-45ed-8252-50ffd76141c0,OFC8832,Vellore,Domicile Certificate,31,123,765,52,713,45
182849d2-7cf8-4837-8720-59e8b2dd3c20,OFC6409,Bathinda,Caste Certificate,17,48,852,700,152,35
55debf61-00e5-4dfc-80c5-1058843c771a,OFC3694,Malda,Caste Certificate,48,137,450,194,256,45
54d5278f-a7bd-4f2e-9f5c-28c9dca3f23d,OFC5650,Adilabad,Domicile Certificate,10,105,134,117,17,48
92f5b1e6-4cd6-4295-87b9-2f3535df07e1,OFC7913,Shimoga,Caste Certificate,11,63,754,238,516,35
c5700f5b-bb65-423c-9b9c-5baf94c347dc,OFC7207,Nagaon,Death Certificate,27,165,133,67,66,48
f1093b3f-3e7c-4446-a7f1-af724af5e40a,OFC1624,Lucknow,Income Certificate,21,104,932,298,634,40
0f4fed48-8426-4354-bca6-a5e6fd608e91,OFC8030,Kota,Death Certificate,11,132,259,233,26,45
121be793-9971-408b-8540-f6f71d4ebb58,OFC3372,Bokaro,Birth Certificate,5,170,224,223,1,45
2cdd6fcd-7fb7-40cc-af82-ab13fcd2b042,OFC5693,Diglipur,Marriage Certificate,42,176,280,183,97,35
3e01e928-e4a1-4f25-b5c2-39d50554a603,OFC7038,Roorkee,Income Certificate,5,163,252,214,38,40
ffa1767f-381a-4c76-86c9-5d371d116e09,OFC3420,Deoghar,Marriage Certificate,32,164,565,366,199,35
170613af-d7d1-4f81-b423-ba9ab239cc9d,OFC9299,Allahabad,Death Certificate,7,25,210,202,8,48
74339549-74a6-4736-b648-7b039aebe736,OFC6735,Indore,Death Certificate,38,153,557,245,312,40
81a9d6f4-8d19-47a8-ad6f-e29075fef465,OFC1270,Nanded,Caste Certificate,20,97,926,747,179,40
2f765ec0-a5e1-48db-9e05-76c825d7e227,OFC2864,Panaji,Birth Certificate,49,150,175,51,124,45
820d2dfd-7872-4f5e-a123-966f085b3779,OFC6327,Satna,Domicile Certificate,16,130,606,244,362,40
27aae5a7-6b1c-49b3-9770-e8438bd14c43,OFC8122,Aizawl,Caste Certificate,37,149,415,167,248,48
41b2e757-56ce-406d-add8-526e80406e78,OFC6573,Rudrapur,Income Certificate,40,89,234,161,73,35
3265cd93-6677-4f29-8ec8-8a5ee4857e1e,OFC8880,Chandigarh,Death Certificate,36,163,672,291,381,45
5608b34f-5e8e-4974-83db-5e08e165f75e,OFC2074,Bhilwara,Domicile Certificate,40,128,413,86,327,48
4a4873e3-8df6-4816-9367-1723bccc8046,OFC3678,Kullu,Domicile Certificate,50,133,597,558,39,40
1e509163-2198-4378-aab5-40f7e4bc4008,OFC5774,Muzaffarpur,Income Certificate,28,61,700,115,585,45
6e29934f-88f7-4aba-9d74-c3c1bfdd371c,OFC7851,Agartala,Domicile Certificate,34,23,88,81,7,40
c9ac85cf-b8d5-4bcc-93a2-91242d9487fc,OFC2139,Davanagere,Marriage Certificate,21,145,440,365,75,45
d07633e3-2096-451b-8ac9-d8fa11b1ffef,OFC5308,Mangalore,Caste Certificate,34,75,307,163,144,48
dfd75abb-aca2-462a-b8fa-a3839181da61,OFC5997,Medinipur,Birth Certificate,15,62,718,291,427,35
90c1d017-4130-4db9-b6bd-9398bcb8e3b2,OFC1387,Guwahati,Caste Certificate,36,144,396,175,221,35
b9b87413-a274-468d-bc03-6e20e3e06601,OFC3062,Rewa,Marriage Certificate,8,40,70,65,5,45
0ca1b01c-6db8-43d4-9f4a-7b320aa5f86e,OFC9568,Nagaon,Caste Certificate,26,60,574,36,538,45
f3b7283e-8ad2-459b-9774-f90a86a202f8,OFC4381,Tirunelveli,Marriage Certificate,19,112,545,492,53,35
86e8ee1f-5b2b-4a69-ad79-75586be99351,OFC6752,Jammu,Death Certificate,12,172,364,198,166,48
bb47975e-8df6-403d-a7e7-af1a4e664f7c,OFC8464,Tawang,Marriage Certificate,34,154,227,32,195,35
a2da5387-eb41-4d7d-ac9c-a3b8cf01c139,OFC5803,Siliguri,Income Certificate,13,172,864,97,767,48
7eb94e1a-0ab4-412f-9e56-cf02078d29de,OFC9409,Asansol,Marriage Certificate,6,89,375,51,324,40
529cdf23-e1a6-4b22-a7b6-af8d69609322,OFC9771,Dispur,Death Certificate,24,164,261,179,82,48
b502e0eb-7165-4855-b75a-f67336cb22c6,OFC9034,Jorhat,Marriage Certificate,16,105,238,100,138,45
af820391-fa0c-4efc-a6c7-01e3ae76625d,OFC4984,Jodhpur,Domicile Certificate,22,53,984,533,451,45
166a89e3-317e-493e-be2b-da9220918c32,OFC8272,Bishnupur,Marriage Certificate,22,166,999,947,52,45
d5126839-5c62-4713-be05-d712ddbbd193,OFC9875,Udaipur,Marriage Certificate,26,27,161,125,36,40
f1587180-1155-46fa-bdb0-7e8e3e0cd4cf,OFC3109,Bilaspur,Birth Certificate,37,142,272,126,146,45
1917cc70-e07b-4c71-bf26-83dd6f3bb5b8,OFC8818,Nainital,Income Certificate,45,126,902,820,82,48
d6938021-f4b8-4cd0-88f4-1f66dd7ec9a2,OFC7710,Lunglei,Marriage Certificate,5,150,323,118,205,40
f1aa8c6b-752c-4bdd-af80-72cc803975fa,OFC7159,Jaipur,Caste Certificate,12,85,993,869,124,40
301bbcbf-4a9c-40f8-bed6-ee0f7211d559,OFC1493,Darjeeling,Death Certificate,44,152,917,31,886,35
de5aa987-a7b4-4093-97ab-ee79d0448b86,OFC9701,Ujjain,Marriage Certificate,45,108,528,181,347,45
acf1d8cc-3ce3-4ff4-8bb1-49ff5813f71d,OFC7256,Anantnag,Income Certificate,8,59,657,502,155,40
53451619-7174-48b3-8c9b-c997338b7575,OFC9822,Mahbubnagar,Marriage Certificate,45,160,702,631,71,35
beca6155-e949-4a67-9f5b-ce8b01e4901f,OFC7031,Patna,Marriage Certificate,39,112,856,102,754,48
17b60ae2-0516-499e-bf0f-7dd54bb91068,OFC4945,Nagaon,Marriage Certificate,50,96,510,305,205,45
2af1d6fd-1f48-48b9-b470-884429bacafd,OFC8787,Mumbai,Death Certificate,34,27,282,65,217,40
91ef6d06-6234-433d-851a-8fb1f0608136,OFC9769,Begusarai,Caste Certificate,23,92,533,101,432,48
f53f44c5-4bd0-4c3e-b81a-1dc9e7de47b6,OFC1801,Jammu,Income Certificate,29,102,443,337,106,35
302bd19f-8f77-4849-baa7-7600893e4e4c,OFC2956,Thoothukudi,Domicile Certificate,36,73,629,296,333,48
8ecd011b-01c8-4587-885d-349d5e43961a,OFC9015,Dharmanagar,Domicile Certificate,13,54,129,67,62,40
74c9b1ef-69c7-4d55-8c64-c4926261e024,OFC1987,Tiruchirapalli,Domicile Certificate,31,95,683,280,403,35
6c6f9b9b-60ed-427c-b84f-4c8f40e3d3a9,OFC8526,Darjeeling,Domicile Certificate,31,118,460,105,355,40
983cf0bf-c619-4889-af00-ef4e08b12af6,OFC2828,Nashik,Income Certificate,49,40,427,143,284,48
d5ac7fba-e906-4448-bf98-113a2de8c13b,OFC7879,Alwar,Death Certificate,32,158,494,172,322,35
992c48fa-81b3-4f88-8500-2e1d7a93d679,OFC7817,Sikar,Income Certificate,6,64,801,100,701,45
50cc6080-683e-44e1-8572-07cf692f3cb6,OFC4810,Junagadh,Income Certificate,48,29,841,608,233,35
7be0cb1c-a4b0-4cb6-b51a-1468f292427a,OFC5234,Chennai,Birth Certificate,50,89,320,208,112,48
04d85388-6793-4e0d-b69e-1fe3cd68709f,OFC1403,Rangareddy,Caste Certificate,27,44,605,250,355,45
2811e752-3863-424a-9455-dd83221c030c,OFC1879,Kohima,Caste Certificate,45,75,464,185,279,35
2fa6f703-087f-4fdf-9c30-59c148342d4d,OFC2978,Lucknow,Caste Certificate,38,55,118,34,84,40
0ae8f141-a72f-41bb-8e38-440f2289d3a2,OFC6674,Tuensang,Death Certificate,5,68,166,49,117,45
597d3a14-f3cb-48db-8488-c15e43bd8535,OFC2104,Mumbai,Birth Certificate,39,174,241,142,99,45
4fee37e9-efc2-4e58-a53b-034f909d25c7,OFC3749,Kolkata,Death Certificate,9,72,657,635,22,35
ed3f2591-7498-4b03-8596-4cf642e47d27,OFC4940,Mokokchung,Death Certificate,16,64,198,72,126,45
e6dcb481-d61a-4ce8-a9c3-6ff275d47978,OFC5473,Vasco da Gama,Birth Certificate,15,137,483,173,310,35
8b24ec69-6523-43a3-b3d2-c4df6cf6aef6,OFC1527,Gulbarga,Birth Certificate,14,132,774,606,168,35
b0afc4f6-ebbb-4131-8f4a-7137cac9b23b,OFC5426,Jowai,Birth Certificate,26,107,491,326,165,48
3db618c6-5885-41a2-bf48-9e8e739c5467,OFC7677,Shimoga,Birth Certificate,31,58,863,49,814,40
a77de2a4-2984-424f-b979-7e5efe1971a3,OFC9795,Solapur,Income Certificate,17,77,278,197,81,40
36e1e81c-1481-4e51-a247-559b5c3c7b6c,OFC7983,Shimoga,Domicile Certificate,15,86,448,185,263,35
694c78b0-bd67-45c0-928c-ae520622b972,OFC9516,Mangalore,Marriage Certificate,9,177,848,131,717,35
95f28fe2-9dab-44ef-b26d-7e601af80170,OFC1582,Bokaro,Caste Certificate,17,80,472,42,430,48
8bab2097-e65a-470b-8c91-ce6c1d60e64a,OFC5589,Mumbai,Birth Certificate,36,64,685,512,173,48
980726d9-9874-44fa-b201-2ec7e8b0696b,OFC8371,Kolhapur,Birth Certificate,49,164,770,397,373,45
b30ef511-6c80-42de-adf1-8dc5c4ee9105,OFC3950,Udhampur,Caste Certificate,9,127,993,144,849,45
e8e7e819-6fc6-4035-aad5-c11a7a29fa13,OFC5634,Bhilwara,Birth Certificate,49,98,486,485,1,45
aa8364e9-5fe0-4869-8104-f56f47fb7458,OFC7789,Pasighat,Marriage Certificate,47,130,282,228,54,40
631fe2e7-e3bc-4357-ae12-107459cd3821,OFC5441,Bikaner,Marriage Certificate,8,33,952,567,385,45
576b5b1f-b72d-4f66-8ea4-af9b3e35b29b,OFC6345,Salem,Death Certificate,39,72,985,727,258,45
1c4692b9-c83f-4410-b5b4-ad3e78fca842,OFC2654,Arrah,Domicile Certificate,16,165,639,467,172,35
2d1722e4-1f16-406f-b9c2-ad3cf7623ca9,OFC4276,Dimapur,Marriage Certificate,10,95,342,62,280,40
c484fb06-1747-418c-9e08-4c9e6e50eba8,OFC2192,Mapusa,Birth Certificate,39,164,891,158,733,48
5b31be32-13d2-4ab7-a59b-d950b7ac6e47,OFC8875,Dhanbad,Death Certificate,46,86,827,277,550,35
471c3e28-091d-4987-982f-a45cf5eab362,OFC2917,West Delhi,Birth Certificate,27,70,240,135,105,45
ab55100c-5c78-4a32-a7d3-8fccdd0f7d0c,OFC7798,Kota,Marriage Certificate,12,85,50,46,4,48
b443d91d-30aa-44ce-bb2c-b60a67f20e1c,OFC2119,Shimoga,Domicile Certificate,41,155,783,671,112,45
a3dbb74b-6fee-43d0-9998-f2f30743f0f2,OFC8769,Allahabad,Domicile Certificate,14,155,417,275,142,40
91e760a8-796a-4d4e-b6a2-9c56e60f2f0d,OFC8130,Ratlam,Death Certificate,5,156,97,48,49,48
117ec5d4-b530-427a-9e1b-28ac85a332b2,OFC6398,Belgaum,Death Certificate,36,89,361,184,177,48
55bfba62-9171-4de8-b239-8a6ee2d65393,OFC1887,Geyzing,Death Certificate,16,68,178,82,96,40
b509a8f1-3e39-409a-be1d-bd28e31ce935,OFC9985,Satna,Marriage Certificate,13,128,923,631,292,35
6cdcc98b-00d3-4ca8-9052-8257b1b5d458,OFC5559,Asansol,Income Certificate,32,51,505,452,53,48
c435ea5c-8b76-4d06-997e-282c4c3856fe,OFC3687,Vasco da Gama,Income Certificate,45,18,487,119,368,40
e526940f-9c60-4563-bd70-f1424b002089,OFC4221,Ghaziabad,Domicile Certificate,23,98,398,351,47,48
30e7046c-ba00-402e-a0f0-b38cf6c39561,OFC6753,Madurai,Death Certificate,46,107,734,313,421,35
16897d8f-bfd5-4336-b0db-d85d61a4d97b,OFC1984,Sagar,Income Certificate,27,85,442,338,104,45
03ba6cc2-e0ee-4524-acfb-eddec41df746,OFC2364,Jorhat,Marriage Certificate,7,49,980,229,751,40
4fc32f5d-4386-4d7e-bece-8f935675a5c1,OFC4301,Bhavnagar,Birth Certificate,6,111,182,152,30,35
c2b4919e-a81e-41c5-8453-1249d5a50c6c,OFC2115,Sagar,Marriage Certificate,50,39,862,263,599,48
39d0833e-de60-4db5-8ced-a8c8a22f2ffd,OFC6783,Mokokchung,Domicile Certificate,28,137,652,560,92,35
11451630-3e74-4f1e-89b4-32fb904f715e,OFC2138,Varanasi,Domicile Certificate,16,35,148,62,86,45
52ada60d-f1e5-44b0-96c8-8fbd5f22dbb9,OFC9644,Leh,Domicile Certificate,32,170,483,321,162,45
e11caf68-6b39-464a-adc1-8a641b7cb0df,OFC1653,East Delhi,Death Certificate,20,94,605,567,38,45
bbb7c766-f740-4c8e-8f5b-7c92e7c421b0,OFC7452,Roorkee,Death Certificate,39,66,931,537,394,35
5712ade6-4904-49e0-9a47-7f8efb51aeed,OFC7587,Durgapur,Income Certificate,23,55,532,124,408,45
e94eb954-32ba-428f-8a39-462bedb77a25,OFC9603,Udaipur,Marriage Certificate,16,56,944,525,419,45
70298c3f-0b91-44bf-b826-c0951917bbb8,OFC1538,Giridih,Death Certificate,44,94,998,965,33,40
82455f01-72a1-43eb-a469-bb9e3428c1cb,OFC3478,Belgaum,Income Certificate,18,90,241,218,23,45
6fa3f5f1-0ec6-47ab-be26-02cc5a75b767,OFC2943,Malda,Domicile Certificate,31,160,499,40,459,48
23961f55-b4ce-43a3-8d29-820d4367f343,OFC4093,Chandigarh,Birth Certificate,43,60,758,465,293,35
0badd4b3-a087-4fba-9b98-a88f57f7b441,OFC4349,Muzaffarpur,Income Certificate,39,142,781,493,288,35
f45ad10f-12c6-4414-b6ed-0d81cd5ad404,OFC9690,Durgapur,Income Certificate,34,165,114,87,27,48
cc1b0ffe-a153-469d-b691-a0b0706b45c6,OFC7834,Ranchi,Caste Certificate,9,63,971,546,425,48
42be98e2-7b51-4f31-8e4d-2285d6332fb2,OFC8280,Erode,Income Certificate,23,90,440,422,18,48
4d3c6c5b-7e59-4808-ad07-d49eb9ba4363,OFC9279,Gwalior,Birth Certificate,25,76,942,812,130,35
ea82101d-1133-467b-a0b2-dc4a74b0d94f,OFC9794,Amini,Birth Certificate,6,50,547,112,435,40
83733add-d7c7-4c6a-be0f-cccad31928a6,OFC5485,Mysore,Income Certificate,41,64,891,101,790,48
cdaf4804-0d67-4dd4-9121-f9ebca3b41e0,OFC2214,Patna,Domicile Certificate,32,91,123,81,42,45
d88931b0-0377-4dd9-a25e-ae8fedd6e5b0,OFC4468,Nizamabad,Caste Certificate,34,135,430,80,350,45
e06ea8cd-f9d8-4f54-a105-b1156ab10538,OFC5920,Darjeeling,Death Certificate,24,153,887,486,401,45
6ceef351-5ecd-40ce-b1e0-eb9dd6b13070,OFC4310,Jalandhar,Death Certificate,24,45,473,56,417,45
8274d143-4948-4e67-8ee5-7d536a284bb7,OFC8230,Udhampur,Domicile Certificate,11,92,917,50,867,35
667e4958-8828-4c3e-bf6c-157df895eb2a,OFC1322,Gangtok,Caste Certificate,42,124,968,353,615,48
ea604bc3-ebc2-4935-8296-7b51658931fc,OFC7143,Tiruchirapalli,Birth Certificate,29,133,87,31,56,35
0b5460cd-aa9f-4fd0-8390-570a10999cfd,OFC4152,Jaipur,Death Certificate,35,149,126,74,52,48
2961e9ff-348f-4824-a7d4-c22f3399340c,OFC3382,Khammam,Domicile Certificate,6,165,260,248,12,45
a72c0ee4-16ea-44cf-a79f-9e9b18a80bae,OFC3749,Manali,Caste Certificate,14,172,912,617,295,35
87486b6f-3e3f-4cad-a3d0-1a0aa4df0005,OFC7004,Erode,Birth Certificate,28,38,253,75,178,45
9ec67dbd-cee5-4f07-a7d1-512a2835871d,OFC3073,Hazaribagh,Birth Certificate,41,53,301,170,131,35
b7b251d9-7597-4deb-9e1f-7a4daf063e78,OFC2562,Ranchi,Income Certificate,7,70,846,507,339,45
283d49ab-61c7-44b0-8930-c179cb290a7f,OFC1390,Shillong,Death Certificate,48,44,513,332,181,35
ddc16ad6-ed0d-4a65-95f8-c51cb9f1c218,OFC3551,Mumbai,Marriage Certificate,14,97,843,145,698,40
565879dd-da0c-410a-996a-954c2d6aa490,OFC6605,Kolhapur,Marriage Certificate,12,175,859,250,609,48
695dbbc9-1f3c-41c0-8c52-b41678c733d7,OFC3112,Bilaspur,Caste Certificate,18,137,571,435,136,48
83c04606-c52f-4bc8-89f4-061f71f564ff,OFC7420,Naharlagun,Death Certificate,12,22,636,346,290,35
bda2ce21-423a-4ff2-ac01-6c80e17088e4,OFC3695,Solapur,Caste Certificate,24,155,965,743,222,45
97676849-d0c5-4f25-8524-b4d70df0084b,OFC8565,Tawang,Income Certificate,41,27,982,64,918,45
1128076d-6d70-4943-bd15-71d22382150a,OFC7109,Bangalore,Income Certificate,36,121,498,178,320,45
b0a7da34-9916-4c8e-a22c-4f81a215621c,OFC5760,Amravati,Death Certificate,45,113,613,355,258,40
9934c195-82b3-472b-bc91-c499f7d33113,OFC1895,Surat,Domicile Certificate,9,109,622,555,67,35
261bb315-25c6-4497-bca9-b4133d94908c,OFC9040,Nongpoh,Domicile Certificate,45,164,349,302,47,40
869af247-7e0a-4b45-80ef-f8fbc03a865f,OFC4179,Arrah,Income Certificate,5,15,633,318,315,48
4406c9f7-86c2-41cd-8e59-34807701477d,OFC3766,Udaipur,Birth Certificate,49,38,59,37,22,35
9baace31-cd34-4cb9-9418-d34b037ad90b,OFC9730,Patna,Birth Certificate,39,68,663,457,206,40
6c201b8c-f2ff-4752-b3e8-3c2a2b08e034,OFC6029,Lunglei,Income Certificate,25,94,888,394,494,48
b6dabd93-31e6-4ae8-b3ce-016e43726945,OFC3011,Bhavnagar,Birth Certificate,23,161,453,431,22,48
fe21665c-683a-42d1-9c9d-979786073fc5,OFC4270,Udaipur (Tripura),Caste Certificate,30,160,504,272,232,35
e51e897d-78f3-4319-8ed4-96ef44277520,OFC6800,Tezpur,Income Certificate,21,44,740,284,456,35
23e1407a-b3b8-441c-9d39-3ea579c08ef4,OFC6571,Serchhip,Domicile Certificate,7,136,59,41,18,45
ed1c2bd9-35ce-467d-b553-82eda47037d1,OFC1460,Havelock,Income Certificate,28,176,670,50,620,48
95306bea-3943-497b-ab3e-74ee0d95ddde,OFC8552,Asansol,Birth Certificate,8,90,227,47,180,40
3616d3cc-730f-4626-992b-5bcdcc6958a0,OFC2562,Tirunelveli,Domicile Certificate,37,18,270,66,204,35
3add776b-ae95-4832-a525-4d7e048bf398,OFC9259,Thane,Caste Certificate,43,80,107,80,27,40
a7566836-0ed5-48d6-88ad-4fe90a93c9b5,OFC3377,Udaipur (Tripura),Death Certificate,39,20,557,490,67,45
142c1b42-70ea-4fd4-8e61-13b57d510871,OFC4482,Churachandpur,Marriage Certificate,8,36,188,156,32,40
e4c2c411-4407-41e1-975d-fe56b9b777cd,OFC5095,Jodhpur,Income Certificate,45,131,125,87,38,35
18edd45d-1d0c-4108-a960-4f06d35302e2,OFC2257,Jaipur,Birth Certificate,28,22,393,67,326,35
82ca5255-63ed-45ce-9c67-91b6d0ff5f7d,OFC9777,Rajkot,Caste Certificate,10,61,230,81,149,48
d5880814-9f20-44ea-ab4c-5a8769b5556a,OFC2016,Bardhaman,Domicile Certificate,11,176,193,157,36,40
008aa16b-c754-4dba-9488-53082cfed9a8,OFC5438,Pasighat,Domicile Certificate,32,158,53,52,1,40
914f83a8-8ba8-40b8-9270-0e8627b863a6,OFC3544,Havelock,Birth Certificate,22,121,334,245,89,48
1992d475-0cd5-4232-9838-8b0b49d48269,OFC6917,Ratlam,Marriage Certificate,39,120,617,379,238,40
d0da73cc-3dc6-4579-98d0-ffa82f81606a,OFC9439,Rewa,Income Certificate,9,69,704,575,129,48
f7e4c4b3-787d-4c64-bc42-53f743c8d64c,OFC4469,Ramgarh,Birth Certificate,36,58,339,166,173,45
23e579c9-11f5-424d-845f-d29cfe8c2a97,OFC6728,Gangtok,Income Certificate,24,22,372,147,225,45
733dc945-5cc9-4e94-81a2-754ea0a89313,OFC8087,Bangalore,Death Certificate,15,76,396,136,260,48
078f9aaf-fa3a-4337-9a16-e1300720ceb3,OFC4549,Gaya,Birth Certificate,9,145,536,40,496,48
82baede1-f939-4bdf-b549-eb7fda915874,OFC5489,Coimbatore,Marriage Certificate,47,142,684,461,223,45
6207985c-f897-4fcc-a307-be2430bd8e44,OFC1042,East Delhi,Marriage Certificate,34,57,92,88,4,45
09e95b35-1bb4-4311-ba22-d917edc8f89d,OFC9144,Delhi,Domicile Certificate,48,33,318,115,203,48
14f19be8-37a0-494d-9326-7365a7692031,OFC6107,Erode,Income Certificate,29,126,151,68,83,48
ff280d4b-c261-4d21-a1a5-34986c36e55c,OFC7709,Howrah,Caste Certificate,25,43,388,62,326,45
3d751753-ec46-4fed-9d07-e9f801430468,OFC1052,South Delhi,Caste Certificate,24,57,299,119,180,40
de9a2728-9725-42c3-a36d-ea2bcc8aed44,OFC6254,Tirunelveli,Death Certificate,27,144,541,354,187,40
c5f54e52-cbbf-4896-9bb4-3e9319460bea,OFC5149,Madurai,Birth Certificate,26,81,649,233,416,40
bd7a2567-88c3-483b-b029-cb3eee25b2f9,OFC7074,Haldwani,Income Certificate,22,99,485,482,3,48
fd5cae91-e11a-42d8-a956-03b10904a96d,OFC8333,Anantnag,Death Certificate,12,132,68,52,16,48
92f65438-f0ec-4816-98ac-a3a7f85d6814,OFC8581,Belgaum,Domicile Certificate,38,91,198,77,121,48
bb062f20-e29e-49ab-994a-fcaa4a5822fd,OFC7361,Kolkata,Income Certificate,49,121,797,265,532,45
e906591e-d445-44d2-9922-384c5a227a4a,OFC4147,Amritsar,Death Certificate,28,145,491,309,182,45
2a5d7c39-b1b2-4cef-90a2-c63339c91bc9,OFC2349,Aizawl,Birth Certificate,28,31,891,412,479,35
84244453-56a9-43ab-8dca-43e4f1759a8d,OFC4410,Coimbatore,Domicile Certificate,32,61,192,165,27,45
f104b456-6cf5-402d-9e13-0414a49dcbf6,OFC6380,West Delhi,Marriage Certificate,7,123,963,873,90,48
321fcd78-040a-47c6-88e5-12f71715d68f,OFC1168,Jabalpur,Birth Certificate,29,36,622,570,52,48
abac0b3b-f2f5-49ce-a476-435bf3e2ff81,OFC4273,Port Blair,Domicile Certificate,47,69,891,169,722,45
b776e162-32dd-40a6-966b-f590b9b9348b,OFC8313,Tirunelveli,Domicile Certificate,28,33,877,431,446,45
2fe4d044-586e-4709-848a-ec9bf8c7ba36,OFC6104,Panaji,Domicile Certificate,40,167,363,273,90,45
d20ae4c4-4f55-4ca8-8379-3f304b7265ef,OFC2654,Ahmedabad,Domicile Certificate,43,180,206,110,96,48
dd0a0927-2c4d-42ba-bb69-3b2503bc15f1,OFC8939,Silchar,Marriage Certificate,26,171,224,73,151,48
0af4ca07-2c29-4fb4-8b52-812c67f7dc6e,OFC2875,New Delhi,Domicile Certificate,47,113,501,421,80,45
d6c239ac-dcca-4fc1-86d3-8e1f4701111c,OFC1728,Nagpur,Death Certificate,26,123,610,107,503,45
4e470c11-e4b9-4bdb-b77d-3c7722d71078,OFC8288,Kota,Marriage Certificate,6,122,97,44,53,45
bec8702e-a4c6-4af8-8c7f-5911f6b8f37e,OFC9541,Srinagar,Domicile Certificate,38,102,708,248,460,48
ea3b0265-55e0-4b43-96d8-14f4c046e7eb,OFC8992,Ahmedabad,Death Certificate,5,109,423,95,328,45
7748e676-10be-4796-ae4f-86f012d1e0b4,OFC2499,Alwar,Marriage Certificate,49,57,121,43,78,45
186e3879-53dc-48d7-a665-6c6ddb50efaf,OFC3311,Rudrapur,Death Certificate,30,138,227,215,12,40
3792c666-0258-4899-a790-4555bd4c7797,OFC2293,South Delhi,Domicile Certificate,30,74,995,54,941,40
a1e9129f-f5dd-476e-9d50-a877ae7ac012,OFC9438,Mangan,Birth Certificate,33,94,712,635,77,40
a6ead921-d4e7-4464-ac89-a06daacfc01f,OFC9445,Allahabad,Marriage Certificate,25,125,207,101,106,35
d78e65f9-b756-4681-838e-b11275c881a0,OFC4154,Vasco da Gama,Income Certificate,24,167,768,604,164,48
058f325c-f243-4207-9f44-c33add2a477e,OFC4494,Giridih,Domicile Certificate,38,70,354,84,270,48
1c14985f-4074-43fc-aa3b-f5b392e99c83,OFC4642,Chennai,Death Certificate,8,164,835,461,374,48
1e8dbf10-0ed0-4181-97a9-ce5f5524c910,OFC4837,Imphal,Caste Certificate,17,125,216,119,97,48
1974e759-2abf-4ab3-86a5-eb3c3aba93b2,OFC6390,New Delhi,Caste Certificate,15,89,133,49,84,40
f96261b8-5691-4731-a60a-99cb3fbdc7d1,OFC2110,Begusarai,Domicile Certificate,30,148,900,246,654,35
d07d0cfa-2a6a-4a67-b646-4f2a1c2279d3,OFC1369,Pathankot,Caste Certificate,22,166,152,111,41,48
768f5527-6173-49a7-8807-e9ee87e19593,OFC3656,Panaji,Caste Certificate,41,97,772,270,502,48
f47c775c-fc1d-4e1f-af09-53ed3722f98e,OFC4350,Nashik,Caste Certificate,46,156,603,67,536,45
ecdfa22b-e6a7-46f2-9801-24e514603bc9,OFC1290,Agra,Death Certificate,30,143,228,81,147,40
85cf40e2-64cf-4b86-bb34-1c8d7ebc59c1,OFC4520,Dehradun,Birth Certificate,6,84,440,199,241,40
83aa928a-857a-425e-833a-126f3a270040,OFC7341,Udhampur,Birth Certificate,14,122,979,89,890,48
fbc91bce-d291-4827-945d-f6925b504a69,OFC7821,Agra,Domicile Certificate,24,133,997,915,82,48
922f71e2-a8a8-44be-9cb3-333b5f2f677b,OFC6059,Sikar,Death Certificate,10,116,529,524,5,48
863579f3-8e27-4a4b-9608-599e0971c1f8,OFC5609,Solan,Marriage Certificate,21,147,684,352,332,35
f7642626-bf57-412b-af8d-86ca6d7e710d,OFC3239,Tumkur,Birth Certificate,15,37,863,698,165,35
513d6755-f988-4406-91cd-16ed645d4a4a,OFC7541,Bhopal,Birth Certificate,35,23,428,101,327,45
5242ca13-ad43-49c3-804c-c7774b6176ce,OFC6952,Amini,Income Certificate,17,70,401,78,323,48
c9bd9c6d-6942-4543-a4f6-0a2bb5c02ded,OFC4207,Alwar,Income Certificate,34,164,988,527,461,35
c74ba205-e0da-4b9e-b29b-f347e0e185ab,OFC3475,Udaipur,Death Certificate,29,179,127,46,81,40
184c068f-4749-44da-9431-09aba6f2adbd,OFC6009,Thoubal,Death Certificate,26,176,854,814,40,48
10ab227e-c87f-49ee-abfa-c4483a2815c5,OFC3575,Jorhat,Birth Certificate,40,90,518,258,260,48
01db37ac-1fba-4780-a7fe-d7b7619443be,OFC6319,Udhampur,Death Certificate,11,129,649,312,337,35
e235c792-574e-423e-8b2d-1a7a998cb3ab,OFC2807,Mapusa,Marriage Certificate,31,148,336,234,102,45
d55bb5a0-134d-499d-aac3-572b7e80b370,OFC1488,Anand,Income Certificate,32,141,350,92,258,40
e55ed0db-a97b-4ec8-a82f-06bdb9164b29,OFC7347,Port Blair,Income Certificate,50,17,951,202,749,45
1b7351cc-5c58-4cc9-9573-1c2bdd446625,OFC3165,Bareilly,Death Certificate,42,173,228,137,91,35
a68acfc1-5fc2-4b3f-8a09-9cddf64e15fc,OFC7004,Siliguri,Marriage Certificate,12,139,92,70,22,40
73b017f6-a3fd-4a61-ae10-c16a02ce1ef9,OFC3210,Asansol,Domicile Certificate,23,15,117,62,55,48
41b2a628-d582-4ad5-85e9-1ce505491d3b,OFC5838,Mangan,Income Certificate,22,130,106,68,38,40
8c5be77d-235b-40de-8e74-cdbafdcd0c0b,OFC9647,Mahbubnagar,Death Certificate,45,93,787,131,656,35
26e61a44-9427-4f3a-831e-d0a9ffbc83ef,OFC1359,Diglipur,Marriage Certificate,36,83,354,111,243,35
b6f18dae-8186-41ee-ad72-21c247c62cec,OFC3045,Serchhip,Caste Certificate,40,36,625,76,549,45
5054cc21-ce3d-4e35-a51e-1dbd24b29534,OFC2957,Aizawl,Income Certificate,9,169,711,289,422,40
341b5053-9ff5-4d93-89b9-4b4ecf0e3e4d,OFC3180,Kota,Birth Certificate,33,151,486,93,393,48
2fcee400-1019-4589-93cf-f42eaa691a4f,OFC6765,Jalandhar,Marriage Certificate,44,44,233,136,97,35
f3e7eea2-1c6e-49d7-a962-d21a2627744a,OFC1861,Darjeeling,Death Certificate,30,112,968,747,221,45
6a3abdf3-a053-4070-9bd0-3dcdd65319ef,OFC1967,Dharmanagar,Domicile Certificate,24,151,898,396,502,40
16c01f80-9826-4ad7-a9bd-a91fcad2b215,OFC2594,Minicoy,Caste Certificate,23,136,634,420,214,40
3bf93f73-5a0c-468d-9701-e7412f2e4a12,OFC3735,Udhampur,Domicile Certificate,44,28,790,672,118,45
626fd516-f41d-45a9-b98e-e97419d911ab,OFC8798,Rajkot,Marriage Certificate,37,106,211,52,159,45
940a9698-8d3e-4e45-ace6-9ebf6f87b0ce,OFC8753,Mahbubnagar,Domicile Certificate,17,167,853,63,790,40
2e34f545-dfa3-4cc8-a6ca-4425bec3fccb,OFC6471,Jaipur,Death Certificate,36,57,992,801,191,40
3096c491-c0eb-43a5-94c1-03da6dd5d3aa,OFC4416,Solan,Marriage Certificate,29,71,239,141,98,45
d3d3e0a2-61e3-4856-8294-9b2b5b13285d,OFC6462,Erode,Death Certificate,50,55,312,302,10,48
eb213f74-4a08-47be-997a-f5d68bc32269,OFC9680,Guwahati,Death Certificate,19,54,408,318,90,45
1cef2672-86e7-4869-9221-90920d90c08a,OFC8676,Malda,Caste Certificate,39,140,650,407,243,45
8eb0e37c-fde5-47ab-b734-e24182e89dd1,OFC5245,Anantnag,Marriage Certificate,31,179,480,75,405,40
3b0db030-0131-49c8-9631-bad7a9b76ade,OFC3744,Dharmanagar,Domicile Certificate,16,96,668,300,368,35
1ac306f2-c92c-4d30-944b-11fd56d20e8a,OFC1224,Shimla,Birth Certificate,18,169,530,362,168,40
f18ba708-8f82-418e-b092-2ddf9d3441a2,OFC5542,Agatti,Marriage Certificate,48,84,909,342,567,40
cd38bb84-6dcc-405f-ba7d-516cfbb407a1,OFC7865,Hazaribagh,Income Certificate,14,94,733,134,599,40
ad424927-a8e2-46d3-983d-17982815638f,OFC5947,Delhi,Income Certificate,11,147,239,129,110,35
67d5d558-e9fc-4ffb-9fe3-40721c80a5d1,OFC5291,Panaji,Marriage Certificate,29,40,762,466,296,48
17ebe750-0454-4854-88cd-2f8c8de1b551,OFC9326,Darjeeling,Marriage Certificate,25,28,348,249,99,35
53666258-3235-4696-8e94-e5da6a2caf67,OFC2148,Chandigarh,Death Certificate,22,21,792,317,475,40
b3ad9ad4-7a27-41a2-bb75-7a193a38c731,OFC4186,Dibrugarh,Birth Certificate,9,17,942,762,180,40
c0314e22-71d7-4e4a-bc18-845aed54ca5f,OFC6112,Bokaro,Income Certificate,50,72,992,142,850,45
9eb01f11-0672-45a0-90a9-167b4182ec93,OFC5176,Darjeeling,Birth Certificate,21,95,366,268,98,45
bd06766b-868d-4c52-907b-c2ff5f10dddc,OFC2329,Ahmedabad,Marriage Certificate,23,46,420,154,266,40
ad112aaf-b534-4a92-9f5e-5473c7dd6155,OFC7968,Jowai,Domicile Certificate,46,18,487,403,84,40
c274beeb-857d-4fb9-a222-180565468c54,OFC3220,Mokokchung,Domicile Certificate,30,37,395,118,277,48
5f20f4eb-46a9-4ef4-a42d-ef92250f861e,OFC5778,Mahbubnagar,Domicile Certificate,24,160,541,259,282,48
2205adf7-db43-4115-a8c7-26f9bfc692eb,OFC1781,Deoghar,Birth Certificate,16,94,795,243,552,45
c126790e-1da7-4c3b-8a45-d5118be45aec,OFC5680,Medinipur,Caste Certificate,35,86,101,49,52,45
644a3fcd-ee86-4ee0-91d2-79a154f33984,OFC5891,Jalandhar,Income Certificate,41,162,429,57,372,45
1f826e91-f83a-4a28-b366-e5fc1d7fbac0,OFC5147,Nagaon,Death Certificate,19,129,969,769,200,48
8bba0164-135d-4e17-926b-4e3ca1174ece,OFC7438,Bhilwara,Birth Certificate,16,81,923,771,152,45
97a2bf83-0b6e-48b0-979d-5140596262b1,OFC9343,Pathankot,Marriage Certificate,45,171,974,494,480,45
58d684be-43ab-4df6-83b4-a07a354f5292,OFC8404,Gwalior,Death Certificate,24,139,979,352,627,45
3089aac5-1bc8-4404-abf6-cb0f58c0f277,OFC3176,Naharlagun,Caste Certificate,33,78,540,460,80,45
1276289e-0bba-4319-8810-5c9de634f082,OFC4504,Kolkata,Death Certificate,28,108,620,273,347,35
cdac7e80-4251-46a4-8a6c-6127cf493da8,OFC9089,Mumbai,Caste Certificate,34,163,788,750,38,35
86324503-e410-4380-9349-fa92a94050b8,OFC6992,Rewa,Income Certificate,46,22,75,41,34,35
42df2cd2-3f00-4ccc-9bb0-13d74ee7adb4,OFC1317,Solan,Birth Certificate,13,35,610,409,201,48
9ca7ed97-8bf8-46d2-922e-5ab924d4b534,OFC6453,Alwar,Birth Certificate,37,113,711,436,275,48
8cc7e407-c1ce-48e4-a069-e1a459c5c771,OFC2332,Mapusa,Birth Certificate,16,58,427,71,356,40
d2207f88-def2-4cd1-8fc3-6a1e073409a1,OFC6860,Arrah,Marriage Certificate,13,16,636,601,35,35
77fa0cec-2f1d-4924-a7ea-1afd04eb95fe,OFC8957,Kashipur,Death Certificate,29,141,571,363,208,48
67b3510d-3aef-41ff-be69-bc2842934477,OFC2242,Lucknow,Caste Certificate,9,66,141,90,51,45
ed77ee05-f2da-4a94-9e51-5094ad23a5df,OFC8053,Mokokchung,Caste Certificate,32,171,896,551,345,35
7e465ebd-243c-4e70-9c0e-382d2f54df06,OFC6729,Thane,Domicile Certificate,38,79,552,132,420,48
42a0ae2f-a723-4344-999b-d8d81f9f6206,OFC7644,Gwalior,Caste Certificate,13,53,225,136,89,45
45d8f0c5-8dea-4599-9c00-2d3697242168,OFC5685,Nanded,Death Certificate,32,139,270,244,26,45
440a08dd-939a-4a48-8c10-b1080ade4d55,OFC8572,Amravati,Birth Certificate,8,69,104,61,43,45
4d64fc5d-eec3-4086-9d0a-3fd18edf74b8,OFC4716,Darbhanga,Caste Certificate,50,58,867,683,184,35
382452a1-f6bf-4a23-9d26-8578af0a417c,OFC6209,Mokokchung,Domicile Certificate,15,116,224,178,46,40
dba8ed5e-278f-48c2-aebb-06017d999576,OFC4198,Ludhiana,Birth Certificate,23,133,597,120,477,45
38e79e4a-7da2-413b-94c3-a96dcb082182,OFC8727,Dhanbad,Domicile Certificate,20,114,461,432,29,48
d30f5c07-56a9-4bc5-9388-b83afc240de4,OFC3862,Hazaribagh,Caste Certificate,16,32,314,172,142,40
370e0707-291f-4b90-89bb-8e9c79aefd19,OFC4701,Bokaro,Birth Certificate,37,178,606,443,163,48
50ca40d3-59c7-477e-9830-dda34685c60f,OFC4178,Mohali,Death Certificate,46,16,638,313,325,40
8324dec6-9635-4595-9721-c169c55b71cc,OFC4900,Bilaspur,Marriage Certificate,22,115,448,245,203,35
abecfa53-3faa-4943-837a-181443b131f2,OFC3422,Agartala,Domicile Certificate,14,26,383,218,165,40
30474aa7-5939-4356-b28b-08d2faed54ba,OFC8860,Solan,Domicile Certificate,31,60,660,440,220,48
eb753951-7bae-43d7-b294-6f473546283c,OFC2780,Hubli,Income Certificate,14,88,189,79,110,35
176fe270-555e-45b8-8746-fa2a8842e642,OFC7663,Namchi,Marriage Certificate,34,44,71,66,5,40
72cbc1e3-19de-492f-8b93-a49214a0a5ce,OFC1712,Durgapur,Domicile Certificate,49,97,286,189,97,45
b90006b2-7833-468c-8d43-af261ea7205b,OFC1688,Kashipur,Birth Certificate,46,101,103,81,22,48
dbc3d594-52bb-4667-b3fb-45366ba3c703,OFC5941,Medinipur,Death Certificate,43,109,92,70,22,35
efc36c82-80d4-40f0-8bdc-9640c99d0981,OFC3490,Agartala,Income Certificate,12,133,543,526,17,35
38e1415a-14d5-4574-a5f9-506e99386d96,OFC9098,Minicoy,Income Certificate,20,115,873,549,324,45
c1070bda-1a3b-41fc-aeeb-76aba95c733c,OFC2879,Kavaratti,Caste Certificate,12,40,711,131,580,48
308d55cf-2e28-465e-a1a9-b31e72034159,OFC9865,Alwar,Birth Certificate,47,132,322,35,287,35
370876dd-b4ec-43fa-bee1-6ad08a402530,OFC2022,Siliguri,Caste Certificate,46,95,864,140,724,40
c77aa87e-8170-4a4b-99fd-c7754fc1dd2f,OFC7607,Mumbai,Death Certificate,8,22,584,339,245,40
0a728f1e-97a4-4c5a-8764-f24dfff75221,OFC8494,Vadodara,Caste Certificate,6,163,266,99,167,35
ee0f7492-d926-4c58-8e58-58e1261b4b4e,OFC2122,Champhai,Income Certificate,23,70,152,133,19,45
29e9cca0-01f6-4032-b2ab-0f64d4d4968b,OFC4825,Jodhpur,Birth Certificate,13,106,713,186,527,35
3ce6dd19-f318-4012-8b51-7211a69fb8d4,OFC2486,Champhai,Caste Certificate,41,52,127,101,26,48
3e3a195e-75c8-47e9-82db-3e17fc7a5a06,OFC3269,Mangalore,Domicile Certificate,33,82,549,91,458,40
89f20505-3202-45fe-be0e-a242040d8165,OFC4749,Vellore,Birth Certificate,11,19,753,172,581,35
72a202ea-4a88-4f8c-a5b3-0ed4c2b7f66d,OFC7063,Chennai,Death Certificate,21,110,761,83,678,48
195d99e3-7bc4-4b75-b1ca-99615c3a4e2e,OFC2484,Madurai,Domicile Certificate,9,94,343,216,127,40
5f7f3817-6956-463a-9abb-9616ca288493,OFC5103,Bhavnagar,Death Certificate,36,130,851,57,794,40
3bbc4989-e272-4a8a-9e26-f45af5df6b92,OFC6232,North Delhi,Birth Certificate,50,159,130,94,36,45
d435fc51-6e70-44e8-a943-398a15e18e6c,OFC4354,Solapur,Death Certificate,30,98,436,191,245,45
a4d879fb-93a0-41b3-b9f8-19fcd6bb1c8a,OFC7868,Lucknow,Marriage Certificate,27,180,809,305,504,48
e1745e99-a7e2-410c-8897-84f10713808e,OFC7938,Belgaum,Caste Certificate,18,144,670,216,454,40
e6c74713-d351-4a98-a5f4-80d2c2e6967c,OFC5215,Erode,Income Certificate,7,153,210,201,9,45
4ecd1ccc-7923-4a3c-ab2f-6725d8e898d5,OFC7918,Belgaum,Income Certificate,38,89,444,311,133,48
7e5c612f-7f1e-4e77-92ce-cc4698697739,OFC8043,Nizamabad,Caste Certificate,19,40,998,142,856,48
d4ffcfb9-4152-47fe-be46-9e9fbe66bda4,OFC1807,Vasco da Gama,Domicile Certificate,44,132,351,75,276,35
88b84886-6230-4112-9ff2-9b7eec3a10f1,OFC5470,Mandi,Income Certificate,23,41,744,567,177,40
0dec6de2-05e8-4b28-8417-10d1b348118c,OFC6532,Aurangabad,Death Certificate,49,128,223,155,68,35
80c142cd-233d-4d00-8f30-4e2e0c0ea828,OFC7145,Malda,Domicile Certificate,24,22,872,55,817,45
f539a8fc-f363-42a2-aa5b-6a4cb162ccb3,OFC9772,Thoubal,Marriage Certificate,35,104,633,257,376,35
d776b85a-a3ed-4ace-96a0-fdca6173b0c6,OFC1527,Dimapur,Domicile Certificate,49,164,985,846,139,40
bc581bc5-351e-4679-ad54-6bca50d4caff,OFC7933,Vellore,Caste Certificate,5,126,848,489,359,45
77a48b5f-53c6-4d9f-8f59-842b7c1de558,OFC5023,Manali,Caste Certificate,8,33,418,132,286,45
72de8b85-2afe-47c4-9ae5-e99a9f57249f,OFC7739,Alwar,Birth Certificate,7,126,337,51,286,45
397f49ce-b272-434b-9c62-e4f6018d39a7,OFC4583,Mokokchung,Caste Certificate,36,127,628,334,294,40
d1ff45f2-8b57-42ba-8f56-1f581f5c149c,OFC6185,Durgapur,Income Certificate,12,149,947,279,668,48
e38f70df-11f5-43f6-b9e4-c78ddcb288dd,OFC1954,Shimoga,Death Certificate,34,71,803,501,302,45
81b2d2fd-2a25-4a6b-be79-b39eb348aa5e,OFC4125,Kavaratti,Death Certificate,16,100,888,607,281,40
c72f5354-bd03-4f3b-a9b6-c5d567f44248,OFC5375,Dhanbad,Birth Certificate,14,130,196,49,147,48
3c723b65-136e-4cfb-8381-6cc41e67227e,OFC3017,Kohima,Marriage Certificate,22,139,270,221,49,35
20606a13-6141-4965-ab82-bae41c3639ca,OFC2168,Muzaffarpur,Death Certificate,23,82,275,175,100,40
f0b689b2-57a4-45ee-9af7-0d514182e888,OFC8298,Warangal,Death Certificate,40,52,638,416,222,48
eb4b2a07-83b7-49f9-a473-a19bcd7699ba,OFC3153,Ludhiana,Domicile Certificate,48,127,965,468,497,48
721c398a-271c-46ef-a128-6d1cd391fd51,OFC2228,Guwahati,Birth Certificate,12,85,749,365,384,45
6511acd9-acd9-4f3f-8bcc-5e4073caabf8,OFC1300,New Delhi,Income Certificate,22,45,434,385,49,48
cff495dd-5d73-42c3-8bb1-4fdb23074af8,OFC2600,Siliguri,Birth Certificate,44,97,600,501,99,48
3e71d5c6-85e5-43b0-b60d-27632e6ac91f,OFC2341,Kanpur,Death Certificate,29,122,471,413,58,45
edf925e7-2a1e-48f7-a88e-5a2034ac2856,OFC4746,Gulbarga,Death Certificate,23,178,296,133,163,45
dd53bf15-d762-4320-9c3b-d26cc84e26cd,OFC5845,Allahabad,Income Certificate,40,106,605,591,14,40
5e8e94c5-9a9b-48c2-9d96-07d4c46eab89,OFC5809,Mokokchung,Income Certificate,12,144,343,91,252,40
a1811af5-ffe1-4e75-96d2-621cfc097ac9,OFC1015,Udaipur,Death Certificate,20,33,603,310,293,45
fa94261b-33ed-4e3c-8a50-1f2099d46bc1,OFC4076,Bishnupur,Income Certificate,10,79,866,655,211,48
02dac3ec-5e98-4350-a439-5e38169c8839,OFC1418,Agatti,Domicile Certificate,23,99,766,100,666,48
c7511077-d0b8-4e78-b39a-5951add4d7d6,OFC9734,Karimnagar,Caste Certificate,20,47,535,491,44,45
921cdac6-2a89-4d5a-a28a-0b45a85efa0f,OFC4835,Mayabunder,Caste Certificate,28,122,735,119,616,48
af72612d-7e9c-4a8f-b566-ee34cad5e8f0,OFC3189,Agra,Caste Certificate,29,130,455,278,177,35
cb554039-8153-45c6-a96e-054a93d0b371,OFC1210,Aizawl,Death Certificate,12,138,331,114,217,40
95a5895e-cc68-4706-8294-4e548293e80a,OFC7869,Mahbubnagar,Marriage Certificate,15,119,614,210,404,35
37259536-2958-4248-95b5-d7ae4a0c45a9,OFC8802,Champhai,Caste Certificate,15,68,240,121,119,48
c05eda1e-4e60-45f1-8a56-40d9e7b746a8,OFC8649,Malda,Marriage Certificate,37,31,514,138,376,40
55e37321-f27e-47bb-8c5a-dde0afe7094e,OFC7357,Dibrugarh,Marriage Certificate,26,76,443,365,78,40
644c8062-830f-4435-ba91-cb0a2b3dc927,OFC2374,Diglipur,Income Certificate,29,131,284,79,205,48
1b7a95f3-f3df-4be9-bcfa-b482150c9298,OFC4945,Pune,Income Certificate,14,128,512,243,269,48
112c7b78-3d5c-4cec-b6f0-5be957011c41,OFC6283,Vasco da Gama,Domicile Certificate,34,135,488,385,103,48
cde1130a-c3b6-4b37-9778-4ef00bb0ccf5,OFC3031,Anantnag,Death Certificate,6,68,733,201,532,35
67d21608-000b-41f4-9c16-9b0461f57edb,OFC6049,Diglipur,Birth Certificate,46,44,869,669,200,48
fc005a35-dff8-4d92-8c51-5c1fe7a9317d,OFC1502,Amritsar,Birth Certificate,39,59,810,163,647,48
33fb809b-c619-4d94-b406-fd9af6a5591b,OFC1595,Churachandpur,Death Certificate,36,84,155,71,84,45
0745f01d-0d6a-4162-b649-ac107da4691e,OFC4991,Vadodara,Income Certificate,24,35,268,253,15,40
368e1961-861b-44c4-a60c-ee928ac6c68a,OFC4927,Thane,Death Certificate,23,99,652,34,618,48
bf4e0c8f-e16e-4fb8-9aca-57f1b6900000,OFC2563,Jaipur,Marriage Certificate,21,153,786,710,76,45
a2d58cd2-eb9d-4cfb-8e9c-0fc73b81f010,OFC8372,Bhavnagar,Caste Certificate,21,99,727,420,307,48
1e7b224d-f81b-4e88-8cae-a256f61746aa,OFC3292,Ajmer,Caste Certificate,46,93,182,86,96,35
1363f158-1a15-48f2-8f18-ed4ba59efea9,OFC9262,Hazaribagh,Birth Certificate,27,58,202,135,67,35
e2ac414b-3714-41ee-ab04-f987d0ace310,OFC3661,Kullu,Birth Certificate,21,157,880,39,841,40
80ee6772-10a7-4113-84d6-08863d9d5252,OFC1593,Sagar,Death Certificate,14,100,307,257,50,48
b363102b-903f-4c6a-a787-affa1131e887,OFC2254,Udaipur,Domicile Certificate,41,27,185,95,90,40
5f2cda34-66e4-45fa-ad70-051501b2b9c3,OFC3227,Lucknow,Caste Certificate,6,89,294,56,238,40
0da8c360-8ce5-461e-bfeb-28931789673e,OFC3384,Bhagalpur,Domicile Certificate,14,153,207,77,130,45
bf57a6e0-d06c-41a8-8550-c7d5114b6221,OFC4522,Dispur,Marriage Certificate,33,128,122,42,80,40
36d50790-122a-4285-95ad-f177ffe7532c,OFC3857,Kavaratti,Marriage Certificate,38,94,603,289,314,35
bb4e7b50-05ea-419d-a3d3-48577fa89fcf,OFC5312,Havelock,Death Certificate,45,141,489,205,284,45
529cea04-3b30-490c-ba2e-ba4ba86ba151,OFC9977,Amini,Birth Certificate,21,123,738,346,392,48
7b37fb24-8c59-47a7-8a56-1c8c4ec3c6f9,OFC1959,Kota,Death Certificate,21,134,424,283,141,40
6a6e6dc9-57d7-4dfd-942b-2dbec71f6843,OFC8474,Kolhapur,Domicile Certificate,48,165,408,167,241,48
f49a2c7d-4b64-446b-9aab-aa5281360acf,OFC2200,Ahmedabad,Income Certificate,37,59,216,177,39,48
d883ba7e-15c6-4698-928f-4c04a3a06965,OFC8428,Gwalior,Domicile Certificate,17,99,599,285,314,40
04d76f96-d55c-47e1-a3fc-ae14fe356fc3,OFC4555,Shillong,Income Certificate,38,90,628,182,446,35
23c53f57-5327-4c42-8418-c1905dc5b384,OFC5437,Tuensang,Death Certificate,33,157,358,113,245,45
a6fff1f4-ab07-4ee3-a16e-37c54c0d9882,OFC5274,Dharmanagar,Caste Certificate,9,72,449,148,301,45
28b660d5-12d0-4848-bce3-96c7ef524660,OFC8584,Gangtok,Domicile Certificate,26,106,252,172,80,35
e12f8770-fb70-451e-882b-9768852ef88a,OFC3408,Nanded,Marriage Certificate,16,97,260,198,62,45
bb09348e-b68d-4507-88b2-fe0f8374a59b,OFC2598,Sikar,Caste Certificate,21,126,318,219,99,45
332d00c2-bf93-47ed-b038-9bbcdde7fea4,OFC7702,Sikar,Income Certificate,17,157,550,103,447,48
4d7a942b-46c3-4cea-aa27-411241044181,OFC6672,Mandi,Income Certificate,48,127,933,875,58,48
06e9cc6e-e73b-48a0-bbad-ff8f533fb5a7,OFC3027,Pune,Domicile Certificate,27,80,794,505,289,45
34516b3a-d825-4af7-885d-20fdaa8469e0,OFC7979,Chennai,Birth Certificate,36,68,179,123,56,45
76f7389f-cd9d-40c4-a249-21c6f93652ec,OFC5221,Jorhat,Birth Certificate,48,170,997,81,916,40
6ee0f2c4-9912-4640-850f-1aa1194c239f,OFC7610,Port Blair,Birth Certificate,33,44,725,457,268,40
4e3690e7-63b7-451f-85e6-aa9820f65867,OFC4201,Amravati,Marriage Certificate,14,171,172,65,107,48
001bda3b-8a62-450a-987d-ce5b030602f4,OFC8854,Geyzing,Birth Certificate,49,35,822,78,744,48
927d2937-5463-4820-8ecc-1dc2077a283e,OFC7766,Karimnagar,Birth Certificate,38,133,521,145,376,35
fba75ca5-7c8c-4946-807c-5df9a2a41f1b,OFC9005,Mandi,Income Certificate,31,70,485,80,405,48
5183687e-20cb-44a4-9428-1ab1ba3ccb36,OFC2171,Udaipur (Tripura),Marriage Certificate,20,60,793,314,479,40
bc73de9b-285f-49c0-ac2c-d1ddb1fa61c5,OFC6821,Siliguri,Domicile Certificate,44,122,850,567,283,45
e8bb63b9-69ae-4341-a8c0-70f299d13df6,OFC8516,Anantnag,Caste Certificate,30,54,798,538,260,48
edd7b19b-c855-42f1-88f7-8494fa1bd429,OFC8996,Begusarai,Death Certificate,38,134,619,468,151,35
f77e1df7-03d3-46b7-895a-f186d7a6de5c,OFC9816,Leh,Birth Certificate,5,174,372,49,323,45
03e1360e-7838-4491-afb1-4c8c3a5c5404,OFC4136,Rajkot,Birth Certificate,10,156,98,53,45,35
f2541307-d6ee-444c-8773-9f6c0dadab3f,OFC4344,Udaipur,Birth Certificate,23,40,852,635,217,40
aa7797dd-86f2-4a5e-9d80-fec852ca863f,OFC9051,Srinagar,Domicile Certificate,12,161,583,366,217,35
86c37401-d510-451f-87a6-b4e7a6401c01,OFC1323,Gangtok,Death Certificate,40,62,804,287,517,35
fe0dfa4f-075e-4e94-95c2-9a52362bb2bd,OFC3282,Alwar,Birth Certificate,17,43,413,59,354,48
578fde60-cc9d-46f8-93c9-2fc981c39e5b,OFC7826,Jaipur,Death Certificate,38,47,420,409,11,40
868597e3-f075-49c7-a2d0-9f5690948e08,OFC5522,Coimbatore,Caste Certificate,18,128,581,408,173,40
f196ea65-d3be-472c-9310-0608ada5258c,OFC5531,Mumbai,Marriage Certificate,35,159,407,322,85,45
13eba99a-3fd2-4895-9ea3-7f4cbe4b0cd9,OFC4936,Rudrapur,Income Certificate,13,33,803,463,340,48
01e24f99-5e43-4aae-8ede-2f42d76137dc,OFC1937,Khammam,Domicile Certificate,13,78,789,312,477,48
820b4851-c0ae-487b-a64d-47d9d785827f,OFC9243,Nizamabad,Death Certificate,15,53,380,259,121,35
7b77bd0a-2e07-4a30-bf05-5140ff01c95d,OFC7650,Anantnag,Income Certificate,43,49,828,690,138,40
a59ca3df-d6c8-48e1-9b6e-d74c01c735f0,OFC4921,Gorakhpur,Income Certificate,44,38,550,395,155,35
f189f615-a28e-4279-b13a-c2706dad6e64,OFC8332,Vadodara,Marriage Certificate,45,46,124,38,86,48
6586e15a-904a-43c2-b74d-2bb7c838ad0c,OFC4884,Margao,Death Certificate,41,112,194,109,85,48
fd961cdf-a7b0-4ee7-b59c-8716f1f04700,OFC5355,Begusarai,Birth Certificate,13,140,714,695,19,48
44ad7644-be4c-478d-94fb-1acaa72db08c,OFC5296,Jaipur,Birth Certificate,18,83,640,439,201,48
a4e4516c-948c-4228-8269-fcc11d90f6df,OFC7633,Ajmer,Income Certificate,48,49,684,42,642,35
753a6d66-f59e-4b07-b751-1301eaaa9ac9,OFC1526,Ludhiana,Income Certificate,17,93,770,139,631,40
18f55fba-2c3a-4bf8-aac3-171d62eeeabe,OFC1850,Dehradun,Domicile Certificate,21,95,503,105,398,40
8d4893d5-3de4-4a43-b8af-57ffc90c2281,OFC6745,Thane,Marriage Certificate,24,40,114,84,30,40
3e7c85cf-1bd2-4b57-8af3-c84ca9b6bc55,OFC8892,Tuensang,Caste Certificate,45,71,799,624,175,45
73cc3a5c-6706-4eec-a711-8287f705d1b3,OFC5251,Salem,Income Certificate,15,145,695,583,112,48
b212e8ac-cbb9-428e-8386-03a16fd7c1b7,OFC6283,East Delhi,Income Certificate,21,81,482,242,240,35
5c866dd1-1995-4379-bb00-1e1278318b0a,OFC1907,Vadodara,Income Certificate,32,179,63,57,6,45
087b084b-fcc0-4512-a9d6-4aefd54207f2,OFC8674,Roorkee,Domicile Certificate,12,68,362,333,29,45
f1b7a3f1-659d-4b80-b7db-bab2fe22f932,OFC8774,Pasighat,Caste Certificate,26,85,278,219,59,45
da5b3485-5c5a-445d-b0f8-67b8b9232e50,OFC4626,Anantnag,Income Certificate,34,40,461,459,2,48
76214fae-0814-4486-aeb2-49691215a42e,OFC2080,Patiala,Caste Certificate,14,67,308,80,228,35
6245f97f-2447-47c3-89cd-69e6cd24791a,OFC5383,Surat,Domicile Certificate,32,143,530,179,351,40
160d2181-cdda-472e-8764-1b1178e88254,OFC1111,Howrah,Income Certificate,48,99,865,730,135,48
075b82fa-afa3-4d14-ba1c-5481dda00304,OFC5009,Itanagar,Income Certificate,38,68,419,39,380,40
913fed3a-d9be-4b11-8169-f9fe9d1ecc93,OFC1148,Mayabunder,Income Certificate,10,103,508,183,325,48
84aeb0e2-3782-4aae-b9d4-56c9192a110f,OFC5582,Belgaum,Death Certificate,39,61,509,244,265,48
70b023b0-d861-48f8-a158-7c4ff2690a1c,OFC2412,Katihar,Birth Certificate,13,175,542,145,397,45
031939ac-3c73-44fc-a5c4-f1560697fba8,OFC6761,Bhagalpur,Income Certificate,45,111,954,579,375,40
65e72b0e-982a-4adf-83ab-c7b867877325,OFC1895,Rewa,Domicile Certificate,15,173,433,414,19,35
feebbdb5-2540-4dec-be44-94dc1065a3dd,OFC1313,Coimbatore,Birth Certificate,32,45,195,153,42,45
14f2b591-b8d5-49fc-bed5-5be0e415b873,OFC2485,Kota,Caste Certificate,34,18,366,216,150,48
4aea2a63-a051-4d84-ac2d-c2c72a5cb442,OFC8388,South Delhi,Income Certificate,22,18,772,220,552,45
937fa4fe-d9d9-459b-a4c3-bf4d75408276,OFC4316,Dimapur,Caste Certificate,31,80,591,484,107,48
5e1e12c4-05d0-4915-92ff-fc45bdb3f877,OFC2412,Bareilly,Birth Certificate,31,24,861,361,500,45
d90ea40c-eabc-4e8c-a59a-bff129a1525c,OFC2205,Ajmer,Death Certificate,47,147,724,564,160,35
5149c0a8-15ba-4862-b67d-002970c26309,OFC2983,Naharlagun,Death Certificate,43,125,188,81,107,40
6d33528f-ff60-4163-a485-ad7dbe680799,OFC5595,Bareilly,Caste Certificate,10,22,715,61,654,35
95ce2fc1-aed6-4abe-8c0d-3ea387c6321a,OFC3355,Amritsar,Death Certificate,28,112,675,225,450,48
9bc189f2-422b-4109-b2ce-2c877c6ff6fc,OFC6778,Roorkee,Domicile Certificate,37,83,185,180,5,40
aabf7977-b06d-465e-b845-6ed8da193b27,OFC5763,Gorakhpur,Income Certificate,23,139,134,131,3,40
62daf59f-34cc-43c3-9c64-b50de15d91e8,OFC2314,Lunglei,Income Certificate,46,120,465,399,66,48
46b0fc70-66e9-41d4-9335-4f03b6e333a1,OFC4333,Jalandhar,Death Certificate,31,67,667,368,299,45
cdf8b3bf-2721-44f9-a279-a0f1d612e79e,OFC4373,Rajkot,Income Certificate,19,166,427,199,228,40
4171cb55-8e50-4823-8b7e-766285eba5d5,OFC2372,Mysore,Birth Certificate,28,42,355,124,231,35
7d8e49ea-a2a8-4d26-b794-767966e08f47,OFC7020,Satna,Caste Certificate,22,180,663,548,115,40
0c973ea0-f917-48fd-acd2-700347ba3cf9,OFC5808,Pasighat,Income Certificate,45,54,230,97,133,48
324df6b6-6b09-4973-b7ae-f9cf56986461,OFC3201,Muzaffarpur,Income Certificate,7,88,845,662,183,48
f265a8a6-2a0d-404c-a72b-0cce14531035,OFC8412,Vasco da Gama,Birth Certificate,45,98,503,449,54,35
2afa5003-2ec1-461b-8d76-766cd2dd4a8a,OFC7596,Varanasi,Marriage Certificate,18,85,360,334,26,45
2a14b6d9-eff6-4029-883d-6208ac1d6eba,OFC1887,Chennai,Caste Certificate,23,162,922,869,53,40
41bce3c5-f0ba-4f1f-9165-a3605a080211,OFC5241,Solan,Marriage Certificate,40,153,801,301,500,48
23b49820-386d-4249-b4f2-35d5abf072be,OFC8199,Thane,Income Certificate,38,147,510,95,415,35
2e1a7361-1e56-4cdd-a136-a5968107566a,OFC7397,Ujjain,Marriage Certificate,34,121,327,119,208,35
c71bbec2-1527-40c6-aa2b-26f48b5e8836,OFC2018,Anand,Income Certificate,49,111,521,161,360,40
8f3161c7-e00a-4e7b-ba4a-b1b2f1234931,OFC4781,Allahabad,Income Certificate,30,24,824,772,52,35
0d543a73-8868-411a-b3f3-11e7426bbe59,OFC4982,Thoubal,Domicile Certificate,48,112,69,69,0,40
a9f4b7e1-431b-4c54-9383-83686921cdec,OFC4070,Gulbarga,Domicile Certificate,12,63,118,51,67,35
1152b088-01c4-4774-88c1-db294f1288bb,OFC5626,Kolkata,Domicile Certificate,44,80,695,121,574,35
c6afdc66-7425-41d2-b068-02c88cb65bf0,OFC4845,Jabalpur,Death Certificate,31,82,923,568,355,48
5aa40097-9150-485d-b9f4-1f2029f91874,OFC2325,Aizawl,Income Certificate,22,108,61,48,13,48
2995e0fe-9dff-4038-aa95-814e376c0a43,OFC5916,Rewa,Birth Certificate,34,171,63,59,4,45
86775eff-4e6d-4330-a9b1-6305d3c627a3,OFC5211,Asansol,Marriage Certificate,8,132,171,168,3,48
0548de52-d88e-4dfd-9b8a-d9ccef9b3778,OFC8562,Arrah,Caste Certificate,49,151,150,112,38,40
9011d889-cbdd-4c78-9bcc-0e915adebd96,OFC1889,Havelock,Marriage Certificate,25,21,613,270,343,40
8d1347c0-2763-48e3-b04c-5e2a0ca8685e,OFC1789,Coimbatore,Income Certificate,40,101,934,649,285,48
a4f61f95-e27f-456f-946f-a0792cda427c,OFC9940,Dehradun,Marriage Certificate,36,147,933,347,586,35
65fc98cd-b75f-4409-b41d-56866c6ca7e8,OFC4665,Gandhinagar,Death Certificate,19,53,166,161,5,40
ba3d6242-5bbe-403a-a685-ba81fb9a5ebf,OFC8428,Bokaro,Domicile Certificate,46,144,975,800,175,48
dfa5bf5a-d4a7-499b-88ef-27bceeb096f7,OFC1631,Ramgarh,Caste Certificate,25,101,137,91,46,45
86689b52-b89e-407d-958d-b10d143d6414,OFC1211,Agartala,Marriage Certificate,35,50,691,561,130,35
e37057a2-2110-45af-bf66-17a1fb422f6f,OFC5341,Aizawl,Domicile Certificate,33,167,67,32,35,35
19cb6888-27ca-474a-8ccb-61414a198017,OFC5502,Nagpur,Domicile Certificate,11,27,56,48,8,35
8802bd5e-094a-4825-8a4a-0d1cc84fb157,OFC9814,Chennai,Domicile Certificate,44,71,102,54,48,40
03050a06-6c6f-47e7-b2f3-544adbac16b8,OFC3451,Giridih,Marriage Certificate,33,24,82,61,21,40
9b0c734e-81ad-4f71-a0e0-08df3c79b100,OFC6730,West Delhi,Birth Certificate,12,79,642,159,483,48
5bb33cb9-e9c2-4c8a-9065-5501d4977d82,OFC9412,Varanasi,Income Certificate,45,15,258,137,121,45
fbb04bb0-9f65-4428-9fda-d2c7989f9f7e,OFC8390,Patiala,Caste Certificate,6,57,659,578,81,48
aaf1e380-4709-4c84-9482-3b3ebf83846d,OFC1519,Nagpur,Birth Certificate,24,83,964,675,289,40
61398d49-1cdc-424a-af4f-1cfad8363ac0,OFC3275,Agra,Domicile Certificate,41,32,482,361,121,40
606e9435-e877-4b9c-b110-fd86dae1672c,OFC9557,Ludhiana,Death Certificate,13,174,98,44,54,35
bee05a92-a70d-40e7-97eb-196206517942,OFC3008,Nanded,Death Certificate,9,158,55,55,0,40
c110de8c-7fe2-40a9-949a-1b889998a43a,OFC9542,Champhai,Birth Certificate,48,87,296,104,192,48
e9d094f0-f3b8-4d32-9fef-ba1c7b6e0549,OFC2566,Vadodara,Caste Certificate,42,104,535,448,87,48
1f1515fa-6354-4150-a8de-7b16f5c32769,OFC5132,Serchhip,Domicile Certificate,30,142,83,38,45,40
9320efcb-38d6-4558-8700-ed3aad723232,OFC6694,Dimapur,Marriage Certificate,43,74,52,34,18,45
80e19247-46b0-4007-8ac1-0e9c69d2a52b,OFC1432,Rewa,Income Certificate,29,100,757,556,201,40
ad51464e-ee4d-4fed-9f05-764dc971c69a,OFC7894,Jalandhar,Domicile Certificate,9,66,427,384,43,45
fc8b5dfc-7e40-4580-8581-7a96cc469483,OFC6968,Rajkot,Domicile Certificate,24,92,612,370,242,35
2dc10ca1-5a19-4700-ba72-b8e5225c37c6,OFC3816,Bareilly,Marriage Certificate,50,38,404,258,146,48
22c6b015-7f79-47bc-bbd5-0c12e197c547,OFC5764,Kailashahar,Death Certificate,24,50,435,50,385,48
c10ba6d2-1625-49b6-b0fc-9b2fc8172f28,OFC9636,Siliguri,Caste Certificate,21,86,699,103,596,48
9e94daf6-6918-4b75-b3f9-9b4de6a5f9d8,OFC2994,Panaji,Marriage Certificate,10,18,570,138,432,40
4b1ec9ad-6ad7-4397-8e31-16a85c029572,OFC8266,Dharmanagar,Birth Certificate,5,52,973,683,290,35
4776c018-d090-4c72-a223-233da1c6247b,OFC2947,East Delhi,Marriage Certificate,5,84,177,117,60,45
1eb22493-1469-4b4e-a5eb-82f2241540ef,OFC3848,Ujjain,Death Certificate,30,111,477,359,118,40
d4129fdb-a8df-4dd6-a0dd-a3b055d83e8c,OFC8893,Tuensang,Domicile Certificate,36,119,289,116,173,40
5e01a5e8-40df-46c8-bcf1-540107edbe61,OFC9151,Tezpur,Death Certificate,6,102,517,482,35,35
325f2579-9567-4d51-bfc1-37e3b4a7ed2c,OFC1236,Thoubal,Domicile Certificate,21,85,58,53,5,35
a7244e7e-0ecf-4a93-bfed-026bbef565c0,OFC8640,Havelock,Income Certificate,19,63,646,148,498,40
ffc3af74-c10c-47d1-ab24-7310b507b04b,OFC6440,Pune,Income Certificate,8,133,895,90,805,48
37ec438c-12a6-4fe8-952c-aceac9770b3e,OFC6037,Geyzing,Death Certificate,24,79,993,946,47,48
cb136a03-b632-4fb4-b3d3-2b9c1bdfbc99,OFC8773,Naharlagun,Marriage Certificate,25,72,521,282,239,45
758803b2-cc82-444e-aa96-a84a55147139,OFC6850,Mandi,Domicile Certificate,36,32,738,579,159,45
c6db211f-6786-43d6-85d3-bffa02c6349b,OFC5211,Port Blair,Birth Certificate,34,62,732,35,697,45
5a82a6fc-ec5d-49b5-925e-5fe66dffe50f,OFC2559,Dimapur,Birth Certificate,33,45,742,274,468,40
743e484c-3dee-433b-ac48-34f11339c32c,OFC1107,Imphal,Income Certificate,24,36,63,37,26,35
46a0d636-a7fc-4397-9fae-dbdcbfa209a9,OFC5852,Sikar,Marriage Certificate,24,171,430,167,263,48
19fe2b7d-91ab-4517-a1da-d587cabcac44,OFC7625,Kullu,Income Certificate,47,50,839,253,586,40
702a2cc8-ff05-44cd-a1b7-68aae593be14,OFC3781,Muzaffarpur,Caste Certificate,5,104,183,177,6,40
ec41e030-a0fd-4b0d-b4be-fbddba125b4a,OFC4151,Ratlam,Death Certificate,17,137,158,69,89,45
72134f16-d773-455f-bb84-30209e688678,OFC6591,Giridih,Marriage Certificate,29,92,459,159,300,35
bc42222c-0f05-448f-91ea-7686b1038de4,OFC1208,Agartala,Domicile Certificate,46,91,227,168,59,48
274b53c3-58f2-47d2-b754-2cfb0f469a73,OFC3045,Durgapur,Income Certificate,42,172,214,177,37,48
afa9b6fb-8203-4dbb-b1b0-8bb38f3afb1a,OFC5061,Tiruchirapalli,Income Certificate,39,139,754,583,171,45
a7c5098c-6fbc-450e-833a-534d108f297a,OFC6739,Thoubal,Birth Certificate,15,151,455,44,411,35
99af4521-db9b-47c1-949a-b299ed771e29,OFC1367,Katihar,Caste Certificate,40,120,456,296,160,45
e8e10d6d-48d5-4b72-8025-99e3e69e5ad0,OFC6808,Agartala,Caste Certificate,49,34,238,148,90,40
d0018731-b275-45b2-981f-1c5829869234,OFC7236,Ramgarh,Death Certificate,40,30,386,307,79,40
733895bf-091e-4f38-a310-86b4c5cfacef,OFC9336,Kullu,Domicile Certificate,40,121,172,160,12,35
e5353b0b-6f87-4d96-ab77-d5964bf9026a,OFC4906,Jammu,Domicile Certificate,42,144,449,377,72,48
91fc28ab-5da0-4cef-922c-95b9b3724614,OFC7227,Jodhpur,Income Certificate,40,40,232,229,3,48
a7412b3d-c5e9-497e-b4e3-3289da95bd64,OFC8782,Bishnupur,Domicile Certificate,48,76,748,554,194,35
2b1373ea-1e75-4d8a-be7d-6bd004626c07,OFC4817,Tawang,Caste Certificate,40,94,830,179,651,45
78920abc-3468-4510-9e85-69393eed51e1,OFC4629,South Delhi,Death Certificate,16,140,866,513,353,45
70e09d31-81f6-4778-a404-4a089f3bd808,OFC1181,Mysore,Birth Certificate,19,106,701,574,127,40
f58b74f8-42bb-41d9-b88d-05655893ea85,OFC8172,Rewa,Birth Certificate,39,52,553,332,221,48
105d9e45-7285-459f-bcbe-49be6b7a9082,OFC9112,Ujjain,Caste Certificate,44,22,981,570,411,40
6202c6e2-24d4-4f3f-9e76-96a0eef60322,OFC2628,Ranchi,Birth Certificate,46,19,887,92,795,45
c8a00960-125c-4aee-844c-e95673dbef78,OFC4773,Arrah,Birth Certificate,9,177,740,681,59,48
d25c7c44-00f9-452c-b3e7-1b89f829b423,OFC5020,Dibrugarh,Marriage Certificate,6,88,768,406,362,45
e4d3fa41-9b38-4d1b-9671-2694865b7359,OFC4339,Bathinda,Domicile Certificate,44,161,483,411,72,40
291c7265-7ff1-450a-8162-2cb0ea5db655,OFC6681,Vadodara,Domicile Certificate,30,23,318,135,183,35
259daff1-6ad0-4900-9027-c8e818df671e,OFC6021,Patna,Marriage Certificate,50,37,706,248,458,48
5b578cd9-ea49-4bb8-865a-3f261b1c1214,OFC9322,Udaipur (Tripura),Marriage Certificate,36,113,279,127,152,40
c47e1f93-b350-4b35-b133-7c13d5c9dff6,OFC7857,Solapur,Marriage Certificate,15,89,275,177,98,45
cae880bd-a65e-4982-bd7c-bc4b54e55800,OFC4255,Durgapur,Marriage Certificate,33,175,262,196,66,35
e20f243f-25b3-41dc-ab5e-5f790722ecc4,OFC5125,Arrah,Death Certificate,12,180,404,148,256,45
01de4744-f6c7-4b1c-bdbb-87ee14476f62,OFC9785,Margao,Income Certificate,35,155,244,165,79,40
e7611f0c-e895-46b9-ad74-3d746d1abedb,OFC7802,Chandigarh,Birth Certificate,15,132,806,510,296,48
4a527f52-d954-4241-8cd9-d8a625bc5699,OFC4527,South Delhi,Birth Certificate,37,131,609,361,248,48
22b9b304-adcd-45db-ad93-197e5ab5add8,OFC8414,Lucknow,Birth Certificate,13,74,498,160,338,48
d97dfce2-a279-4a0f-bc43-24e0700f328f,OFC8127,West Delhi,Death Certificate,38,143,198,66,132,48
cf49d2ba-4b71-4cab-bd97-0da086430616,OFC2643,Kavaratti,Death Certificate,23,178,55,30,25,40
2e1de6b9-e741-4d7c-b134-486f6e1833a4,OFC5435,Deoghar,Domicile Certificate,23,58,752,110,642,35
36b4c7d9-bdd9-4527-90a6-2bd12d2036ee,OFC6862,Mokokchung,Caste Certificate,27,150,163,53,110,45
8981600e-2618-4c81-bc0a-2b444cd25f71,OFC9585,Minicoy,Domicile Certificate,50,116,564,555,9,48
c339e1b9-f677-4008-a22e-3384fe65ddd8,OFC2186,Kanpur,Income Certificate,41,160,627,65,562,40
54c5cfd2-b160-453b-b4e2-54902d46bad1,OFC2009,Arrah,Income Certificate,22,41,606,449,157,40
a7cae5c1-c7dd-4193-b61d-24afe461d84c,OFC4617,Nashik,Caste Certificate,7,112,425,154,271,35
1e785167-0ce7-4666-9cdd-8c55a62a6f37,OFC1347,Silchar,Birth Certificate,39,150,204,178,26,48
f336707d-7695-4d03-a7cb-a6d98c5bb317,OFC4942,Leh,Caste Certificate,5,64,292,182,110,35
cb6c5334-aacc-40a9-b082-54adc81fc6e2,OFC7494,Alwar,Income Certificate,44,74,698,264,434,48
6ebafdfe-9251-42ff-903f-b989c2d3114a,OFC6273,Itanagar,Domicile Certificate,49,52,580,387,193,35
a7473ba9-b2e0-4f14-b5b4-77dc3940d6fe,OFC9866,Bishnupur,Death Certificate,14,142,319,86,233,48
d03a7050-9b22-439a-ae46-8f9adda3d140,OFC8481,Solapur,Domicile Certificate,13,162,528,442,86,35
937f284f-0193-4148-8834-36d4f6d02513,OFC5029,Ranchi,Income Certificate,6,114,445,227,218,48
3315eb91-968d-45f3-b8b7-3a439cea435a,OFC6811,Mangan,Marriage Certificate,22,135,368,121,247,40
ffe0dacc-63ad-43ee-b6ff-25c611a19089,OFC4488,Bikaner,Death Certificate,42,103,307,283,24,45
fbf11e1c-85eb-4cac-b931-e5329a82534c,OFC2010,Itanagar,Income Certificate,17,100,843,696,147,45
460f430c-f043-41c1-b5f5-1c14bc4892fc,OFC8472,Bhilwara,Death Certificate,29,121,776,494,282,45
1ddb6664-eab7-4259-991a-bd258bdeb3b9,OFC4863,Nashik,Marriage Certificate,22,79,614,269,345,40
bb070920-de18-4f8d-9bf3-35db79d08d73,OFC7759,Guwahati,Birth Certificate,30,91,536,496,40,48
5f843fa7-6523-4c52-b13c-8fbff5b46182,OFC4080,Patiala,Caste Certificate,7,59,142,138,4,35
0fb07a15-039b-4c8c-9a20-77046000e26a,OFC4995,Churachandpur,Birth Certificate,50,28,760,470,290,40
80627067-5270-4bbe-bc94-ff8a74c7eacd,OFC1970,Medinipur,Income Certificate,50,122,305,130,175,48
130514f7-b93b-4b0f-8162-12891e745e06,OFC5821,Anantnag,Death Certificate,15,28,641,251,390,35
d6e1a411-75f3-47f0-9bf3-2ce2b58976b1,OFC7130,Nashik,Marriage Certificate,8,125,772,224,548,45
007db68c-7d3d-43fc-990d-952cf836a1c7,OFC2332,Namchi,Death Certificate,8,148,118,108,10,35
19d341d2-70e5-4ba1-9c12-30e31bab5595,OFC1534,Medinipur,Marriage Certificate,50,61,221,104,117,45
0392e254-d91e-4aa6-8282-a1bf59b1e61e,OFC7048,Tezpur,Death Certificate,16,103,371,281,90,48
4caece01-5222-4a3c-b87d-a152d1c406a4,OFC3290,Agatti,Income Certificate,36,73,715,429,286,48
4a10349a-fa4a-476f-bbd1-a464cdec8554,OFC8749,Manali,Birth Certificate,25,41,320,40,280,45
411f59bd-006b-43f2-8dc8-fdb4617bf794,OFC2756,Vellore,Marriage Certificate,36,173,65,56,9,35
625ddda6-edff-4ecd-a1ff-de2e15783521,OFC7180,Siliguri,Death Certificate,8,107,254,213,41,40
e29ebee9-f2df-46cc-a524-37051d178bd4,OFC1496,Satna,Caste Certificate,21,145,66,51,15,40
b5e7d9e9-eb97-479e-8f0b-c914e231e065,OFC5917,Arrah,Domicile Certificate,41,85,844,112,732,48
fae236b5-9562-4ddd-a604-ebfe6ffde794,OFC9457,Kavaratti,Marriage Certificate,31,97,233,193,40,45
118fc052-a6fb-48b4-87cc-3e15ec79b3ff,OFC9144,Sikar,Domicile Certificate,45,39,229,63,166,45
c9178fb7-da8f-4056-97f0-5ecc772b03f9,OFC4662,Tiruchirapalli,Domicile Certificate,16,77,637,76,561,40
37aa094b-eca7-4160-b41c-95f2d909dbaf,OFC2444,Shimla,Death Certificate,41,43,394,219,175,35
d44749ea-9ae5-41dd-a5cf-509a170c96d7,OFC5545,Gaya,Marriage Certificate,12,68,147,36,111,48
c681ea11-a76c-464f-b577-757d54da0042,OFC7029,Kolkata,Death Certificate,37,151,569,38,531,40
615253c2-5f38-4fca-8a22-1f033b691878,OFC3084,Asansol,Death Certificate,17,91,137,86,51,40
2562df30-08e5-4037-b50a-3f38d8628e5c,OFC2505,Darbhanga,Birth Certificate,34,172,203,153,50,35
4d379d70-4013-4a47-aad9-30cbea14d7fa,OFC2769,Haldwani,Birth Certificate,11,90,417,318,99,45
47248156-decc-4071-879d-1a42405dc119,OFC4869,Jorhat,Birth Certificate,19,160,491,276,215,40
facdc95b-d8b1-4da2-a66e-0a033f99ea43,OFC6921,Jaipur,Birth Certificate,7,32,795,143,652,40
b464cb65-e71d-429a-8f5f-924535647a9c,OFC3051,Siliguri,Caste Certificate,48,141,874,700,174,40
d4a3bba6-a960-4869-8eac-b9c46c362757,OFC3034,Tirunelveli,Income Certificate,34,77,791,736,55,35
b9e9153f-f49d-4851-bf98-3684ccf4928e,OFC4899,Adilabad,Birth Certificate,31,91,182,32,150,48
dd9f0580-5e56-467b-80cf-00c7a52bf348,OFC1897,Dimapur,Domicile Certificate,50,169,811,688,123,45
31dd6c72-1576-41ff-b91a-f87468b41f17,OFC1698,Jamnagar,Domicile Certificate,38,142,492,191,301,35
9c83f355-9de5-41b7-a67e-6bba0ee15806,OFC3161,Allahabad,Domicile Certificate,13,125,645,193,452,45
a4c95f90-7bc0-4371-babc-4e9e5b1a4b26,OFC5677,Sikar,Birth Certificate,41,141,981,797,184,35
319ee6b9-58d2-49ef-9565-13b091b80040,OFC7661,Mysore,Death Certificate,47,132,270,207,63,45
e7702a33-5058-4055-a056-7b96798a880a,OFC8670,Deoghar,Caste Certificate,12,146,343,320,23,35
c327b96e-3dde-47b8-a642-324508a0368e,OFC5987,Dimapur,Domicile Certificate,24,48,803,344,459,48
d22b3d0f-283a-4581-b193-b0ce77ca0b91,OFC2045,Kolkata,Income Certificate,20,104,578,92,486,48
9b1f4339-717d-459e-8635-d55c1519c2eb,OFC7063,Kailashahar,Domicile Certificate,6,46,453,145,308,48
d902ce28-4488-4185-85cf-2a03c7612d9e,OFC1567,Warangal,Death Certificate,19,52,484,117,367,48
2fc46a95-39cd-4f0f-b729-514de573d4b2,OFC7059,Lucknow,Domicile Certificate,46,18,886,494,392,35
c622f23b-4219-4305-a657-64c3c5bc4d34,OFC9632,Ajmer,Domicile Certificate,16,68,274,100,174,40
3e357ea2-8064-42f5-81dc-0b64c1b08cea,OFC2112,Muzaffarpur,Income Certificate,24,44,350,204,146,40
ebf92f1f-0b2a-44e9-b9d0-3497be3fefac,OFC5669,Rudrapur,Birth Certificate,21,96,868,488,380,48
4d287d1b-3226-46b6-88b3-ceb156c9fd53,OFC5438,Manali,Domicile Certificate,48,24,175,47,128,35
c115f52e-6a29-4e70-aa63-d3591561b5be,OFC2465,Dehradun,Marriage Certificate,45,88,242,106,136,45
c7701e03-c920-423b-92e4-51908219e4fd,OFC6390,Baramulla,Caste Certificate,26,46,873,812,61,40
4776518d-780d-45de-a263-03be9dda3633,OFC2365,Bareilly,Birth Certificate,6,160,432,233,199,45
23cbf35d-c854-4537-a434-5fa2b91f31de,OFC7938,Pune,Death Certificate,8,97,563,388,175,40
58d37711-5aad-4186-95de-15cecd7e3839,OFC6679,Dibrugarh,Domicile Certificate,36,158,952,678,274,40
64dcc999-f806-4cdc-adbc-cbdd824142ce,OFC4655,Namchi,Caste Certificate,23,129,178,85,93,40
cf84b2d2-1a56-4586-a332-bb8d9c1fbee9,OFC9556,Kota,Caste Certificate,40,116,359,248,111,40
eef28f04-0a99-4244-b87d-06d3dc25be3a,OFC4569,Pasighat,Death Certificate,48,152,252,231,21,40
d653a199-5152-40cc-8e13-473d9b4e974a,OFC3735,Allahabad,Marriage Certificate,43,108,867,85,782,40
3e65d8e6-8f40-40be-b4fa-d109f7fed5e1,OFC9733,Diglipur,Caste Certificate,17,87,534,168,366,40
f3e9f2ba-091e-44df-938f-553e8ceed60b,OFC8693,Gangtok,Birth Certificate,50,127,961,133,828,35
d49998b5-d2eb-40b6-8f59-cdc1a27297f7,OFC7782,Ajmer,Marriage Certificate,27,115,380,94,286,40
1400a40f-3b5e-4333-8b1f-de1b2097afc0,OFC9805,Jammu,Death Certificate,46,125,361,289,72,48
b55dfc4f-e883-4dfa-83ab-c626defe9610,OFC9898,Nagaon,Marriage Certificate,22,99,889,559,330,40
82a5e0a1-50bf-40e6-8125-52778b37a858,OFC8203,Jaipur,Income Certificate,40,103,371,176,195,48
943b2fc6-9de1-4271-8f87-8c7222b1a856,OFC9300,Katihar,Marriage Certificate,10,20,73,32,41,45
67b3a701-e516-49c3-b453-b907e660eab4,OFC6838,Kanpur,Marriage Certificate,17,65,482,148,334,48
494b76b1-a3ef-40ac-b1ef-2bd7d9e192d2,OFC9428,Tawang,Domicile Certificate,22,161,798,298,500,48
4db7e06f-770a-410d-874d-cd389d9e536d,OFC7219,Shimla,Caste Certificate,13,171,856,31,825,45
18ae7ba9-730e-4394-9f1e-85076ba72e0a,OFC9713,Geyzing,Death Certificate,27,167,335,61,274,40
0ca82c21-4400-4683-9b51-0fac637f7420,OFC2738,Deoghar,Domicile Certificate,36,145,489,201,288,40
5a4b4c2a-a711-442d-93c0-86fbb77c41c9,OFC6651,Amini,Marriage Certificate,39,130,174,153,21,40
b3bf067e-5ace-4a55-a5df-921ef5bd0ce7,OFC5401,Udaipur,Domicile Certificate,10,76,480,244,236,48
667d65d4-fb20-4e5c-a7a0-b7e69224bf8d,OFC8374,Dhanbad,Death Certificate,26,95,335,182,153,40
8723b189-a09b-476b-8bce-f2366bcbfed3,OFC9255,Tiruchirapalli,Caste Certificate,39,93,843,563,280,45
8d6521ff-6429-4448-85f9-08a219f6bd86,OFC4007,Indore,Domicile Certificate,34,91,145,30,115,40
ab22ce57-fe9b-48ed-adf6-35e97ce27782,OFC5139,Meerut,Domicile Certificate,35,54,787,453,334,35
60a67b67-5002-4adc-833c-b890c39b63f4,OFC3414,Tezpur,Income Certificate,25,121,974,740,234,45
d17f6095-9189-47b3-ac46-c6ca0250ed5e,OFC6398,Dispur,Domicile Certificate,22,118,566,138,428,48
f4ef0d7a-9ed7-4dfb-a3ac-89bab7a16c48,OFC5076,Dispur,Birth Certificate,39,21,559,171,388,45
416a2fd7-a11f-489b-bfb8-7df77bb77e8d,OFC8744,Erode,Caste Certificate,7,180,889,646,243,40
5210d698-ddcc-44bf-9ca4-da63c812f79d,OFC2009,Bilaspur,Death Certificate,31,88,456,33,423,45
093824a9-cdd4-4384-b93a-ba24e077881c,OFC8094,Bangalore,Death Certificate,49,179,843,251,592,48
90a81481-9f4b-4767-9bf1-372bd58ede6d,OFC9729,Mokokchung,Domicile Certificate,15,53,813,596,217,35
2d7d06cb-c063-484b-9ef9-63c69f25adf9,OFC7522,Naharlagun,Death Certificate,17,41,735,509,226,48
52822f4a-2521-4bf1-8d7f-e2c12401b8c8,OFC5374,Warangal,Birth Certificate,10,94,257,76,181,40
c73c0be8-c37b-43cf-8731-35ac28b41e8f,OFC4247,Dispur,Income Certificate,33,101,825,513,312,45
ef537622-4483-4ed3-8c79-7e0063f3f237,OFC8944,East Delhi,Domicile Certificate,41,97,832,590,242,45
c7235480-87cc-4be3-8fd4-a5d3892677f0,OFC1050,Ratlam,Domicile Certificate,34,23,917,725,192,35
453986ab-ec46-4fc1-8ada-7de4dd89f5e0,OFC5041,Mumbai,Domicile Certificate,10,85,771,351,420,45
f9b100c7-20c5-49a3-9a54-a205562e3c71,OFC1259,Durgapur,Domicile Certificate,30,49,361,238,123,40
2f9b4623-efe4-4040-9aa9-e8f327b0d3ee,OFC5022,Aizawl,Caste Certificate,48,102,580,383,197,48
1be94a13-cdb6-4df7-bb8e-663ac76d390e,OFC4477,Hazaribagh,Income Certificate,24,144,345,144,201,35
7230d6ae-6a5f-4f20-8039-5a8bdd901548,OFC8237,Patiala,Domicile Certificate,10,122,652,416,236,48
e7b1ae2d-d7f3-4b44-947b-2f4bd37ec273,OFC5000,Agartala,Domicile Certificate,23,145,713,493,220,40
c0fcdce4-d091-4336-9189-0e88d1e04551,OFC7111,Belgaum,Domicile Certificate,50,155,828,492,336,48
23099974-ed2e-4538-ac4a-f66196f7d6ad,OFC2291,Howrah,Domicile Certificate,37,126,494,205,289,35
f9001e35-baef-426c-8f28-719f5a500873,OFC5015,Patiala,Marriage Certificate,12,100,111,89,22,40
48c75892-6864-4129-bf7a-4d07edc2b038,OFC4026,Nashik,Caste Certificate,30,33,702,555,147,48
532d2449-c24f-414b-a0a1-702762ddbb62,OFC6515,Surat,Death Certificate,35,44,373,91,282,48
b012f272-6dbd-4219-8398-4bc830c1c292,OFC5150,Agatti,Birth Certificate,6,158,335,268,67,48
e64b9d87-ff0f-496e-8d71-b240b7d62e6e,OFC2700,Kohima,Caste Certificate,33,89,646,310,336,40
6deac5f6-9cb4-45b8-985e-b7e59af775e7,OFC4470,Ratlam,Marriage Certificate,46,22,549,396,153,45
b1c1d05a-3130-4885-8bbb-3bcf9608fcd6,OFC5701,North Delhi,Income Certificate,36,31,990,986,4,35
a44dc026-3dad-4c77-aec2-9aac351aa716,OFC9663,Thoothukudi,Death Certificate,38,67,651,137,514,48
c4a7812b-0d62-42a8-97a0-23d6db7c95bb,OFC3084,Ranchi,Income Certificate,8,152,854,409,445,35
706b866b-e8a8-4241-87e3-9c8cf5e04a61,OFC6436,Namchi,Income Certificate,5,111,512,64,448,48
0060c2e1-c147-40df-96e4-107aec5c7640,OFC1783,Bhagalpur,Caste Certificate,35,109,241,149,92,45
313a1004-740b-4503-99d9-05bbf191ce3f,OFC9342,West Delhi,Marriage Certificate,40,114,126,65,61,48
dd231348-b52e-4c14-9552-7febb36212c4,OFC4986,Bishnupur,Marriage Certificate,26,57,723,246,477,40
71f3662a-5ff7-48b8-a63f-427eaacb138c,OFC8502,Dharamshala,Birth Certificate,37,157,618,211,407,45
6db3c7ca-9d47-4559-8a77-82489fb48f49,OFC5176,Udaipur (Tripura),Caste Certificate,26,96,416,108,308,45
a8e6073e-1aeb-4bfb-a895-ad7a2d7c2f28,OFC8317,Havelock,Income Certificate,24,117,802,86,716,40
618708a0-48a3-462a-bd30-83a8f7f164c5,OFC2996,Kullu,Death Certificate,45,23,772,265,507,40
0e90bd4e-6398-4e80-ad16-ffad08a4fdb0,OFC1211,Mandi,Marriage Certificate,40,35,671,650,21,45
0464a5a5-8ee0-4435-a3d4-233404804b6c,OFC6406,Mandi,Birth Certificate,29,139,646,164,482,45
3338937b-9ae4-437a-9474-c0fb1338688b,OFC2222,Surat,Marriage Certificate,25,149,641,236,405,40
333c3e65-8bfc-4ab9-9ba0-cc7197ae8c72,OFC9316,Salem,Caste Certificate,27,83,693,308,385,35
f43f86a4-4748-4de7-9320-0a936fa78001,OFC4659,Central Delhi,Marriage Certificate,20,66,874,269,605,45
6589c66b-7e36-4266-b748-4ab33fda0f99,OFC8106,Warangal,Birth Certificate,48,50,322,72,250,48
2155d3ab-b18d-4968-85c1-e36edad6d50e,OFC4628,Medinipur,Birth Certificate,50,132,715,633,82,45
4f150b3a-4126-4954-9112-ac6f09dc6e7e,OFC6020,Kullu,Birth Certificate,28,55,496,488,8,45
3f0b09ce-e169-42e5-a295-19ec2c2bd5fe,OFC8629,Thoubal,Domicile Certificate,36,33,206,97,109,35
0bab9d61-4775-47d3-bcc8-738526bacb6b,OFC4205,Tawang,Income Certificate,34,158,868,52,816,48
c78913db-577c-449a-a2ac-90396b9f58c2,OFC4873,Karimnagar,Domicile Certificate,20,91,639,314,325,40
3edb3e9f-6a56-493b-abb5-a7061a2b82d5,OFC7101,Nashik,Marriage Certificate,50,108,378,157,221,45
51dcee92-b561-4c4f-bbfb-b31a676ee97d,OFC4613,Aurangabad,Domicile Certificate,44,32,71,60,11,40
f499dc72-cdb0-4159-a5ef-3a3614804c7e,OFC8003,West Delhi,Domicile Certificate,21,41,264,209,55,45
afc90a43-853f-4e78-b687-669fef57ad69,OFC2486,Jalandhar,Income Certificate,42,152,84,42,42,40
31e2aaa7-ff29-4aa9-b537-b12c69533014,OFC7289,Solapur,Death Certificate,41,145,599,305,294,40
d63d2695-0912-4302-808f-f3684a9fc437,OFC6152,Itanagar,Marriage Certificate,34,67,401,48,353,40
aedaefaf-1d42-461a-96aa-e6d16320d64b,OFC3297,Tawang,Income Certificate,45,99,426,265,161,48
c843afe8-436e-4782-9a1f-ca82f0921a98,OFC9961,Tumkur,Income Certificate,7,68,788,707,81,40
212fd7a5-ace0-47e4-993f-41f92e129e05,OFC9954,Jabalpur,Death Certificate,21,65,536,503,33,48
344d44db-8e5b-4116-99f3-67b53af2f9c7,OFC3488,Jowai,Income Certificate,24,24,284,76,208,48
7071534a-db4b-47da-93b2-0a1baf6a8b56,OFC7603,Jamnagar,Death Certificate,43,170,454,80,374,48
9f34dec2-2bc0-4f51-9ecb-2d3d5d663e03,OFC5452,Sikar,Marriage Certificate,7,86,69,31,38,35
a92ca7c3-57b1-4be9-be7b-d170ae102727,OFC6969,Rewa,Marriage Certificate,17,69,56,30,26,45
8ca72818-9c7e-4410-b688-8075abc91f34,OFC6590,Amini,Income Certificate,13,47,242,133,109,45
1318cdae-779e-4193-af01-de5e60c07952,OFC3205,Anantnag,Caste Certificate,9,48,462,360,102,40
c859849e-b7f7-462d-8bd4-1249df059d9f,OFC6489,East Delhi,Domicile Certificate,7,44,986,334,652,45
9e9908ef-a87f-4c11-af3d-ee70d5f826b3,OFC5015,Thoothukudi,Caste Certificate,48,83,612,586,26,48
1bcf4c48-e8cf-4e27-8fad-0e86ab06ea7b,OFC5868,Sagar,Caste Certificate,32,79,996,926,70,35
cb46aa8d-daeb-4b91-a64a-1b9c2f5f9a16,OFC4648,Davanagere,Birth Certificate,49,43,683,243,440,40
8de03a57-9572-451d-9ad6-0a637e8cc7e4,OFC7041,Mayabunder,Marriage Certificate,21,80,467,58,409,48
f7eda924-6a12-4c99-8de6-44d5005d14d7,OFC8115,Kota,Death Certificate,9,160,747,369,378,48
ef0a75e4-7ca9-4400-885c-366758e94598,OFC6860,Rajkot,Death Certificate,7,27,972,521,451,35
efaf9b69-937a-4f1c-9ed8-8aba8c2ce445,OFC8975,Mokokchung,Death Certificate,50,168,162,80,82,35
522ea903-86b2-4161-b96c-cc21c1ee8c68,OFC6584,Mapusa,Domicile Certificate,33,178,325,115,210,35
0010f21f-721b-4310-a283-ce25202a57d5,OFC3765,Mysore,Income Certificate,29,75,858,330,528,45
c410e6c9-75a6-411e-905d-ff026604daa2,OFC5103,Thoothukudi,Death Certificate,37,17,544,426,118,48
e48bfb10-a8ac-49eb-86c6-af6d877eeddf,OFC2692,Rajkot,Domicile Certificate,44,89,462,285,177,35
e136401b-8484-47d4-8d14-8e5e3ea2b55f,OFC7885,Dimapur,Death Certificate,17,153,158,44,114,35
5eb3bcc0-108e-4d13-b670-23400c9eb08d,OFC1835,Delhi,Domicile Certificate,40,96,189,73,116,35
9de92c01-7782-4b0b-a78b-e3723470d4e1,OFC5916,Tawang,Marriage Certificate,12,109,533,533,0,48
c22fde8e-401a-4a1d-a593-133fd3e319cc,OFC3174,Lucknow,Death Certificate,15,23,1000,631,369,45
04d636c2-328c-4842-82a8-23580fdae7e3,OFC3211,Dehradun,Caste Certificate,19,64,939,570,369,48
aabea2d8-caa8-4c99-9067-d600976362cb,OFC2587,Pathankot,Death Certificate,6,32,575,101,474,48
daf8bb85-3e0b-4a34-832c-94cae7815b49,OFC1623,Manali,Caste Certificate,45,135,769,335,434,35
074ac17f-3353-451b-8bca-8b40015c302d,OFC7952,Dharmanagar,Income Certificate,44,74,853,130,723,40
4a9c02a7-64ce-4df8-8daf-5842ac50efd8,OFC1785,Jabalpur,Domicile Certificate,23,93,186,93,93,48
e083b16f-601e-4c65-955e-e930e99f1f4f,OFC7792,Kathua,Domicile Certificate,27,81,119,73,46,45
f1e1115c-afc7-4ab5-8554-bd0aa8a288aa,OFC6762,Surat,Marriage Certificate,17,121,724,499,225,40
cff70cc6-85ad-4282-9e0c-4320493889be,OFC4305,Karimnagar,Marriage Certificate,10,64,565,465,100,35
17b416d1-ce52-49b2-86c0-ff8dcbaede56,OFC7979,Tawang,Income Certificate,37,107,881,342,539,40
2cd2efc3-1316-4d3c-9686-ea0cbcd2e05a,OFC6529,Hyderabad,Income Certificate,26,114,599,225,374,40
8a6511b2-4152-4721-8c1e-9348e8eaa8d6,OFC6753,Kolkata,Birth Certificate,33,158,412,130,282,45
0bc7df0d-2b24-41fb-b6db-2bc3d900148e,OFC1209,Amini,Caste Certificate,15,146,696,140,556,35
5da8127b-5927-4ab1-ac1f-99b2b80ecb1d,OFC8708,Surat,Birth Certificate,23,93,452,180,272,48
da352326-014d-4d49-93ac-107a7fb0e59d,OFC3904,West Delhi,Caste Certificate,43,95,580,292,288,35
20831e47-512c-4442-b950-b468c8d191ca,OFC9470,Tirunelveli,Marriage Certificate,10,150,102,59,43,48
852cbd7c-7b9a-4c77-92d7-31d830c69209,OFC4669,Ajmer,Marriage Certificate,11,77,563,258,305,45
a37fe0bf-1bcb-4d3b-94e4-86dcc14f4621,OFC5617,Sikar,Domicile Certificate,46,58,162,88,74,45
6d947ec1-0e63-499c-8aca-a5a83104e14a,OFC9992,Mayabunder,Domicile Certificate,36,113,266,74,192,40
d048203d-6b01-42c4-8956-57033025d465,OFC8894,Ramgarh,Domicile Certificate,39,94,52,52,0,40
33748bc0-69c1-45ea-9f4d-a4a40cf38e85,OFC4058,Thoothukudi,Marriage Certificate,47,140,542,250,292,45
e8103ac8-7cca-41b7-a543-824d570947d5,OFC5409,Warangal,Marriage Certificate,18,133,428,223,205,35
02e9c811-540a-4abc-a844-1da8475c84e6,OFC5055,Hazaribagh,Domicile Certificate,31,38,642,392,250,35
e756febe-8225-4182-a5c6-a16bd9667072,OFC2876,Amritsar,Income Certificate,7,55,297,177,120,45
85494d4f-3122-4475-8e18-76910b34ca5d,OFC2259,Dhanbad,Caste Certificate,50,17,556,67,489,35
3f9702ad-59f7-4d9f-aa3b-1bcce2f50359,OFC2513,Rajkot,Marriage Certificate,6,65,827,524,303,45
fc8e34f5-d550-44a6-a512-188192b2d386,OFC3987,Havelock,Caste Certificate,6,93,614,291,323,45
2a50ad98-8c11-457b-8414-6898556c4ec2,OFC1741,Solan,Birth Certificate,11,86,911,78,833,35
05ab3a4f-46b4-4a64-a243-278cb86d7ec1,OFC4862,Nongpoh,Domicile Certificate,7,86,890,654,236,48
de806593-f649-44d8-9971-f3f2f0928c99,OFC1141,Mandi,Income Certificate,48,27,434,201,233,48
f96411e8-b927-4c3d-bd95-e116d94f8b5b,OFC4559,Havelock,Income Certificate,36,20,540,114,426,35
2de18ff1-e377-4bb1-8d0a-6c8905d5127d,OFC7161,Nizamabad,Domicile Certificate,9,166,476,55,421,40
dea6c9df-f838-40c8-adcf-32fc7dbfc488,OFC3201,Vadodara,Death Certificate,46,141,672,332,340,40
fafeda63-2c1b-47d4-bbfb-d063a5d6fa38,OFC6129,Ludhiana,Domicile Certificate,44,147,705,77,628,45
656ac279-e285-4400-84f4-4cdd946bcaaa,OFC3045,Imphal,Birth Certificate,6,155,914,593,321,40
bb9661ca-e960-4e21-8c39-ecf764bde6ad,OFC7789,Bardhaman,Birth Certificate,9,166,893,592,301,45
b1dba2af-5869-4bb1-8521-ec34d7a02b51,OFC7034,Ajmer,Death Certificate,36,156,535,141,394,35
785d0931-0e36-444c-8810-ffe7b2b34f69,OFC9231,Khammam,Marriage Certificate,44,60,111,76,35,40
d1cd49a9-f870-4534-849f-0a47537058be,OFC4362,Darbhanga,Income Certificate,35,15,775,601,174,35
70f8c88d-0e77-432a-9750-e84688820df2,OFC3840,Hazaribagh,Caste Certificate,6,27,861,70,791,48
693c8f26-8173-4cba-8db5-93f25af5c690,OFC7249,East Delhi,Birth Certificate,49,105,411,217,194,45
31eb5521-536d-4b02-b6ec-8874b4baa0bc,OFC3507,Katihar,Domicile Certificate,26,92,428,188,240,48
9ec8d33c-5f48-47f9-a4f9-7d2337a033b4,OFC8083,Varanasi,Income Certificate,26,79,894,441,453,45
092c16c9-a519-498d-9d39-8c5d539eecc7,OFC3762,Ramgarh,Death Certificate,40,85,177,154,23,45
ea2f2bf4-2fba-4735-8fdb-e05199ae4e1a,OFC1019,Aizawl,Birth Certificate,50,42,459,254,205,35
a41941a1-da19-40b6-9708-0fc9f1bf5d06,OFC5443,Mohali,Caste Certificate,36,94,742,468,274,45
0ac46549-af05-4791-9bfd-ae2d3c3934d9,OFC6788,Sikar,Income Certificate,11,142,142,61,81,45
32217b83-79a4-4dc6-a547-fa1992797867,OFC7538,Leh,Death Certificate,26,163,624,438,186,35
baec927a-3811-4930-94cc-8e9646fa6824,OFC9123,Jorhat,Caste Certificate,38,85,846,617,229,35
762b9cdb-4901-4c00-896a-37a156d3abbe,OFC4329,Jammu,Domicile Certificate,49,125,617,584,33,45
0fa6b417-8484-4595-89ec-040983035758,OFC2166,Roorkee,Caste Certificate,44,171,902,652,250,40
f168968e-441a-4367-a6d2-74dedcef5653,OFC1694,Medinipur,Death Certificate,35,139,304,108,196,40
5ae755e3-f9e0-4069-92b9-ab0ffbb9bc29,OFC2809,Jaipur,Death Certificate,26,145,601,138,463,35
0ca7a2fd-b266-4ae8-ad28-42352543df79,OFC5967,Agra,Domicile Certificate,26,131,349,348,1,35
c5cb0e41-5104-40ba-8b7e-ec76b93841b2,OFC1511,Vadodara,Death Certificate,17,126,688,200,488,40
f8b219ae-8a10-464c-9c47-f8df78e686d2,OFC4484,Haridwar,Income Certificate,32,172,104,103,1,45
388f7bbf-9f32-4bbe-9b32-b23f57be8328,OFC3181,Gaya,Death Certificate,46,73,101,45,56,40
1426af58-0d76-453f-a198-60c153642144,OFC5973,Kota,Domicile Certificate,29,56,640,96,544,48
56e6d68f-aae3-4b67-9ad3-018a01d97760,OFC2276,Bhopal,Birth Certificate,11,143,750,697,53,48
1740139d-8ea7-4bcc-80de-31fdaf027f82,OFC8506,Agartala,Birth Certificate,5,44,475,455,20,45
b12b315d-cadd-4bd0-ac85-ffdc465e743b,OFC4642,Dhanbad,Domicile Certificate,43,42,464,239,225,45
c259116c-5add-445e-9c5c-25c529438c09,OFC7866,Bishnupur,Caste Certificate,12,34,997,699,298,48
2622ad51-efd6-4d80-9179-3f15da4d4048,OFC8310,Jowai,Income Certificate,50,167,601,432,169,45
a93b509d-b206-4d8f-b488-d59b44ffe204,OFC7916,Silchar,Birth Certificate,33,33,500,306,194,35
2cdd9786-2b29-4a6f-972d-da80b103d817,OFC3193,Shillong,Income Certificate,28,116,911,451,460,35
4f052dc0-8de6-4d89-8469-e985613ce8da,OFC1779,Chandigarh,Caste Certificate,29,35,436,251,185,40
446380d4-a9d2-44f9-a09a-cd86d3a0ca87,OFC4245,Port Blair,Caste Certificate,20,105,317,168,149,45
cda76295-a81e-4381-be91-14241a193bf4,OFC9987,Amritsar,Domicile Certificate,31,68,809,416,393,48
139052dc-5cd9-435d-896d-66e834e3f7bf,OFC5056,Agatti,Income Certificate,42,67,505,368,137,35
655c9bf0-ea8a-4630-863d-fddef2c3d7d3,OFC8952,Kullu,Domicile Certificate,34,83,531,231,300,48
2c0e4307-8e42-4f18-b3b7-9172c530f13c,OFC5637,Rangareddy,Birth Certificate,41,108,892,810,82,40
ccee585a-591d-42a7-a56f-a587d84e0640,OFC2391,Madurai,Income Certificate,38,149,976,388,588,35
6a25f2da-73a3-487a-ad45-acc893b17776,OFC7680,Nanded,Birth Certificate,10,130,456,98,358,35
8b4f13f8-059a-4548-8660-8d3903f01a67,OFC3338,Mayabunder,Birth Certificate,14,25,537,455,82,45
11509b99-12b7-41a0-bfae-ec263b5a0b59,OFC9929,Itanagar,Birth Certificate,47,125,177,57,120,40
de66f6ff-36f1-4886-84cf-ee56aae96dbe,OFC3039,Bhilwara,Caste Certificate,5,146,237,139,98,40
762e2fc8-33dc-40b8-975a-26410d8c030c,OFC2299,South Delhi,Birth Certificate,22,47,196,101,95,45
95fe9cd6-d09e-44eb-96f1-ab44a8ec2718,OFC3699,Kanpur,Marriage Certificate,45,163,668,101,567,45
d9bf2ac4-b9e1-4b82-a1d4-c8d2da0fd61d,OFC4552,Warangal,Birth Certificate,23,95,907,489,418,45
8e588b47-27d8-4b1f-a6a3-b247e88188c1,OFC4610,Central Delhi,Death Certificate,48,83,207,78,129,45
cf4dd7b5-fb37-40fb-ac30-06527b24f7ee,OFC4578,Tiruchirapalli,Caste Certificate,26,96,775,519,256,35
da0ad374-30da-4f9a-a336-52412b1db608,OFC6310,Udhampur,Death Certificate,16,97,248,108,140,40
016d364f-3861-4d81-9a89-f4c7aca499cf,OFC1235,Arrah,Caste Certificate,40,156,238,110,128,35
b0914695-77ff-453d-b199-984d01e34551,OFC7550,Havelock,Domicile Certificate,21,74,465,445,20,48
3a1369ba-7cbd-4cde-b808-48b5b081f10e,OFC1674,Geyzing,Birth Certificate,38,139,589,558,31,45
7ebf7db0-7e6c-41fb-9a88-cc6a30026422,OFC3026,Amritsar,Birth Certificate,8,113,596,112,484,35
1bdebe42-88f7-4b9c-bd88-d20af6897cbb,OFC4246,West Delhi,Domicile Certificate,41,51,328,132,196,40
529934f5-c2e3-4803-8bc5-5d75531765bd,OFC6946,Warangal,Income Certificate,43,85,97,36,61,40
89e8b155-3235-4038-a55a-9994a8ab1a93,OFC3607,Baramulla,Caste Certificate,42,114,278,233,45,48
989fe768-c057-42c8-b7be-2f10b14f0b42,OFC4929,Kanpur,Marriage Certificate,34,42,819,785,34,35
cf7ef39e-ae9c-4cb7-a990-2d2a8982e286,OFC2546,Shimoga,Birth Certificate,16,149,618,345,273,40
b458846f-4042-4ae4-86b0-e7b02bebd446,OFC5143,Amritsar,Income Certificate,11,58,163,121,42,45
b6c5baab-9e8f-4966-95ca-58666fb56125,OFC7050,Durgapur,Caste Certificate,20,170,941,926,15,48
24cea90e-7915-4272-bb41-c336dd1978fa,OFC8830,Surat,Birth Certificate,47,176,528,45,483,48
7738f259-6d2f-4c87-b8c8-a83006878998,OFC9343,Malda,Death Certificate,48,76,241,229,12,40
fedaa4e2-5d52-4ba3-8b78-1a38c1a40ff4,OFC8821,New Delhi,Caste Certificate,5,164,345,65,280,35
b3ffa608-581c-4c67-95d9-436ce97500ac,OFC1339,Lucknow,Birth Certificate,41,28,963,312,651,48
a0251b04-6cd9-4ca9-99fd-f830749b06cc,OFC2111,Surat,Domicile Certificate,39,106,497,229,268,40
8d586ca6-bad2-4bf4-be13-c903883aaad0,OFC5413,Leh,Death Certificate,35,163,937,763,174,35
4a201990-cc9b-40a4-81f2-c38d012f519f,OFC9601,Davanagere,Domicile Certificate,15,78,541,89,452,45
165e3ca9-afd7-4ce1-9714-13c3c907a45e,OFC5925,Baramulla,Domicile Certificate,44,38,258,192,66,40
380b1004-4a1f-48d3-b8fd-f1c583f085b6,OFC3884,Haridwar,Caste Certificate,46,111,279,83,196,45
fd80384a-d9ec-4d2d-a13b-b8d235d6f4f8,OFC3108,Warangal,Domicile Certificate,36,151,776,690,86,40
f43892b0-68fe-4f68-8154-56ab56175b64,OFC4663,Surat,Domicile Certificate,13,147,95,43,52,35
afa70737-4944-4bc3-9a61-7e59be5d2f18,OFC4347,Malda,Income Certificate,15,107,194,74,120,35
90ed7766-48fa-49ac-9588-ab3448099bec,OFC7736,Ahmedabad,Death Certificate,20,101,62,47,15,48
0da22c94-9dcb-40de-9129-99477c77cf7a,OFC2494,Margao,Caste Certificate,49,76,615,505,110,40
c2b51b57-4f9f-4b29-97cc-bc8376781cd2,OFC5828,Central Delhi,Domicile Certificate,15,85,405,321,84,40
1cd038e3-1265-454c-9ddb-cbb6e9b3ac1c,OFC2094,Begusarai,Birth Certificate,11,43,637,415,222,40
91e09777-c564-40d5-ad58-8db6502a0169,OFC8753,Kanpur,Death Certificate,24,26,936,700,236,35
49e7c936-0f98-4c06-bf4f-476cc276cee5,OFC1247,Aurangabad,Marriage Certificate,16,18,990,875,115,45
13d4dec6-438d-402c-8c9a-4b19bd18d2df,OFC6389,Gorakhpur,Domicile Certificate,40,104,282,70,212,40
042d0129-3266-4a03-8276-d8d3d1b73492,OFC5193,Nanded,Caste Certificate,28,31,856,120,736,35
581c6a8c-a6f0-4621-bb1e-4f9a6206298e,OFC4716,Anand,Caste Certificate,25,30,61,41,20,40
a6e01298-a608-4eb4-92f0-0ac7f6f3e03b,OFC4090,Lunglei,Domicile Certificate,27,58,381,332,49,35
1581c45f-6d52-44ba-8bbf-fac53d844b81,OFC3793,Itanagar,Birth Certificate,45,51,220,72,148,48
2e9aa53e-c288-4a78-bd16-f720bf2505af,OFC3313,Dimapur,Income Certificate,44,166,717,357,360,35
10b25431-faed-4e38-9f0f-68bad2b4905b,OFC8223,Jodhpur,Marriage Certificate,33,30,406,255,151,35
a9a1cc21-d3cb-47a0-ae27-fe426439fa41,OFC4725,Muzaffarpur,Domicile Certificate,36,53,477,75,402,48
1ab6c109-a107-42db-bc87-9884f1073d95,OFC4911,Silchar,Income Certificate,16,180,989,890,99,45
3bf25ce7-b196-4e32-bebd-9f27c5df2d9f,OFC9098,Mysore,Marriage Certificate,19,144,558,532,26,40
b43b2da5-91ef-45c9-88fa-8003a65b677a,OFC6189,Durgapur,Marriage Certificate,33,40,628,54,574,40
7fe33f44-9b95-41a2-bf14-3f0b1e4c6e18,OFC8101,Bhagalpur,Domicile Certificate,24,76,495,399,96,48
e4d8dc7d-53e2-4933-bf8f-27642be2940a,OFC3002,Thane,Death Certificate,42,179,974,400,574,45
408f5464-3618-4648-bd78-661ab8ab51cf,OFC6829,Tumkur,Death Certificate,35,171,471,217,254,35
0e45d80a-f1b1-4591-bc7b-e3f77be1c442,OFC6891,Dispur,Marriage Certificate,28,89,238,162,76,40
e4fe1dc0-238a-4ed2-b07c-334b3122103e,OFC3525,Dibrugarh,Death Certificate,39,119,323,49,274,45
8a20c71c-3ab4-4698-b1f9-2abe75038bf4,OFC6308,Siliguri,Birth Certificate,27,68,499,245,254,35
bb143f84-5a1b-4ec8-b8f8-3d3e1340bfec,OFC3664,Haldwani,Income Certificate,14,67,397,322,75,45
c4417866-1d1b-4712-994f-4a4e43a13f5a,OFC1649,Mangan,Death Certificate,36,142,280,170,110,40
0bcfc8eb-2607-44ba-9527-d51a053d6be5,OFC2358,Geyzing,Domicile Certificate,13,138,551,191,360,35
1f66ca2f-90e2-4c01-99e9-47faad3c14de,OFC8960,Kohima,Domicile Certificate,27,152,132,113,19,45
2b6aa60c-59e1-43e8-9f3b-203523f53bb5,OFC7256,Tumkur,Death Certificate,25,119,420,208,212,40
7b364e79-a2ee-46cb-9602-a7e78a087c47,OFC6224,Patiala,Domicile Certificate,30,71,952,790,162,48
fde8a9c9-250e-4c03-84b5-0d132489641e,OFC4506,Bokaro,Marriage Certificate,23,157,532,119,413,48
3ce4deb5-dfbd-453e-8c5c-51ffcefcc88d,OFC1267,Anand,Income Certificate,48,77,575,209,366,40
e5a8880b-44f8-480b-9d7d-b0f104cfab0a,OFC6549,Shimla,Marriage Certificate,15,49,843,200,643,35
0e7a54f5-a5bc-4981-ac47-bc2fbdd3c6c1,OFC9553,East Delhi,Domicile Certificate,38,50,760,736,24,35
47dd4923-0113-4a3a-a0ea-39af70660fa9,OFC8638,Bilaspur,Income Certificate,7,140,967,498,469,35
4b2d12fe-62f3-4043-9184-e4107ec29d6c,OFC3939,Anantnag,Domicile Certificate,13,112,406,255,151,45
6ab05df8-f2ad-4821-9565-e7e05fc8bdad,OFC1514,Anantnag,Income Certificate,43,116,308,202,106,45
107efa91-ffa1-4788-9bb7-37faf4604d81,OFC4972,East Delhi,Caste Certificate,20,25,696,239,457,48
7816f38f-4e3b-4180-85f8-fb75a6bebf5d,OFC6986,Alwar,Caste Certificate,37,160,780,556,224,40
54822e7f-a00e-4413-8273-999a74850898,OFC1865,Rajkot,Birth Certificate,22,108,868,585,283,35
35f4a123-44bc-4985-b7e8-3be17ffa6217,OFC9835,Amini,Domicile Certificate,21,19,610,252,358,45
5361ffc3-d2a8-4b53-a97e-841fd2f55f51,OFC6920,Dispur,Caste Certificate,31,113,58,56,2,40
b8754677-7cb1-4482-8f59-f6b9b1e0406d,OFC4375,Aurangabad,Marriage Certificate,22,67,663,548,115,45
56e0db32-c232-49f3-989a-511f0d55f16a,OFC7978,Dharmanagar,Death Certificate,13,119,300,253,47,45
1d8243ba-f7c2-4b4f-ba73-65baa2d82cb8,OFC8030,Deoghar,Marriage Certificate,8,81,737,373,364,45
06d41e5d-df55-48a7-9b5b-46b5f1cfb7cd,OFC5386,Pathankot,Caste Certificate,14,90,177,38,139,40
3329a087-f76a-4eea-b560-7c69ab002452,OFC4824,Nagaon,Marriage Certificate,46,97,885,619,266,48
f3e22aa6-1dbd-4594-bc5b-eb9994ce5beb,OFC7252,Gorakhpur,Caste Certificate,42,154,339,271,68,45
f6d81d98-41a7-415d-b822-2028d657b675,OFC8769,Malda,Marriage Certificate,47,143,315,251,64,35
94087ec2-6c68-4e5e-b0b3-ed693964d79a,OFC6033,Bardhaman,Domicile Certificate,43,63,842,791,51,45
9696336a-b544-424d-ad04-7f2e8bbc5d0a,OFC3520,Jamshedpur,Domicile Certificate,49,107,954,574,380,45
32a7bb65-b771-4b3a-b833-84074cb1526c,OFC6881,Bareilly,Caste Certificate,8,60,982,640,342,40
9fd4dc65-94e1-48c0-be77-556c289a67d6,OFC6347,Dimapur,Birth Certificate,46,45,701,603,98,35
c5ad0b73-dfc1-40da-b521-62f9a9ff4fd0,OFC8157,Gangtok,Marriage Certificate,30,19,276,73,203,45
e3a18285-8991-43bf-98ee-e190cd304afb,OFC2145,Tumkur,Income Certificate,29,41,567,82,485,48
ccd77983-bde0-4265-b02d-0453a75357b7,OFC9597,Tiruchirapalli,Caste Certificate,44,43,298,273,25,35
0dec4e08-205f-4b09-9503-a579d2a144da,OFC1526,Mandi,Marriage Certificate,44,173,843,761,82,45
baea86cd-fd90-4733-b3ab-faf4d18a410e,OFC4318,Bokaro,Caste Certificate,47,53,791,266,525,48
a2aa6abe-5d3c-463b-a2eb-324bc5117025,OFC9150,Guwahati,Caste Certificate,47,64,198,195,3,40
76ff3e41-148f-4aab-a71d-40ae502be082,OFC1966,Aurangabad,Domicile Certificate,6,29,401,233,168,48
c7608b09-2ffb-42cb-9b1b-ed6aada0a102,OFC1038,Diglipur,Death Certificate,17,61,79,44,35,45
5cb3b3b6-b1ae-4b34-a77e-880be70662f8,OFC8956,Durgapur,Death Certificate,16,172,1000,593,407,35
524d4e61-878c-4e0a-9a32-302c3e5e9c60,OFC6400,Warangal,Caste Certificate,45,56,67,61,6,45
1b82d75e-ecd1-49f1-84a0-8cfa2f5e5a55,OFC5033,South Delhi,Income Certificate,9,46,175,100,75,48
5cf19334-929e-47b1-918f-6b417027af1a,OFC8008,Rudrapur,Domicile Certificate,28,91,300,57,243,45
c73166b1-a2a5-4333-8e95-76c2beecda1c,OFC4045,Vasco da Gama,Death Certificate,6,22,79,48,31,45
3de9cd0b-68a0-4f21-9079-80d132a2d802,OFC9507,Mapusa,Birth Certificate,20,49,190,132,58,48
18821e76-db54-43dc-bc3b-3d48f8718006,OFC9480,Pune,Birth Certificate,12,72,545,431,114,45
2429660d-5214-4de0-9a1a-316b9a724868,OFC7987,Nagpur,Domicile Certificate,39,100,340,96,244,35
9a7fd3b3-a71c-4d07-91bc-2f2cf8102e98,OFC1544,Jowai,Domicile Certificate,14,110,643,306,337,35
69a4e60c-af78-43c0-b939-b18a6437dfbd,OFC1247,Kavaratti,Income Certificate,14,174,56,48,8,40
de61f39b-65cc-4e39-9cef-ef3109310e81,OFC9371,Hubli,Domicile Certificate,37,51,306,68,238,45
1e9c0caf-d6de-4350-bc07-9a323ef3ef12,OFC9414,Amravati,Marriage Certificate,21,159,435,236,199,35
e3a75fb1-42cc-4e5d-baf7-08254202d787,OFC7661,Allahabad,Income Certificate,23,52,86,31,55,48
fba30075-1616-43ff-a371-3165dde56334,OFC9878,Geyzing,Income Certificate,48,64,494,187,307,35
89bf7439-1db2-4f7a-a956-404b71cea91c,OFC1952,Karimnagar,Caste Certificate,24,172,598,391,207,48
416ac225-6ef9-419a-8240-922f4c5aedfc,OFC9528,Kolkata,Domicile Certificate,34,116,67,66,1,45
b2013288-15fd-48c4-b187-709940786771,OFC9534,Begusarai,Domicile Certificate,45,97,113,107,6,48
26c332d6-9483-4fbe-a967-4a9f6391f850,OFC4885,Udaipur,Domicile Certificate,46,172,351,307,44,40
f3640866-afbd-4669-983d-31b9e986af2e,OFC1586,Jammu,Marriage Certificate,28,86,988,776,212,40
0e7151f2-b163-4216-818f-a56111d3abf2,OFC5073,Dhanbad,Caste Certificate,20,178,495,75,420,45
9689b717-5d94-4f2a-a008-03c5437d3fc6,OFC8308,Allahabad,Domicile Certificate,5,34,372,333,39,45
a677d003-3933-4363-94cb-c2dabdb376f3,OFC4062,Salem,Death Certificate,9,36,143,100,43,35
5c7d37ad-2619-4a57-acce-292e9c66f5a5,OFC6980,Mapusa,Death Certificate,24,98,473,349,124,45
779a0eba-ef8b-434c-b715-35a4fd39b88b,OFC2692,Allahabad,Domicile Certificate,27,139,584,141,443,35
a25bde16-3bc5-442d-ae9e-07974a678a67,OFC6413,Aurangabad,Marriage Certificate,8,97,731,390,341,45
5e98e85a-872b-45ad-8b9c-51244af419e1,OFC9795,Margao,Marriage Certificate,24,52,260,177,83,40
537d6fed-7b21-4c7b-9b96-2926baf173f6,OFC8940,Bangalore,Caste Certificate,9,143,864,357,507,45
64edf4c8-e61f-4913-b17d-5aae0ad7eb20,OFC1235,Tawang,Marriage Certificate,50,103,231,45,186,45
602f3a7f-183f-46cb-9c80-e4315656f4da,OFC2443,Gwalior,Death Certificate,22,33,405,64,341,48
4b45472a-2c36-49ba-88f8-22b85463cef0,OFC6673,Ratlam,Domicile Certificate,19,140,380,43,337,40
132139ce-9fd5-49e8-9d33-b74e044c05ab,OFC8914,Nashik,Domicile Certificate,48,165,894,339,555,40
80c8aea2-f452-4a3f-906d-416b7bf48a19,OFC1334,Lunglei,Marriage Certificate,21,81,684,309,375,48
72166bac-b120-4980-9b4b-873c52db1363,OFC4620,Mokokchung,Birth Certificate,39,77,126,112,14,35
10fe72c2-4be4-42ad-954a-1762854debad,OFC5503,Nainital,Caste Certificate,41,124,776,420,356,45
1c91f440-7c92-46c8-b6f8-953b5dfda1af,OFC2439,Churachandpur,Death Certificate,9,50,900,510,390,40
d46871f8-a6ab-4590-9b9d-eea0131d4e8b,OFC2549,Chandigarh,Birth Certificate,18,144,579,548,31,35
83ab4913-047d-4ffd-9a83-e80be62d2415,OFC1142,Agartala,Domicile Certificate,24,112,267,157,110,35
27e28694-f5b7-48e3-96b4-32425c74dac0,OFC2527,Roorkee,Domicile Certificate,17,98,637,407,230,48
a75d4577-582c-4724-831e-3c331722a6c1,OFC4924,Dharamshala,Domicile Certificate,30,75,380,353,27,35
23e52511-6e92-46d4-a1e1-e5e3c8ae93cd,OFC4228,Mysore,Marriage Certificate,43,19,198,123,75,35
864af1b0-ac38-4f0f-beca-64682c0b10db,OFC7635,Gangtok,Domicile Certificate,45,83,658,562,96,35
ec295149-cbc8-40e9-8969-92293d10f555,OFC7812,Darbhanga,Marriage Certificate,15,118,382,241,141,40
c42667ac-82fc-47bf-b60a-ee5f05f7d72b,OFC4291,Haridwar,Death Certificate,18,65,176,115,61,45
a5a1690f-248a-4e1b-a77b-8b70f52a1b1d,OFC6374,Silchar,Caste Certificate,14,51,485,118,367,45
9e2d8c5a-0e35-44c9-941e-514998177b08,OFC5215,Geyzing,Birth Certificate,20,153,590,357,233,45
669239f8-4881-421e-9f9b-d0fb8d27366f,OFC2299,Amravati,Birth Certificate,16,73,156,82,74,45
99465e21-78af-4f1e-ac08-2a50bac8ada6,OFC1962,Satna,Caste Certificate,27,139,379,110,269,40
4961ba3c-b9c0-41f4-97dc-d3aa1a01c527,OFC9000,Nashik,Death Certificate,28,121,939,755,184,45
1a7ee758-767b-4659-858e-06e0f1fe4adb,OFC2568,West Delhi,Caste Certificate,37,34,307,145,162,48
a1dcc796-ce4a-4efd-93a6-fcb48ccd846c,OFC1541,Thoothukudi,Marriage Certificate,23,141,469,454,15,45
35c9ab44-ec85-414e-afc6-51d3d8af1554,OFC9557,Kohima,Marriage Certificate,35,25,622,576,46,40
563d21ab-0f5a-422c-8846-3ca7123e8e0c,OFC8373,Gorakhpur,Death Certificate,27,180,433,159,274,40
670dc6a6-a497-4a3b-99bb-605fa8bfb497,OFC7836,Bhagalpur,Domicile Certificate,47,117,464,217,247,48
c3b665ea-aaef-43d4-a830-815859c2e42b,OFC4601,Aurangabad,Domicile Certificate,24,164,551,498,53,45
d1fbe0e4-a314-4ede-b18e-a16d30f4d66c,OFC9583,Jaipur,Birth Certificate,19,19,168,51,117,45
916c7cf6-3b00-4538-9a31-eea1a474e4be,OFC3345,Jamnagar,Income Certificate,5,141,819,219,600,35
d57f5652-8c6d-4871-8b8f-969307dbf1c1,OFC6745,Manali,Marriage Certificate,40,109,941,345,596,40
d2189506-68d7-45ae-959b-a87cb5f2ca97,OFC7410,Alwar,Caste Certificate,43,119,789,784,5,40
bf901d80-b7b4-4e84-8f2a-5b142e92d1c1,OFC4095,Mayabunder,Income Certificate,37,138,122,59,63,45
92574808-9703-43c1-aa7d-7db5294a5f7d,OFC9665,Coimbatore,Domicile Certificate,36,43,336,157,179,45
92e1b77f-a1c3-4f25-90ce-d7ac3c67f589,OFC8475,Begusarai,Marriage Certificate,47,99,921,342,579,40
c8905418-126d-4326-86d7-a1d9a127631f,OFC3031,Davanagere,Death Certificate,36,80,769,212,557,40
44294b4b-a0c8-4d83-8d01-ceb6c64ebfb3,OFC6938,Purnia,Caste Certificate,28,18,703,678,25,48
a0da08fb-41f5-42a7-8533-b7dc8fc0c2e7,OFC7539,Allahabad,Caste Certificate,16,129,609,518,91,35
c25a7cbd-68b7-45f4-be4e-8d35a5f994e9,OFC8047,Kailashahar,Birth Certificate,37,170,204,108,96,35
9afe7f24-67dd-434f-8fec-ebe674292754,OFC1978,Jamnagar,Marriage Certificate,28,81,172,81,91,48
c37daa2d-c77a-4b1c-8997-b811257f95a1,OFC5543,North Delhi,Birth Certificate,5,161,279,255,24,35
7050fb32-546c-40d3-8efe-fa9417eb6daa,OFC8075,Tezpur,Death Certificate,31,110,475,173,302,48
388e81b2-43dc-4acc-a359-a456a7a48bc0,OFC3875,Coimbatore,Marriage Certificate,31,165,214,109,105,35
305af98e-7231-4f24-b32a-7d24d39183ac,OFC8100,Havelock,Death Certificate,49,21,462,133,329,35
a6717f27-0ca5-47e8-81b2-2dbf97a7a386,OFC4410,Bareilly,Death Certificate,5,31,790,737,53,35
2d2a683d-de19-474d-8be2-871734686c6c,OFC7571,Tiruchirapalli,Income Certificate,32,156,206,44,162,48
1173123a-462c-40a1-a10a-ec686878079c,OFC5167,Agatti,Income Certificate,28,69,276,44,232,40
3fbeaf27-3735-4bfd-92e1-76e3922b4c72,OFC9636,Mysore,Birth Certificate,13,55,198,83,115,48
0e06d008-d255-47a0-a0e2-b43f877c207e,OFC3331,Haridwar,Death Certificate,40,70,237,45,192,45
c859c7f5-c69e-4a75-b4bf-0072c4c4f596,OFC2952,Kanpur,Caste Certificate,26,167,477,150,327,35
e3a555aa-2948-4b1b-bfe6-e7f8406e9b40,OFC8259,Adilabad,Marriage Certificate,14,28,588,262,326,40
a7414e41-116d-4cf7-85fc-3c7935b31f5d,OFC2682,Purnia,Income Certificate,22,33,642,362,280,40
088a8396-dacc-4a71-9fc3-29196e88f952,OFC3946,Dibrugarh,Marriage Certificate,22,126,258,186,72,45
9fe4c980-de31-4470-a090-8c1d6ce0ba3d,OFC1802,Anantnag,Income Certificate,41,165,255,105,150,40
18248079-363a-4319-aee9-8a07e92c07e9,OFC8039,Purnia,Caste Certificate,16,30,96,91,5,40
76c54241-4b4a-4266-9fd9-a07b85d9f1b0,OFC2345,Dimapur,Birth Certificate,24,152,308,199,109,45
bda3879c-8f50-4589-a183-883270aa8f85,OFC8910,Tezpur,Income Certificate,10,15,926,848,78,48
3dfcaf4e-d958-4e23-879e-db594b625da3,OFC6611,Margao,Birth Certificate,10,108,137,90,47,48
ba28d0c1-5aa8-4ef5-a647-237aa75efeb8,OFC9271,Tuensang,Domicile Certificate,23,83,163,64,99,40
80171601-6f80-4c91-b08b-46532ccc31f3,OFC7531,Mokokchung,Birth Certificate,15,161,351,335,16,48
b3effe4c-8cc3-4e75-b2b1-fe7aa124d083,OFC9378,Junagadh,Marriage Certificate,18,177,731,186,545,48
5e527e49-4ba2-4989-a98d-811bb4ef8314,OFC1134,Lunglei,Marriage Certificate,39,29,210,87,123,48
56923ba5-7451-469b-85c2-a347b85ad774,OFC4547,Bangalore,Income Certificate,5,59,766,100,666,45
cf0809af-7ac4-49d9-ab9a-671855b37754,OFC2923,Sagar,Birth Certificate,24,144,702,358,344,35
1b1dc366-5b5f-41dc-93b7-955c1ff34c36,OFC3548,Dispur,Domicile Certificate,44,52,222,177,45,40
75e27622-c234-440f-9a4f-3606d5b33ffd,OFC7101,Bathinda,Death Certificate,18,100,291,257,34,35
16ca4ad1-ef3d-40db-a380-cd0131f550ee,OFC7466,Medinipur,Death Certificate,19,74,704,158,546,45
57d80d24-bbf8-4d9b-bc7b-1f40bc454f5a,OFC7696,Belgaum,Birth Certificate,37,20,242,36,206,48
19ba27bf-e418-47f5-a804-d968f462387a,OFC2243,Pune,Domicile Certificate,33,90,750,438,312,35
941b858e-ba8b-40cc-ba0f-312665edd795,OFC2000,Delhi,Income Certificate,21,137,173,47,126,35
9643695e-28e9-4c66-83ac-cb39e779fe9f,OFC4298,Mayabunder,Domicile Certificate,24,145,519,212,307,40
063af0f2-8684-4bf0-87c7-f3e70d93f626,OFC8235,Rangareddy,Marriage Certificate,37,33,708,610,98,40
e4c1a273-8ee2-4538-93b8-947ed013b421,OFC4716,Begusarai,Domicile Certificate,37,149,297,68,229,45
cd4420db-6301-4d4d-a54d-90516f2a8b93,OFC3960,Warangal,Birth Certificate,26,174,766,53,713,40
655c4d93-35d2-4c75-a6da-c26e5165e413,OFC4977,Central Delhi,Caste Certificate,15,103,251,138,113,45
6c24f4a8-dd2a-4618-9b0f-18347b304206,OFC1608,Rajkot,Income Certificate,21,100,858,857,1,48
d5915ff1-c036-47f7-bd2d-1193a6729953,OFC8176,Baramulla,Income Certificate,36,169,741,160,581,45
5424689f-74f3-474b-909b-6fd2447c5afd,OFC5799,Arrah,Marriage Certificate,21,66,265,265,0,35
e607570b-de0b-40d7-b98c-e70546264f95,OFC1362,Bhopal,Birth Certificate,15,91,248,80,168,48
6961ee3b-3207-4e39-aed9-8de5e6a8e4eb,OFC4342,Vasco da Gama,Caste Certificate,43,29,376,315,61,35
8c137dab-209e-48aa-bbdc-7e151d12dfce,OFC5823,Haldwani,Marriage Certificate,5,130,128,117,11,45
a6f5af62-37d1-49a0-a6ec-b70f6a51f6f2,OFC8538,Serchhip,Income Certificate,40,164,579,361,218,35
505d07a4-da8b-439e-823a-d53cb22c242e,OFC3362,Indore,Birth Certificate,28,39,813,608,205,48
769d7ea6-44f9-4d92-b40c-6c94af5133a0,OFC1757,Namchi,Income Certificate,13,126,955,867,88,48
1f282adb-d8b5-453f-b3d8-68089f48b35d,OFC4089,Minicoy,Caste Certificate,29,173,915,627,288,45
388dacbb-976d-40cb-a023-7b318b6b9722,OFC9232,Coimbatore,Income Certificate,10,81,659,258,401,45
9dac4540-f88d-44b6-a0d4-644b42b73de0,OFC3623,Kolkata,Caste Certificate,31,164,345,162,183,45
4da46d2d-ba4d-4291-852a-4d23e3373763,OFC7999,Kullu,Income Certificate,6,28,723,76,647,35
7866c210-c45c-40cb-9114-a23a2534567b,OFC3998,Nizamabad,Domicile Certificate,10,114,104,33,71,35
2c9ff0c5-67d0-4b37-aa38-19de6a7b8047,OFC9733,Bhagalpur,Domicile Certificate,48,48,482,390,92,48
9890d545-f80a-4691-b0c9-bdc7434c95ed,OFC3158,Nagpur,Domicile Certificate,19,115,259,205,54,35
5fd7328b-2053-476d-9161-2ff6ca23c8f7,OFC2750,Ludhiana,Birth Certificate,21,50,989,964,25,48
2b14b7fa-f50d-4493-ac82-88252e37f2ae,OFC1907,Nashik,Birth Certificate,32,172,360,252,108,45
201629ed-16ed-4144-823b-389e2a82c933,OFC4755,Pathankot,Death Certificate,33,30,621,503,118,48
6aefc53e-348c-418c-9973-b1433fc11cf8,OFC1294,Lunglei,Caste Certificate,36,58,445,61,384,40
7b76a9e6-14a9-42fd-ab03-f985a32a5701,OFC3649,Agatti,Death Certificate,27,83,667,391,276,45
a73119b6-5de6-44eb-879b-f092780ec441,OFC2756,Solapur,Birth Certificate,8,177,950,372,578,35
712a62f7-64bc-4827-9660-7dc449968e37,OFC3331,Hubli,Caste Certificate,26,24,688,142,546,40
d86159e6-c969-4b8f-b7b9-04d1cfea7496,OFC2853,Roorkee,Death Certificate,50,73,387,268,119,40
6e5df564-0bdb-4d36-8eee-822aa948b487,OFC9542,Shimla,Marriage Certificate,47,105,659,581,78,40
75b982d2-6bd3-43a9-b619-bdb76303e75d,OFC5848,Anand,Caste Certificate,21,165,134,122,12,45
ab324c34-3c51-436a-87c2-7b9bf9fc4ae9,OFC8294,Srinagar,Domicile Certificate,12,20,253,143,110,45
e123dceb-b772-4bfe-aab8-9c2adcffaabf,OFC9526,Sagar,Marriage Certificate,45,164,130,99,31,35
3f698350-ae58-4ced-87e7-61df81a5b8ae,OFC8751,Howrah,Income Certificate,41,64,665,305,360,48
58f728c8-9848-4890-accc-dcb0b097eb87,OFC7147,Tumkur,Birth Certificate,6,118,736,601,135,45
e91e8a56-6945-45a9-8bc2-3e459a86ec48,OFC3994,Varanasi,Caste Certificate,49,99,748,524,224,48
2967f418-f26d-495d-91d8-89185384dd91,OFC3933,Darbhanga,Domicile Certificate,38,50,63,41,22,45
ce3de1f5-eed1-47ad-bae7-a5c2d3285a9e,OFC3176,Mysore,Marriage Certificate,30,51,493,157,336,35
99f19121-d3be-473b-9d1c-8bd6e90d7857,OFC2013,Rudrapur,Death Certificate,9,174,598,416,182,45
3ccb3850-dfe4-461e-95e4-0a53dfcf02e0,OFC7647,Allahabad,Caste Certificate,34,172,591,81,510,40
427916de-ab61-4aa9-8770-dd54795f45d8,OFC1512,Kolhapur,Marriage Certificate,37,135,957,40,917,40
803662b6-2c8a-4c0d-b24b-0479883cfd7f,OFC8079,Warangal,Marriage Certificate,5,111,344,31,313,45
9c7249af-36da-4298-8fac-ac968e30b20e,OFC2012,Adilabad,Caste Certificate,9,38,382,72,310,40
29562b4f-a191-4523-bec9-9a2a1e1da22f,OFC6082,Deoghar,Death Certificate,48,180,846,669,177,40
1b934327-b4e1-4994-91bf-777e801ead0e,OFC9996,Jamnagar,Income Certificate,49,162,706,492,214,45
c87d1d85-2473-4451-a60a-a510afaf698b,OFC1360,Malda,Birth Certificate,23,81,764,116,648,35
c0f4ddf3-d18f-49f4-9eb7-185789dff228,OFC7848,Tumkur,Domicile Certificate,34,143,845,313,532,48
65ab3ed7-8e92-437c-a9b4-cc4c3b68e620,OFC5017,Hazaribagh,Marriage Certificate,10,114,137,31,106,48
0bf9180b-a518-4091-a2e8-eb17d30e3587,OFC7439,Kathua,Birth Certificate,47,60,277,224,53,35
7f039f58-1b4b-426f-ac2a-1bb7724fe7c0,OFC2813,Bokaro,Marriage Certificate,32,139,742,707,35,40
a3b1bdf4-258c-4a6f-83c8-5a08f4e1c51f,OFC7406,Roorkee,Marriage Certificate,9,77,107,106,1,45
738dbbb3-2efd-468f-8996-1497ce0dc27d,OFC7967,Salem,Domicile Certificate,18,162,446,73,373,45
db14a7d9-894a-4e07-891e-e6c7e807fa77,OFC9477,Belgaum,Marriage Certificate,16,15,301,129,172,45
17c76e63-ea57-4d5a-a9b9-a7fff59e3d24,OFC6431,Tumkur,Caste Certificate,43,106,883,91,792,48
faba0bc2-deeb-457a-986b-52ca66bd11b2,OFC1027,Nanded,Income Certificate,34,175,125,63,62,48
60c9ca9b-7fad-45e7-8c44-109d65bd669e,OFC5251,Amini,Death Certificate,12,38,887,640,247,45
cc433d95-d744-4859-8b5a-04ba7f4a5ac7,OFC2063,Surat,Birth Certificate,25,136,390,103,287,35
4db5435b-db57-4e63-b417-e7975c7efed2,OFC1512,Darbhanga,Domicile Certificate,20,100,912,217,695,35
3b4b6b59-5e43-4fc2-b914-0a5232a9f8ce,OFC1214,Dharamshala,Domicile Certificate,9,160,789,604,185,48
70542b77-3007-455d-85d4-e2a45446ea39,OFC4655,Jamshedpur,Domicile Certificate,35,56,681,515,166,35
8ea4bf86-597c-433a-9177-1b7d7189f87d,OFC6363,Ramgarh,Income Certificate,45,48,568,170,398,45
55b9d7b1-fe4a-4ccf-a492-10b1f8d5f32e,OFC4037,Havelock,Income Certificate,21,120,127,32,95,40
7162dd99-84ed-44db-b542-d9352af58c6d,OFC2682,Mandi,Birth Certificate,12,24,216,109,107,45
a99b5d97-5dde-4148-9896-72757b4e4ad6,OFC6609,Deoghar,Birth Certificate,43,84,67,32,35,45
d1b20542-66cc-4aa6-b6af-fef278a8d7e2,OFC6659,Tuensang,Death Certificate,43,139,90,30,60,35
42ed2a8a-f7a0-4af8-8c38-79c1380ab6fc,OFC5052,Dimapur,Marriage Certificate,16,70,638,467,171,35
528d8fcb-67e9-4d5f-b462-c06685c3ef89,OFC2786,Agatti,Death Certificate,36,102,849,284,565,40
77cf4d82-e8fb-4dd2-9cfd-012443a2347d,OFC9853,Ludhiana,Birth Certificate,29,121,915,264,651,45
c1b2fa61-c16e-4ee3-bb9f-61e5330560a7,OFC4946,Vellore,Income Certificate,48,143,448,98,350,45
2f0dca11-3d4e-4819-b557-c24259c6e5ca,OFC6808,Tumkur,Birth Certificate,31,144,113,76,37,35
91234564-17e9-4893-9765-fe6bfecc5762,OFC8052,Kolhapur,Marriage Certificate,34,31,412,38,374,45
8948e587-22e4-41a4-a0ed-ceddb86cb7b8,OFC7023,Rangareddy,Caste Certificate,29,20,994,460,534,40
ce41dab5-1a1a-421f-88e3-6107e8d6a771,OFC6698,Alwar,Caste Certificate,30,85,60,35,25,48
b4650572-ccc9-4b80-9277-08c777c304ba,OFC2088,Meerut,Birth Certificate,47,127,935,270,665,48
baab6d69-4f2a-4b80-b858-32ef8bafe565,OFC8237,Pathankot,Birth Certificate,24,57,356,311,45,45
56d54592-6b13-4ebe-a6e6-f0616826bb17,OFC9067,Pathankot,Birth Certificate,46,167,615,236,379,35
101f3341-25c8-4cfe-adbd-f84a0748be7d,OFC6544,Erode,Marriage Certificate,44,180,745,411,334,35
81601ea6-4875-4c03-8877-08e9abe43388,OFC4794,Udaipur,Death Certificate,30,56,578,158,420,45
13d39f2a-9464-4a21-92f8-ea092d2e51bf,OFC3867,Minicoy,Income Certificate,15,116,72,35,37,48
f80edced-dc5d-4674-b0f0-c011c5f741cf,OFC9525,Dimapur,Income Certificate,43,68,192,98,94,35
44b5e66f-bcfd-45cf-a281-0acabacf5a6e,OFC9041,South Delhi,Marriage Certificate,48,39,209,137,72,40
6281cd57-0f02-47c2-8d56-5315c5688d3d,OFC9443,Mokokchung,Birth Certificate,14,30,229,185,44,48
65aa76ef-6228-421c-bedd-ba6d43ba8b1f,OFC2854,Ratlam,Birth Certificate,13,141,294,173,121,40
83e4d69b-c0a4-483e-993f-2662a53f21fb,OFC6492,Surat,Marriage Certificate,41,21,158,124,34,40
595f51f5-b6b4-40f9-bc31-8b67ddf87adf,OFC8942,Ajmer,Death Certificate,22,117,606,63,543,40
ff95e906-329a-4e9c-9e2a-cd8d6080f90a,OFC5717,Kolhapur,Income Certificate,23,167,95,85,10,48
a09dbd90-b42e-4a31-b5d2-97035375e9d9,OFC7139,Dharmanagar,Death Certificate,5,64,810,800,10,35
30a3afa7-5a5d-45e4-9da4-ec874c7f5873,OFC6768,Thoubal,Income Certificate,41,137,704,482,222,40
e85450c9-3dd5-45f8-a1d7-d2560a739770,OFC6152,Patna,Income Certificate,44,168,389,132,257,45
77240566-444d-42d4-ad15-5384bf0d38b0,OFC4690,Bardhaman,Marriage Certificate,43,77,1000,374,626,48
173043d4-6c60-4f67-b83e-858b4be09feb,OFC8978,Belgaum,Domicile Certificate,27,114,525,262,263,48
d2d6101e-9c1e-4759-96e7-95d384588c08,OFC2994,Agatti,Caste Certificate,42,161,836,258,578,40
59f0f37c-8033-4e95-883d-57b7c57329b6,OFC8500,Namchi,Marriage Certificate,24,20,886,173,713,45
a5507d48-3aae-4ccf-bbea-e596975f3db3,OFC5195,Howrah,Birth Certificate,34,134,602,296,306,35
696a745f-d2db-4984-b16a-ea78b9ff0772,OFC4283,Shillong,Death Certificate,10,74,614,432,182,35
b7eb7702-876a-4809-8eed-a90282e8dee2,OFC3032,East Delhi,Caste Certificate,45,63,678,609,69,35
6f3cdc5d-e64d-4336-acd3-edfe7d6ab649,OFC2490,Tiruchirapalli,Income Certificate,35,62,312,267,45,40
c948fd0f-128d-4a7b-a6b8-5c28fdee5bd5,OFC1016,Shillong,Domicile Certificate,8,77,614,412,202,48
01912f56-898e-4f32-b611-b846dd2d3561,OFC9414,Solapur,Caste Certificate,34,68,316,116,200,35
ae26935e-72e9-41d4-a14e-cc2f2074ad77,OFC1743,Salem,Domicile Certificate,33,153,453,315,138,35
b634085f-754b-4041-a254-dc63bd6fe653,OFC4288,Jodhpur,Death Certificate,20,155,614,612,2,48
b4fd7f4a-6575-4f51-8d6e-b6b48e6c9554,OFC1040,Solapur,Marriage Certificate,35,157,806,106,700,40
77368db0-bb51-485c-9981-dfb4d036226c,OFC1470,Haldwani,Domicile Certificate,17,144,97,31,66,48
467c51ce-623d-4101-8048-df61559d65fd,OFC2984,Anand,Domicile Certificate,48,16,478,188,290,35
98b73f17-6ffb-42d6-9e61-ecfd3d033c55,OFC4157,Hazaribagh,Death Certificate,9,55,509,169,340,40
6a26b066-0b11-4db9-8c2b-f7e2dec5ee5b,OFC1520,Mangalore,Death Certificate,34,160,873,511,362,48
676b0522-6db3-4d8d-ae19-2f0d9d83c6cd,OFC4575,Mahbubnagar,Marriage Certificate,15,83,256,243,13,40
de51d724-30d1-4dd1-8c48-db6b71fe1b3b,OFC4927,Davanagere,Domicile Certificate,49,90,945,441,504,45
42fc4787-107b-4142-a9f6-c8ef79ba88d7,OFC4987,Vellore,Death Certificate,46,139,491,424,67,48
9ee0f6ab-0903-4ba5-b4fb-44cf6dd86f1d,OFC4007,Patna,Domicile Certificate,49,179,158,65,93,45
2774bbfa-e681-482f-95d8-6eadf0a45320,OFC1393,Bilaspur,Marriage Certificate,19,81,674,132,542,35
cf442f38-e268-4c17-aa22-5984c1e2f615,OFC5052,Bathinda,Income Certificate,11,161,327,31,296,40
a49d3ba9-571e-41b1-8f27-cb7095cd3038,OFC9076,Darbhanga,Income Certificate,6,101,156,68,88,40
78e49f5e-b3ae-4b3f-90b3-0a710bec3361,OFC9889,Roorkee,Birth Certificate,42,80,430,108,322,48
c70cb975-6951-4c48-80d9-5a8169c1505b,OFC5244,Ranchi,Marriage Certificate,7,107,410,168,242,40
e750514c-a728-470f-9bfe-c59cc5458264,OFC7078,Amritsar,Caste Certificate,21,63,320,312,8,40
998430f6-ea7a-4e96-9a58-15a95ee9b98f,OFC6399,Gorakhpur,Marriage Certificate,44,87,721,133,588,48
4b8fe6ea-f7f3-424f-966a-b8053e795cca,OFC4657,Katihar,Death Certificate,50,95,161,45,116,40
c2da7705-31eb-4ed8-82de-5cf39301337e,OFC4798,Leh,Marriage Certificate,13,58,949,280,669,35
00df1926-9c3b-4767-bfa0-7c13c2eafcb2,OFC2980,Leh,Death Certificate,19,71,364,258,106,40
bbc2f28e-2bf4-4b46-b5b0-0a7fce3308fa,OFC1765,Mysore,Caste Certificate,27,90,665,644,21,45
3901c80d-5a74-44ff-837f-84774637e62d,OFC9115,Kota,Domicile Certificate,13,15,837,716,121,48
b73b9cbb-51e0-4fa5-941d-eea6e5d42585,OFC3545,Leh,Birth Certificate,18,125,277,104,173,40
f4cd3ce0-6906-451a-b0ab-cb5bb62b465a,OFC3272,Rewa,Death Certificate,12,64,650,242,408,35
bfd94e07-6c93-4595-aeb6-154372c80ab9,OFC1468,Salem,Death Certificate,13,95,204,66,138,35
23e9ec82-b1ae-4d61-8693-c61a8a1ef091,OFC1302,Kota,Income Certificate,47,142,179,179,0,35
37362a2a-a87f-4a29-a809-aefb8a53ccb0,OFC8650,Lunglei,Marriage Certificate,13,133,296,136,160,35
2fecbb17-2543-4889-8ace-7a1fbc8fc360,OFC5977,Pathankot,Marriage Certificate,8,43,633,305,328,48
d6270ac4-af95-4db6-9fe1-a1612a949855,OFC5966,Ghaziabad,Marriage Certificate,12,90,462,65,397,45
8938aa43-3cdb-465c-8241-b204158b1099,OFC8252,Ranchi,Domicile Certificate,35,118,71,59,12,48
1a22f271-1776-4b59-b6bb-e63fc3a2677c,OFC3070,Gulbarga,Domicile Certificate,41,82,160,76,84,48
1da2ea24-4b6f-44ba-bf13-f7d422e58e9b,OFC2376,Mapusa,Death Certificate,33,51,939,892,47,45
29b93dd7-7f94-4ac6-acd0-6bd5c2c6989a,OFC4867,Udhampur,Death Certificate,16,102,820,808,12,35
1082741d-09c1-41c7-a12f-4d5d6b92d697,OFC3760,Vasco da Gama,Marriage Certificate,42,92,64,36,28,48
7617546f-b15c-4df6-965b-b6ee5751c163,OFC3353,Patiala,Birth Certificate,44,154,67,52,15,40
bcc86a66-eba5-4282-becb-000022b8d902,OFC6620,Nagaon,Caste Certificate,25,176,95,40,55,45
6ab2b852-5555-4c52-8a6b-3fb4f654add7,OFC7421,Nongpoh,Marriage Certificate,25,130,759,275,484,48
6298f622-3f75-49d6-8744-14bd29b25447,OFC8260,Gwalior,Income Certificate,11,119,873,688,185,35
796567ee-a20c-46fc-a840-bce263134fbe,OFC6481,Silchar,Income Certificate,5,114,618,322,296,40
52a0e66e-c5a5-4e20-a0fc-b7a89cd9eb41,OFC5561,Patna,Domicile Certificate,37,78,335,272,63,40
1bf3acef-6ee6-4f42-8fd1-25f57b00a0d9,OFC8063,Naharlagun,Domicile Certificate,43,153,642,483,159,35
293b0b20-06ad-4593-9fd2-d0ba02a73585,OFC4885,Bareilly,Death Certificate,35,161,909,197,712,45
a8c5abe0-203f-4dcb-9708-e00ee841142b,OFC2164,Nagaon,Domicile Certificate,17,81,130,60,70,40
62f84e65-11a9-4c23-ab3e-bb69ec92c6e3,OFC6384,Ranchi,Death Certificate,11,161,137,102,35,45
9b9d28b2-cb07-4211-990e-73f77cf785b3,OFC6102,Ramgarh,Death Certificate,25,147,209,179,30,48
60cce0b7-c219-4d5a-9f32-c560c8a88f59,OFC7971,Bhavnagar,Income Certificate,21,151,956,667,289,40
664cfd73-4f1d-482f-8e56-20e928ed7ce4,OFC7938,Darjeeling,Caste Certificate,34,135,111,80,31,40
513e6da3-bed5-40cd-866a-b80565faf2f9,OFC9352,Tawang,Income Certificate,50,100,932,280,652,48
14d1a74e-83d9-4d2b-acf6-9845eff002ad,OFC2645,New Delhi,Death Certificate,37,74,350,233,117,40
2cb65762-5bd3-4490-9995-ea9cbb00667b,OFC2889,Siliguri,Domicile Certificate,28,119,834,287,547,35
c7894ce9-dd19-4659-bbcb-37a03ec5e870,OFC9671,Roorkee,Marriage Certificate,16,52,799,238,561,40
d1f0566f-5caa-47ad-b936-be0697071e3a,OFC8386,Dispur,Marriage Certificate,13,64,167,151,16,45
dfc15db4-9e3f-40e8-a46f-c2ae70437147,OFC3509,Jaipur,Income Certificate,15,154,799,108,691,45
8f412656-ac72-4f8a-9b03-098ba384e226,OFC3282,Roorkee,Death Certificate,45,105,759,82,677,45
22850f7d-3792-4866-b1f8-ebbdc52c9de2,OFC4910,Dimapur,Caste Certificate,16,53,681,487,194,35
1efe93ad-cdbc-403a-9b21-724048a76009,OFC5163,Delhi,Birth Certificate,35,140,629,470,159,35
db2e4a64-9eb1-4ee7-904e-57e90b53f765,OFC8797,Bathinda,Caste Certificate,26,60,849,763,86,45
b11422a2-94bf-4706-a4e9-6b3fd37065b2,OFC6452,Solapur,Death Certificate,11,174,525,188,337,40
7d472b5d-1d54-45cc-83af-79b9f1cb979f,OFC5086,Howrah,Birth Certificate,40,62,143,141,2,48
c60867f4-0ac4-4c87-b394-f9cbc38dd1aa,OFC7825,Chennai,Income Certificate,28,129,317,134,183,40
8c11edad-3ffe-4241-9538-411561ccb237,OFC5826,Bhopal,Income Certificate,23,43,648,488,160,48
6068bbe8-bf5b-4b1f-b7bc-a271ecfee9f3,OFC7906,Itanagar,Domicile Certificate,35,111,255,236,19,40
6a364a71-274b-4078-807d-5d6c8e90fed7,OFC4915,Bardhaman,Death Certificate,31,177,761,284,477,45
9e36c472-a7fc-4478-8c87-bd6f1caae3c9,OFC2861,Anantnag,Income Certificate,29,66,529,485,44,48
d803db51-d00c-40fe-b56b-327ec5bf2a29,OFC3469,Coimbatore,Income Certificate,26,87,110,99,11,35
a521aad9-93fc-48fd-b392-cca646bd1f95,OFC9817,Chennai,Domicile Certificate,27,73,361,338,23,48
9652d31f-f5e1-4bba-a163-b8263c6fd2ef,OFC1723,Karimnagar,Death Certificate,38,140,186,160,26,48
2a911dd6-e642-498c-8e81-15a9c9ec82d6,OFC2884,Anand,Caste Certificate,49,68,541,437,104,35
7f3ebd8d-207e-4ad3-a723-3137414f4535,OFC2204,Bhilwara,Marriage Certificate,27,178,914,513,401,40
a87a96b2-90e7-45e6-8d32-31712b8ae363,OFC4160,Agatti,Birth Certificate,41,174,769,111,658,48
58df6782-aa17-40ec-a89e-5573c2686b83,OFC1079,Jamnagar,Birth Certificate,19,159,399,150,249,40
bb7125cc-2769-4218-8bc1-ed9bdc651f4b,OFC1332,Rajkot,Domicile Certificate,32,141,517,88,429,40
a9a1566c-3af0-43c1-a4c2-9c06aaf9eb33,OFC4853,New Delhi,Death Certificate,31,60,681,649,32,48
55a25d7e-0499-4b03-a208-3fd3d0a803db,OFC8099,Hyderabad,Domicile Certificate,14,105,201,87,114,35
32805924-9673-4ebe-9205-f736e16def90,OFC1606,Havelock,Death Certificate,11,111,619,494,125,35
f5e7a52f-320c-4603-9c0b-58aacf5b772f,OFC7429,Shimoga,Income Certificate,27,134,518,123,395,35
d9e29989-697e-4373-a8d0-0ec36d75dae9,OFC6551,Bathinda,Marriage Certificate,22,49,305,60,245,35
19b81a44-424e-4ad5-ad79-478af38263f3,OFC5704,Rangareddy,Domicile Certificate,10,73,907,792,115,40
e3d6362e-0888-4e9b-b0ce-a323d7a68a3a,OFC3259,Bikaner,Caste Certificate,25,114,81,79,2,35
29281e36-b380-42a7-9d48-21510da73b52,OFC3933,Central Delhi,Income Certificate,8,27,922,129,793,48
a0f3dd67-0720-412a-83e6-20ec5f8ad566,OFC5137,Deoghar,Marriage Certificate,28,145,925,33,892,35
f2173968-117c-42a0-b866-f7070c6ade3d,OFC7719,Kathua,Income Certificate,40,129,444,383,61,48
f996ed75-615d-4f15-aa37-2bd730ac88fb,OFC1818,Mahbubnagar,Caste Certificate,41,25,443,148,295,48
b5819025-37cc-4d23-a515-409fc2f66e97,OFC7920,Mohali,Income Certificate,34,97,510,308,202,45
edb99e38-f046-4c7d-9c97-24c2a3c6741c,OFC9536,Bilaspur,Death Certificate,39,26,735,527,208,40
32522e97-685d-40f2-ba5c-307b045c1c78,OFC2533,Gangtok,Income Certificate,21,154,650,150,500,40
9ec4207e-452a-4e69-97fb-ebc1eb0a1beb,OFC5702,Anand,Income Certificate,5,176,191,35,156,45
0f830621-cc27-4bb3-b17f-95f87769fbbd,OFC7333,Bardhaman,Death Certificate,47,160,971,178,793,48
bfcbab97-d1e2-400c-9f3e-8cb2cdaa6ac6,OFC4875,Mandi,Domicile Certificate,22,116,191,141,50,35
21cf9fd7-daa4-4577-aa2c-ede5a90441c0,OFC8679,Mumbai,Death Certificate,39,170,729,486,243,40
88c9a60b-3e86-4bb9-bd64-4d094cee194f,OFC1267,Howrah,Death Certificate,7,87,811,768,43,45
beac8aad-98c0-4bde-94de-49b2f3e8baab,OFC6274,Haridwar,Income Certificate,41,160,699,574,125,45
f039f9b8-17b0-4400-a463-2d19ff867d3f,OFC3766,Kolhapur,Caste Certificate,26,154,55,31,24,40
7e503ac1-e431-41ce-958d-286cded204e0,OFC7144,Ujjain,Caste Certificate,32,152,183,118,65,48
0984fc6b-22c6-4841-84b1-d7193c4f1913,OFC4134,Mahbubnagar,Death Certificate,19,45,711,64,647,45
b14f993c-e65c-4596-a91f-6f2a4a6241d4,OFC6801,Jamnagar,Income Certificate,18,144,599,511,88,45
4489ebe6-c6df-4aa6-9a3a-2c757d46bcfa,OFC4857,Khammam,Marriage Certificate,45,25,969,51,918,40
d385bce5-4baa-493c-84a6-afb53db99348,OFC1972,Kullu,Income Certificate,12,123,312,81,231,48
862dcc68-2b93-4a96-a1b4-ff4e27ffc484,OFC4247,Tumkur,Birth Certificate,43,104,644,116,528,35
83cc7c5c-2dd9-434a-bad6-311099ac5d45,OFC5601,Champhai,Caste Certificate,43,98,219,44,175,45
b88aaa47-5502-4843-b31e-f8cd878c10ff,OFC4304,Begusarai,Death Certificate,25,175,358,91,267,45
31eb46c9-9dcc-4fad-a41d-f457e8d6f9f6,OFC6858,Central Delhi,Birth Certificate,48,39,432,227,205,35
029bf67b-4836-44cd-9b34-2e82d671beb5,OFC8083,Tuensang,Death Certificate,44,45,652,369,283,45
07910e25-2f40-46fa-9122-432c870f6b7c,OFC3406,Gandhinagar,Death Certificate,38,88,236,100,136,48
a02844a5-f131-4d3c-aa2c-313a68ec4b8a,OFC6598,Manali,Birth Certificate,28,102,922,249,673,48
22faadd6-fce4-4a16-b47f-398fbff93599,OFC3443,Kailashahar,Income Certificate,10,45,127,48,79,35
54e48239-2d6e-43bc-af29-da6faf13e871,OFC6861,Tuensang,Income Certificate,16,180,208,207,1,40
8313f63f-3106-47a1-8129-e57239199414,OFC6945,Warangal,Marriage Certificate,6,178,688,678,10,48
3f3c9b3b-0568-473c-81c8-289809d22dcc,OFC3945,Udaipur,Caste Certificate,31,88,968,332,636,45
bedb2fc1-56e2-412a-924e-4283482edfcd,OFC4829,Aizawl,Income Certificate,46,51,72,38,34,45
25c246ea-c3f6-4502-8f8e-9a31f919408b,OFC8835,Bishnupur,Birth Certificate,18,56,635,549,86,35
4e14bf67-66c9-4a44-acb3-f03686611618,OFC7087,Itanagar,Birth Certificate,29,118,268,178,90,40
af2d9679-5b42-42b4-9299-c65b643026e4,OFC7843,Salem,Income Certificate,46,81,754,586,168,40
6df4a544-8c91-40a4-9086-44b4096cadf9,OFC6190,Naharlagun,Death Certificate,24,169,982,62,920,40
af8131f3-3724-4529-947a-ebefd43138bf,OFC5378,Kathua,Birth Certificate,15,61,537,74,463,40
9554c7b6-8f5c-44bc-b214-f53bea113c76,OFC9263,Jalandhar,Income Certificate,33,136,778,335,443,45
8a5c63e5-c5a1-4036-ad64-a7c73085153e,OFC7068,Mangan,Income Certificate,26,177,990,83,907,45
6846218e-1048-4591-9c01-5173d9d85708,OFC4151,Indore,Domicile Certificate,10,16,419,409,10,35
1ced52f8-199a-454c-8728-301a0dec02dc,OFC2358,Darbhanga,Income Certificate,46,160,258,153,105,40
387abee3-84a3-476f-bdda-75fe4d7ae5ea,OFC4277,Gangtok,Caste Certificate,43,112,51,38,13,40
7a0a4045-f6b6-45a9-89aa-c65cba2e13ae,OFC2421,Hyderabad,Caste Certificate,25,87,251,34,217,45
8a9fc0bc-787a-412d-ae18-25bcdf80a942,OFC5071,Thoubal,Domicile Certificate,45,44,584,165,419,45
ead19c56-3a8e-4e16-84e0-79e57e80b7d7,OFC4101,Begusarai,Income Certificate,41,58,349,68,281,45
39ace050-af39-4ec4-80da-5b136e504ff3,OFC5498,Amritsar,Birth Certificate,20,80,500,152,348,40
9dd0c343-62ab-4afa-96d6-09453d7f2f02,OFC2595,Patna,Birth Certificate,50,43,961,202,759,45
f7dc5143-9629-4eae-bc2c-845899e99665,OFC9375,Ahmedabad,Death Certificate,50,84,529,326,203,35
1a7345c3-b05d-4e18-bdcf-bbbea7960839,OFC3663,Mangalore,Death Certificate,5,48,518,97,421,48
f1a86355-9673-4f89-9239-e5f99356c9d8,OFC5484,Bhopal,Birth Certificate,32,180,287,140,147,45
6150e5d8-916b-49af-a66d-1fdba2dc1eb0,OFC2056,Kolhapur,Marriage Certificate,16,36,909,697,212,48
a806ed57-e730-4c88-ab03-354a93510924,OFC4359,Kathua,Death Certificate,47,54,92,40,52,35
76a5e1d7-fc78-4164-af88-cac1501c5523,OFC4325,Gulbarga,Birth Certificate,50,26,464,31,433,40
c77282e7-a4cb-4325-a514-af4294277215,OFC6314,Meerut,Caste Certificate,18,21,297,138,159,40
1a043aae-429c-43c0-a1ea-fb535787af5f,OFC1274,Bhavnagar,Income Certificate,19,80,774,65,709,48
f9d7b86e-5d84-401d-b640-aa5a2c30830a,OFC7191,Mandi,Marriage Certificate,21,26,161,142,19,35
7f2ff788-e095-4687-9ac5-282abf23257c,OFC2085,Srinagar,Domicile Certificate,47,132,144,87,57,48
e14c7554-7ec0-4743-bbee-96fc7fd62935,OFC7891,Champhai,Caste Certificate,23,76,962,349,613,48
208e50f0-bd84-4b36-a1c0-7911c7b94817,OFC7374,Gwalior,Caste Certificate,39,37,298,248,50,35
efa30a12-57ca-49e1-bcf4-5f03e7a7291b,OFC3208,Ludhiana,Income Certificate,17,144,889,643,246,48
17e6a33e-dbec-4b34-be3f-ff2f6872b449,OFC9039,Leh,Income Certificate,19,121,763,60,703,40
9b1bf353-9d4d-490b-8a72-ddd2f6bb71cd,OFC4911,Bathinda,Marriage Certificate,28,53,546,147,399,35
cf556d70-f43e-4e84-bf59-9a1c58986891,OFC8224,Gandhinagar,Domicile Certificate,21,71,506,356,150,40
92420d15-0d86-45bf-b34d-03c2dd0488c4,OFC5878,Agatti,Caste Certificate,27,163,862,606,256,35
8574365d-e8e2-42d5-9a10-f9619a6beca4,OFC2531,Pathankot,Income Certificate,42,31,919,595,324,35
deaaa430-594b-4d2d-b2a9-cc5e230b52fd,OFC8005,Jalandhar,Marriage Certificate,35,81,784,602,182,40
65ed554f-9443-4d00-93ac-f7ee0c19a36f,OFC5350,Khammam,Domicile Certificate,30,154,401,85,316,45
575319c1-d223-418a-9417-05cfd6cfd48f,OFC6033,Pune,Death Certificate,34,157,383,194,189,40
910bab54-d977-4784-a74a-55b23eddf3e1,OFC3407,Shimoga,Birth Certificate,37,64,598,411,187,45
8df169f4-5005-48c1-ac7e-7f7a72f78e22,OFC3152,Ajmer,Income Certificate,31,127,219,116,103,40
b559a48e-a1f5-48e8-bc6d-5da04084341d,OFC8911,Erode,Marriage Certificate,28,71,837,65,772,40
9f447d71-02df-4a4f-88b6-c7c6fb0f673e,OFC7719,Agartala,Domicile Certificate,49,62,118,102,16,45
1090ff6f-06e8-4efd-a2cc-1ea51401d71e,OFC9861,Aizawl,Birth Certificate,37,137,649,122,527,40
7035cd8f-d573-4044-99c2-0bf3e8e772cd,OFC9243,Delhi,Death Certificate,47,105,731,418,313,48
3e4fa21e-c22b-41ca-99e0-4c2a56c28b1f,OFC2574,Durgapur,Birth Certificate,8,141,54,45,9,40
1008e490-9dad-4407-a149-3eb1528b25a1,OFC7390,Solapur,Birth Certificate,20,82,230,70,160,40
6101da12-68dd-4392-ab48-8e2b607c5e50,OFC1710,Ajmer,Caste Certificate,20,69,734,156,578,48
fee1b912-1863-4a00-8499-0e0e1807bcac,OFC7227,Itanagar,Birth Certificate,41,50,745,554,191,40
81807ed9-4d69-4cb0-97d0-de0ce404bb3c,OFC7367,Hubli,Birth Certificate,6,103,562,329,233,45
e9e1082d-7aee-4a12-9b30-624ab754f9a1,OFC7643,Giridih,Marriage Certificate,35,104,496,470,26,35
43f56c36-6a0a-470c-910a-6a08a1ee22c3,OFC3444,Warangal,Death Certificate,40,177,664,198,466,40
505aea54-6465-4ab4-a445-adaa366fbf0e,OFC9609,Nongpoh,Birth Certificate,8,132,979,787,192,48
07d2b5ba-21b9-4c14-b18f-cdcf173101b9,OFC2768,Aizawl,Domicile Certificate,32,130,978,399,579,35
46163cc1-4267-4c0d-9ec5-7781df3388e3,OFC4099,Manali,Income Certificate,48,154,438,150,288,35
5d8b1222-4626-4b68-bb6f-c3c8d7dd778e,OFC4779,Tezpur,Birth Certificate,29,25,218,150,68,45
ab191c17-f17e-4aaa-96ce-a4bf357383e6,OFC2170,Shillong,Death Certificate,24,117,746,641,105,40
507ffadc-56e1-4809-94e4-0b82198805b5,OFC8912,Salem,Caste Certificate,6,47,955,621,334,40
6a09e793-c61b-48b1-8b85-3cb35e8572ad,OFC2327,Jammu,Marriage Certificate,10,56,55,54,1,48
0397600e-08a1-4449-a9f0-60d61d3bc36f,OFC9052,Haridwar,Caste Certificate,41,138,786,748,38,45
f54c9c6f-ee5f-42f0-b9e2-37ffcc65e79e,OFC9806,Bangalore,Caste Certificate,44,75,319,185,134,40
601c960d-a2c9-48d0-97b6-b4397f2624df,OFC1449,Tumkur,Marriage Certificate,46,159,826,337,489,48
89244069-b628-4048-8a30-6d65ca575c2e,OFC7725,Bangalore,Caste Certificate,7,163,402,164,238,48
772409ef-2b91-4a03-962d-6615e33d2a2c,OFC2034,Imphal,Caste Certificate,16,50,980,343,637,45
e49f0783-17f0-4a87-9a1d-b53f1918e6b8,OFC5382,Udaipur (Tripura),Marriage Certificate,13,43,771,209,562,48
2ee3b91d-b367-4564-8ca4-bd31e40fbd95,OFC4672,Madurai,Income Certificate,5,122,535,163,372,35
1ed577a9-c1ec-4203-a932-ed9f0ee44847,OFC9297,Ajmer,Income Certificate,43,27,92,91,1,48
4cee26df-bbf2-4f54-b8bd-02262d246bef,OFC1399,Tawang,Death Certificate,12,126,369,295,74,40
e94e365a-e6fa-4ad8-a245-4314b75a04a6,OFC4757,Arrah,Caste Certificate,39,96,101,84,17,48
65d5eb22-728b-46d1-a8e1-a48720c8640f,OFC2025,Tawang,Birth Certificate,40,114,930,611,319,48
58f8a83f-d6cb-4fcc-8fe8-9f02ea27e5c7,OFC2796,Central Delhi,Caste Certificate,8,175,363,156,207,45
f58c63ab-1b91-45b8-9da3-f5e81d72e803,OFC5703,Chandigarh,Income Certificate,22,60,827,760,67,35
d542ff8c-c6dc-4a28-be2a-6811590f2a33,OFC3451,Siliguri,Marriage Certificate,43,118,800,447,353,48
9beae810-8121-4e24-b954-3a5f746dac81,OFC5784,Amravati,Birth Certificate,45,109,325,220,105,48
d8cae8dd-6dc5-4147-a73e-421d28d20699,OFC7712,Srinagar,Marriage Certificate,30,95,694,225,469,35
5b178f95-b69a-42b7-8e0e-4002ff578495,OFC3613,Mysore,Income Certificate,12,67,510,417,93,45
87b9bbdd-fb7b-46b8-a210-96b48fc2c3a1,OFC3820,Mayabunder,Income Certificate,35,80,507,417,90,48
2ed5395b-6a3f-470f-bfe8-30fffdc0e345,OFC9434,Siliguri,Birth Certificate,8,132,721,646,75,48
5d3d70a5-b5da-41ba-95e8-16d13a367e1c,OFC7001,Tumkur,Income Certificate,18,95,245,86,159,45
95e61bb0-5ffd-456c-bc26-0196a358521e,OFC9109,Pune,Caste Certificate,45,102,678,253,425,45
dd24d385-234a-4c8f-8912-e524d55bf01c,OFC7027,Ajmer,Birth Certificate,16,22,821,99,722,40
575651cb-2150-4f29-9439-bc13fb82094f,OFC5180,Varanasi,Death Certificate,11,75,156,101,55,40
776779f0-aae8-4485-9a73-6b1fec44038e,OFC8912,Bikaner,Marriage Certificate,31,59,345,197,148,35
f601513a-074f-42dd-87ab-7076caf55a04,OFC1452,Chandigarh,Income Certificate,41,85,574,54,520,48
acb0bc21-ca43-49c3-abdc-a5bb1133ad15,OFC1496,Bhavnagar,Birth Certificate,50,88,889,256,633,35
ca0eb6ad-0e92-4ac4-99d0-0fb1de7bbd0c,OFC6211,Gangtok,Birth Certificate,16,146,263,177,86,45
9eaf04d1-03f7-4578-ac5d-ac1cccfc8a60,OFC2899,Bhagalpur,Death Certificate,17,43,368,121,247,45
472828e0-3e3b-42a9-bf56-0bcf821dcac0,OFC7896,Kohima,Birth Certificate,27,46,919,848,71,48
67f1400c-51b6-4c28-8682-60653c944c88,OFC9994,Champhai,Domicile Certificate,43,25,419,159,260,35
4449433f-04d7-4b04-9200-8f46d61ed0f7,OFC4414,Amravati,Domicile Certificate,15,140,981,88,893,45
87af63a8-f6b1-4c7b-81b6-c8ad9651e686,OFC2322,Sagar,Income Certificate,38,41,588,359,229,35
acfc2155-04a8-4c69-a3f6-920bc0922d05,OFC3158,Jabalpur,Birth Certificate,45,58,559,367,192,35
df5a4d23-2676-4e5b-83ee-b6ec2770e2ce,OFC7965,Tiruchirapalli,Caste Certificate,19,136,802,483,319,40
76677ffe-f1b9-4cad-b758-07ea3cf51c4b,OFC2604,Udhampur,Birth Certificate,6,21,558,370,188,45
3d88f2a7-9b0c-4fcc-867b-6dcf3def6901,OFC5073,Guwahati,Death Certificate,10,165,443,65,378,48
2729612e-7f88-4ed7-9776-c457314fa5e8,OFC5285,Bhagalpur,Income Certificate,44,62,242,98,144,48
9e2a42ab-69e6-436a-a3b3-89c9231d11cb,OFC9197,Nainital,Death Certificate,28,43,400,148,252,40
137d8fe3-58e8-4b68-9451-a041de988c1b,OFC8803,Baramulla,Caste Certificate,15,153,489,359,130,45
349118ce-f235-4584-a72a-9fc0a7ae34aa,OFC9560,Dharmanagar,Birth Certificate,7,76,69,54,15,48
6b2d794b-6487-41a5-8ebd-e93e677fbc26,OFC3929,Solapur,Caste Certificate,39,137,63,30,33,48
52e4a6da-09ed-41e4-b808-ce301b7948c4,OFC1402,Belgaum,Death Certificate,30,100,212,123,89,35
02b6803d-91a9-48e4-affd-5e624982eac8,OFC7528,Medinipur,Marriage Certificate,39,124,409,45,364,35
d6fe4d17-0c24-4cc2-9153-4cd0241e0e31,OFC3728,Amravati,Birth Certificate,41,173,169,37,132,48
47bc6ab7-3f08-4ec5-8762-ecb9d6baf82f,OFC3172,Port Blair,Income Certificate,20,25,979,201,778,48
60a3ca41-c6a8-469e-88cf-f249502b589e,OFC3311,Tezpur,Caste Certificate,14,144,280,215,65,45
1b80899a-c1dd-4239-81d2-6544c798ad3e,OFC9129,Mokokchung,Income Certificate,42,41,474,301,173,45
acaa1c03-6b95-41b3-aaf5-a4dde3d4d676,OFC8185,Thoubal,Marriage Certificate,40,85,243,210,33,35
0f946de9-21b4-4909-bcfa-359f35f4723e,OFC8171,Jammu,Caste Certificate,10,37,552,480,72,45
47c00e1e-f596-42f0-9960-9859e516d086,OFC6381,West Delhi,Income Certificate,47,149,290,129,161,35
70336fcb-9fc3-49a4-80a0-b8e4e9c51384,OFC2281,Agatti,Death Certificate,34,149,667,392,275,45
322dad5e-08e0-43f4-926d-8566364a46be,OFC6370,Bhagalpur,Death Certificate,31,176,787,62,725,45
d00cf116-90bc-4311-9a5e-70138e38924f,OFC3436,Mayabunder,Marriage Certificate,44,179,498,385,113,45
cdee1d8b-8863-4959-9936-b7f5d92c77ca,OFC1796,Thoothukudi,Birth Certificate,37,35,728,106,622,45
bbc671a2-7479-41a3-aa21-a3bd675fb704,OFC4492,Tura,Domicile Certificate,14,137,658,549,109,45
cb67fa82-d37e-4948-86ef-496b399ed0d3,OFC9157,Begusarai,Income Certificate,38,71,764,540,224,45
d12d1432-6dab-48c7-8c27-16d5238f46b5,OFC4266,Ranchi,Marriage Certificate,13,175,784,32,752,45
a73f0a5d-674f-4b83-a9c4-5292b316efc1,OFC1083,Gulbarga,Income Certificate,34,125,538,131,407,45
54fac49c-b032-4cb5-9803-40afaa5fa155,OFC7060,Bishnupur,Domicile Certificate,13,105,866,710,156,35
ee531d04-71df-4b21-9bc7-0cccd62519bc,OFC1867,Davanagere,Birth Certificate,5,126,265,181,84,45
7df69588-997f-4ad1-a0f5-33624b142ced,OFC9951,Udaipur (Tripura),Birth Certificate,23,15,664,620,44,40
8de3c7d7-ca16-4a0b-80df-6365cfc89c26,OFC3618,Darbhanga,Death Certificate,50,15,678,673,5,40
070ec5e8-3840-4d04-8cae-76761046c252,OFC2860,Kashipur,Death Certificate,45,36,558,384,174,48
9ccd9211-ab1e-4e8b-ac60-00ab5451f348,OFC3509,Durgapur,Birth Certificate,24,80,857,618,239,48
21eda05e-6fab-49cc-973e-64e96fe20edb,OFC5012,Anand,Birth Certificate,37,178,598,255,343,40
546bd4fb-6148-40c1-9cf7-65f1df53acfa,OFC2700,Chennai,Income Certificate,32,169,50,49,1,40
dc071daa-180e-43fa-8603-1c02e9a32473,OFC8505,Dhanbad,Marriage Certificate,35,108,748,593,155,48
d774437c-c482-47fa-8b90-fb205e9bb50e,OFC5810,Erode,Domicile Certificate,30,20,396,327,69,48
647827d5-62ee-4669-aa6d-13b9a9b21c9b,OFC3804,Kashipur,Domicile Certificate,22,41,368,171,197,45
2e77ed21-68f8-49bc-aca4-fdb90c5f6abd,OFC3221,Kullu,Domicile Certificate,43,42,501,400,101,35
4f41cca3-d469-45dd-bd0d-965f7223cbc1,OFC9155,Mayabunder,Marriage Certificate,24,142,61,51,10,40
5861038a-116b-4ef2-a8f0-de0976513605,OFC5254,West Delhi,Domicile Certificate,6,159,133,47,86,35
d937e34d-9ecb-4f96-9ac9-63991f8ac39d,OFC5525,Tezpur,Caste Certificate,29,115,203,112,91,45
1123d10f-6b62-47f8-a479-b766173f6289,OFC9154,Lunglei,Death Certificate,29,156,364,330,34,35
8815c0c9-f6bc-422a-a343-c65473369a41,OFC7527,Kathua,Birth Certificate,44,121,817,717,100,40
a0bce6d0-e1fd-4959-bcac-02ca3055f063,OFC8712,Sagar,Death Certificate,16,115,961,418,543,40
85f280ee-5c20-4d13-a8a8-13f975dcdcfb,OFC1947,Chennai,Income Certificate,17,62,639,173,466,40
33f9b38b-dc16-4f9d-8b0b-9495ec5dbeb1,OFC9120,Bhopal,Birth Certificate,16,164,83,66,17,40
ff8412b7-aa73-4a9f-b503-6ec9ca8d3355,OFC2963,Gulbarga,Birth Certificate,13,72,266,54,212,48
079b8429-d1c4-4870-95d2-a9c46fabe124,OFC6436,Surat,Death Certificate,17,42,968,522,446,40
0c0813bb-59c6-4161-94a1-131134179604,OFC5638,Jabalpur,Caste Certificate,15,135,695,334,361,45
1a66ec40-c8c4-4333-a2cf-64b78bfff9fc,OFC5631,Tiruchirapalli,Death Certificate,27,24,503,371,132,40
fbcfc77d-9587-4905-b75c-b82c02a7a2af,OFC1671,Diglipur,Caste Certificate,17,130,574,119,455,45
ac850bef-cc25-4cbb-8dda-a823a7f59854,OFC3203,Allahabad,Marriage Certificate,40,168,426,314,112,40
f2abaed3-877b-4f50-b61e-7a871d5e9d63,OFC7627,Gandhinagar,Birth Certificate,40,33,536,371,165,48
9e317e27-0c0b-4138-8ff6-6134179d8391,OFC2871,Thoubal,Domicile Certificate,15,44,217,174,43,45
8e8b592f-120b-4761-a6c4-595e37783606,OFC2561,Tura,Marriage Certificate,50,75,128,69,59,35
a30e9708-550f-4819-9e56-0c226b5e50dc,OFC4902,Agatti,Domicile Certificate,11,156,132,32,100,40
9fd8ed83-7163-4515-b8b8-79fb0d41a878,OFC5294,Bardhaman,Domicile Certificate,29,158,836,581,255,40
0dde15ec-0e3b-48ab-8039-a8c4b9b3cabb,OFC1955,Ghaziabad,Domicile Certificate,35,142,641,270,371,40
39479c4f-a84c-40d3-8c5d-24619dc9e34d,OFC5490,Gandhinagar,Death Certificate,21,87,581,529,52,40
5e5950e6-a4b9-478e-a268-ad5dd1015791,OFC7321,Leh,Marriage Certificate,32,125,438,83,355,45
ccc382c0-563d-4a31-9907-4c4d2a8ae5ed,OFC1923,South Delhi,Caste Certificate,9,169,644,40,604,48
f29042d1-bb05-49a6-ae4d-20b4dd3a973d,OFC3161,Jorhat,Birth Certificate,14,150,869,806,63,45
33b79f1e-954e-472e-9f43-39d19856abf4,OFC6500,Meerut,Domicile Certificate,15,44,349,45,304,48
0dfa10b2-d4e5-4755-a8b8-8cab25712194,OFC4177,Nainital,Birth Certificate,21,74,955,639,316,40
66c574f2-924d-40b5-9b40-0f0cb41c2a10,OFC5762,Rudrapur,Birth Certificate,46,21,232,183,49,35
9f1536dc-6fd0-4101-8290-2cfcfaf0ccdc,OFC2589,Thoubal,Birth Certificate,15,94,249,186,63,45
53d703e8-7d50-4b61-a14c-a7f750c7a259,OFC7668,Lunglei,Marriage Certificate,6,120,321,169,152,48
7d2b91b7-a10f-4bef-8741-1c83264e3de9,OFC3860,Bangalore,Domicile Certificate,27,71,366,189,177,48
26a6a2ef-cdba-4069-89d1-1a1b05e24fcd,OFC6665,Udaipur,Death Certificate,27,108,513,290,223,35
c4ed125e-4ac4-43fa-a033-a9d0bc16a757,OFC7832,Jorhat,Caste Certificate,23,85,338,239,99,40
0ed0a835-1473-4532-9cfd-5fba23fce0b6,OFC1521,Gwalior,Caste Certificate,33,117,484,75,409,40
5accb2ee-bc9f-4f16-9b21-b73710140c1b,OFC7662,Karimnagar,Marriage Certificate,8,81,812,692,120,40
edfb3c25-8325-41de-930e-93ffada45407,OFC6619,Gaya,Marriage Certificate,9,122,116,100,16,40
888370df-982b-4363-a46d-20475fb351cc,OFC8877,Minicoy,Caste Certificate,30,148,548,251,297,48
c5dbec25-6f41-49e8-963b-f86f507bde2a,OFC2074,Gaya,Death Certificate,7,81,439,246,193,40
6a58e59a-f4f0-4016-bdb6-b4bddb4df5d9,OFC9612,Thoothukudi,Income Certificate,36,31,326,128,198,35
0aa3492d-eeca-4033-83d6-91c84e974653,OFC9323,Pathankot,Birth Certificate,16,43,954,857,97,45
e370c5c5-083b-4712-b42e-c36b1ffe1a42,OFC4225,Patna,Marriage Certificate,28,94,176,68,108,40
c32bc42b-0597-41c6-a2ae-48f4b554f612,OFC5440,Warangal,Death Certificate,10,137,827,731,96,45
dd352dd1-2a41-464b-b19c-06fad5ccb250,OFC9422,Karimnagar,Birth Certificate,26,131,388,387,1,35
f66a0da8-52c6-43aa-9eae-fc9d7431b0cb,OFC4306,Dharamshala,Death Certificate,46,38,536,523,13,45
b671bb6e-12a0-4e24-bc77-6d81ac6a9026,OFC5200,Katihar,Death Certificate,7,37,144,111,33,35
51cd84b3-0e33-4438-a1dc-1c9783d8e01d,OFC7605,Tura,Income Certificate,29,128,979,65,914,48
4da6cc6e-5786-44dd-898e-c13810f7473e,OFC2451,Tirunelveli,Marriage Certificate,43,16,253,247,6,35
e1f92a70-c5db-4e28-971a-395df77b5cd2,OFC8403,Panaji,Income Certificate,11,77,347,100,247,40
60a90a61-d529-495f-83c0-6d4bbc32bab7,OFC8016,Ranchi,Birth Certificate,34,157,817,178,639,40
e1e87ad8-e60e-45b9-b475-89f0811c2943,OFC6890,Rajkot,Domicile Certificate,30,95,783,148,635,45
d159c7ef-d47a-4420-baeb-5c3e7d6bca69,OFC7210,Mahbubnagar,Income Certificate,50,148,484,165,319,48
2ba13b9e-b541-4a53-95da-1b6194c060b3,OFC7352,Leh,Birth Certificate,35,134,188,99,89,35
104fdc3b-78da-4aa0-b055-0e1e8a6497f0,OFC9027,Rewa,Income Certificate,24,38,260,76,184,48
c693dffb-ab8b-486a-b2fc-7ab635ac2cf5,OFC1710,Nagpur,Marriage Certificate,40,175,576,232,344,45
f12a58e2-dda7-45e0-b33f-c83176f8f1b6,OFC5067,Bhagalpur,Marriage Certificate,17,149,478,138,340,45
fa585f16-01bc-48f2-82b8-03151f8b144d,OFC8798,Mohali,Caste Certificate,5,88,616,254,362,45
4702e557-e6d0-4f61-b8b8-5a3eed479255,OFC2004,Mangan,Domicile Certificate,30,161,918,603,315,45
3011360b-4898-4011-a274-7f887d04ca30,OFC5059,Serchhip,Death Certificate,35,96,360,136,224,40
96e8b587-0624-412e-bdae-1a21426dd71d,OFC5383,Serchhip,Caste Certificate,42,92,796,377,419,35
98660f87-3b47-48e0-9fd1-72ed06c8078a,OFC4922,Bhavnagar,Domicile Certificate,39,166,940,421,519,45
b52d1af8-3e24-4617-9ce4-54903cc9f8d4,OFC3498,Tuensang,Birth Certificate,18,168,528,491,37,35
192505e5-55b2-45e6-8eae-3c11143e138c,OFC3861,Mayabunder,Birth Certificate,18,151,263,248,15,35
d936b8ce-9174-4d8c-a059-f0db680fec30,OFC3247,Lunglei,Death Certificate,9,17,105,56,49,45
e008e1f9-d228-48a9-b931-3a95ce4daea6,OFC7209,Katihar,Caste Certificate,49,166,587,184,403,48
d5bfdd83-121a-450b-a847-3fb9f6ecfcb2,OFC3125,Belgaum,Domicile Certificate,14,141,376,120,256,48
17a343f4-b4e6-4533-ab42-64f4c3cf6010,OFC5591,Kashipur,Caste Certificate,13,170,934,383,551,40
c2ae6200-a559-4e6b-be26-813ba907c589,OFC8092,Vasco da Gama,Birth Certificate,45,156,713,199,514,45
80b04cd0-fc4c-4e9a-88b5-99e9eddf3408,OFC7024,Dhanbad,Death Certificate,25,123,257,43,214,35
d1b9b9da-ba1f-47e8-be97-6c1dc77ea48f,OFC5176,Lucknow,Birth Certificate,47,20,175,111,64,48
ec22c0d0-69f7-406a-8e98-3d0aeed9fb3b,OFC3214,Bardhaman,Income Certificate,46,155,231,216,15,40
40079bc2-9a84-4d11-af86-54e7b9e66b14,OFC8139,Nongpoh,Death Certificate,22,57,159,95,64,48
fcc0a5d9-25f4-468b-9d26-09c27bd5988d,OFC2031,Sagar,Caste Certificate,27,42,138,87,51,48
d6b484f5-568e-42ad-bb3d-5fb653d30a63,OFC7590,Mangan,Income Certificate,8,78,601,238,363,48
95f39ed4-cd90-45fa-9c58-7bbc3fa456e7,OFC2763,Tiruchirapalli,Marriage Certificate,12,147,419,341,78,48
02c8a50c-5edc-41e8-8828-2d907e7f27df,OFC9400,Khammam,Domicile Certificate,34,55,448,46,402,35
ee1b3dc6-1349-4758-8dd7-7f2f52da5c03,OFC9376,Pathankot,Birth Certificate,30,54,633,82,551,48
bb93537e-88a1-42d4-a34d-b898e2b64a3a,OFC1041,Bishnupur,Domicile Certificate,5,108,569,110,459,35
5ad451e0-8bdc-44b7-8b26-4c97f009224a,OFC8612,Mumbai,Caste Certificate,20,32,853,838,15,45
cacdeabc-e93b-423e-a087-c262acb8d2fd,OFC5459,Davanagere,Domicile Certificate,16,169,109,59,50,45
cd864598-7713-4dce-941a-d5f89b7b0fe9,OFC2182,Kullu,Birth Certificate,8,84,978,937,41,48
136c2104-9aa1-4141-b013-c70ec1a2ad68,OFC4798,New Delhi,Caste Certificate,45,125,603,378,225,40
cdeb331b-9155-48f5-a851-352f9e41127c,OFC9612,Kanpur,Domicile Certificate,18,57,478,332,146,45
12642242-8422-4566-bfbb-c7734588d568,OFC5235,Port Blair,Domicile Certificate,15,76,134,110,24,35
55c49562-1404-4a5d-abd3-d0658e863c82,OFC4607,Hubli,Marriage Certificate,41,27,725,256,469,48
adbfd329-69cf-4a1e-aa90-562eb9ffd476,OFC8261,Tumkur,Caste Certificate,14,167,636,60,576,40
37ac2b9d-3b97-4d7f-9da8-7f8a654ac6dd,OFC7190,Mahbubnagar,Caste Certificate,5,47,853,825,28,45
029fcaf9-5503-4607-b2c1-bace098bf4bd,OFC6196,Nashik,Caste Certificate,19,80,927,660,267,45
5197df4a-dc6d-489b-b972-1a88a5f194a1,OFC8539,Adilabad,Birth Certificate,46,42,369,94,275,35
bb366cee-ef5b-46c6-bb26-74fed603e76d,OFC8958,Chennai,Income Certificate,34,167,873,263,610,35
aa928275-c9e1-4286-9f58-a7a90b98a297,OFC4255,Gorakhpur,Marriage Certificate,30,125,657,263,394,40
fb3dad83-9e8c-48bb-89b5-991922184c09,OFC7911,Diglipur,Caste Certificate,17,113,846,845,1,35
d9430093-cbfb-41f1-a234-debbaf4101db,OFC4782,Purnia,Caste Certificate,35,73,194,191,3,45
7d794314-7a07-46ef-88c2-863ebf6f2ddc,OFC5655,Dharmanagar,Domicile Certificate,17,93,581,43,538,35
2394157d-4c35-4dec-81e5-afa262eff7ec,OFC9296,Nainital,Marriage Certificate,25,42,687,45,642,45
58e5db84-2d7d-470e-8bc5-0a8ab6481885,OFC7655,Amini,Caste Certificate,48,82,316,165,151,35
c2ba3c18-ba0f-4426-9c3e-763e012bfe57,OFC5777,Amravati,Death Certificate,50,117,814,470,344,40
94b6b054-d1e8-44a0-b28b-1e1c5c65c8dd,OFC9411,Asansol,Birth Certificate,26,76,857,722,135,48
2c17ae60-00de-474a-b37c-f1c585a7fea3,OFC9396,Jodhpur,Death Certificate,31,88,319,199,120,35
972cfe23-49c8-4278-8b39-2252f8a4ace5,OFC9018,Delhi,Marriage Certificate,22,150,401,382,19,45
a6420673-b46b-412c-beca-7046ae773154,OFC5661,Jorhat,Domicile Certificate,30,93,764,722,42,48
f78d2a74-77e1-4d41-8103-df12b4e0cd5f,OFC3385,Arrah,Domicile Certificate,10,72,661,67,594,48
30a9dd10-6cfb-442e-8159-25a3bff172e4,OFC3518,Udhampur,Death Certificate,23,89,499,280,219,48
031c7226-57aa-4b22-bf2a-39a1d96c4bfe,OFC8458,Thane,Marriage Certificate,46,142,609,404,205,45
4972ddda-ea16-47e9-8b9d-ac3f482898fd,OFC9877,Champhai,Birth Certificate,28,112,737,421,316,48
f96c68cb-b9ae-4b1e-851e-e231419defe5,OFC3291,Durgapur,Domicile Certificate,21,109,789,53,736,48
ed2d8cf7-3658-4c3d-a997-03181b1068b0,OFC7526,Naharlagun,Birth Certificate,17,36,337,223,114,45
b26ba7b8-7aba-4e5d-9f00-ec5cddd6ee0f,OFC3014,Indore,Death Certificate,43,110,196,132,64,35
abd82e8e-cc50-4ae0-97f3-a0fb809617f5,OFC7106,Bardhaman,Birth Certificate,22,176,504,312,192,48
4723ee38-3572-44e6-800b-10d592705063,OFC4842,Kota,Death Certificate,34,16,378,194,184,35
f9306085-5f4a-4dea-9037-4c110e2cd48f,OFC2859,Mysore,Income Certificate,5,102,549,461,88,45
637f57f0-156e-4164-bdb2-ad8a60f23430,OFC1299,Ranchi,Birth Certificate,32,123,774,438,336,48
896d6557-0969-46f6-b4e5-94c6e4a951da,OFC3908,Patiala,Caste Certificate,45,126,166,75,91,48
6a0011f6-c1f3-44c2-bc25-5d73d318989e,OFC2085,Begusarai,Domicile Certificate,14,107,313,290,23,40
b41d9c3a-d9c1-4818-87d2-0af7ad1bba86,OFC1751,Namchi,Income Certificate,38,22,955,685,270,40
3116b9e0-535f-4889-aec0-80d56204ef4a,OFC8635,Anand,Caste Certificate,11,122,850,279,571,45
682c9646-40c0-4ab9-a4e6-0227d82f9c99,OFC1405,Nongpoh,Marriage Certificate,30,95,889,409,480,45
d2616e64-4283-4c7c-891e-496ac621c6ff,OFC1317,Nizamabad,Death Certificate,28,173,124,51,73,45
e650eecb-424a-4e9c-a0a7-fc305c9786bd,OFC4697,Haldwani,Death Certificate,49,163,433,387,46,35
76c3fd3b-8f86-454c-9929-6ce98c4d5f0b,OFC1697,Medinipur,Death Certificate,10,119,749,699,50,45
0601aece-4a5e-4acc-b8f1-623953acb8c0,OFC1958,Shimoga,Domicile Certificate,47,24,492,405,87,45
21ac1421-f059-4f3f-8fd9-089db9a2b0b0,OFC1598,Ajmer,Death Certificate,35,81,930,33,897,35
e68bc8f3-2193-473c-bdfe-f6d85c530dcf,OFC2604,Vellore,Marriage Certificate,25,86,243,127,116,35
7512c2ef-a567-43ae-95b4-2cccbe13ecf1,OFC8565,Kota,Income Certificate,28,21,452,92,360,48
87671d0f-dfd1-4989-967a-c6f32898e30f,OFC2223,Dharamshala,Caste Certificate,24,19,765,575,190,40
3668677d-9dfe-4ad4-bcf9-9b295c86c169,OFC3101,Amritsar,Marriage Certificate,40,101,742,321,421,40
f48849af-b0f1-4613-bb5a-74f246ab05bb,OFC8314,Minicoy,Caste Certificate,24,104,633,584,49,35
9d98c28a-5241-4d40-9d67-96dbf78a355c,OFC5044,Ujjain,Domicile Certificate,22,124,443,427,16,35
3a9be6e0-744a-44d4-9516-ad4926ec76f5,OFC5655,Udhampur,Domicile Certificate,14,22,137,120,17,40
324d320e-90b8-4ad5-88a1-940aeea20808,OFC9782,Solan,Death Certificate,48,126,123,102,21,35
3a97a658-8d4c-4e7e-9cc0-56907a110589,OFC6656,Bareilly,Marriage Certificate,33,73,898,763,135,48
8c2e0e78-c385-4649-aa70-1acaf96fa20c,OFC2378,Naharlagun,Marriage Certificate,13,161,812,135,677,48
8666cca9-03b5-4a8a-9c48-8445f1aedb9f,OFC7845,Khammam,Caste Certificate,38,83,877,117,760,48
b49bda01-8b46-453c-93b0-a04437684fea,OFC1987,Udaipur,Marriage Certificate,15,157,317,155,162,45
5daea4b8-0ede-4ff1-a4dc-8f05e90de8b5,OFC3048,Patiala,Domicile Certificate,32,88,710,389,321,35
83e674ef-4447-4baf-8d49-b367a13fdd3e,OFC2720,Sikar,Caste Certificate,25,85,509,312,197,35
54a634f6-7e0e-477f-8445-4c7080f7f3e8,OFC8657,Ratlam,Death Certificate,26,71,329,277,52,35
ddecd00d-e245-47fa-9155-b4cea1e96646,OFC8045,Varanasi,Marriage Certificate,20,78,828,772,56,40
00f98c9f-cd12-4510-8ff9-37449ae22573,OFC5695,South Delhi,Death Certificate,34,123,576,150,426,48
14ac30d7-3037-4620-95cc-2d7e7877069e,OFC3198,Kullu,Caste Certificate,24,30,569,281,288,40
ad47ee78-edbc-4676-8446-747479ab1e6b,OFC5246,Naharlagun,Marriage Certificate,38,148,256,171,85,40
3acd1b12-9098-4636-a254-5f07fdee39a7,OFC8707,Ghaziabad,Death Certificate,22,110,710,61,649,35
1e3c6aa5-3ffa-4672-b8cb-14bb020859f0,OFC3219,Belgaum,Death Certificate,8,58,676,332,344,40
98b9dd7d-a958-4b85-95b7-86c25f24e20b,OFC3284,Tezpur,Birth Certificate,37,114,107,33,74,35
2153f682-f249-4462-aa3f-8d8744445000,OFC6772,Kullu,Caste Certificate,15,174,862,53,809,35
be5b8427-1355-459a-82c0-3c3d53929c16,OFC5616,Lucknow,Death Certificate,26,74,303,161,142,40
a76255a3-3f77-4471-b695-831635f76fab,OFC5697,Sikar,Caste Certificate,33,162,221,124,97,45
93ca36cf-d61d-48e8-8ca8-0e670ee60b9f,OFC7230,Bathinda,Marriage Certificate,14,164,205,117,88,48
ee1b57fa-a6eb-4b41-9708-95b632ef44f0,OFC3418,Kanpur,Birth Certificate,44,120,986,985,1,45
80260339-bcb7-4656-bd63-b332331e62ab,OFC2531,Erode,Marriage Certificate,7,147,222,198,24,40
68eaff1f-1dfe-4456-a9c0-8646eed0c6ca,OFC7039,Srinagar,Marriage Certificate,27,50,230,119,111,48
dfa8804e-2389-4322-b184-ce87c153208d,OFC2569,Haldwani,Income Certificate,41,49,521,57,464,40
6cd7231d-1d6b-4317-947b-6d82b056dbd0,OFC8615,Jalandhar,Death Certificate,38,91,582,285,297,45
5615e982-6acc-4f94-bb0c-cb2888461631,OFC8551,Jalandhar,Income Certificate,11,126,812,473,339,48
b863f8a0-605e-4ce8-8e6c-20cdf9feb0fc,OFC7824,Deoghar,Death Certificate,25,174,609,140,469,35
a3ea00d9-f87d-4d52-b3f3-205dcba1f218,OFC2992,Pathankot,Income Certificate,17,91,970,798,172,35
44b36b6f-1bcb-4a23-b96e-e7b0d520474b,OFC5521,Nainital,Caste Certificate,47,120,226,144,82,45
1cbda881-fa50-4b37-8bd6-b9842a79891c,OFC7738,Malda,Income Certificate,19,167,242,176,66,48
66f86af8-f1de-424a-82dd-5814749ac097,OFC5403,Amritsar,Caste Certificate,23,34,723,58,665,35
3e14fb6d-cc91-480f-8ce4-e0c2830eac95,OFC8798,Jalandhar,Birth Certificate,32,38,714,379,335,45
ebbf8f3b-c62f-4c64-a9f5-f7342a0a029b,OFC8308,Nagpur,Caste Certificate,15,48,510,283,227,45
36d3b255-8a11-4782-95ef-76b9936adaf3,OFC6593,Havelock,Income Certificate,45,131,707,564,143,45
ee667186-d44d-40ab-9c05-7a51004a63f6,OFC3093,Anantnag,Domicile Certificate,41,78,447,393,54,40
474d11ce-013d-4ad2-889c-9a6c24c10a3c,OFC9174,Mumbai,Marriage Certificate,30,21,129,77,52,35
024be09e-63e8-4fa9-83ac-775845d37670,OFC6467,Pasighat,Domicile Certificate,27,92,549,374,175,45
3338fd70-ec7e-413b-ad75-ba74143f2591,OFC6732,Shillong,Income Certificate,13,80,306,141,165,35
0f9e644a-6f66-4bf3-8b08-352119718bb0,OFC8631,Kashipur,Death Certificate,38,100,691,493,198,40
e3848e29-0bdd-4008-b2c5-010b3d220b10,OFC5243,Gorakhpur,Death Certificate,50,44,568,432,136,48
d9321c45-b9f3-4f65-815c-1a31a966c473,OFC7801,Gulbarga,Death Certificate,24,136,950,802,148,45
c7474f5c-5732-430b-a6e4-6c2b26aee445,OFC1878,Mandi,Birth Certificate,41,160,648,278,370,45
4abc9824-f62f-49eb-84ad-2cea17919ffe,OFC3509,Gulbarga,Birth Certificate,27,66,722,667,55,35
8c5ef1ec-155d-4735-ae8d-e436de245d5e,OFC3585,Agatti,Caste Certificate,36,177,172,157,15,40
e9ddb79d-9412-458e-b865-fd118e84bb2d,OFC6321,Tirunelveli,Birth Certificate,32,180,428,418,10,35
6e97e64c-ff9e-47f7-967e-c4854c097f64,OFC4779,Salem,Income Certificate,24,104,382,314,68,40
1de2f655-6103-42d9-b628-0a10cdae5bfb,OFC7269,Jaipur,Income Certificate,26,173,115,87,28,35
e85eb7a0-f9f4-49b3-8912-80806b7af1ed,OFC1188,Mandi,Marriage Certificate,8,134,542,290,252,40
7e025a2d-ba3c-4876-b244-baf5e0cad2b7,OFC9472,Deoghar,Birth Certificate,15,57,764,730,34,45
3b795fe1-e586-4a89-9866-7873567ea015,OFC5437,Gaya,Income Certificate,26,142,945,809,136,35
823b4cc3-8ada-4b97-907e-9ebaa6a093f0,OFC9916,Muzaffarpur,Income Certificate,43,73,294,194,100,45
1b9e2e72-bcbf-4a82-afa8-5d2cf23c0a0e,OFC5389,Coimbatore,Marriage Certificate,34,143,765,148,617,40
64be143a-aef1-43d5-a595-04417cb0b440,OFC4808,Amravati,Income Certificate,21,60,660,208,452,48
3c65ec17-6139-4b3a-aa50-2d7e89a40803,OFC1618,Ahmedabad,Caste Certificate,36,160,792,552,240,35
bc6cda60-a48b-47b3-81e7-4e1a1c48a7eb,OFC1322,Ludhiana,Domicile Certificate,6,178,793,596,197,48
35d8066d-de27-48a4-8bfb-e1c45ec0bfdb,OFC6724,Dibrugarh,Birth Certificate,21,160,833,627,206,45
73b0cc27-c4d5-4834-a022-ca2841b032e4,OFC8858,Gwalior,Marriage Certificate,38,173,662,335,327,35
63f18a2a-b64f-4dda-8ce2-739552cb65ba,OFC5094,Udhampur,Domicile Certificate,40,99,131,43,88,40
35daf4d6-85a4-474a-b386-2ef68a5652f4,OFC2117,Medinipur,Domicile Certificate,10,71,146,60,86,48
e7d1b667-2861-44c3-b06d-c6901fd65df0,OFC3483,Nashik,Birth Certificate,21,172,217,74,143,35
0bafd45a-c581-46a6-9da3-e032234f5ebf,OFC5465,Imphal,Income Certificate,29,28,924,127,797,35
e8e425c7-f418-4895-9038-d961e4561211,OFC3977,Vadodara,Birth Certificate,41,133,271,80,191,35
ef39ed9e-6c6d-451b-b359-1344df3576eb,OFC5479,Rangareddy,Marriage Certificate,33,90,962,323,639,45
667e9a1c-9655-43ac-ae20-9ad4f0d4c47d,OFC3523,Dharamshala,Income Certificate,11,84,519,281,238,48
2b2d631f-5461-42f7-a077-d1c175167747,OFC9973,Satna,Income Certificate,21,71,292,202,90,48
252d8fb4-abe9-45de-9577-eb647e660b2b,OFC2656,Vadodara,Domicile Certificate,5,177,254,207,47,45
583400ab-f74d-42bd-81db-9a050b524ac9,OFC2158,Surat,Marriage Certificate,22,169,306,85,221,48
245242f0-762d-4cee-9641-dee451ff7a07,OFC9361,Allahabad,Caste Certificate,34,79,854,121,733,48
0a8d020c-a776-4275-83ef-5ad42faa80c8,OFC9040,Asansol,Caste Certificate,13,163,910,517,393,35
0a18995b-87d3-4837-bb54-a541c32071a8,OFC3367,Gaya,Income Certificate,27,119,80,65,15,45
80fed718-3506-4d05-9d8e-96019a3f514e,OFC4966,Kathua,Marriage Certificate,41,64,922,850,72,48
5f05be03-e706-419c-92cf-34ba2f55b9b0,OFC1318,Tirunelveli,Domicile Certificate,22,159,651,622,29,40
ee173dcf-2ddb-4174-8977-f9a8bd8a411a,OFC6153,Darjeeling,Birth Certificate,6,70,521,132,389,35
c984909c-6d00-4d41-88a5-60d175c0242b,OFC9815,Medinipur,Caste Certificate,45,170,596,131,465,45
0ba017ab-4e93-40cb-95e8-380ea5acb428,OFC7919,Thane,Income Certificate,38,119,824,40,784,35
6ae06fd7-cb70-424f-9305-013fa4c76c29,OFC4841,Shimoga,Income Certificate,31,25,758,212,546,40
74b9bdb9-eef7-4fb6-8fca-664c36cf4638,OFC3234,Ajmer,Caste Certificate,40,137,522,93,429,40
91b3e8c7-bda9-4d3a-a27c-1b8606d10b59,OFC4256,Udhampur,Marriage Certificate,35,35,404,252,152,40
28fd8e97-9375-437b-8696-c91fb8e6f657,OFC4674,Gangtok,Income Certificate,18,168,587,261,326,48
05ec1c76-222f-4f1b-b1b1-23245ec4e9bb,OFC5403,Udhampur,Birth Certificate,25,175,232,121,111,48
56206a9d-65bd-42a3-a782-b1ce1c12421a,OFC9812,Minicoy,Domicile Certificate,20,107,896,353,543,35
9e01136f-ffc4-4f3e-9d1c-29229ba406c0,OFC8967,Rajkot,Income Certificate,46,121,800,336,464,48
5747e0f8-be5e-42a6-bee6-e14a705750ae,OFC6127,Jodhpur,Marriage Certificate,47,106,236,106,130,48
14040687-7922-452a-8d94-9a951b546a55,OFC7910,Vasco da Gama,Income Certificate,14,40,410,350,60,40
290f0a62-8295-4b84-bfa2-d98c43fc6dde,OFC4444,Mayabunder,Death Certificate,50,46,745,478,267,35
d9696284-60eb-4f50-98a9-9c91efec78b6,OFC8020,Bilaspur,Income Certificate,23,68,115,45,70,48
f82a3ef3-0b7f-4e79-b029-2602cd1d3c99,OFC8350,Rewa,Marriage Certificate,39,95,621,181,440,45
dbbcfe1d-544a-4242-bca5-93cbc1956f66,OFC2360,Udaipur,Death Certificate,15,120,507,174,333,35
0faa8b0d-f557-4cbb-8b4c-ad4ec178298c,OFC3596,Begusarai,Domicile Certificate,32,114,160,59,101,40
e7bdec48-be94-484a-a04a-458382433812,OFC7369,Roorkee,Domicile Certificate,47,34,426,188,238,35
e27c0325-b1ca-4604-b734-07c80c3c5c59,OFC9334,Pasighat,Marriage Certificate,6,62,383,115,268,40
f6029c14-9770-4c3e-a8a9-ceff8563f017,OFC7729,Ghaziabad,Income Certificate,5,162,276,101,175,45
c5af27e9-aa16-4b35-be16-a2eaaac617f5,OFC7891,Arrah,Caste Certificate,21,88,111,30,81,48
11c3058a-79b1-4679-b8a3-f5eaf138f466,OFC1490,Shimoga,Domicile Certificate,43,146,455,408,47,45
0abfee53-e6a4-467e-88a8-ff902b8db7c7,OFC2507,Silchar,Death Certificate,36,109,100,49,51,45
df3fd2a5-ed24-4c60-9271-be2b9dd97a53,OFC3984,Belgaum,Marriage Certificate,19,70,488,149,339,40
5f9853bb-e89f-4083-86c3-0f247470352f,OFC4891,Mandi,Domicile Certificate,50,166,960,291,669,48
ad6c8fdd-3f59-4a57-829f-8321157cbe6e,OFC1894,Hyderabad,Caste Certificate,40,127,656,217,439,48
f988eeb8-01f7-4619-a28e-3770aa63c93d,OFC5035,Ghaziabad,Caste Certificate,44,24,854,250,604,45
6ab9999c-1bdf-4520-83ff-5f321e516e76,OFC3304,Kathua,Caste Certificate,48,90,595,448,147,35
e7fcd394-e045-4106-a196-ec37d9f9300a,OFC1534,Amritsar,Income Certificate,13,66,391,199,192,35
f79f3628-7f11-4699-a214-58c786aab536,OFC2424,Meerut,Death Certificate,43,140,920,53,867,48
3de9a09c-ff60-4b51-86b2-636bf68c05cb,OFC3138,Port Blair,Death Certificate,36,163,465,104,361,35
1fd59ba5-ca48-48ae-8e54-a0c06844ed02,OFC9487,Khammam,Caste Certificate,29,32,866,84,782,48
fe55bf2a-30f0-4d47-8ee1-155506feb2c1,OFC8925,Jorhat,Death Certificate,9,58,804,222,582,40
64ca74ef-05d6-487b-a6a0-ae3d37d76806,OFC1930,Ajmer,Death Certificate,43,44,373,347,26,40
996f49c5-26ef-4192-a049-a4e8e576c755,OFC9975,Jammu,Domicile Certificate,42,74,156,109,47,35
631d3256-2698-450e-a2e4-fd157f068de1,OFC7450,Surat,Marriage Certificate,21,22,575,37,538,35
25204fb0-11e9-4173-a570-8321dbbb9903,OFC4034,Khammam,Caste Certificate,22,129,668,352,316,40
dd1adf36-af23-4c76-b157-90b06a1c3fae,OFC4931,Gangtok,Caste Certificate,36,70,793,564,229,45
5824fb66-5e2a-40be-bcbc-66a07ef3da19,OFC9163,Anantnag,Marriage Certificate,14,53,160,107,53,40
88ab7f83-c434-4413-99f0-cffc8590340d,OFC8314,Mahbubnagar,Birth Certificate,18,112,626,613,13,45
c939a588-3809-42fb-a914-5d9dbe6b8bcd,OFC5632,Malda,Death Certificate,21,139,717,205,512,45
7e95078f-f898-42bf-b18e-44e4bd41d7b8,OFC8824,Howrah,Domicile Certificate,9,61,53,33,20,45
01269b2c-443b-42a1-9918-b7717f504aea,OFC6609,Hubli,Death Certificate,11,145,757,138,619,40
01410891-df0a-4eb5-a246-83ca69f629bc,OFC7667,New Delhi,Marriage Certificate,23,48,776,566,210,35
8e3b275d-1a66-4c44-9565-e811dfa1c60f,OFC7696,Muzaffarpur,Death Certificate,38,120,193,69,124,48
c31f42c1-a4e1-4bba-b3ba-877a107be186,OFC6120,Kolkata,Domicile Certificate,9,84,224,174,50,45
0769873e-9623-48dc-b8b6-c9df7470e07b,OFC8736,Shimoga,Caste Certificate,45,32,551,390,161,40
f9680f86-7651-41f8-a7b7-902a09aa17ca,OFC8166,Tawang,Death Certificate,13,103,742,537,205,35
553e5640-ae5b-4091-a5bc-ac4fd0236196,OFC5839,Tura,Domicile Certificate,40,40,65,60,5,40
2ddbd32c-a383-4315-abab-603184dff477,OFC1816,Bathinda,Birth Certificate,44,176,900,198,702,35
695a0925-4767-4c9f-8498-5f4d53681be4,OFC8960,Jowai,Birth Certificate,35,176,433,399,34,35
79012e1a-f0b8-4716-812c-c097ced0673f,OFC4667,Bathinda,Death Certificate,33,122,912,635,277,40
76e838dc-0c96-4409-b5e4-9a23d5a9412e,OFC5089,Bangalore,Death Certificate,13,25,384,71,313,40
cce7eb69-08fd-4d6a-8db8-ded46458d427,OFC8324,Ludhiana,Death Certificate,14,178,756,574,182,40
dc318f96-6eed-49f4-a91b-de06e494c3b1,OFC5559,Salem,Income Certificate,49,134,646,302,344,48
fc123c3c-a27a-4838-b7f0-2bac637c6af6,OFC2520,Mysore,Caste Certificate,21,42,937,596,341,40
a77cf41c-c7b8-4159-bfe0-30060014e309,OFC4701,Silchar,Domicile Certificate,31,22,971,907,64,45
2a970afa-02ba-4125-b783-f29c673df20e,OFC7956,Bilaspur,Birth Certificate,13,50,781,201,580,35
a07638b5-8712-42f4-84b4-2e8a451fd4fd,OFC8772,Pune,Death Certificate,45,174,120,111,9,45
e06d09e6-41fc-4d35-8f1b-f3c86d43fe3a,OFC9923,Jaipur,Caste Certificate,29,133,856,214,642,35
1e279b4d-4765-4273-b5d1-159b7e0a5922,OFC3119,Havelock,Domicile Certificate,30,136,236,123,113,35
e3567f11-ea79-47c6-aeda-2930161cad1d,OFC5741,Alwar,Income Certificate,30,94,853,235,618,35
e54a1e5c-8488-4292-896b-0494808e101d,OFC3590,Tumkur,Domicile Certificate,33,154,608,71,537,45
98fd9557-74d9-4ae2-b40d-04a47d50403a,OFC6938,Adilabad,Domicile Certificate,36,17,758,731,27,45
c4ef41ea-9b95-414f-b957-c8d4358d99b6,OFC9190,Srinagar,Income Certificate,12,43,264,201,63,35
1b46a6c0-7206-40c7-a9a7-d9e8e4c53b35,OFC2511,Central Delhi,Marriage Certificate,9,16,107,41,66,35
5faa3913-2c57-4951-ae4c-d20ed6b5dd65,OFC3522,Purnia,Income Certificate,24,137,231,144,87,45
21d8632f-b052-45f5-8765-3a2ae7239e83,OFC7056,Mayabunder,Domicile Certificate,14,153,366,76,290,40
52ce9809-81b9-4258-86ac-a5976f99b02f,OFC3022,Kolhapur,Income Certificate,23,77,378,88,290,35
84633bc4-2d9b-40d5-a063-50e72d47a7b2,OFC1968,New Delhi,Birth Certificate,31,17,115,58,57,35
b78e2387-6b30-40f8-bd87-4d0b02ccd189,OFC3170,Mysore,Death Certificate,12,146,764,250,514,48
0d1dcb1a-e3c3-48b6-ba41-bd2f4ff7f282,OFC1666,Lunglei,Income Certificate,48,47,258,252,6,45
74c55c10-ce10-4950-9b4a-f23564924b99,OFC5405,Coimbatore,Caste Certificate,37,136,864,130,734,35
5f678f59-0661-412d-865c-223a8ca0aa23,OFC3492,Jodhpur,Domicile Certificate,18,58,454,292,162,40
5a0b3550-989a-45fa-be42-4e5afd2e27ee,OFC6667,Junagadh,Domicile Certificate,37,34,398,294,104,40
c7a5ac36-c79e-431e-aeb3-b3df534424b9,OFC1053,Vellore,Birth Certificate,45,120,350,155,195,35
f2dbd619-942a-4de7-8e6d-ad8d67cdb015,OFC8314,Hazaribagh,Marriage Certificate,5,158,257,64,193,35
3e4e5c2f-d0fe-46e8-bf11-dabe6480b176,OFC1495,Gangtok,Caste Certificate,40,131,863,833,30,48
dd780ee4-92bd-4911-a13d-c595cf969d93,OFC2202,Kavaratti,Domicile Certificate,47,103,703,628,75,35
81a375b4-9537-49ae-b9d4-a74f66b3d900,OFC3189,South Delhi,Income Certificate,6,113,609,42,567,45
f7c30df0-03f6-4984-90ad-4e4fcc4dc591,OFC1500,Bokaro,Income Certificate,30,60,628,110,518,35
9ffd83c9-e378-4f34-b133-1904bd1a9179,OFC2352,South Delhi,Caste Certificate,25,147,522,521,1,35
a7260ff3-bec8-4894-a295-173c18022c96,OFC6650,Vasco da Gama,Death Certificate,21,137,156,43,113,45
16c0049f-130b-46f3-b65b-307e1a7cff11,OFC6448,Jamshedpur,Income Certificate,21,43,938,284,654,45
6d03a23b-af89-4c3e-8ece-58a3ac1954d4,OFC4175,Haldwani,Income Certificate,47,70,387,88,299,40
f7a9fec1-e51c-4f23-9445-655064a11ed5,OFC9229,Kailashahar,Birth Certificate,11,91,238,95,143,40
0c8dc0a3-eaad-4cf0-a510-d0e3ca400e74,OFC2105,Kathua,Birth Certificate,8,16,280,93,187,45
1e5a2fad-2745-4322-9265-bf10dec4f1c5,OFC8776,Tirunelveli,Death Certificate,29,63,187,115,72,48
fdf3a5af-309b-4f8b-8a27-8022cfd058e5,OFC9575,Solapur,Birth Certificate,33,18,451,348,103,48
c19e22f0-ade1-4da6-a452-32ec17591f4a,OFC4257,Gulbarga,Income Certificate,30,143,60,34,26,45
23e03ed3-0317-4804-8427-e54082dbccb9,OFC6897,Havelock,Domicile Certificate,17,117,992,170,822,40
7a1c8883-b720-49a1-a25c-f82985d0198d,OFC7238,Howrah,Death Certificate,16,82,623,577,46,40
7bc56188-d44e-4b83-b473-f31aa4dfeabc,OFC7036,New Delhi,Death Certificate,29,79,506,414,92,48
c7ce530b-cd3f-4d10-8ac2-27ee85c50ba9,OFC4899,Nashik,Income Certificate,18,130,853,362,491,45
e6993382-975e-4909-bb22-043153d48844,OFC6412,Madurai,Death Certificate,27,136,663,267,396,48
4b45de69-a872-41c1-a82c-c1524f9244f7,OFC5120,Port Blair,Domicile Certificate,17,131,708,296,412,35
b6a27049-48a1-4c2c-b625-161950846ede,OFC8477,Darjeeling,Caste Certificate,40,172,308,87,221,40
07f4d55a-385c-411f-8a19-80f6230495fe,OFC3647,Kashipur,Income Certificate,36,107,123,57,66,48
c824983c-0074-46b5-8067-9450e630a8f0,OFC8103,Madurai,Marriage Certificate,18,83,59,57,2,35
bc9159f7-dcef-4fb1-9449-e3f118a94640,OFC8243,Davanagere,Marriage Certificate,27,116,178,172,6,35
055b8891-2d8e-49f4-aa6c-1c164839e372,OFC1626,Alwar,Domicile Certificate,36,149,580,359,221,45
4a51ee00-1857-4035-b524-b0771e36c4a5,OFC3618,Allahabad,Caste Certificate,23,18,535,168,367,35
ce4ad434-5338-4d07-87d6-fcf61d04ff3a,OFC6516,Davanagere,Caste Certificate,50,73,838,35,803,45
c3aa7286-65f8-4430-b4c4-00e6d29eb201,OFC6662,Allahabad,Marriage Certificate,18,79,895,245,650,48
2da67cd0-4d99-41c5-b561-9a05a782f585,OFC8661,Amritsar,Domicile Certificate,40,116,999,580,419,45
b0d0a943-b166-4425-8d1e-82be3f59f2b0,OFC6833,Udhampur,Death Certificate,33,167,886,230,656,45
32d25c38-dea6-41df-b84d-f59e760f158a,OFC5369,Tezpur,Caste Certificate,44,61,688,609,79,48
a7728143-7ee6-4241-8410-a5bc9156b745,OFC5300,Gorakhpur,Birth Certificate,18,26,632,155,477,40
7ca65b35-9245-4bfd-bbf8-0a2086449804,OFC6836,Pathankot,Domicile Certificate,48,179,428,86,342,35
288b3587-1ee1-462c-b88a-b7e027469b7d,OFC2006,Nongpoh,Income Certificate,5,66,681,144,537,40
bfb2b87f-cef2-4bb0-9742-0cf4ba9ad3f9,OFC5338,Chandigarh,Death Certificate,14,99,840,142,698,35
99a9a2b1-20b8-49d0-920b-1006471bccda,OFC5851,Medinipur,Income Certificate,40,173,271,217,54,45
27b90eb2-9967-4213-af89-348ebfea0a95,OFC2960,Udaipur,Death Certificate,6,156,694,623,71,40
cec24b4c-9618-445b-a614-ea3314ea3507,OFC3471,Bangalore,Death Certificate,27,113,661,588,73,35
2c25d5f3-50b0-4117-aec7-5c9692478ad0,OFC4004,Haridwar,Domicile Certificate,34,100,547,266,281,35
3ed866f6-a6c9-4dea-a1fc-1b8abc9e8ecf,OFC7695,Naharlagun,Domicile Certificate,41,62,72,71,1,40
187b807f-1b57-439c-b66a-d983ebc8962f,OFC5231,Mandi,Birth Certificate,5,39,284,224,60,48
849b79f2-12f4-4e6d-a2e3-3db22ef51bb2,OFC3160,Patna,Marriage Certificate,27,154,189,161,28,35
373210b7-9550-4b35-8c5d-90a28c67b204,OFC2006,Gandhinagar,Caste Certificate,50,178,965,778,187,35
7626a15f-50cc-4f96-90f9-79fba3e9bb4e,OFC4176,Lucknow,Caste Certificate,50,174,855,443,412,48
2bea870c-2f6b-409d-9118-516191192481,OFC7234,Medinipur,Income Certificate,30,173,810,451,359,40
90d33553-0b5f-4d07-ac41-5db7e7a7d1a3,OFC1319,Gorakhpur,Marriage Certificate,26,72,418,374,44,48
80375923-b121-4f51-895a-cc692d2799a7,OFC4360,Mapusa,Domicile Certificate,49,22,479,230,249,48
33e81af4-b99d-415e-9e94-e52375a9c938,OFC1086,Bokaro,Domicile Certificate,22,79,188,52,136,40
386f144e-9c8c-4898-9b61-ef812210b968,OFC4407,Nainital,Income Certificate,11,164,66,32,34,48
b82a2d5e-83d6-4655-bdcd-bda228603ed5,OFC7608,Namchi,Death Certificate,33,124,120,78,42,48
a54eb220-f83a-4540-a9e1-5d49031188cf,OFC9996,Muzaffarpur,Domicile Certificate,25,155,877,417,460,40
4b06311b-773a-4595-bea9-c4aff0225995,OFC6078,Thoothukudi,Caste Certificate,46,69,76,66,10,45
9c2a005b-2bad-4d9b-81ce-bb647bbf5bc9,OFC2859,Hazaribagh,Caste Certificate,8,51,364,101,263,40
94c7279a-77e9-42df-b31a-86300013e2d6,OFC2907,Ghaziabad,Domicile Certificate,27,77,989,383,606,48
5a9c6448-fa1d-40c5-bb4b-4d52836f3f49,OFC2570,Deoghar,Income Certificate,16,65,365,186,179,48
b9ad8178-4eff-4b15-be23-0bf344b21cf6,OFC7109,Delhi,Caste Certificate,32,143,965,359,606,48
b7e674e0-467c-40f2-9034-ed70b6db448a,OFC3841,Port Blair,Marriage Certificate,20,96,264,168,96,48
c90a32b0-3fac-4ec7-9a9e-0bbd48e5fef5,OFC7265,Pune,Income Certificate,48,151,543,497,46,45
bf2d5ecf-7871-4839-b31b-2f2341078dc7,OFC5318,Mumbai,Birth Certificate,45,124,575,105,470,45
1d820c14-0c3b-4953-8b6f-0ca48b3fdbee,OFC4909,Lunglei,Income Certificate,38,166,558,483,75,45
20fa48c1-7ffc-4693-ad80-859dd59898e2,OFC7831,Nashik,Marriage Certificate,32,174,551,39,512,35
9d8aa0cb-bee7-40ee-8754-091d35d25b89,OFC1753,Tiruchirapalli,Marriage Certificate,9,98,279,176,103,45
3fcad25b-8c99-4e6b-8fbf-b8844f01145f,OFC8455,Mahbubnagar,Marriage Certificate,41,98,979,172,807,45
8cff9bfa-8cfa-4f5b-8417-9f00ec7158e6,OFC1865,Nashik,Death Certificate,7,18,949,855,94,45
bc36b975-77c7-417f-89dc-bcb290b1e868,OFC1561,Warangal,Birth Certificate,6,124,407,313,94,35
7e3a4608-ef16-4b6e-9089-db240d8bebff,OFC8016,Mangalore,Birth Certificate,9,93,146,117,29,35
6a5680b0-8853-4f07-9861-5a5b079ccb41,OFC5155,Panaji,Income Certificate,20,45,287,46,241,35
71c8fd36-e13e-46c7-b430-cd239c750591,OFC8503,Roorkee,Caste Certificate,10,126,778,146,632,45
7510af7e-a99a-48f3-8149-4be78ceaf69f,OFC6314,Aizawl,Death Certificate,50,128,114,86,28,45
3b6157c2-a29c-4330-ac1f-b4ba68f4ce15,OFC3082,Chennai,Income Certificate,14,36,818,398,420,35
c553db93-4299-4a2e-bb45-bf17f5da6780,OFC3072,Coimbatore,Birth Certificate,39,141,977,295,682,48
709dd9fb-dc76-462d-926e-0e721ca52014,OFC4124,Mohali,Marriage Certificate,45,142,455,140,315,45
938d6c78-a509-4b68-83d0-e1214f94b0ad,OFC5101,Kanpur,Marriage Certificate,36,166,708,545,163,48
8db051ae-7a00-4399-985d-2507bd72bace,OFC9379,Jaipur,Domicile Certificate,10,83,244,107,137,35
f0fd0ba9-3b86-42f6-96f6-ac1fa7825e81,OFC4996,Ghaziabad,Birth Certificate,23,135,570,409,161,40
841345d8-cd4a-4420-bb15-c9b8ff9abd0b,OFC3932,East Delhi,Domicile Certificate,41,100,510,140,370,48
554f442c-6945-4ad2-9cb5-5cb4e402be6a,OFC4110,Vasco da Gama,Birth Certificate,12,178,238,206,32,48
624d884e-8a92-4320-a7d4-1f0886997f54,OFC7382,Jammu,Death Certificate,6,22,637,369,268,45
22d6ab9b-7131-4038-892c-6cbb83e295fd,OFC3357,Mangalore,Death Certificate,41,35,586,178,408,45
a22412fb-2855-4f23-b066-8087312bff6b,OFC5089,Agartala,Income Certificate,45,145,110,82,28,35
40addd58-8179-40af-80f8-eb6a9b6086bd,OFC5633,Khammam,Domicile Certificate,12,150,322,116,206,48
d053fafe-f5c9-4bfb-b7d5-4b26a50763b0,OFC6919,Nizamabad,Income Certificate,31,118,874,638,236,40
17977a40-3644-40ae-bc93-a85fc2736174,OFC5105,Mangalore,Income Certificate,35,18,100,33,67,45
a860641b-0870-45d2-a7d0-43d8989fe2c1,OFC3915,Erode,Caste Certificate,19,132,531,382,149,45
6c57cd05-fc8c-4cba-bba0-46928dd653e2,OFC5586,Thoubal,Income Certificate,28,169,773,347,426,45
32767590-b4a8-48e3-96d0-5a198b679bec,OFC5337,Giridih,Domicile Certificate,47,171,908,148,760,48
794e6df8-cc5d-4a4c-8582-0e66b53739d4,OFC4792,Siliguri,Marriage Certificate,49,31,651,234,417,40
a10e6f09-cbf8-4a89-8ea9-f93cfd911a7e,OFC6383,Dispur,Birth Certificate,28,16,700,93,607,40
e4bff33c-4955-4c36-805f-32dc4c0e4c90,OFC1979,Medinipur,Domicile Certificate,5,157,275,234,41,40
9109f779-104e-42a0-ad40-f16de619fddb,OFC4641,North Delhi,Birth Certificate,14,134,86,55,31,40
1e37c044-d599-4c40-9ae8-85ad46c86276,OFC2386,Sikar,Caste Certificate,46,73,402,271,131,40
34f1c234-dd4e-4d65-a1e7-ff3cd356f003,OFC3222,Gangtok,Death Certificate,16,79,159,53,106,40
25e35aeb-378b-49dd-982c-29c93ce34466,OFC4604,Sikar,Birth Certificate,45,100,610,143,467,48
26130c89-1857-4c8c-b8ce-25e068f95cfc,OFC7448,Mapusa,Birth Certificate,28,126,178,150,28,48
03408a0c-b40a-4cca-a7a3-cfc6d6879747,OFC2049,Central Delhi,Income Certificate,45,65,972,305,667,40
bc00d55f-3ad5-4fc1-aed0-01e336026269,OFC2024,Jammu,Death Certificate,14,121,195,195,0,45
a2b1b61d-de12-483f-988f-ed1c0f2fa9f9,OFC8588,Bathinda,Domicile Certificate,47,73,841,728,113,35
4a9f020a-17aa-4fb8-955e-5e02d8fa3d42,OFC6529,Jodhpur,Income Certificate,31,130,126,49,77,48
9947a6c4-1338-4db4-9f2f-41d5cc2df1ea,OFC9092,Salem,Marriage Certificate,11,127,638,564,74,48
99cba480-b26b-47e3-9a78-23e6aade84e9,OFC1548,Gaya,Death Certificate,22,69,511,219,292,40
d51e14fb-6e45-41a6-91ec-916f45134d10,OFC7057,Alwar,Birth Certificate,40,60,833,770,63,35
7c5137fb-78f6-4761-b695-a48e4ae395bc,OFC7332,Nashik,Marriage Certificate,42,65,815,416,399,48
3fdad5d2-f9a5-4442-a57d-e4da97c75e8a,OFC4719,Jamnagar,Death Certificate,37,130,926,257,669,48
83ca644b-170d-44ae-9ae3-d6f7153f4971,OFC7846,Mohali,Income Certificate,21,46,670,412,258,48
588d7d3e-0699-45a6-af03-37c4ced33d0a,OFC7222,Hazaribagh,Marriage Certificate,20,121,958,222,736,35
691774fe-81f1-40e0-b810-fcf80c1b181d,OFC8724,Aurangabad,Birth Certificate,19,69,78,68,10,45
01147dbf-b977-4682-ad0d-45157814fc0b,OFC1040,Solapur,Death Certificate,41,107,180,87,93,48
80fc6cb4-29e7-4302-86f3-f9fdfc3f0664,OFC8627,Dimapur,Income Certificate,48,145,576,568,8,48
1a569a13-c125-4051-b2e5-d7a2c0d90996,OFC4066,North Delhi,Domicile Certificate,42,15,799,766,33,45
f47ee80d-055b-4026-9984-ba2ced5a12e1,OFC5808,Meerut,Birth Certificate,26,152,968,267,701,35
5722589e-457c-43fa-9be5-420b197f430e,OFC6191,Meerut,Caste Certificate,48,148,537,397,140,40
ad557d7c-9946-485f-b2fc-0e68227c6969,OFC9027,Medinipur,Birth Certificate,46,118,972,270,702,40
98f02568-ed9f-466d-a135-fb8da1f81840,OFC6799,Nainital,Caste Certificate,39,137,901,446,455,40
8ca4f8ad-4252-40f1-b2f1-ca19cbc1e43e,OFC2494,Srinagar,Death Certificate,10,30,999,715,284,45
cd93fd34-5a50-4655-8189-e61e08a41ec6,OFC5673,Bhagalpur,Caste Certificate,49,151,807,351,456,40
38af5d9e-cd18-4368-afb2-d4b30672f2bd,OFC2230,Chennai,Marriage Certificate,38,89,729,303,426,35
dbb986a4-8d0a-4dc5-b0da-4b5f0ae7d3ec,OFC6120,Tura,Death Certificate,17,127,853,124,729,48
9a276ef8-b287-4249-8965-f9e1f3de3263,OFC9514,Mumbai,Domicile Certificate,21,153,557,122,435,45
57bfeefd-4871-4f90-a136-00af3efec1ec,OFC6956,Bhilwara,Marriage Certificate,43,146,550,378,172,40
f05e0e47-d1c9-45c3-b551-81d44abd612b,OFC5651,Salem,Marriage Certificate,38,28,286,252,34,45
ca34f692-2e1f-4aed-819b-bcc193dde642,OFC3636,Shimoga,Income Certificate,46,96,826,160,666,45
50baa3f4-60c9-4791-a00c-de959652a677,OFC4837,Jowai,Income Certificate,32,73,688,446,242,35
64d95939-2584-41f9-b200-5889d06a6477,OFC9887,Minicoy,Marriage Certificate,18,57,965,517,448,40
68c5323c-c276-4826-9d44-18c7d731734a,OFC6888,Jaipur,Death Certificate,20,28,814,773,41,35
4796dbbc-cbab-403f-9994-b2821b48a2a6,OFC6513,Nongpoh,Marriage Certificate,8,54,392,157,235,40
68a63a82-6cc0-48e1-b526-ae1abb03b040,OFC9456,Imphal,Caste Certificate,36,57,883,850,33,45
1b04f600-ea45-41f3-89aa-ecd49b7d7f85,OFC3513,Jodhpur,Marriage Certificate,7,157,752,67,685,45
cfeb8ab8-ef49-4cf4-9ccb-f383ba785aca,OFC6246,Tawang,Income Certificate,9,139,943,397,546,35
f37d397a-795f-4285-ac96-0e76b079b1bd,OFC2048,Kathua,Birth Certificate,38,45,405,338,67,45
ba84ed4e-fd54-432e-9e9c-984a5fe14ab2,OFC6215,Tuensang,Birth Certificate,6,145,293,218,75,45
1abaec26-a0e9-4362-a00d-6b30d3b4a9d7,OFC1618,Srinagar,Income Certificate,44,169,576,498,78,48
5c6f2b78-2dc7-439f-ab37-59eddde643bd,OFC2565,Tumkur,Domicile Certificate,24,172,399,399,0,35
768b7044-edec-4197-84a6-1447d62de2b0,OFC2025,Nongpoh,Marriage Certificate,30,172,474,370,104,48
2ca75f9f-984a-4561-8208-0ea6ea4577e0,OFC7080,Champhai,Caste Certificate,36,115,814,36,778,45
afad4fb6-83e6-497a-8c9a-3debd42b0744,OFC4912,Lucknow,Marriage Certificate,10,25,287,205,82,45
f1437614-2aa0-43ac-aedd-3c98bb20f1e0,OFC7480,Ludhiana,Income Certificate,41,103,754,69,685,35
c9779072-b269-4c85-85ac-48ec3554b6e9,OFC5202,Malda,Death Certificate,36,164,492,302,190,48
a043c171-63f1-442e-9a3e-6875af106089,OFC9571,Kathua,Caste Certificate,5,120,702,147,555,48
9886b6d7-41e5-4865-9213-1342f065aebb,OFC2724,Champhai,Income Certificate,7,154,290,111,179,48
b85e8236-1ef4-44a4-a27d-62ef54326fcc,OFC3801,Madurai,Marriage Certificate,36,177,826,118,708,45
6d3917a1-c6ed-41a2-954d-dda0f3d5b134,OFC6309,Ramgarh,Birth Certificate,41,23,633,178,455,45
be300777-2047-4b31-a048-03ceed64a004,OFC9037,Warangal,Caste Certificate,36,91,801,489,312,40
60055c05-ded9-49e6-b508-89f2187c2b79,OFC6995,Agra,Income Certificate,44,147,527,112,415,48
cc1e1d2d-087e-44ac-90c9-201f0ceb6bc2,OFC4575,Silchar,Caste Certificate,26,100,319,305,14,45
c538a205-2ff2-41fe-a5b2-8ce0b2c60523,OFC5732,Surat,Domicile Certificate,26,46,182,74,108,40
fe125261-053e-4491-b514-5804ef583b06,OFC2077,Rangareddy,Caste Certificate,44,92,937,525,412,45
cee2037e-7c72-4f39-844e-24ee0aeb7d4b,OFC2756,Ujjain,Income Certificate,29,168,532,312,220,48
c14f1293-1b8b-48f7-94b3-2672a8919411,OFC8535,Pathankot,Caste Certificate,16,20,184,95,89,35
19fa1ca1-3b6f-4fb8-8bf2-68ee2168082f,OFC7247,Meerut,Income Certificate,17,73,398,248,150,35
07fe1a88-012f-4227-a0d8-70c1757c9a37,OFC2727,Bareilly,Birth Certificate,26,31,917,713,204,48
9a42265a-0e34-47f7-b83d-1a50fd795989,OFC3324,Shimoga,Caste Certificate,36,130,370,173,197,45
3b6ff8d9-f614-4086-b045-01a7c597836f,OFC5103,Gaya,Death Certificate,14,112,327,82,245,48
be5730b4-0ea2-4b42-a55b-4f9929b5d3c6,OFC8637,Dibrugarh,Death Certificate,7,80,672,371,301,45
89b60182-aa15-4580-bc3f-cd2f21f82dd9,OFC6207,Nizamabad,Income Certificate,45,15,493,448,45,45
cbdebb61-426b-4c30-a9b5-ce42bdcb853c,OFC4390,Gangtok,Domicile Certificate,9,79,732,548,184,45
dc58774f-c8e8-4d35-860f-30f4df593b4f,OFC4526,Jamnagar,Birth Certificate,36,72,248,233,15,45
f1a83d81-faa4-4365-ac1a-a0196cbb20ff,OFC4502,Pathankot,Marriage Certificate,47,113,602,71,531,48
3e4efdfc-b61d-4592-8124-ef62bd76e2cb,OFC3895,Amravati,Marriage Certificate,18,53,560,149,411,40
f0a80b26-57c7-450b-b2f9-7af03072d426,OFC5769,Geyzing,Death Certificate,5,51,553,357,196,35
ba8ad099-73bb-41a7-9316-6a78c178fe4d,OFC6782,Thoubal,Caste Certificate,45,171,438,435,3,48
dd0f0c30-91d3-45f7-961f-1ebe63efb29a,OFC3751,South Delhi,Domicile Certificate,19,70,771,506,265,45
0a30e230-9034-40f6-8687-5c871c7a0709,OFC3245,Gwalior,Death Certificate,33,117,527,476,51,35
706ea08a-be59-45d9-8231-306af5781a70,OFC9529,Vasco da Gama,Marriage Certificate,42,111,205,83,122,48
06fb2303-ee0e-4ed0-8de3-1c32380f35c9,OFC3407,Gulbarga,Birth Certificate,30,67,364,103,261,48
d214deec-9906-41c9-af7a-a753f8e59499,OFC5565,Tura,Caste Certificate,28,72,830,571,259,48
10caf86e-d912-47f2-8fdc-1ab3f5c38438,OFC8992,Agatti,Birth Certificate,40,71,812,558,254,48
a8f49054-702b-46c6-b151-b4792835449c,OFC9551,Kullu,Marriage Certificate,34,95,355,86,269,48
76806962-26d7-41f8-9a18-4e10d36209ac,OFC2456,Lucknow,Domicile Certificate,16,30,434,140,294,48
9791e11a-124e-498c-9748-f3c1a9012dcb,OFC2848,East Delhi,Birth Certificate,47,109,625,194,431,45
0e821a3a-5554-490c-a921-010349daf8ad,OFC2098,Srinagar,Caste Certificate,18,46,863,289,574,35
aea8c216-6807-48d2-bef9-ddc4cf016458,OFC2451,Khammam,Income Certificate,6,154,64,53,11,48
87f67384-ce77-47c2-b19b-e21868255c8c,OFC3709,Sagar,Domicile Certificate,21,90,526,168,358,35
e2980f5c-3e8c-47bf-a79e-3b2572cb43f6,OFC5026,East Delhi,Income Certificate,35,91,639,154,485,48
0caf95f6-b40c-4a7c-a808-a1c2733f7453,OFC8051,Junagadh,Caste Certificate,29,26,685,533,152,48
35a73a45-4d70-40a4-a0a8-99adab523efc,OFC3127,Roorkee,Marriage Certificate,9,166,185,144,41,48
0a6555d1-2f13-4cd3-b227-9397701de151,OFC3281,Bokaro,Marriage Certificate,7,108,723,711,12,48
a1a9ab69-e157-4d8e-8563-84135bc047ef,OFC7134,Bathinda,Marriage Certificate,5,59,895,604,291,45
2d737953-1e32-44c7-8fe6-d23afd011940,OFC9986,Mangalore,Death Certificate,21,155,350,95,255,45
29ae6888-e341-4cd0-96ce-f8c069776e44,OFC2186,Sagar,Birth Certificate,37,160,307,95,212,35
f56c851a-ad62-4fe5-9e89-f2316bd28c42,OFC7069,Amini,Marriage Certificate,25,127,854,411,443,35
b4e2174d-5057-40f1-b716-1e8d19db9de5,OFC8631,Thane,Income Certificate,18,88,197,44,153,35
b0677950-6258-45d9-87a8-57f70f43469c,OFC4944,Central Delhi,Death Certificate,45,114,423,162,261,35
e6d748fc-4a8e-483e-8281-3a62eb52392d,OFC4566,North Delhi,Caste Certificate,8,177,930,382,548,40
ab7fcaba-11e3-4dc0-b3dc-d9c1c4c5a429,OFC6563,Amritsar,Death Certificate,14,128,299,241,58,45
a05de8cd-1e5e-4a79-83f3-03b10b226762,OFC8106,Dharamshala,Marriage Certificate,48,81,968,278,690,45
afbd965f-039f-47d6-a817-52d18ce362ba,OFC9626,Asansol,Caste Certificate,18,96,566,80,486,45
ca74d3df-f04e-448b-9ad2-fc178b012f36,OFC1917,Patiala,Birth Certificate,39,22,859,318,541,40
69d37391-75af-45e0-b61e-1fed0280fee6,OFC3921,Patiala,Domicile Certificate,33,75,643,372,271,48
61c02e90-ac58-4a8b-ba3b-967f70952816,OFC8450,West Delhi,Income Certificate,49,91,546,395,151,40
e0018e4c-144f-4101-bac2-609dbb78ad5c,OFC7537,Tirunelveli,Domicile Certificate,11,160,697,600,97,45
10988a04-ce94-4ca3-9d4d-fb1d1eb48e33,OFC5968,Bikaner,Death Certificate,13,76,943,713,230,40
8bcb477b-3b94-49b6-abc8-48f4d0e27954,OFC3641,Mysore,Death Certificate,45,139,776,147,629,35
5ec3e59f-ed3a-453d-b898-803d350a2bdd,OFC3674,Delhi,Domicile Certificate,26,42,322,272,50,35
9d6e2b2d-8a26-444d-b413-62cf43a2a3d5,OFC4509,Amritsar,Caste Certificate,47,137,960,707,253,45
c6118423-ac24-4ff6-9008-d042a3ee29b0,OFC9554,Mandi,Death Certificate,24,75,621,202,419,45
a0e46739-9837-49e5-bf7a-8c92a168b78b,OFC8184,Nagaon,Caste Certificate,12,70,415,113,302,45
9a061c09-e77a-4c14-867f-582fddfbf52d,OFC8175,Mayabunder,Domicile Certificate,19,174,116,52,64,45
aa779f99-3e2e-4695-95da-0274d24de952,OFC1519,Siliguri,Income Certificate,11,164,786,92,694,45
ff6f7a56-2c9a-4576-9048-4dfc721b4ceb,OFC4929,Gangtok,Caste Certificate,45,66,229,151,78,40
d82a394b-dbdd-47a6-a10a-70f2fb94bb60,OFC7724,Tezpur,Death Certificate,40,81,801,381,420,35
1dfa292b-91b3-40f3-ae62-4c1d99df07aa,OFC4175,Ahmedabad,Birth Certificate,22,100,352,63,289,35
17fa0db7-cb4c-4e37-be1d-fc84d4034521,OFC5765,Mangan,Domicile Certificate,42,41,968,762,206,35
4f67e334-44d0-42cf-b69c-522062ecd739,OFC2042,Dibrugarh,Death Certificate,23,58,695,55,640,48
eff6d89c-4441-4d0d-bace-55c2e7218013,OFC1065,Darjeeling,Birth Certificate,10,179,922,79,843,40
edf6225f-7063-4047-a609-17c5004829f6,OFC5629,Aizawl,Marriage Certificate,35,58,915,647,268,48
145ec08d-eb49-4fbe-891d-b70ac8ab55c5,OFC6943,Roorkee,Income Certificate,9,97,105,84,21,45
d9d4f39f-3f55-4aa7-b2f6-07c11a6e3733,OFC3611,Gangtok,Death Certificate,20,97,639,551,88,40
ed7c4dd5-b9de-4a69-b683-9a57b55d92c6,OFC6208,Bhilwara,Caste Certificate,38,158,659,503,156,48
6f53870d-66ac-4928-abb2-563f9dae8a31,OFC9087,Havelock,Birth Certificate,50,56,299,275,24,48
e7fc278c-b144-4a2f-9a4e-34b7d9d1e43d,OFC7850,Madurai,Death Certificate,38,55,212,41,171,45
07608e19-3a72-4fdd-8c7b-b224fa0dc979,OFC4187,Amini,Birth Certificate,38,126,506,189,317,48
d94a74e3-29d1-41c7-ba78-7d8e7d834c8b,OFC6725,Agra,Birth Certificate,19,164,923,601,322,45
f025f6f7-2c6e-43b3-8723-ff9b77f31e13,OFC7228,Agra,Death Certificate,15,18,832,645,187,35
720c843d-5929-454a-8c8b-81939328463c,OFC2902,Satna,Death Certificate,7,79,874,325,549,35
aff0710b-b574-42f1-8f3b-d03f2b530e58,OFC4976,Kolhapur,Caste Certificate,12,89,514,115,399,35
8f9a4485-7460-4b79-bc43-c5ef6786d491,OFC8461,Imphal,Marriage Certificate,15,167,239,92,147,40
db3c10f5-5e49-4a21-83ca-88b59eee7ffe,OFC7952,Margao,Caste Certificate,14,63,826,241,585,40
87e7e420-30c3-46bd-a68f-da910b97c8db,OFC2789,Leh,Birth Certificate,15,101,737,370,367,45
5aa7b23a-5692-4e04-a5c0-3b1d089581b4,OFC5407,Nizamabad,Income Certificate,37,82,618,532,86,48
01a29723-6991-4d01-9f1a-b2fe4a975ba5,OFC2729,Kanpur,Income Certificate,22,133,452,332,120,48
fe5185bc-1748-42b5-a5e0-93616abb9231,OFC7727,Karimnagar,Death Certificate,50,173,695,262,433,35
014d99e5-4864-4429-9b3d-0fb0cbc10c4c,OFC4125,Jodhpur,Caste Certificate,29,107,980,502,478,45
e7879f5c-9385-4aff-91e5-d7b3de155914,OFC1805,Mokokchung,Domicile Certificate,39,26,189,124,65,48
8a31f9ed-d17b-4099-a874-02312973d817,OFC9874,Ghaziabad,Marriage Certificate,14,134,369,133,236,45
4e42942d-eaf6-4646-9497-47717bd1df4d,OFC4077,Chennai,Income Certificate,28,69,789,197,592,35
8f42b56a-0227-4b58-879e-54841b8ac241,OFC5399,Gangtok,Income Certificate,37,71,898,345,553,35
b403a981-2fb2-4e54-9df8-fe5d9e559e99,OFC7806,Bareilly,Death Certificate,34,64,629,266,363,48
7d662fae-b5f7-4919-ac0c-850e387288fd,OFC1344,Vadodara,Domicile Certificate,31,122,151,103,48,40
dc2d0219-7c84-42eb-9673-3a8033c44468,OFC2040,Delhi,Caste Certificate,30,20,815,94,721,45
cd86bb91-3db5-4e08-9222-9e37ab11b011,OFC9636,Mokokchung,Marriage Certificate,19,146,990,795,195,35
879df7af-e78a-451d-8f2b-9528022464ff,OFC8949,Havelock,Caste Certificate,40,113,430,217,213,35
44ff7689-15a4-4f15-a2ae-c37a7de9876d,OFC3640,Dimapur,Birth Certificate,18,171,484,313,171,40
d62bdb24-763b-496c-adeb-704095203d4a,OFC8516,Nashik,Birth Certificate,20,89,970,541,429,45
ad3f41d6-47d0-4689-9209-70e5c0a1251f,OFC3984,Surat,Death Certificate,11,163,386,192,194,40
f4edac15-d53f-46bb-a69e-81aa1e4607a3,OFC6942,Tumkur,Marriage Certificate,31,75,808,30,778,45
378dc67e-dacb-4abb-a66a-0782077ddc7e,OFC3180,Hubli,Death Certificate,32,91,950,365,585,40
d0007571-d09a-450f-8f40-4293218e7708,OFC1069,Udaipur (Tripura),Marriage Certificate,44,82,931,116,815,40
917d917e-6433-4887-a577-e0b3d6413770,OFC2702,Adilabad,Birth Certificate,32,44,583,58,525,48
3a6bf288-89e2-41d6-b8b9-4a00e4633023,OFC4528,Havelock,Marriage Certificate,49,52,586,493,93,45
586ff0cd-c38b-48a1-9abd-4d0e41a968e5,OFC9972,Mokokchung,Birth Certificate,10,169,364,227,137,40
879365c9-23f5-47d1-ab1b-80d453343dba,OFC1054,Bikaner,Birth Certificate,38,166,398,269,129,35
1497aae8-d94d-4d9d-a717-98b7bbbd08ee,OFC4752,Jorhat,Income Certificate,14,28,964,123,841,48
01d52db9-1960-45de-afa1-99d0b49c1526,OFC6982,Panaji,Birth Certificate,7,71,57,33,24,45
0a6193ad-4f3a-453c-9f16-e5600b5a406e,OFC5483,Rudrapur,Domicile Certificate,29,42,443,371,72,48
a8e69b52-8f0a-4366-bd1e-664067f164d1,OFC5438,Katihar,Marriage Certificate,11,82,97,97,0,48
4469ae5f-d544-4e8b-a63d-e12d946e22ba,OFC9793,Ramgarh,Income Certificate,16,90,861,532,329,48
9dd483e7-0a94-4f43-bbab-36b0f6e9a0c1,OFC4482,Nongpoh,Marriage Certificate,47,22,298,295,3,48
0a16a691-92e2-4bcd-9bba-ceba6535315f,OFC2884,Tawang,Birth Certificate,25,34,503,492,11,40
92eab87f-6052-4e19-835a-3c9caec254ca,OFC7082,Begusarai,Death Certificate,31,61,950,847,103,40
0393f063-6626-49f7-8543-162b599c2032,OFC1440,Minicoy,Income Certificate,17,52,763,57,706,45
84910799-92da-4c4f-b3c9-dc0441f1a724,OFC2988,Itanagar,Caste Certificate,32,156,248,213,35,40
de2f1d6c-5ee8-4d20-aaeb-e6b584d736a9,OFC1142,Imphal,Marriage Certificate,44,74,205,133,72,48
35eb4020-783d-4abe-b781-4f119e4f7c8b,OFC4198,Siliguri,Death Certificate,11,134,101,51,50,45
3899805b-3630-47ea-b0a2-cc6ba94e8e4b,OFC9549,Asansol,Birth Certificate,28,86,312,98,214,40
bc09e98b-0375-4488-a2dc-d997aca55f26,OFC6128,Haldwani,Marriage Certificate,20,108,540,409,131,48
6e950527-249e-4b86-85a3-553e665c9146,OFC2987,Siliguri,Income Certificate,8,139,874,77,797,35
f8572642-56f1-43c8-b701-4d2097ee5b3f,OFC5030,Churachandpur,Marriage Certificate,22,64,292,73,219,35
0f6b3e2a-4058-4d86-893f-0c81d3ad5e76,OFC5376,Erode,Marriage Certificate,27,55,131,68,63,48
f5406797-f988-4a48-a0b7-df977732d3ae,OFC6219,Kathua,Marriage Certificate,10,134,522,347,175,48
4b066dc7-fff3-4bb2-899c-8a5d66ba74bb,OFC8520,Dispur,Death Certificate,9,155,955,381,574,40
b1a0735c-d8b2-49a7-ba32-edbe6e0a8558,OFC9665,Madurai,Marriage Certificate,41,118,583,272,311,48
43b88441-3219-47f6-8ad7-c4159f5140af,OFC1138,Jabalpur,Caste Certificate,8,81,448,284,164,35
7d2b341a-e9f1-4dbe-8923-32f67c794dfb,OFC4732,Belgaum,Domicile Certificate,5,97,757,629,128,40
d0dfa0c1-daab-4f36-9059-a57c30f5ab2b,OFC3056,Tura,Caste Certificate,32,91,800,135,665,40
a68f86f1-092a-4820-b4f0-df733d780b02,OFC6491,Mapusa,Domicile Certificate,42,114,805,197,608,35
09055fc1-dd88-4bf5-af20-53c9ec245aac,OFC9685,Vasco da Gama,Income Certificate,5,102,695,280,415,45
591e5105-ad84-483f-85a0-3be85e2af562,OFC1256,Imphal,Income Certificate,6,162,924,874,50,40
1891d9c5-0a5a-4c08-b1c6-fd55f5c372fd,OFC7239,Gwalior,Marriage Certificate,26,155,574,421,153,48
35afca01-3961-446b-bd33-afd124079fa7,OFC6515,Tiruchirapalli,Income Certificate,6,105,561,188,373,48
11d79887-f60a-41ae-8141-7ad1422b1ce6,OFC3596,Dharamshala,Income Certificate,18,106,998,810,188,35
251df534-d775-4223-ae5d-ca774b433718,OFC5022,Itanagar,Marriage Certificate,32,26,119,119,0,40
3f9367c8-7607-460f-b144-33c467d4c63c,OFC9683,Kavaratti,Domicile Certificate,26,103,907,84,823,40
39e09ca4-a123-4179-88d8-e489154206f0,OFC6753,Kolkata,Caste Certificate,24,53,309,125,184,45
f6645e19-9b34-4454-aa94-d4286a90e19f,OFC8336,Ujjain,Marriage Certificate,31,116,65,38,27,35
0d1992b6-dc0f-4afd-a807-b3c72e51cd76,OFC4250,Khammam,Birth Certificate,41,180,820,652,168,48
7a4f3c22-dd81-486a-abb7-185dee04b3eb,OFC3650,Tiruchirapalli,Domicile Certificate,43,178,806,183,623,45
5e2066e8-5709-426d-a7da-cc08b1d51526,OFC1904,Giridih,Domicile Certificate,14,47,389,208,181,48
91f50c3b-b59d-43e5-b08d-8b51cc43e0fa,OFC1140,Udaipur (Tripura),Birth Certificate,25,146,486,439,47,45
364d24e1-fc78-43b8-8546-2137f2975578,OFC8992,Pasighat,Birth Certificate,44,101,580,193,387,45
5ad1cbfb-02cc-4d7f-b4a3-f07e3d4431b3,OFC6586,Ludhiana,Domicile Certificate,11,61,209,174,35,45
0093a5b5-da8b-4155-97fc-2ea65d25c113,OFC1543,Madurai,Income Certificate,22,156,295,177,118,35
f1f93a5a-a099-47e1-a773-b0b2581dd641,OFC9718,Adilabad,Death Certificate,49,97,402,87,315,45
8ad972ee-c61c-4de6-8698-1dd9295da099,OFC7048,Panaji,Marriage Certificate,14,77,268,96,172,40
b7116629-7924-4bd2-8b56-3ca50357ee09,OFC3855,Dispur,Death Certificate,26,149,292,105,187,48
45887879-ae2c-4e95-91dc-a9c78ece2c93,OFC1517,Mohali,Birth Certificate,23,105,605,402,203,48
c9bcf9ee-217f-4b3d-b874-61c242cab3ad,OFC3622,Tawang,Income Certificate,28,128,177,43,134,45
c4e8b73f-46cd-4888-be07-0f82d42d94e7,OFC6809,West Delhi,Income Certificate,14,100,92,83,9,45
07f47164-91a1-4459-80a7-501de34792ba,OFC5754,Tumkur,Domicile Certificate,44,70,217,173,44,45
9580f6bd-723c-4e64-8ecc-437248e8b64b,OFC7475,Hyderabad,Caste Certificate,8,40,824,365,459,48
45e49a07-6cda-4c89-b131-7a52f192115a,OFC2350,Ajmer,Caste Certificate,42,99,486,237,249,48
96095850-868f-44fb-b3c1-bf0783672df1,OFC8143,Shimoga,Birth Certificate,39,100,929,912,17,40
a6df33dc-afc0-4219-b23f-341438031b45,OFC5993,Hazaribagh,Birth Certificate,5,27,484,126,358,40
5d6a02e8-0e07-4343-8403-41e32426c6e7,OFC5866,Meerut,Birth Certificate,41,81,977,157,820,48
e6b33868-33f0-4018-8b83-b22f9adc838a,OFC6545,Thane,Marriage Certificate,28,103,102,49,53,35
358831d3-506d-414c-9c90-59b07e2e810d,OFC3581,Nainital,Domicile Certificate,6,128,171,68,103,35
2167ad4e-a7aa-4a29-97f3-9afd7f4e7f22,OFC6028,Mayabunder,Birth Certificate,13,156,141,48,93,45
1fa06ca8-9857-4112-9dc1-3e578eb9a292,OFC5370,Dimapur,Domicile Certificate,32,91,310,116,194,40
72462be3-978c-4de5-bf51-0d3665dcc17e,OFC8448,Gwalior,Income Certificate,49,104,293,75,218,45
e71bcf6e-baf6-4fb8-96aa-b65513ffd910,OFC5215,Patiala,Birth Certificate,31,74,781,538,243,45
48fee691-70b3-4bfd-bf29-587cadafb17b,OFC2343,Anand,Marriage Certificate,35,154,408,111,297,48
95bed18e-672a-43cb-89db-074b9ff076c3,OFC2077,Nongpoh,Death Certificate,21,163,392,374,18,48
ed666c25-360f-4ff2-872b-9054fa85e617,OFC2859,Bhavnagar,Marriage Certificate,39,22,808,206,602,45
71a31fc1-ebb8-4762-a8df-08c1cc2c69a3,OFC9114,Davanagere,Death Certificate,43,125,822,118,704,35
7269d25d-5094-4c8c-9e1a-92440a2096a7,OFC3437,Purnia,Domicile Certificate,11,128,184,151,33,45
2c57f7e8-193e-48fc-976f-61657770756b,OFC7040,Mokokchung,Income Certificate,18,179,78,57,21,35
ef36f3da-c386-4dbf-a2e9-a2a38bd797d7,OFC2073,Indore,Domicile Certificate,5,159,627,596,31,48
2a362ae3-05a7-4b1f-a031-00af67c41f22,OFC8864,Thoubal,Death Certificate,38,27,442,154,288,40
b572cefe-06a4-48f3-86fb-f7dffbb7b506,OFC5335,Arrah,Income Certificate,18,92,615,168,447,48
5b62082c-b88b-4112-8ecb-c982ebf5c43d,OFC1844,Havelock,Birth Certificate,20,28,61,43,18,45
52108e8d-2358-4483-8677-fdf8de13996c,OFC4849,New Delhi,Marriage Certificate,48,117,883,262,621,40
7465891e-8a02-4307-9d49-7a8505f5accc,OFC4577,Kavaratti,Income Certificate,46,103,740,330,410,40
95149ffc-ba53-4140-93a0-764f341ec6ce,OFC8467,South Delhi,Birth Certificate,42,55,728,611,117,45
1d96dbac-1368-49a8-8c93-cb156a44fb8b,OFC9926,Durgapur,Marriage Certificate,24,108,686,330,356,48
f7dd58ae-e017-4330-9b8e-2e00cc366a17,OFC3084,Jabalpur,Birth Certificate,13,110,898,253,645,45
94084576-8969-4215-aa10-ae1946db9d72,OFC6575,Udaipur (Tripura),Domicile Certificate,33,169,464,388,76,35
ddd3b55f-6878-4b6e-b7d8-f4df0417bd11,OFC2158,Karimnagar,Death Certificate,12,100,360,247,113,35
719781ac-9195-4429-91f9-19d15202eee5,OFC9313,Panaji,Caste Certificate,19,18,648,407,241,48
c3597d91-6ff6-4efd-8b57-1ef44eec41dd,OFC6836,New Delhi,Caste Certificate,16,67,292,233,59,45
49c10949-e534-402e-9245-d529ffc4b062,OFC8895,Vellore,Death Certificate,32,63,938,536,402,40
e54a4a93-509a-4d29-85be-52a78d4a7522,OFC1531,Lucknow,Birth Certificate,27,124,543,43,500,48
f04241f6-d0fa-42a2-aca5-288b43a84e1c,OFC2897,Patna,Birth Certificate,29,134,301,64,237,35
1e48a3c2-1244-4488-9970-8f69dea49dde,OFC9807,Tumkur,Domicile Certificate,14,148,104,93,11,35
1f61b33b-1ae9-4951-95f5-8e025699be14,OFC3924,Chennai,Birth Certificate,22,95,613,422,191,40
0c40fb80-603f-4b0d-bdcd-396427dd0091,OFC9247,Thane,Death Certificate,32,87,356,128,228,35
c1048809-c381-4add-b92a-47ba886fae26,OFC1990,Dhanbad,Death Certificate,19,173,833,631,202,35
551fcb38-8da6-43b1-9db6-c087490e39be,OFC4628,Panaji,Income Certificate,34,110,365,285,80,45
5bb0d6c0-643c-49a1-81d3-edc8765c166b,OFC2024,Mayabunder,Death Certificate,50,133,613,446,167,40
f44d81d3-6358-4a87-9aef-d87e871bf91c,OFC3965,Anand,Death Certificate,36,49,186,30,156,35
859347b9-1fc1-4c0b-99db-0c7d9e68cc61,OFC2142,Darjeeling,Domicile Certificate,41,77,903,743,160,40
754cb0b3-3730-42a6-8e08-fc71a86492e4,OFC4139,Tirunelveli,Death Certificate,19,129,474,80,394,40
9ada8741-e3bd-469b-8b25-574038341ac3,OFC2375,Jabalpur,Income Certificate,25,99,714,313,401,40
fef55747-5025-422f-a27a-3705da707969,OFC4708,Warangal,Birth Certificate,11,30,760,230,530,48
c28ecb38-005c-428d-9f63-1fbc222cb71d,OFC6915,Darbhanga,Marriage Certificate,48,73,589,222,367,40
8cf2aafd-6e26-4d97-b4da-e9a26c72c70e,OFC9863,Kota,Domicile Certificate,39,128,613,187,426,48
258f32e8-67e3-4828-a741-bc0053cea716,OFC8251,Central Delhi,Domicile Certificate,34,129,607,554,53,45
b185b4b8-8c8b-411b-94c8-aea3123f3b8d,OFC4089,Dibrugarh,Birth Certificate,38,40,685,656,29,45
a1805c40-45d6-4f69-bc30-e195ae5acb3e,OFC2311,Jammu,Domicile Certificate,28,28,98,36,62,40
305144a7-420f-45d1-b452-de4bfca905c8,OFC8348,Davanagere,Birth Certificate,6,82,802,523,279,35
cb9d458a-ee9d-4781-a9aa-4c4a65883493,OFC4066,Bathinda,Domicile Certificate,6,162,510,298,212,35
ea70b59d-e2f0-4fb3-a242-7fe69b1dbff5,OFC3097,Agra,Birth Certificate,45,146,262,190,72,45
cdb98874-2c8e-4e24-bfff-43c46f7a7d43,OFC8388,Chennai,Marriage Certificate,37,111,447,116,331,48
4fa07119-6597-4603-a6e7-6243697aacdc,OFC6280,Thane,Income Certificate,6,65,732,460,272,45
bd808b38-c7f4-4723-8278-0b261af991e5,OFC8116,Hubli,Birth Certificate,32,127,97,96,1,45
b3fc439a-e282-47b9-8296-c0b28cccbd0d,OFC8045,Srinagar,Birth Certificate,8,109,467,84,383,40
2ad990cf-cb5d-4719-bf40-2fa85e7db1c0,OFC2692,Manali,Income Certificate,32,151,750,100,650,35
30785faa-754b-41df-80a7-668171998912,OFC3320,Chandigarh,Birth Certificate,42,163,699,655,44,40
2b311cc6-99ab-4427-be0d-86ea1a338801,OFC4123,Chennai,Birth Certificate,8,159,518,50,468,45
dd72d789-00cf-4d6d-9071-3f1a5c791b3f,OFC9955,Karimnagar,Birth Certificate,38,65,982,495,487,48
880994a3-3ca9-4d20-bf0f-8eb2e86dbe4c,OFC4787,Kota,Birth Certificate,35,89,918,278,640,48
4848524b-d9d3-4ec9-ab42-573c8b5a16a8,OFC4567,Shillong,Domicile Certificate,14,137,465,403,62,48
6dc461b0-5c5e-49b9-8d0d-2e819dbe4ec3,OFC1019,Bhagalpur,Income Certificate,46,109,494,383,111,35
998980d5-f02e-4017-9727-5c4fc03ab15b,OFC4542,Mokokchung,Birth Certificate,48,84,731,477,254,40
ae99b145-c3ed-4428-9620-a22ecb0b1d7e,OFC4314,Kolkata,Birth Certificate,23,40,511,257,254,40
4be96b19-e4a0-41a5-a185-bc66c347c0f5,OFC2258,Junagadh,Caste Certificate,11,99,955,355,600,40
3098c6a2-1eb1-4d47-a556-65b4f85c2934,OFC7923,Minicoy,Marriage Certificate,44,78,656,86,570,48
98c99383-e97d-4561-ba5d-7c312f732e93,OFC6293,Nanded,Birth Certificate,12,78,877,382,495,48
e36a0644-706f-40fb-b50e-4cd5bdf9b274,OFC3464,Thane,Death Certificate,43,98,492,227,265,40
086c59e2-0a8c-4d77-8dfc-2b346e8b67c1,OFC2084,Kohima,Death Certificate,9,23,328,71,257,35
620da993-7c78-4885-bfcc-7db78c32adcb,OFC9960,Dhanbad,Domicile Certificate,42,145,481,51,430,48
821f8cee-8c1f-4b4d-b599-3a4f56c6f551,OFC9521,Ajmer,Income Certificate,7,168,868,686,182,45
20038001-4185-44d8-a98e-dec6a8802f2d,OFC2551,Siliguri,Marriage Certificate,45,130,170,118,52,35
f7a2ec2f-c489-497b-a774-3e2e844076d5,OFC3293,Ramgarh,Death Certificate,35,104,619,150,469,48
e9f8b215-9719-44d0-8cb4-300e032d11da,OFC1011,Dibrugarh,Death Certificate,49,129,677,272,405,40
e7d35074-2f5d-4926-871c-0d60fde17763,OFC7692,Tuensang,Caste Certificate,12,93,188,85,103,45
f84d5807-4d5c-4d70-a0e5-4ee1fda6d74e,OFC5759,Gangtok,Caste Certificate,38,110,687,509,178,40
a7218b94-1dfa-4b0a-abe0-3055d07a833c,OFC7245,Baramulla,Domicile Certificate,43,72,919,848,71,35
37a3ae27-dc6a-4f34-9d42-19599c131328,OFC2321,Nizamabad,Marriage Certificate,32,33,446,330,116,35
1138bd8e-c12a-45f5-bcbd-2261972f0476,OFC2609,Dispur,Caste Certificate,22,77,567,538,29,40
d4b344f4-688a-42e2-bb47-0367dbc32971,OFC5916,Kullu,Marriage Certificate,47,137,365,214,151,48
668c042a-1b90-4d8d-8dca-2efed268f607,OFC5057,Margao,Death Certificate,33,80,615,103,512,45
bca03607-7190-424a-83f0-56f79c058a39,OFC8837,Kohima,Death Certificate,18,142,730,674,56,45
b9fc2267-b1fb-47b3-bf53-ecd035e4ee44,OFC4408,Mayabunder,Caste Certificate,39,129,482,144,338,45
2cf103fc-cb90-4d11-b48c-47213401f2ce,OFC9256,Tezpur,Caste Certificate,36,69,529,44,485,40
e58d64f7-23dc-4118-b074-b6501d7a6667,OFC2866,Mumbai,Birth Certificate,13,80,247,180,67,40
d46b03d1-c8be-4c29-8cb2-96ef3f8173e3,OFC6380,Ratlam,Income Certificate,39,85,207,99,108,40
f96678b8-3394-4e53-904b-b7277f22e122,OFC6057,Udaipur,Death Certificate,27,153,278,146,132,45
4de25714-dea2-4624-bc80-57d36f844eec,OFC5274,Vadodara,Domicile Certificate,42,111,124,37,87,40
f75c5dd1-69e8-4964-9690-3d485a630ed0,OFC9221,Mapusa,Domicile Certificate,40,80,355,80,275,45
60ce4faa-be2c-4d85-92dd-0caee1fc72e3,OFC2464,Central Delhi,Birth Certificate,27,26,297,50,247,35
0f576478-9aa3-4e43-9af3-74f5a0bd70f6,OFC9633,Kullu,Marriage Certificate,18,60,573,456,117,40
ca516de1-254d-473c-bcf0-2116930a4026,OFC3572,Anand,Caste Certificate,24,170,990,826,164,45
f9d75ec2-f3dc-4f68-b542-28215a0c5ef2,OFC9790,Udaipur (Tripura),Birth Certificate,30,88,385,306,79,45
ac55e2b9-e6b7-4e0d-a4ab-f2faf6fdf7ed,OFC4521,Ajmer,Domicile Certificate,13,59,823,683,140,40
71424426-a588-4e3e-89a9-6eb569307ad5,OFC2886,Srinagar,Birth Certificate,32,32,50,30,20,35
6542fe76-0388-46b4-88e4-b5d60ea21386,OFC2241,Dimapur,Marriage Certificate,10,92,474,264,210,48
6efdb9fe-1a46-45c3-b127-58a161188789,OFC4642,Kohima,Domicile Certificate,34,175,970,202,768,45
62971ce3-cf98-44aa-bdc3-b0e3d193dc04,OFC9118,Vadodara,Domicile Certificate,23,90,225,139,86,40
a21eec86-871d-4c8d-ab74-68638f427714,OFC7509,Delhi,Caste Certificate,20,20,877,286,591,35
ccbfefc6-bf96-4c53-af5e-715e7c2651a8,OFC1173,Kavaratti,Income Certificate,18,150,880,826,54,48
90d7151d-9a3a-4a9a-bbbb-6c36284400d6,OFC2271,Delhi,Marriage Certificate,26,111,744,369,375,45
5d95df5f-fb97-46a4-9bd9-945684274e0c,OFC3193,Ramgarh,Birth Certificate,46,20,516,158,358,45
6262af09-0f8b-4e6e-8d73-758efbd2a4dd,OFC6732,Gorakhpur,Domicile Certificate,37,124,648,630,18,40
b36e62d6-625a-4896-ac59-7fb9621d7217,OFC9685,East Delhi,Marriage Certificate,39,17,207,189,18,45
28591fb0-e04b-4fba-9f59-8f4837e8d45d,OFC8926,Jaipur,Birth Certificate,38,21,808,480,328,48
67f5f6cf-c55a-426f-8083-6fd93b518543,OFC1656,Nainital,Birth Certificate,30,45,503,386,117,48
0b48f027-8c65-49d8-9bc4-79ad7e72671b,OFC3887,Vellore,Caste Certificate,41,127,552,392,160,48
76ebcb92-b59b-4a4a-8292-2dc967e196ed,OFC1021,Patna,Birth Certificate,35,70,419,348,71,35
44dfc413-b23e-4ae7-969d-a27daf3de29a,OFC7023,Dehradun,Income Certificate,40,164,944,700,244,45
3e1eecbb-d4c8-4a5b-82fc-e77052207df3,OFC9307,Tirunelveli,Marriage Certificate,39,61,367,99,268,45
a7d10f23-0222-4719-9b80-9f7a1e2662a6,OFC8012,Darbhanga,Domicile Certificate,36,45,287,190,97,48
c4b99cac-6313-4d68-91c9-960a1ff0abd6,OFC2207,Bangalore,Marriage Certificate,43,114,202,161,41,40
a26e3e9c-3247-4c4b-8a74-d4b6fdf0a528,OFC7088,Vellore,Death Certificate,50,180,556,496,60,40
11422be0-fe58-4c57-8e93-cb116b319bfd,OFC2569,Geyzing,Caste Certificate,47,69,622,556,66,40
b8acb953-aedd-4ef3-a7c4-013e84ad1dd6,OFC6275,Itanagar,Marriage Certificate,41,178,118,75,43,45
09baca5c-7cbe-4204-9079-d2573da6659d,OFC6124,Mysore,Income Certificate,30,166,268,180,88,40
b198b21b-9895-42e0-873a-e3e2215ff654,OFC6267,Agatti,Caste Certificate,43,87,444,261,183,48
6d8399d8-9d82-41da-ab69-072afc2da658,OFC9520,Kathua,Birth Certificate,19,48,891,425,466,45
d3efb9bb-2e96-48ee-a32d-5ecfe18e977e,OFC4128,Minicoy,Marriage Certificate,34,120,285,82,203,40
50824bde-64bf-4540-933d-3195940ea149,OFC2507,Rajkot,Income Certificate,9,145,433,333,100,45
26f11044-a665-475c-b248-a1ce4e6e3764,OFC2301,Mangalore,Death Certificate,19,25,772,752,20,35
4c2833a8-695b-4e26-8fa6-1aa64e6e5a6c,OFC8303,Siliguri,Income Certificate,29,70,846,738,108,35
423578e1-3ecb-4811-88bc-b75aad7ebc3d,OFC2679,Thoothukudi,Marriage Certificate,46,151,140,71,69,35
79050810-d47b-4905-a2bb-69d5ef686c1d,OFC4192,Amravati,Domicile Certificate,9,53,673,475,198,48
ffd3f4f0-0307-4c2f-91d1-f5205bd7b4cd,OFC8238,Purnia,Birth Certificate,47,159,441,185,256,45
a04d63b3-a8e9-472c-bfc8-7393ef5dc0dd,OFC5373,Guwahati,Death Certificate,14,125,884,360,524,48
c49699b1-ec91-47d2-99e7-e5ebb67f2e49,OFC9904,Dispur,Death Certificate,39,141,190,68,122,40
05ba47aa-565a-450e-94f3-59d08ed1735e,OFC8124,Mangalore,Marriage Certificate,31,78,316,176,140,45
c65e6c7c-16ec-4865-b17e-dd70c58d6c85,OFC3232,Lucknow,Marriage Certificate,33,127,491,355,136,35
77918053-e605-4e7b-b1fd-13bbf2b1c867,OFC9328,Tezpur,Domicile Certificate,6,141,507,127,380,35
3e314dda-0d65-4829-925f-fa25aef1a64f,OFC4246,Minicoy,Domicile Certificate,25,140,526,163,363,45
e546b799-2b0d-4e1d-8192-4e15c3e3415d,OFC2183,South Delhi,Marriage Certificate,19,119,197,190,7,45
59947203-1889-470a-bcc8-ccbec5b475d4,OFC3064,Malda,Caste Certificate,38,73,954,424,530,35
27621ab8-2a5b-47f6-9cc4-6f3200fa9a6f,OFC5631,Muzaffarpur,Caste Certificate,47,119,319,172,147,40
93ad9052-39c3-4f51-a36b-8320a75174dd,OFC6372,Udhampur,Caste Certificate,36,90,397,261,136,45
8c898a57-947a-4c94-a4f2-0debbab470c6,OFC2837,Purnia,Birth Certificate,14,70,254,76,178,40
aec35fde-2154-4562-8d71-22e5d7a2a285,OFC1287,West Delhi,Caste Certificate,7,107,566,77,489,35
715f7236-b990-442f-8f37-9db25f031469,OFC9914,Delhi,Caste Certificate,37,113,805,421,384,40
f0557a16-07f0-4632-9b04-e49be7eab34a,OFC7030,Serchhip,Death Certificate,26,153,884,695,189,45
17c6dd18-dd51-4a26-8a7c-0befff104acc,OFC7450,Namchi,Income Certificate,43,161,524,403,121,40
3f12319f-4bf4-434e-8171-6958f72ef7c2,OFC4646,Guwahati,Income Certificate,5,39,421,64,357,45
d9c8a456-c366-4c71-95c9-d6970faa20e8,OFC7869,North Delhi,Death Certificate,21,112,880,344,536,45
863f5025-f152-4ff5-b026-541097e00500,OFC6239,Kohima,Death Certificate,11,58,103,53,50,35
6447e913-76af-4224-9344-4afb174ac66b,OFC8372,Asansol,Death Certificate,48,135,645,331,314,35
07910f4b-8790-4fe1-89f7-2a9d834dea7c,OFC5711,Srinagar,Caste Certificate,48,41,447,421,26,35
6f5a8c38-fd8c-4385-b100-30bf5709d444,OFC7084,Tura,Domicile Certificate,28,165,290,34,256,35
b6e45ba1-100a-401e-97ff-b61462e311ae,OFC1243,Tiruchirapalli,Income Certificate,36,121,903,770,133,40
b45ad1da-2d3e-465f-a8b6-f2f9d439418e,OFC7879,Satna,Marriage Certificate,10,104,770,586,184,48
8b6be57b-f193-4d02-bfe9-4d7436848df5,OFC9661,Agra,Income Certificate,44,72,797,793,4,40
a2d7c3ca-a2bf-4519-b357-b58ad3b1662e,OFC8057,Thoubal,Caste Certificate,23,37,72,47,25,35
85c7d33c-614b-4e67-ae29-a6ff5ffcbce7,OFC8143,Ranchi,Death Certificate,32,67,695,627,68,35
faa4527c-8c1d-4239-96d1-390ad25a884a,OFC3797,Udaipur,Birth Certificate,31,36,605,395,210,40
8adabb1d-8ecf-4cd9-8bf8-ca1a1eedd516,OFC2360,Erode,Marriage Certificate,28,175,874,866,8,45
e014f541-ca44-4bed-ac00-4a6d6f2c2669,OFC9435,Panaji,Income Certificate,24,128,433,57,376,35
79969aad-4749-4ef0-818c-0cdb2ef4a23d,OFC6322,Bathinda,Death Certificate,15,28,839,365,474,40
2953ca24-953c-4562-88bd-ca1de72e9790,OFC5493,Coimbatore,Domicile Certificate,6,75,236,186,50,45
25fadae0-8b33-4730-b4b8-b10a6c5f3cc2,OFC9269,Hyderabad,Income Certificate,29,125,517,140,377,48
e94e6d0c-9359-4311-af3b-5dd1015c61d8,OFC7735,Madurai,Birth Certificate,50,176,831,375,456,48
7e8887cd-6eab-46db-8ad5-50644a2b4ef2,OFC5227,Aizawl,Marriage Certificate,34,60,473,346,127,45
055c7d13-cfdb-41a5-8726-5b36b57c36b8,OFC5091,Bilaspur,Caste Certificate,27,27,536,231,305,35
207621c1-e921-41df-931f-7f271e66314d,OFC6171,Sagar,Caste Certificate,31,99,927,229,698,45
22cdc5c4-6551-4726-9b2e-76a17515d14e,OFC2311,Dehradun,Income Certificate,45,158,493,411,82,35
fab07527-7d03-4cb8-8383-afd307d006f9,OFC8561,Udaipur (Tripura),Birth Certificate,34,131,469,296,173,48
ca36cb53-9533-43ad-b0f7-9d903bb91f24,OFC2692,Pathankot,Domicile Certificate,44,124,989,651,338,45
0443bdf9-0c27-4e9e-9097-1d156c9da7bc,OFC9411,Lunglei,Domicile Certificate,43,21,522,457,65,45
0a8f4988-d180-4b4c-8392-93b043b43b94,OFC2723,Erode,Domicile Certificate,17,33,102,41,61,35
dfd943bc-c83a-4897-9e3e-7d273c26daa1,OFC1435,Dharmanagar,Birth Certificate,36,71,448,312,136,45
aabd7b13-25c7-40cd-a61f-c6eb1a987865,OFC3572,Bangalore,Income Certificate,19,29,403,336,67,45
8a05b3c9-bbca-40a0-91d3-3708dac9c8b4,OFC5966,Bokaro,Death Certificate,9,71,750,358,392,45
c3098181-a9a5-4ad6-8521-6c631280e965,OFC7327,Haldwani,Domicile Certificate,13,137,478,407,71,35
d554ac31-d6d1-47a0-aedf-2b51f9981dd6,OFC7680,Champhai,Birth Certificate,45,178,686,665,21,48
a6855355-ba74-47da-b8cb-51c9554d7644,OFC5121,Gwalior,Caste Certificate,43,122,428,162,266,45
2ddf3342-3a4b-4cd7-a9a9-f5e68de8ece1,OFC3701,Tumkur,Death Certificate,20,29,314,164,150,48
e77411c2-0753-4ee7-b2ee-8d2756443dd2,OFC9979,Thoubal,Domicile Certificate,16,15,265,56,209,35
c96dcf52-a602-4de9-9447-d9a8974a100e,OFC7851,Belgaum,Income Certificate,5,126,209,153,56,48
86700243-9ba4-4519-9117-500960ab8c74,OFC7849,Giridih,Domicile Certificate,21,175,493,45,448,40
4df66529-a92e-421d-88f5-ee5d31ae84b8,OFC3216,Varanasi,Death Certificate,31,120,528,138,390,35
34409c85-ec6b-411e-9e94-acf45db92d8a,OFC2141,Gorakhpur,Caste Certificate,12,95,255,225,30,40
372b7ae7-7468-41cd-bf03-e22581c24217,OFC2659,Nanded,Caste Certificate,32,24,605,222,383,45
9c0ba5db-e057-4d8b-a656-57ba3365fa97,OFC4986,Jodhpur,Income Certificate,6,132,926,109,817,48
9df565eb-1bbc-4e35-97c6-b153d9a0aea7,OFC9206,Ajmer,Caste Certificate,8,157,419,328,91,35
c09edfbc-c02d-4c6d-b59f-fd8f84e94331,OFC9248,Nainital,Marriage Certificate,44,71,816,669,147,40
f1a564a1-0ff1-45ef-8341-7d3eab914fc5,OFC4529,Dhanbad,Birth Certificate,48,113,80,55,25,35
bbd80506-b174-4e16-9188-e7c59fd1dc31,OFC6711,Bhavnagar,Caste Certificate,17,70,928,785,143,48
3937991c-e61a-4a33-8f40-f4cd87ce6d82,OFC5825,Silchar,Domicile Certificate,10,150,887,559,328,40
1f94cb39-5d73-4461-9ad8-b83bed56e677,OFC9462,Malda,Marriage Certificate,49,152,645,393,252,35
c8e0bb34-af8b-4460-a649-d66260770707,OFC7573,Purnia,Domicile Certificate,22,158,866,191,675,35
0120a51b-619a-40bb-93c7-d79d8d9371c0,OFC7687,Gulbarga,Marriage Certificate,31,58,725,683,42,45
502a2c35-e15c-4e97-92d9-280689666657,OFC8175,Mahbubnagar,Income Certificate,44,152,568,276,292,35
f304f6c4-55da-4c56-8f8f-67dbf4b7d702,OFC2623,Tiruchirapalli,Caste Certificate,28,148,346,247,99,45
6c5b5cff-bb07-4e56-a268-4d03c9b41824,OFC1988,Lunglei,Birth Certificate,17,100,174,77,97,40
6d2d9bdb-0700-460a-9321-2217c6f5b598,OFC4040,Tezpur,Death Certificate,37,172,376,242,134,40
89636262-d877-4b3c-a1e9-ca8423b021ee,OFC1079,Dehradun,Birth Certificate,41,105,908,604,304,40
ae4ce519-d6dc-4a6a-b22c-d1917e902b89,OFC5421,Madurai,Death Certificate,22,135,775,540,235,35
f4ef784a-709f-40d9-a5b8-76b77386faff,OFC1929,Ratlam,Birth Certificate,8,77,374,164,210,45
ec10918e-a405-4343-8928-a7f4d72e5740,OFC6835,Diglipur,Caste Certificate,47,176,93,59,34,48
ba3450ce-b4d1-42a7-8bab-8f78d666e5f4,OFC8297,Mokokchung,Caste Certificate,21,177,630,581,49,35
8934dd8d-c7a1-47fe-a64b-d1113f1ba142,OFC2597,Margao,Domicile Certificate,39,170,277,248,29,48
bbb6a3bc-5dc2-4a20-80c1-d55d1f2da8b9,OFC8380,Kolhapur,Domicile Certificate,14,63,195,147,48,35
07ffadc2-89a1-4491-840b-922dfb535dd4,OFC4986,Ratlam,Death Certificate,30,31,416,402,14,40
2ef124bf-28ba-4998-ae3f-adcd2028f6f9,OFC3744,Shillong,Marriage Certificate,21,29,161,72,89,45
8a0f8903-1160-4714-af81-513dc371be1a,OFC2734,Jowai,Marriage Certificate,17,35,504,287,217,45
3cd3f3ea-4021-4a2a-ab5c-8122258a8c2c,OFC9891,Kohima,Domicile Certificate,28,82,77,56,21,35
ec5e3480-5cfe-4c8c-a86e-38d897e7b57a,OFC7919,Nizamabad,Domicile Certificate,15,60,662,268,394,35
edf462b1-a0a2-47c1-87c1-859e9e07a254,OFC3073,Jodhpur,Death Certificate,12,49,218,162,56,40
9973b246-c5d7-41e5-b441-d8b37f5a194b,OFC5064,Thoubal,Birth Certificate,7,57,126,71,55,40
8dbd3a0b-05de-475f-85fc-8e234813de1d,OFC4400,Minicoy,Birth Certificate,13,82,459,416,43,40
fe98024a-7065-437c-9226-5e639e4c26b4,OFC2512,Tezpur,Domicile Certificate,5,122,94,49,45,40
eb19d205-0123-485c-8d6d-09db3840d04a,OFC7698,Bhavnagar,Caste Certificate,24,162,490,418,72,35
1601d2dd-994e-4d09-96d5-918110b4e082,OFC4544,Mangan,Income Certificate,35,60,888,552,336,45
0f94c04a-b155-4ea5-bec0-9a1c01e95271,OFC8379,Diglipur,Income Certificate,15,133,931,485,446,45
f4228012-b49f-4da2-b580-2f81d0ce7a7e,OFC5489,Jaipur,Income Certificate,35,17,212,135,77,40
747c9c15-2563-4d70-b4fb-053ce37af083,OFC5903,Asansol,Caste Certificate,39,116,833,189,644,35
70de984e-f56f-457a-a32b-50fa4e5730ae,OFC7995,Jabalpur,Income Certificate,31,101,267,161,106,40
cca08a03-8d50-4057-8b42-943fd6e44462,OFC1748,Tuensang,Birth Certificate,33,45,779,419,360,35
b5f7cbea-2fb4-4282-b64f-95b9be600018,OFC6528,Gorakhpur,Caste Certificate,37,117,227,82,145,48
8a996663-76ab-46d7-bddb-af575067a461,OFC7898,Srinagar,Domicile Certificate,49,110,418,65,353,35
b4a57a8b-ee6b-475b-b1b1-77e2a6c384f1,OFC4603,Ajmer,Death Certificate,47,141,195,161,34,45
03a2d9f2-58dc-4377-9c50-db32ba0c517a,OFC5851,Dhanbad,Domicile Certificate,32,57,989,649,340,48
8de12cf6-0459-4faf-815c-7573cfc022e3,OFC3908,Tirunelveli,Domicile Certificate,5,103,989,406,583,40
f583e089-0691-4db6-9589-4b7741ab7de8,OFC2669,Delhi,Birth Certificate,15,106,770,519,251,48
0128a2ac-b62d-4a53-b8f6-8310454e9ed2,OFC6397,Imphal,Death Certificate,32,16,426,38,388,35
133bb3d3-ea0f-474d-a19a-11f0b224be2a,OFC9441,Malda,Marriage Certificate,48,110,888,70,818,35
25db3988-40ba-406c-9036-ce9a7d93aacf,OFC2158,Serchhip,Marriage Certificate,28,52,273,135,138,40
284824d8-c097-4341-a327-bfc484426cd0,OFC1018,Amini,Marriage Certificate,21,140,466,46,420,35
1bbf11e4-749e-40cd-b24c-9005c444e6dd,OFC4705,West Delhi,Marriage Certificate,7,120,325,300,25,45
5db0fb44-a049-4ccc-8acf-1005e0952fc0,OFC2518,Sagar,Marriage Certificate,16,157,748,619,129,40
86113b5f-e204-4fc9-88d9-4dccf03cf84f,OFC9397,Muzaffarpur,Caste Certificate,21,166,832,133,699,40
ae5eab38-67b7-43e3-9939-f24d9b7a1c6f,OFC3820,Ranchi,Marriage Certificate,43,71,292,124,168,40
e7705665-5f54-4ac3-91ca-68fa9caaa6a5,OFC4436,Mohali,Marriage Certificate,22,100,512,473,39,45
b82ebc3a-0918-47e1-98c1-0d47288207bc,OFC3688,Udaipur,Caste Certificate,26,159,516,99,417,45
27b926d5-90d6-4300-959d-da726a0e3182,OFC7768,Vellore,Death Certificate,9,163,542,253,289,35
1a1615ba-bf81-4c96-9c43-80314f09f032,OFC7993,Bhopal,Caste Certificate,7,179,809,611,198,40
075755ce-77f5-4200-a988-53e6ea645cdf,OFC5686,Malda,Income Certificate,26,162,908,439,469,40
093a1d81-1493-4abf-a742-d13171a58a4d,OFC1426,Kanpur,Caste Certificate,27,158,693,422,271,40
20abdcf3-5ffd-4028-b198-c53b611de2ff,OFC8820,Vadodara,Caste Certificate,6,122,692,154,538,40
176d83a1-1d12-432c-8042-65d8d9404316,OFC1141,Darbhanga,Domicile Certificate,38,57,188,187,1,40
23b774e3-1339-4f96-b2ce-39bc0d1c08e4,OFC7596,Dharmanagar,Income Certificate,9,89,442,357,85,35
e6434293-e4f1-4712-b593-a8bc2ac7bd0c,OFC6582,Asansol,Caste Certificate,10,106,654,221,433,45
c3faa7a3-7ba4-4caf-b784-6809465ed61c,OFC7664,Kolhapur,Death Certificate,13,96,833,509,324,35
8e569377-2526-4443-b942-83aa991d5fde,OFC2923,Ratlam,Marriage Certificate,6,37,171,89,82,45
17b6be22-0f22-405a-adc8-2566b0aac397,OFC5021,Kanpur,Caste Certificate,31,173,847,312,535,48
a417c91d-cd12-4d49-b4ad-76540ac16eed,OFC5262,Silchar,Birth Certificate,7,59,857,569,288,45
bd80a68f-3484-494b-9cfc-0e763db681e0,OFC7261,Jammu,Marriage Certificate,39,25,365,356,9,48
11c232a5-6f21-42c0-9efc-4dc8b92fd7a0,OFC8446,Guwahati,Income Certificate,14,64,821,615,206,45
a7702606-34fc-4bb2-ade6-d6f042f6e9ed,OFC5021,Dispur,Birth Certificate,15,173,51,30,21,45
c95ec072-ae31-4751-b783-e279baaaabba,OFC3409,Howrah,Caste Certificate,37,17,979,964,15,35
b0d45fb7-175d-4563-b436-4ca02a1c4423,OFC9392,Havelock,Caste Certificate,47,50,930,697,233,40
6b51d73c-d113-4391-94a0-50d1b2752b22,OFC2799,Jamshedpur,Caste Certificate,41,91,202,49,153,45
454b596c-25a5-4bdb-bdb5-62881f6d8cb9,OFC2501,Vadodara,Death Certificate,13,143,931,495,436,48
d0d23a4a-c46c-4f50-a79f-bcf8718c5956,OFC5318,Tawang,Domicile Certificate,28,19,113,60,53,35
5cbcf29b-cb10-47dd-b47c-be8d68ab1f1d,OFC3019,Dharamshala,Caste Certificate,19,139,797,492,305,45
b57faa41-6173-4541-9889-3ed2c38a6593,OFC4211,Geyzing,Marriage Certificate,8,46,463,449,14,35
b75f7630-369f-40cc-b2dc-0a02187782a0,OFC4275,Begusarai,Birth Certificate,28,138,480,368,112,45
a3b6cdd5-b225-42a1-8e70-121b957fe505,OFC8160,Haldwani,Domicile Certificate,48,89,558,280,278,45
c5efabb4-c959-4237-93a6-1b89b798ff46,OFC2507,Ratlam,Marriage Certificate,45,22,65,53,12,40
f1bf71d1-f87a-4df4-8bd6-f95dca939d1f,OFC8104,Sikar,Birth Certificate,44,141,544,446,98,48
36352e25-a0ae-4770-898b-d1f405ed8f5f,OFC1281,Malda,Marriage Certificate,10,153,830,392,438,48
2ce292c8-2069-4c49-b24c-121d6806bb23,OFC5574,Diglipur,Birth Certificate,36,17,272,103,169,40
7c5a339b-c53a-488f-83ef-cc7e47129946,OFC4404,Guwahati,Domicile Certificate,16,166,717,453,264,35
a47ec3a0-37d5-4dc4-a24b-ae37b622e804,OFC5619,Bokaro,Death Certificate,10,179,438,137,301,35
3cc2e381-b5c1-4791-8513-fe44c26b8bb1,OFC4314,Begusarai,Caste Certificate,38,170,283,113,170,35
a3653f52-979d-4ec4-8286-9015f049edc1,OFC1876,Udaipur (Tripura),Birth Certificate,40,162,598,435,163,45
3da554ed-ac27-4c1d-8425-a66d02e7f74d,OFC6752,Patna,Death Certificate,6,100,849,251,598,35
801f677d-e2a6-4560-a55f-031992e16bc9,OFC7214,Hazaribagh,Death Certificate,45,177,53,44,9,48
71405854-4231-4adc-a831-ce0e06281997,OFC4579,Mapusa,Domicile Certificate,44,15,525,342,183,35
2fe1695b-03f5-4a66-a655-ea5e18c54a8b,OFC2595,Jorhat,Income Certificate,6,118,96,57,39,48
da0ed854-70d5-450f-bbe5-0e2b972f0b7e,OFC5589,Dharamshala,Domicile Certificate,49,116,831,243,588,45
a8904e51-c859-4fd4-bc05-598c42828854,OFC3927,Port Blair,Marriage Certificate,8,64,191,70,121,45
09e7cfe0-fe81-40b2-99f2-1d6a7d2c9fa4,OFC4521,Ludhiana,Income Certificate,30,64,514,320,194,48
51c0c5e2-b8d3-4805-973a-e430d4d1acdb,OFC6637,Jabalpur,Death Certificate,32,109,294,250,44,48
3a58ac47-eae1-4f79-9f37-1c59c3faae02,OFC4239,Shimoga,Death Certificate,8,53,105,38,67,40
c54f46ae-4d88-47d7-8454-3f0112edd562,OFC6201,Vadodara,Birth Certificate,45,57,552,438,114,48
06e9e495-a043-4e47-b7ac-f917c0174791,OFC6818,Rangareddy,Birth Certificate,45,118,701,176,525,45
3fa58436-3b35-4af0-973c-3bdf0bb92599,OFC8492,Kanpur,Income Certificate,42,73,204,137,67,40
4c12d27c-59e2-44b0-9b3d-42d63faea21a,OFC6588,Mangan,Caste Certificate,45,118,385,122,263,45
ce2556cf-557c-49a9-9f22-41cb13a7ba06,OFC1190,Itanagar,Marriage Certificate,37,146,912,788,124,35
2cd5f415-480a-4824-ad36-c53f36fba51e,OFC5688,Serchhip,Death Certificate,28,145,629,382,247,45
4668b2dc-d4aa-4b03-ae77-3a7217d863db,OFC6602,Meerut,Birth Certificate,29,58,363,310,53,45
f074a441-d290-4262-bccf-f2c10fd41d88,OFC1614,Malda,Domicile Certificate,38,142,980,241,739,48
a4a7e676-3a72-48de-b3e0-bb3adb37416b,OFC4425,Srinagar,Marriage Certificate,30,42,765,518,247,48
54cd2823-07d6-4b23-a7ab-c0e40388f467,OFC8699,Udaipur,Marriage Certificate,21,126,937,661,276,45
a2f075db-ea04-454d-a4e9-4af41bb11426,OFC6912,Muzaffarpur,Caste Certificate,20,119,299,65,234,40
793e1d5b-0db8-4e47-81ac-2da73d6a28c6,OFC9961,Jowai,Income Certificate,46,120,808,769,39,45
4a687bd8-ebfd-4453-baad-5bd0c1a32185,OFC1633,Bathinda,Income Certificate,39,110,898,733,165,35
786ee8ce-7b4e-4abc-a221-2403cbee860b,OFC9910,Kathua,Birth Certificate,26,87,330,323,7,48
8d9e75ca-22f7-4e12-9ece-87cd1e4a06b3,OFC7080,Indore,Birth Certificate,38,164,560,349,211,40
bff17b48-ca7c-4f40-9618-b4e217f09d2c,OFC9844,Asansol,Income Certificate,35,169,230,101,129,48
9ab72370-9e5d-40f7-aca0-838cd773cb2a,OFC8278,Gandhinagar,Caste Certificate,45,24,466,182,284,35
c9c52a5d-76bc-4d1e-b5fa-ad9dc52a80ea,OFC5941,Giridih,Birth Certificate,32,93,673,657,16,40
b09792dd-c2eb-4db3-87af-5b364249c9a7,OFC2228,Rajkot,Caste Certificate,35,81,584,44,540,35
020286ec-2724-4e0c-9f80-faf5176b08eb,OFC1944,Pathankot,Domicile Certificate,7,109,857,80,777,35
09f05838-ef40-4e8d-95c9-3f5d80a13951,OFC4460,Imphal,Caste Certificate,40,107,629,290,339,48
7facc579-2edf-4411-aab2-4759171bb463,OFC7684,Anantnag,Caste Certificate,28,46,397,334,63,48
eefe2fa5-951b-4b55-bae6-17ba8448d273,OFC9719,Mohali,Income Certificate,29,148,83,73,10,48
ef840309-42d0-4296-9b96-6959567d7f6b,OFC5643,Howrah,Death Certificate,31,25,211,127,84,48
3ab6b9f3-9499-47e7-bfc3-80603efb6c61,OFC2572,Bokaro,Income Certificate,10,42,647,365,282,48
3071702f-118d-42f0-bab3-2178eb522365,OFC8847,Udaipur,Marriage Certificate,50,16,120,81,39,40
99ecc18c-b12d-47cd-ae5b-b071066f44b7,OFC6000,Margao,Domicile Certificate,34,151,837,156,681,45
ff0998b2-5737-45a1-9164-5971461e099f,OFC4268,Jorhat,Marriage Certificate,36,44,641,608,33,48
699bd180-fa30-4970-8d6a-f4dc54227a49,OFC8015,Shimoga,Domicile Certificate,42,111,810,360,450,45
46071684-6b00-4e57-af66-66350d3c3dc7,OFC6979,Bilaspur,Caste Certificate,43,96,323,182,141,45
7cebd902-1166-4f2b-a630-ff9e247cf343,OFC7084,Chennai,Birth Certificate,11,22,842,388,454,45
8af263d3-207d-47e3-98f0-5452e7e1f678,OFC1543,Chandigarh,Marriage Certificate,21,118,575,315,260,40
61308410-bdfb-4a62-b9fc-8c349a1ddf50,OFC4734,Dimapur,Income Certificate,14,169,125,95,30,35
e15a9fe2-40ef-4af8-9d85-2bd1ae86cb72,OFC2945,Aizawl,Caste Certificate,9,103,530,500,30,40
9d17a569-733d-4053-8da7-72c4703bc855,OFC2428,Pune,Birth Certificate,38,90,955,36,919,45
1a5aca00-f288-4770-821d-bf3552c2484f,OFC5193,Lucknow,Marriage Certificate,21,15,623,85,538,45
0c53f639-66cf-4cde-a633-2238290038ea,OFC4614,Sikar,Marriage Certificate,41,167,705,277,428,45
2fb31973-d749-40b7-b9df-084336c63ae5,OFC6687,Warangal,Income Certificate,16,28,88,69,19,35
9cd0438a-9a9a-4103-ba3b-467d89877d49,OFC6301,Bangalore,Death Certificate,20,175,951,926,25,40
8cdca905-d6f1-4d35-a8b9-30bf7c7e15f4,OFC8249,Srinagar,Birth Certificate,47,137,492,413,79,45
ec0c41b6-497a-42ef-bee6-a0fb2b66ecdf,OFC1658,Muzaffarpur,Domicile Certificate,21,139,761,685,76,35
547c544e-30ed-454e-aebe-8163d55fa628,OFC6755,Anantnag,Income Certificate,34,23,330,158,172,40
e2a56182-e2f5-4418-a35e-a084cd3b59ff,OFC4653,New Delhi,Death Certificate,40,15,195,49,146,35
37881aee-bdcb-43c3-9808-f0e091b872f0,OFC1950,Coimbatore,Income Certificate,23,167,908,877,31,48
383202dc-625a-48b7-97df-0790ed1f5da1,OFC7754,Udhampur,Death Certificate,11,23,570,148,422,40
05b0ae39-aeab-4245-b8ff-c5dfa2a4e23a,OFC1159,Mumbai,Income Certificate,12,62,689,52,637,40
77f697be-d46f-4e35-93d6-064bab9ad5f3,OFC6603,Dharmanagar,Caste Certificate,49,65,73,49,24,48
df986b33-2f87-48cb-9d52-fa9f203be8db,OFC2839,Thane,Birth Certificate,18,35,789,714,75,45
7637dadb-863f-46b6-a7c2-44e35896c2b4,OFC9707,Tirunelveli,Caste Certificate,44,165,900,205,695,35
d0145569-41de-46bc-839f-e48deca463cd,OFC6352,Dehradun,Income Certificate,36,144,511,441,70,45
87c348f3-157f-4a01-8b00-bc629651070c,OFC8663,Churachandpur,Birth Certificate,43,49,750,202,548,48
00ab72e8-4521-4b3d-8ab5-e2d5efc83e16,OFC3939,Dehradun,Death Certificate,38,74,195,170,25,48
35f1c67a-adf8-4b74-b82a-39926503b16a,OFC1046,Deoghar,Domicile Certificate,47,163,853,608,245,35
5c1c15cc-439d-467a-aa90-47672423dac5,OFC9900,Jorhat,Marriage Certificate,12,54,239,220,19,35
24935039-6bd0-49ec-a0f1-bcd048d74eb3,OFC1081,Satna,Caste Certificate,21,173,408,47,361,45
c8cc1ab9-4889-42cc-bba8-99ac729e7a5e,OFC4142,Nashik,Domicile Certificate,7,81,789,599,190,35
ac185c2b-0c2d-4ae9-9eb4-6b0674439555,OFC8306,Gandhinagar,Birth Certificate,36,128,322,69,253,48
a631b029-c688-425e-a399-4751dfc894f7,OFC8459,Ghaziabad,Marriage Certificate,19,115,247,99,148,40
e77905ea-44b1-4d40-9283-5d34e0ac1281,OFC7520,Dimapur,Domicile Certificate,13,29,463,409,54,35
90c628cc-0ab9-47e6-af62-469fa48ffdec,OFC1522,Bilaspur,Marriage Certificate,6,48,372,141,231,35
044f407b-58d7-43b9-80c1-318c2771bf6d,OFC1341,Mangan,Domicile Certificate,20,49,267,259,8,45
e5603409-980c-485f-8206-68d950f39397,OFC8279,Anand,Income Certificate,35,18,969,910,59,48
47f09ffc-ae2c-4305-b62d-62f50e8bf900,OFC2369,Kolhapur,Birth Certificate,30,162,612,524,88,45
46da5610-6d7f-4e3c-bcba-634279214b64,OFC9999,Nongpoh,Domicile Certificate,36,18,900,426,474,40
29972d97-841e-4bba-9e4f-269b5e912e20,OFC9935,Ratlam,Income Certificate,27,92,713,617,96,48
050d37e0-b4a1-44cf-a1b4-3625b2cc4bf6,OFC8883,Havelock,Income Certificate,15,59,488,269,219,45
5f5a09e9-b0b8-4a68-bf41-a43ba3d015a7,OFC2820,Ranchi,Death Certificate,45,125,972,413,559,48
1b31cbfd-47e4-4e11-a37f-a4ef3f4876e4,OFC7150,Tirunelveli,Birth Certificate,24,82,567,400,167,48
a926e0b8-3ad6-401b-b01b-5aaa389ac424,OFC3681,Shimla,Marriage Certificate,33,20,574,483,91,48
ea97c0a3-ac95-4fcc-9ffc-4f8a90acfc0a,OFC5699,Meerut,Caste Certificate,7,71,443,93,350,48
ff8e4e10-e604-490b-bc33-203d6cf63c08,OFC4146,Mandi,Marriage Certificate,46,180,738,644,94,48
d4a7ae07-453e-4af9-9dbc-3747ddcfd3db,OFC5915,Jodhpur,Death Certificate,48,16,170,108,62,48
2eb00819-f92e-4f6b-8220-efaec69889d9,OFC4068,Siliguri,Death Certificate,28,72,344,119,225,35
0165488d-48b1-4ce9-ae6b-424ce91c4d12,OFC1943,Tawang,Domicile Certificate,21,115,411,407,4,35
faadc599-caa6-4dae-8d3e-ad5fcbdab4e2,OFC3561,West Delhi,Income Certificate,50,73,700,663,37,35
84584693-b255-45ae-b29f-33c5ae8b31ff,OFC4028,Rewa,Domicile Certificate,6,23,887,479,408,48
deb89d5b-8661-42f4-a2f2-1b96b730f5cc,OFC1327,Jowai,Marriage Certificate,24,45,789,716,73,35
f83659a5-b265-413c-98d5-21e428c755eb,OFC3266,Kohima,Caste Certificate,7,43,925,655,270,45
1989a344-1621-400b-b13a-fcc0d005cf46,OFC6199,Delhi,Caste Certificate,6,28,915,650,265,45
bdd5ec6c-1ad8-451e-a934-55e9b9816da3,OFC2684,Mahbubnagar,Caste Certificate,5,28,435,164,271,40
5d56ab79-c306-4246-8b95-206257a73ea2,OFC1390,Chennai,Birth Certificate,29,138,834,406,428,45
ec8fdfb6-1654-407d-9b79-37261cafc2ea,OFC3681,Lucknow,Domicile Certificate,19,40,921,272,649,48
a258915b-aabe-4e00-81d5-923e9cd802a8,OFC8259,Ahmedabad,Domicile Certificate,42,162,739,519,220,45
d752be09-fe04-4398-8e8f-c99ac7467397,OFC5781,Bilaspur,Income Certificate,25,59,815,53,762,45
e5f756e6-5b4f-4799-a21e-af15717933bf,OFC2924,West Delhi,Income Certificate,33,83,97,87,10,35
8d9eaf5f-8e00-4981-8ae3-61abeb448264,OFC1434,Ajmer,Marriage Certificate,29,174,597,418,179,40
410f7234-b30e-449b-8eed-3969b4c53ba1,OFC1714,Bhopal,Birth Certificate,5,46,669,521,148,45
8c0474b9-ec89-44b3-9f41-229003224219,OFC8882,Solan,Marriage Certificate,12,137,744,307,437,35
f2bd635b-d998-4d76-a219-a8cdb75badc7,OFC9811,Satna,Marriage Certificate,40,56,841,401,440,35
6de535ea-31e1-43d6-9546-c9afaa9ef40b,OFC1075,Hazaribagh,Income Certificate,32,163,699,263,436,40
0d44e043-6b1d-481c-8bdb-4fa67aeebdcb,OFC5823,Gandhinagar,Death Certificate,10,90,917,498,419,35
e24ccef7-c763-4a60-9417-e1dd5afc210d,OFC6696,Namchi,Caste Certificate,10,46,863,613,250,40
7a9657b0-cfdc-4ec5-8be0-0bcff86fb4d6,OFC8850,Rangareddy,Caste Certificate,31,159,767,216,551,35
f51330ae-68fd-4827-9dc2-ed4a04d6d4f9,OFC9860,Sikar,Marriage Certificate,32,102,729,575,154,48
a9dafa62-4171-4929-929f-1da4b988313d,OFC8460,Meerut,Caste Certificate,49,119,422,49,373,40
a45bce11-b1f4-4fe6-94bb-a4b5fe20ffd7,OFC5518,Tura,Income Certificate,45,70,568,319,249,45
95505e88-1b2f-4aad-aa74-3c81e922d19f,OFC5810,Dharamshala,Death Certificate,33,34,959,685,274,45
287e0ad1-5cd2-4c35-a59d-0877d0b45e08,OFC3451,Sagar,Income Certificate,22,25,819,119,700,45
56e9c822-62b9-419f-9c2d-6255cf6e7855,OFC7146,Madurai,Domicile Certificate,32,150,792,397,395,45
a6fd0a8b-9862-47cb-b2bb-1454a1dae55b,OFC4363,Tirunelveli,Caste Certificate,5,27,889,164,725,35
4ab5a47e-88f8-47ca-a0a7-67610fb8886d,OFC7317,Hubli,Caste Certificate,19,29,807,151,656,48
5abb93f3-7faf-418e-a71c-c5d6bb40d449,OFC5223,Ahmedabad,Caste Certificate,37,113,659,604,55,48
f2769e12-4c98-4839-b37c-b33d7250fc7a,OFC1954,Alwar,Income Certificate,27,138,258,125,133,35
eacb3b14-034a-4081-9e90-be640fead110,OFC2230,Tiruchirapalli,Domicile Certificate,27,52,974,481,493,40
9e2a7bc6-e4fa-4ee3-ac0a-70b911c96609,OFC9064,Geyzing,Marriage Certificate,30,34,524,433,91,35
9e2712d7-9846-448f-ae5d-4c9cd0581d60,OFC5464,Gangtok,Income Certificate,22,117,751,606,145,45
f9d807d6-a42e-4a3e-8e7d-5f9773cf8708,OFC5720,Haldwani,Domicile Certificate,18,104,579,104,475,35
3f697079-f80a-41d5-b3eb-4558883709dc,OFC4314,Ujjain,Income Certificate,35,171,202,40,162,40
7b8509ce-4745-4759-9cc2-ebdfadaabfce,OFC3150,Bhagalpur,Birth Certificate,8,36,338,286,52,45
52e7651e-084a-42fb-bfd8-3a4b57cd5d72,OFC3778,Havelock,Caste Certificate,18,30,95,83,12,45
d88a961f-f132-4c6b-8c7a-63dec0ee7b7f,OFC4178,Dhanbad,Marriage Certificate,22,46,379,158,221,40
d5fcac6e-c420-47f6-aa60-1a588e5a6776,OFC1296,Asansol,Caste Certificate,33,56,346,145,201,40
bb9c3259-a907-4ffe-a536-3a60f7f31a60,OFC2796,Nainital,Birth Certificate,34,39,69,36,33,45
a484ed3e-fec3-499a-8413-a679959eab96,OFC5424,Karimnagar,Caste Certificate,5,145,602,557,45,35
c1b8939c-15f3-4325-9c3e-e7c123996430,OFC4737,Chennai,Death Certificate,39,24,835,210,625,45
b52c1fd9-7fe0-4c7f-b78c-0347312d23f6,OFC8452,Alwar,Caste Certificate,24,87,61,56,5,35
50a88776-45ec-47ee-af90-4c5242a25a65,OFC2950,Deoghar,Domicile Certificate,10,163,201,179,22,35
989b25c0-8a70-47ad-ab05-1915098bf622,OFC6874,Erode,Income Certificate,9,50,679,168,511,45
71fd3e47-4b58-476a-8766-872b3b10cedf,OFC3106,Imphal,Death Certificate,38,77,405,358,47,35
381fb849-e00f-4d33-a1ec-f8fa6ac24b9a,OFC9754,Lunglei,Marriage Certificate,39,17,968,123,845,48
ee17d0f5-2e26-4d27-9b36-e7c011f5f98e,OFC5648,Bhavnagar,Death Certificate,30,129,326,101,225,45
25f212a1-bfdb-4f90-b634-730b470d7c00,OFC9772,Jalandhar,Marriage Certificate,49,110,1000,270,730,45
f15f98ef-4b42-4051-a6eb-7f439bb8f582,OFC9261,Nongpoh,Marriage Certificate,25,172,298,31,267,48
7407ebc8-1e82-4455-990a-53a436af3ab3,OFC3042,Lucknow,Birth Certificate,9,172,924,514,410,35
6c13da50-8b8c-49b9-9098-b30f20e06f90,OFC6069,Bhavnagar,Death Certificate,12,27,468,345,123,40
3bc16f81-4de7-48c4-af55-a4febc402d28,OFC5075,Purnia,Income Certificate,19,15,470,465,5,35
7cf028d3-1662-46e8-8f7b-067468889720,OFC3560,Gandhinagar,Birth Certificate,20,54,293,55,238,40
8ecfab83-e60a-40b0-81ea-558d359026da,OFC9802,Jamnagar,Marriage Certificate,44,121,264,122,142,35
ff153ba5-ba8e-4e31-95aa-3da7ffb2aec3,OFC7798,Ramgarh,Marriage Certificate,46,177,463,240,223,40
a0d37a82-49b2-4056-8b1b-77c401bda355,OFC8831,Darbhanga,Marriage Certificate,38,24,398,133,265,40
2639e44d-e43d-4856-87c5-537afe01dabb,OFC7268,Madurai,Income Certificate,48,114,973,895,78,45
2ded8576-56e7-4921-bcfe-010d9ef87512,OFC7447,Roorkee,Marriage Certificate,18,157,470,392,78,45
4e1e1be6-d801-40ef-bfc3-f314b72628d8,OFC5986,Rudrapur,Marriage Certificate,45,173,416,60,356,48
44ea19cd-55ae-4a51-bb9b-6c020a77cda9,OFC8553,Mysore,Birth Certificate,45,37,123,119,4,48
7e1a9b1b-623d-4e5a-8323-803654bba952,OFC7061,Pasighat,Marriage Certificate,41,93,586,390,196,35
daf48f47-eb15-4653-9fd0-1bee511b06ab,OFC7004,Amini,Birth Certificate,35,118,985,186,799,48
5020ee20-5a5c-4ee7-94d5-325cbb0494bd,OFC4922,Arrah,Birth Certificate,41,97,979,952,27,48
aabd6cf9-acf5-4ce8-bbb6-6b71fa136ef8,OFC9935,Begusarai,Domicile Certificate,19,50,525,519,6,35
41015350-144c-4f0e-aaa1-74aa56531a55,OFC9741,Bhopal,Death Certificate,24,34,520,252,268,45
e7435dab-8a93-4f50-85de-3583e3bde947,OFC5446,Kohima,Death Certificate,21,121,813,301,512,48
712ff480-1f24-46e7-8985-47bcce93e792,OFC2146,Ranchi,Birth Certificate,12,140,477,427,50,35
b001e95a-eb8c-4529-9bc7-271f813cc252,OFC2567,Deoghar,Caste Certificate,38,38,286,234,52,40
8dc1ca44-63d1-42c1-83e9-5a57073b1f86,OFC9284,Mohali,Marriage Certificate,31,120,143,121,22,45
1e5002d4-4ffd-4344-9658-0a444110c240,OFC4403,Leh,Domicile Certificate,12,78,357,112,245,48
2881cfa1-e2a9-4955-8a34-6001a4494549,OFC8958,Delhi,Marriage Certificate,29,151,210,148,62,48
cf9d2081-6881-4212-af23-171032238b86,OFC1398,Madurai,Birth Certificate,6,128,293,152,141,48
96b3b874-8644-4cb8-b4b7-daa04c6db204,OFC6051,Port Blair,Income Certificate,5,120,994,181,813,35
8726897f-c3ad-496b-9f83-73ded43d7eb7,OFC7887,Hazaribagh,Marriage Certificate,33,131,422,249,173,45
4dc33834-556a-4c8f-a79f-3aa01955a20c,OFC9790,Kolhapur,Income Certificate,14,27,529,221,308,48
408111db-1d1e-46f5-9290-97372d50466f,OFC4042,Ludhiana,Birth Certificate,7,180,431,410,21,40
63e74086-0776-4bec-84cb-7e1f5ce56e62,OFC2731,Mandi,Domicile Certificate,12,152,896,642,254,35
21f29add-74a6-4720-a06e-16cc75efb542,OFC8036,Bikaner,Death Certificate,13,43,69,49,20,48
0e0f6dd0-4b51-42f6-b3d1-86f01ec06c53,OFC8594,Anantnag,Birth Certificate,22,74,463,248,215,48
b4badf91-22d8-40b3-8d22-e8cdae52ab62,OFC3975,Satna,Domicile Certificate,36,50,298,157,141,35
ff2d9b6b-97e2-413b-bfde-cc7f155ad558,OFC8158,Nongpoh,Domicile Certificate,13,117,395,198,197,35
6eab8e1a-a6ad-449d-be21-d0b2033e5d5d,OFC6817,Ahmedabad,Birth Certificate,33,91,856,156,700,45
26fdceca-b448-4c0f-9ec4-89c420a8332c,OFC5655,Nagpur,Death Certificate,26,177,988,845,143,48
7f7c569c-2002-449a-ba18-87d588cfd825,OFC5941,Bardhaman,Death Certificate,9,100,748,556,192,45
5abd2c49-0a49-44e1-892b-a6a8127585d6,OFC5034,Bangalore,Domicile Certificate,25,69,612,459,153,48
c009a361-4051-4086-b466-9f7905f1fe27,OFC1948,Kota,Birth Certificate,14,153,718,412,306,40
ac0950a1-0245-4bb8-802f-4c25dfc5d489,OFC1259,Rudrapur,Death Certificate,37,117,622,589,33,40
655c6363-6f64-4156-aab2-01245c7acbbb,OFC2650,Belgaum,Income Certificate,39,40,877,314,563,48
c0469f47-7f3c-424a-8a08-99f9c2ef1d1d,OFC8286,Agra,Income Certificate,21,26,247,93,154,48
ce882924-5251-4008-b392-297967007d41,OFC7793,Bangalore,Caste Certificate,12,145,469,365,104,45
fbad1d21-2ca8-40e7-8b7c-aea08c3b8172,OFC8928,Diglipur,Domicile Certificate,40,50,233,98,135,45
2f41d386-d2a6-4562-8a98-2f3c1b843174,OFC4986,Amini,Marriage Certificate,36,57,314,278,36,48
5d36392c-41b8-4fc2-939f-39add4e827e1,OFC2094,Manali,Income Certificate,29,93,458,355,103,48
b9953838-d0e1-4f16-ba68-5f5450716396,OFC5625,Leh,Caste Certificate,24,64,464,139,325,35
af201778-e004-4c85-aa8d-c01717c23d79,OFC1934,Kullu,Domicile Certificate,45,47,654,125,529,45
1da0735b-531e-40f6-ab6e-31046e4551fe,OFC6902,Namchi,Income Certificate,10,136,130,82,48,40
8d181cca-e3d4-4b53-a61c-8449085d481f,OFC7103,Tiruchirapalli,Domicile Certificate,23,105,688,440,248,35
d2987bea-8f9a-4a4f-816d-1bdbbd171548,OFC1355,Pasighat,Death Certificate,22,107,427,246,181,40
998260c2-5a69-4be7-9060-6037d93ae39b,OFC4578,Shimoga,Income Certificate,20,54,136,131,5,35
7e7f79cf-2835-476b-ba65-1a83e09d56ca,OFC6650,Dispur,Death Certificate,27,174,700,490,210,35
325a604b-8b0b-4534-a373-2559fd1f06f5,OFC7610,Lunglei,Domicile Certificate,10,57,852,457,395,40
8907df7b-e083-4a87-957f-fa4f819e0809,OFC8553,Deoghar,Caste Certificate,7,91,780,332,448,48
844717a4-4998-4aba-a632-8af88d063e3b,OFC2126,Mayabunder,Death Certificate,28,169,326,210,116,40
3d0214f7-60f6-4f7d-92d0-7d57d3ce8b7c,OFC8166,Dibrugarh,Domicile Certificate,39,178,564,63,501,35
10341aac-0ce5-4958-bcf8-1394560576f8,OFC4098,Dharmanagar,Caste Certificate,32,153,375,375,0,48
16d05d82-2e20-4daa-bca8-f88e96482db0,OFC7399,Pune,Caste Certificate,29,66,901,203,698,40
c02171f6-8129-430c-a396-b610fec84d84,OFC5889,Patna,Death Certificate,15,97,540,257,283,48
a5217efd-0ac6-44f8-bba9-511450c234a3,OFC6279,Mohali,Death Certificate,30,173,392,43,349,35
b45f6c7c-a0d2-45f4-a95b-14f15349cc19,OFC3662,Silchar,Death Certificate,5,158,202,36,166,40
07321216-3eac-4929-b1e4-e5404f89a712,OFC6313,Manali,Marriage Certificate,39,88,997,227,770,40
19c06c91-90f9-47ec-9a59-eb7708d6340f,OFC1433,Katihar,Income Certificate,19,78,652,522,130,40
acf7d418-01b5-4207-af5c-936be1d485ed,OFC8745,Ahmedabad,Birth Certificate,21,33,464,301,163,48
2ff7a1e9-f45c-4adc-ab44-405291895e36,OFC4307,Jodhpur,Birth Certificate,39,72,972,329,643,48
a94193eb-4c5f-4a0b-acde-e30fa5df0c6e,OFC5561,Bathinda,Death Certificate,7,44,732,282,450,40
677f63bf-36a6-47c8-8e6e-df5f5793c8b3,OFC3764,Bishnupur,Marriage Certificate,43,45,286,160,126,45
7584620d-16ab-4970-9d8f-5dcb70fa4d58,OFC9233,Pasighat,Marriage Certificate,43,82,263,188,75,48
8348dcb9-9ef7-4d20-b271-c03cbdb1c8e4,OFC3905,Madurai,Income Certificate,32,175,64,46,18,48
be7ba69e-42c8-4c28-b6cc-5544e789dc18,OFC8562,Agartala,Death Certificate,29,168,179,87,92,45
9323f6c8-d61d-462e-83b6-f4cdc21f9661,OFC4072,Bhavnagar,Domicile Certificate,49,111,997,730,267,35
3d45dd42-a0da-4a85-a07f-6bc8b50eada9,OFC9667,Tirunelveli,Caste Certificate,20,131,482,369,113,40
f2764eb2-589d-4245-b2c5-89330368d56b,OFC9307,Minicoy,Marriage Certificate,48,104,984,408,576,45
8efe0a2f-fcbb-48f4-9942-c9d37880f595,OFC3611,New Delhi,Income Certificate,30,142,487,406,81,35
f3a3a5f4-17e0-41cb-85a4-8c438947400c,OFC6944,Jowai,Death Certificate,14,170,677,167,510,40
275e9d7f-918c-4bd9-af2e-105dfb85b113,OFC8173,West Delhi,Domicile Certificate,20,123,798,660,138,48
2f65ca49-c7ea-4658-9f45-72619cb9b857,OFC7024,Agartala,Marriage Certificate,31,149,52,30,22,45
54d93068-6d81-4b34-ba22-80c3a4aebcee,OFC5839,Ranchi,Death Certificate,13,64,965,561,404,40
50a8e334-d268-4d19-9444-160c86ea91d6,OFC9066,South Delhi,Birth Certificate,14,137,448,150,298,48
3d47d6ff-8727-4d4c-990b-c1c35a6f6f61,OFC6297,Purnia,Marriage Certificate,12,164,688,643,45,40
2f12be94-44d0-4aec-b1de-20627f8a27cd,OFC8387,Solapur,Income Certificate,39,90,948,824,124,48
35253a46-21d9-4bd7-8878-c0c22b673795,OFC7745,Kailashahar,Birth Certificate,10,103,694,362,332,45
fc9173bf-2655-4f48-a698-8d686262e1a4,OFC6737,Kolkata,Marriage Certificate,39,68,354,182,172,35
9c7af6cd-4df5-4df7-b104-e6d7f4ca9ce8,OFC9774,Port Blair,Death Certificate,32,110,97,34,63,40
36c37453-7416-43ef-af31-29be3b4da6ad,OFC9870,Meerut,Income Certificate,41,109,507,127,380,40
6f206373-d1ae-4093-8066-89a18b519f4a,OFC5184,Bathinda,Income Certificate,36,63,786,191,595,45
691b5c11-6b04-4a24-b655-f49eca16d06b,OFC2394,North Delhi,Marriage Certificate,18,51,783,577,206,35
532d586e-1e2e-4715-a1fc-de7102117827,OFC8105,Jaipur,Income Certificate,40,123,457,377,80,40
7173a180-9be7-41c1-8cec-b41c533e00b7,OFC2438,Thoubal,Death Certificate,17,65,280,278,2,40
4bfbac25-32b6-4b07-aa8f-ee8a0093a1c8,OFC2755,Salem,Income Certificate,41,134,920,732,188,40
73b6ab20-3686-4c44-bc20-af034022b752,OFC2746,Hyderabad,Income Certificate,17,113,892,734,158,48
313ed35e-bced-4d2c-ac26-59cf76959f70,OFC2201,Karimnagar,Income Certificate,44,109,201,194,7,40
2fa9652d-a4f0-40f5-a23f-81d645c9631f,OFC8088,Gangtok,Income Certificate,11,119,840,271,569,45
950b96da-2f29-44b4-9e61-f25dc187cffc,OFC1600,Sikar,Birth Certificate,49,120,574,552,22,40
1512d8f1-3c93-4f89-9de8-633d4d40a54f,OFC7064,Dimapur,Death Certificate,34,74,589,119,470,40
c85b5c22-396b-459e-8aa3-696ed3f5a881,OFC7794,Jalandhar,Domicile Certificate,25,35,707,321,386,45
184e88e3-2d89-4ec8-8893-760a5f4c4216,OFC3119,Rajkot,Birth Certificate,43,52,889,512,377,40
30b9a619-f222-4782-b629-ca96bc65d07b,OFC9227,Serchhip,Domicile Certificate,47,86,427,51,376,45
538d8430-3a85-49a8-9f63-7a77c6b704a0,OFC1118,Davanagere,Marriage Certificate,23,107,844,751,93,35
31d509bf-b046-490c-b380-5b95f82061d0,OFC5692,Vellore,Marriage Certificate,40,58,534,377,157,35
f1f3277e-fe7f-4e58-b269-853a4001358f,OFC4940,Patiala,Income Certificate,22,153,558,61,497,35
9ce15c3e-6f5f-422b-b705-549cc66490d1,OFC4065,Rudrapur,Income Certificate,31,128,380,270,110,48
90ad7d58-3c79-4ab9-87ba-2911011a7322,OFC3930,Shimla,Caste Certificate,8,27,703,336,367,45
258783c5-4d68-4295-a0fc-1b6473df7275,OFC3980,Baramulla,Income Certificate,24,128,376,350,26,40
db238f7d-ec66-4ab2-be5b-6bbcb8bb72c3,OFC1830,Patiala,Marriage Certificate,50,96,593,170,423,45
c50cb7ca-bf7b-4315-8afd-934471d75767,OFC7089,Ratlam,Domicile Certificate,49,159,636,49,587,45
08c66030-8bea-4fb5-a8f2-0f135e06d61b,OFC2994,Rajkot,Domicile Certificate,12,74,58,38,20,35
33711abf-983a-4717-a004-1693ece65c93,OFC9515,Surat,Death Certificate,10,44,357,38,319,48
b9306a6c-c4c6-4bf3-8e0a-ffd31e1cbe88,OFC5788,Bangalore,Birth Certificate,35,114,846,555,291,35
af929d45-e7c8-4afa-a52c-ab4e087d80e5,OFC5918,Tiruchirapalli,Marriage Certificate,27,173,367,140,227,45
1d05f872-ec5e-4cd8-9c99-00e2bc535969,OFC3966,Surat,Caste Certificate,8,150,880,554,326,35
8e5a3b54-7e26-43e5-bf29-f6b8898509b9,OFC1864,New Delhi,Income Certificate,30,134,655,184,471,35
6eb82994-0f06-498b-acff-e6019704532e,OFC4915,Erode,Marriage Certificate,50,96,565,199,366,35
2d9083b2-c96f-4254-9949-94213a7b17f2,OFC6936,Rangareddy,Marriage Certificate,31,41,608,63,545,35
9d4c5c73-deba-4298-89d2-e28dbb7c8266,OFC8903,Gandhinagar,Death Certificate,17,87,198,188,10,45
3319d33e-1f80-4dcc-b069-2eb46bcbaf70,OFC7458,Hyderabad,Marriage Certificate,12,136,132,53,79,48
d4377848-8d6e-46ff-92b7-995f7920ab74,OFC1072,Tura,Death Certificate,48,80,436,30,406,48
30c24276-2a0e-4c3f-8f8b-64b02b0a2fb5,OFC7662,Malda,Domicile Certificate,12,137,669,668,1,45
93920a47-2e31-49af-95a2-93588377a98c,OFC4827,Dharamshala,Domicile Certificate,24,127,469,339,130,40
eebdfddc-9a08-4086-9e9e-8336b2b715a6,OFC6567,Dharmanagar,Domicile Certificate,46,83,173,110,63,35
aad882e8-2a4e-4cc2-a03c-363775ed1b96,OFC7642,Indore,Death Certificate,13,180,625,364,261,45
738f2399-991f-45d6-8d53-8ef33afe6e0d,OFC5449,Imphal,Income Certificate,43,56,776,48,728,48
6935976e-2500-43bd-8a75-02867bd1a300,OFC3708,Tumkur,Caste Certificate,35,54,712,48,664,35
6d1b2555-bb29-4e6f-a8b0-dd76958ac1af,OFC1036,Dehradun,Birth Certificate,15,169,871,723,148,45
87d576a0-798e-4b65-9591-b15cd0f05799,OFC4985,Sagar,Birth Certificate,26,55,172,128,44,48
4b1434b1-7195-46bc-aee6-895a7c0cdf52,OFC4737,Udhampur,Marriage Certificate,33,177,378,95,283,48
f27fa898-3e66-44cb-a242-38d6b4a31357,OFC4980,East Delhi,Income Certificate,48,117,869,349,520,45
52793d52-dbce-4bbc-9921-ab30659ac608,OFC5098,Aizawl,Birth Certificate,24,97,978,146,832,48
c192b082-a4ce-431e-97c1-6ca737550777,OFC7273,Roorkee,Marriage Certificate,5,127,131,80,51,35
c00eddba-0267-48cd-82aa-90fcc0f080e8,OFC8381,Bareilly,Birth Certificate,30,99,715,370,345,48
b900c4f2-cb21-4fcd-865f-2be270a13b8f,OFC3803,Sikar,Income Certificate,10,73,525,72,453,40
9b3a4c5e-5c7d-4a69-bd0a-fe0fcf16f413,OFC3723,Solapur,Income Certificate,33,16,58,48,10,48
40e160bf-3f08-4eca-9dad-18e610060a02,OFC1283,Agra,Income Certificate,43,109,341,175,166,35
4ea403db-697b-4e1e-894f-71c94da71cf4,OFC6870,Diglipur,Birth Certificate,17,53,638,613,25,35
107a3189-f6ce-4ac3-8215-960877b99797,OFC7064,Kullu,Income Certificate,10,66,176,140,36,48
4ec5c2fe-e066-4c75-acfb-ba565470c6ba,OFC4687,Mayabunder,Caste Certificate,30,42,660,491,169,48
fd7df8b2-6785-4ad9-9d1b-f163812e4906,OFC1632,Tawang,Domicile Certificate,25,51,433,382,51,48
378929d3-d8ce-4ae2-9258-ced469e6ac0c,OFC2885,Jaipur,Domicile Certificate,30,117,701,131,570,40
529b3078-281c-40f5-b359-4d898fbbddaa,OFC2813,Port Blair,Income Certificate,16,161,277,115,162,48
ddfa55a7-c08e-41cd-b0fa-b05be07589d5,OFC6344,Leh,Death Certificate,41,139,59,46,13,48
15d2f901-b972-4211-9443-853af2eca40a,OFC5582,Alwar,Caste Certificate,47,118,489,78,411,35
2052db4f-ffb4-4c99-b87b-8a93cd34d39f,OFC4929,Central Delhi,Domicile Certificate,17,103,531,54,477,40
aee95975-707d-40b4-a5f6-27e281cd7810,OFC6134,Satna,Birth Certificate,7,89,91,88,3,40
2f51828c-9716-4cdc-afad-c7b33cde0056,OFC3158,Kohima,Domicile Certificate,19,166,267,52,215,35
6010fe8f-8121-4c63-ac72-584addf3bd9f,OFC7910,Bilaspur,Domicile Certificate,5,76,471,246,225,35
f0a45654-264e-4f38-b64c-9c7517710d3a,OFC1975,Bangalore,Death Certificate,27,168,988,780,208,45
825883cd-d10e-42df-a030-de735c971ba2,OFC1983,Kolhapur,Death Certificate,28,112,197,190,7,35
3571e704-ff69-4c4d-9526-fb91622b8d70,OFC4484,Jabalpur,Marriage Certificate,22,98,302,99,203,35
8091932c-c230-44ae-bdd5-71e0d821023d,OFC7702,Tirunelveli,Death Certificate,40,153,56,53,3,35
0d12041d-36d0-4b6c-b206-447731833a5a,OFC7975,Pathankot,Income Certificate,44,125,904,203,701,35
c7f6c11d-8a52-419e-b717-8ce438976fa5,OFC3015,Silchar,Caste Certificate,7,91,158,104,54,45
dfd04ddd-7323-4711-a2a8-ae10fcfe362d,OFC6937,Minicoy,Marriage Certificate,48,92,872,569,303,40
bc442a8d-d3f2-43fb-a608-5e922cca547b,OFC9839,Ajmer,Birth Certificate,11,52,269,117,152,40
3caefad8-4f2f-4494-86a6-bab33e054904,OFC5688,Dhanbad,Marriage Certificate,36,37,876,859,17,40
c1ff343b-b163-4700-997a-ed2341db13da,OFC8776,Gangtok,Birth Certificate,13,86,707,556,151,40
041991d1-1637-4e0b-85d5-1aa3384dd778,OFC9011,Udaipur (Tripura),Domicile Certificate,41,113,92,83,9,45
4a8eddc7-7e29-4b16-b3c1-75cf31bdc670,OFC8727,Bhagalpur,Birth Certificate,24,121,874,697,177,35
cbc36940-5381-4d52-8f9b-086838551aac,OFC4897,Port Blair,Income Certificate,49,162,574,443,131,35
d59d1940-fb9c-4757-b35f-863fa9551b13,OFC4535,Solapur,Marriage Certificate,44,29,964,622,342,40
8a41c5a6-9d37-492b-a177-7045f44b52d0,OFC5616,Giridih,Marriage Certificate,24,111,983,648,335,40
d8a1df95-c0b6-42b3-be0e-0ded87f3c9fe,OFC2444,Dhanbad,Death Certificate,26,81,620,170,450,45
369145ea-4ec7-41c2-a583-a5c8f8df43b2,OFC6594,Rajkot,Birth Certificate,49,109,664,602,62,45
190b1e51-a6a0-4daa-a47a-da22d9cedf90,OFC8522,Durgapur,Income Certificate,7,23,952,787,165,45
d3ff7663-8a54-442d-a348-cade4748e040,OFC7827,Tezpur,Income Certificate,18,18,580,292,288,48
c7531533-7563-4c8e-a927-49303739e8ec,OFC3661,Panaji,Income Certificate,48,159,55,41,14,48
3f226905-b04c-48e4-aa1b-e9b208e20582,OFC6649,Srinagar,Death Certificate,38,109,381,95,286,40
c6ae6559-8cab-4425-95d8-57b70f26ffc6,OFC8012,Mangalore,Income Certificate,47,43,221,54,167,48
317a2831-8dff-407f-95fa-0c126f860ef7,OFC1514,Bilaspur,Income Certificate,27,121,402,276,126,35
3a5ab014-93eb-42b9-8c99-1d933a1e1b7a,OFC5256,Rajkot,Death Certificate,24,170,285,39,246,45
0f415675-144e-43c6-bf6a-19afc8103b4e,OFC9695,Naharlagun,Death Certificate,21,130,145,66,79,48
0161f06a-d0ff-4810-909a-1817dc9dc99b,OFC3774,Dispur,Caste Certificate,31,45,151,127,24,40
2da93022-78b9-48b1-a0ee-37e808da38f5,OFC9173,Haldwani,Domicile Certificate,23,120,178,132,46,40
9af3975d-1244-400b-8b5a-6af8b6597064,OFC9324,Tawang,Marriage Certificate,35,129,979,288,691,35
8d234680-58c8-488e-b377-918bff00ce14,OFC1885,Nagaon,Birth Certificate,45,65,174,164,10,45
9c7717aa-85fd-4c8b-af72-84a3b411f457,OFC8727,Vellore,Income Certificate,28,15,251,151,100,45
36e8ae34-4447-4a7b-8ce9-33e489ffece2,OFC6199,East Delhi,Caste Certificate,42,55,534,76,458,45
ff1a406f-e477-40f3-88bc-a0aab6905672,OFC8259,Deoghar,Caste Certificate,10,52,298,118,180,35
f077514f-be74-4b54-a48a-31bbf6d4ddc9,OFC2237,Thoothukudi,Death Certificate,40,95,875,679,196,35
295cf2de-6f5e-4ae0-85ce-03af86213489,OFC1986,Mangalore,Caste Certificate,26,125,762,757,5,40
c0dc2dbf-83d4-458f-8fb4-f26c4053f34d,OFC1704,Davanagere,Birth Certificate,39,106,861,216,645,45
3437601f-4c64-4b97-84b3-b0fc9b08997d,OFC1834,Bokaro,Marriage Certificate,24,158,230,84,146,48
3a2509e6-fdf4-46b2-9540-80a7d73ce604,OFC7353,Gandhinagar,Death Certificate,48,62,577,423,154,40
97f4b45b-952b-4d65-8e1a-55cea7ff762e,OFC5947,Ghaziabad,Income Certificate,39,20,731,123,608,40
0520f156-46f6-4755-aa63-a0c04b581bcc,OFC8316,Bareilly,Birth Certificate,29,137,209,94,115,48
8e118bba-8e3c-4bb3-b94a-5e8bb3609e10,OFC4329,Sagar,Marriage Certificate,42,92,889,578,311,48
50d5db6b-31ef-4962-a157-a6388a2eeece,OFC9983,Mapusa,Birth Certificate,15,162,953,172,781,40
a9bfe967-cdb6-4ce9-aa9b-4c55893d2c15,OFC2798,Diglipur,Marriage Certificate,7,95,852,706,146,40
1ca2926e-f632-478a-8559-9adf1daebe7e,OFC2505,Rangareddy,Marriage Certificate,29,51,861,192,669,45
fb59fd44-ccad-4cc4-96d1-87f79336ac72,OFC4427,Amravati,Death Certificate,40,38,562,502,60,45
59550f08-b1c9-4d6d-bf81-502a64d73c60,OFC9889,Bilaspur,Caste Certificate,28,34,701,176,525,35
b180d191-d855-402f-b9e3-7998e314231d,OFC7191,Kailashahar,Marriage Certificate,44,51,579,514,65,35
043f7eb3-ab72-43f6-a0d1-c3502dec6f1a,OFC1169,Champhai,Birth Certificate,17,110,183,180,3,35
b8960737-9e3b-425d-b8c4-e5ded39c990f,OFC3926,Minicoy,Death Certificate,38,120,152,144,8,45
05f5fd7b-2b74-4813-a73f-7fbfeec2ce57,OFC3478,Bardhaman,Marriage Certificate,18,175,612,131,481,35
487716a7-563f-4437-a407-a0f29109b120,OFC4669,Salem,Birth Certificate,14,133,434,204,230,40
e0fa9d67-b274-4c1e-adb1-d4772be4b3ec,OFC1705,Gorakhpur,Birth Certificate,5,167,148,142,6,40
98e2b034-02ca-4c1e-83be-d704b681e31d,OFC1320,Varanasi,Income Certificate,48,25,346,63,283,40
e53b2bb2-1e11-4b81-aae2-7316c2f6f892,OFC8932,Vellore,Caste Certificate,45,115,553,310,243,48
7984471d-a333-4ca5-8296-ad415aed4fba,OFC9819,Hyderabad,Income Certificate,34,104,146,53,93,48
7fc87020-e347-4027-b76c-5eca2d1a573a,OFC1482,Ratlam,Birth Certificate,25,112,987,649,338,45
f8f8c7be-10f1-4a61-97f1-eb2b1418b910,OFC4434,East Delhi,Income Certificate,22,82,216,116,100,40
39970c02-c19c-458f-a783-c1ca3ee70708,OFC8194,Serchhip,Domicile Certificate,25,109,598,427,171,35
719245f7-3b4c-4544-b29d-9b99d027253e,OFC1496,Dharmanagar,Birth Certificate,49,42,213,49,164,35
b3003bff-a5a3-45f8-ba67-a4984d56cb35,OFC1204,Kanpur,Income Certificate,26,78,405,94,311,35
daa36792-36b3-441c-bcac-cbcaefca22c5,OFC7102,Lucknow,Marriage Certificate,16,129,758,545,213,45
5a409d79-1fe5-416d-9bd3-2d6dba00a3a9,OFC8809,Medinipur,Income Certificate,11,179,659,456,203,48
524ffac9-4968-4e2e-9548-3e7f8a8c255d,OFC4501,Roorkee,Income Certificate,33,95,572,363,209,40
1f28b2da-db98-4e1b-828e-0e49131f7bea,OFC7418,Leh,Caste Certificate,21,25,658,399,259,48
daf8c8ad-f852-4e8b-beeb-0de9c172d153,OFC3506,Purnia,Income Certificate,12,131,209,35,174,35
3776cbdb-8275-4d34-8a31-847951d1a94a,OFC2967,Dibrugarh,Marriage Certificate,22,121,701,496,205,40
0aef2f34-90f8-459d-b3dd-680e7037ed54,OFC9847,Jamshedpur,Domicile Certificate,20,26,520,479,41,35
76e8158b-c6a7-435a-bec0-2aae81c3ceef,OFC8442,Anand,Death Certificate,24,83,86,49,37,45
c0f5eb29-b324-4073-a8ca-25a7aa1a0ee5,OFC4657,Agatti,Domicile Certificate,44,119,776,34,742,40
0592fe5f-202d-4f56-992f-f923446c455c,OFC8759,Haridwar,Birth Certificate,14,153,777,667,110,48
a771e2e9-d172-46ae-b553-955b842222fe,OFC7810,Kohima,Domicile Certificate,14,33,159,153,6,35
e374b9d4-6f2f-4a17-9104-c9202e971fa6,OFC2704,Gulbarga,Domicile Certificate,30,39,683,543,140,45
952d0b37-90b0-4fa7-9d5f-e25b4d883067,OFC1445,Sagar,Birth Certificate,42,52,396,277,119,45
a5c23d26-466b-4753-84f7-efb740bd803e,OFC1987,Asansol,Death Certificate,6,127,199,135,64,45
07b50a12-4a61-4e47-92ab-460ed43b118c,OFC1789,Dehradun,Death Certificate,45,55,743,303,440,45
fcbee0d0-da09-42ad-9238-884a6c7b1202,OFC1641,Sikar,Income Certificate,36,65,371,291,80,35
5df6bf2c-e1e0-407f-8f5d-2bebfb5b39a5,OFC9432,Satna,Marriage Certificate,21,124,744,612,132,40
fb9d5d51-8a68-41dd-a1ad-f5be35b48cda,OFC1660,Serchhip,Death Certificate,21,125,954,766,188,35
3ccb4964-201f-4e39-b8d2-018b06036417,OFC4895,Jowai,Domicile Certificate,7,108,813,362,451,45
dbdaaecd-e41a-46e2-84c0-602929feb312,OFC8454,Satna,Caste Certificate,15,119,912,603,309,40
67259d30-d784-4a8a-924b-49dda090eb15,OFC3145,Udaipur (Tripura),Birth Certificate,30,178,486,435,51,35
50d4691c-04a3-42e5-88c8-64dfa43c56a6,OFC3152,Itanagar,Income Certificate,33,109,498,492,6,35
6dc92024-e076-4ef8-a255-53bec7fc4c40,OFC1841,Katihar,Birth Certificate,15,124,189,39,150,40
f8b436f3-79c8-4dad-b9b3-6db38ba31524,OFC9723,Madurai,Birth Certificate,11,32,434,285,149,45
435732ee-b5a9-466e-b939-170a05d4a8c1,OFC2407,Nagpur,Marriage Certificate,44,158,731,697,34,40
c54d47c1-c1ec-4851-8973-8f8caeb80e58,OFC6603,Tiruchirapalli,Death Certificate,45,36,888,57,831,35
5b07d764-a390-4fd2-9ec0-496cb138e2a2,OFC5251,Agatti,Caste Certificate,6,27,96,43,53,40
a758f5ee-081d-4e97-9fa3-b7fb701ea9fc,OFC3871,Jodhpur,Birth Certificate,6,165,760,50,710,48
eae04f22-c5a3-4340-adcf-b64bc3d85943,OFC1063,Minicoy,Marriage Certificate,17,142,355,248,107,35
6d511fe0-d1b8-4621-abe8-3ec3040a46b3,OFC3454,Jamshedpur,Birth Certificate,31,105,596,507,89,45
1ccc2541-1a1b-4b5e-9290-c6f95b9df82e,OFC9985,Katihar,Domicile Certificate,37,118,724,191,533,48
7d05c6ec-8fc9-4938-8126-bb8f5c388f4f,OFC8722,Ratlam,Income Certificate,47,20,364,34,330,48
03ced569-14d5-49b3-a4bf-427af03efb2e,OFC2161,Jammu,Death Certificate,19,26,539,447,92,45
05538ea3-6cca-4a49-9a3d-386636a4ff1e,OFC5012,Davanagere,Death Certificate,47,150,396,140,256,45
03904874-b780-4f2b-b235-5532316cb7e7,OFC9988,Junagadh,Income Certificate,49,118,93,90,3,40
b4705da8-9be6-46fa-be61-3080a3805852,OFC4821,Erode,Marriage Certificate,34,16,107,37,70,35
cf7eee98-d67e-45c7-8ac9-7b3f69d126a6,OFC4634,Ratlam,Income Certificate,10,31,287,101,186,48
7b5519a0-f74b-4230-bfa9-a3f24893cabb,OFC9718,Gandhinagar,Income Certificate,7,85,276,78,198,45
bdae8b2b-1e20-42c6-84c3-41555e49bd75,OFC8294,Haridwar,Death Certificate,15,170,651,168,483,35
2e74c4c2-88ef-43c2-abda-aec4362c4db9,OFC8261,Kota,Birth Certificate,16,95,764,410,354,35
9cf48a13-898b-4fa9-9b39-87025dae7154,OFC3915,Tiruchirapalli,Marriage Certificate,12,146,669,198,471,40
39d3e583-7dcf-41f6-9755-d2f1a60d2e64,OFC3811,Bangalore,Death Certificate,21,31,685,175,510,48
f7b1ae80-f066-4ee3-a331-7bdb87a6e0cf,OFC3929,Mandi,Caste Certificate,21,105,775,532,243,48
8239abc2-063e-444c-9a99-a86304be7afe,OFC4200,Madurai,Caste Certificate,31,17,891,426,465,45
3df8fea3-d5c9-4b8d-80d9-9253e140681e,OFC8455,Central Delhi,Birth Certificate,20,173,551,120,431,40
150310f7-4c8b-46df-9c13-c1d5ac86975e,OFC2307,Solan,Marriage Certificate,27,119,122,46,76,40
f35a4b1c-49a1-482e-8b59-cae612c7d84c,OFC4478,Nanded,Death Certificate,50,79,992,636,356,40
7c26be87-3a9c-4d1e-b0c2-5352282bbcfa,OFC6656,Haridwar,Income Certificate,13,63,799,680,119,40
824de01d-90f3-4b52-86a4-cbe60f6480ae,OFC9328,Agartala,Death Certificate,38,85,913,170,743,45
78f5ef0e-31e9-44d0-8f51-d92d195612e5,OFC4775,Jammu,Domicile Certificate,44,154,512,465,47,40
2633ce7b-4642-414a-bfe8-4b48b3b2f646,OFC6302,Central Delhi,Income Certificate,28,166,628,483,145,48
651628a9-68cb-44b9-9acf-cf2d91d57992,OFC1361,Dehradun,Domicile Certificate,38,71,381,132,249,48
5f7df546-cbb2-44b5-8d2f-4a42e251f304,OFC7439,Shimla,Domicile Certificate,16,156,779,531,248,48
b263f1ce-9a19-40b6-ae5a-af9e18f08176,OFC2702,Bhagalpur,Birth Certificate,12,67,190,34,156,40
1e78eb18-07f4-4e25-ba1e-78a2791f1a26,OFC5837,Bishnupur,Domicile Certificate,48,179,890,58,832,45
d2f3bf0d-cb88-4b97-9f31-32e1fc30b1cb,OFC2767,Gwalior,Death Certificate,45,169,776,591,185,35
5bf3b1fe-e105-41bd-8b3e-aa4ae19bfcaa,OFC8060,Vadodara,Domicile Certificate,31,95,232,32,200,35
b1bca12c-1ad0-4c4f-9d95-37ef3a16e1df,OFC3544,Diglipur,Caste Certificate,14,109,404,257,147,48
5ebbcb70-6903-4861-8e3d-47f5743ddb64,OFC8378,Tura,Caste Certificate,45,22,329,113,216,40
03d21c6a-95a2-481d-ba26-11257dfe3e65,OFC1195,Silchar,Death Certificate,22,21,499,459,40,48
e596709b-9186-4f47-aa05-affc45db130a,OFC1079,Agartala,Domicile Certificate,40,56,365,103,262,48
11414a8a-46c5-4c76-b342-6af6684fa0ba,OFC6688,Namchi,Domicile Certificate,24,104,134,54,80,45
d2216924-46f6-425d-8153-6b874028ad39,OFC8176,Gwalior,Domicile Certificate,43,31,245,173,72,45
b36548d7-b20a-4913-a912-1aa7e225ddbe,OFC6817,Gulbarga,Income Certificate,27,86,449,429,20,35
e02500cd-9a9a-41c0-9b1b-fb284ec612de,OFC1299,Satna,Income Certificate,32,99,270,54,216,35
3e2701a4-dc62-4be8-8b8d-4d6048a70abf,OFC9605,Kullu,Domicile Certificate,9,45,643,552,91,40
441a3562-7b04-4034-b548-5c729b8d8645,OFC1832,Pasighat,Marriage Certificate,13,74,449,141,308,45
e0846369-b977-4075-8ffd-28d85317ed37,OFC9459,Kailashahar,Birth Certificate,47,81,335,57,278,45
3f1b7e61-81b2-42f0-8ea7-c2f92e11ec48,OFC4403,Agra,Death Certificate,10,23,642,211,431,40
5fe1da66-aab8-4c00-95ed-c7cdba4eb07a,OFC3379,Central Delhi,Birth Certificate,18,45,439,159,280,48
617ea8c9-173a-4e60-bc3e-60dcd71c426f,OFC9496,Thoothukudi,Marriage Certificate,24,61,680,523,157,45
10158354-17f1-41ae-99ca-5ebbbc8acd44,OFC2874,Srinagar,Caste Certificate,23,112,348,100,248,40
ce9f9a55-8451-45d7-9536-a0ca035396a4,OFC9095,Haridwar,Domicile Certificate,40,29,407,203,204,40
cad0ca78-2883-4eda-aadc-cf84050a0c3a,OFC3871,Indore,Income Certificate,45,66,505,115,390,40
e6ec108f-3d5a-4813-b602-7acf103e0148,OFC9804,Vadodara,Death Certificate,34,68,540,429,111,35
bada1a21-f148-4989-b72e-cbb34d9b4d27,OFC8794,Leh,Birth Certificate,41,107,788,459,329,40
5b02d53f-3239-437d-ab73-3e2e81e2dce3,OFC5791,Erode,Marriage Certificate,41,144,743,220,523,45
2d53cd16-b93e-4060-8e7a-1640180360eb,OFC9903,Mysore,Income Certificate,25,146,163,41,122,48
a854e73e-de5d-48ec-8dc7-263a84d92de4,OFC8713,Agatti,Birth Certificate,25,50,103,36,67,35
6cca21fe-6a81-40fb-a3e5-205676c5a377,OFC8031,Rewa,Caste Certificate,33,35,359,112,247,40
c9d87742-9ffb-44b0-8b93-76f13658c2c6,OFC1417,Diglipur,Birth Certificate,5,16,381,30,351,40
42911fb2-5fe0-4be1-bdd7-27317e80462c,OFC3824,Mokokchung,Domicile Certificate,15,161,922,849,73,40
0bdae64d-59aa-43d7-b763-18dd29750364,OFC7119,Nanded,Marriage Certificate,27,75,840,754,86,45
5b3c34d3-9212-4bb5-81e9-e97c0364b36f,OFC8123,Bhopal,Death Certificate,33,159,639,346,293,40
8e4e8488-491c-4fb3-bcbf-f716d85c7851,OFC5640,Katihar,Caste Certificate,27,41,818,131,687,48
e5bcfeb0-8b52-4cd4-b17c-7194709c6680,OFC9045,East Delhi,Marriage Certificate,24,121,817,207,610,35
039a4b1c-251e-45b3-8282-433a27b9a834,OFC6795,Dhanbad,Marriage Certificate,24,173,444,433,11,40
295fec37-9f99-481c-ac5f-522eb2fda63b,OFC5148,Vadodara,Caste Certificate,43,110,188,180,8,40
82759db1-7f84-4a0d-acbc-26a050e35e09,OFC1651,Patiala,Death Certificate,33,111,887,695,192,45
09bda602-bd0c-453b-a7a5-90944b5df397,OFC7046,Nagaon,Income Certificate,49,167,101,91,10,35
cbf95605-4638-4120-9dec-bca658b44702,OFC6195,Hyderabad,Caste Certificate,11,145,168,54,114,40
5ab00af0-1051-4120-b763-0d91c98d9413,OFC7968,Jalandhar,Domicile Certificate,12,94,583,550,33,48
6c18054e-7b85-4815-b03c-b166f2d01db9,OFC1255,Mysore,Marriage Certificate,16,71,937,381,556,35
28e0629c-e43d-402a-b71b-c58652102c23,OFC9693,Meerut,Death Certificate,10,105,453,70,383,35
a103b7e3-de34-4462-84fb-ecf3d4d45e28,OFC7514,Jodhpur,Marriage Certificate,11,48,278,243,35,35
934fdeaf-75b7-4a9f-9399-0fda8e7531fc,OFC4957,Surat,Marriage Certificate,14,152,400,86,314,35
3336a39b-6c6c-40e7-8e06-17d566c472b3,OFC7461,Udhampur,Income Certificate,12,157,567,382,185,45
254776eb-e239-49b7-bec3-c9312173d990,OFC4427,Nizamabad,Domicile Certificate,9,23,125,88,37,45
d29a56f6-5ad5-451c-9dd2-b4e3ca02f934,OFC8183,Gorakhpur,Caste Certificate,49,92,718,151,567,40
11d57a1f-c5bb-457f-abe2-bf00e5a8c73a,OFC3800,Itanagar,Income Certificate,34,115,183,39,144,40
c443e5df-79c5-4107-9dfb-a875e354be9f,OFC8478,Kashipur,Death Certificate,44,165,496,488,8,45
63724e97-af7b-4460-b145-ee85be876d1d,OFC5066,Gorakhpur,Marriage Certificate,35,27,310,285,25,45
5dcdd9b2-2f4e-411a-89df-933f2285e7fd,OFC2585,Ujjain,Death Certificate,42,119,692,549,143,45
505b9105-cb36-489d-a227-0622f353cd15,OFC7620,Katihar,Caste Certificate,11,131,947,522,425,40
1440c56a-2a08-4507-89d1-ec77e9dc27e9,OFC2946,Belgaum,Birth Certificate,10,38,409,151,258,40
ae8adaf1-a48f-436f-af79-cb077fa85930,OFC2896,Leh,Income Certificate,8,105,83,59,24,40
18fe3e5f-60e5-460f-a970-fcb7695ffa40,OFC2799,Port Blair,Caste Certificate,31,69,821,210,611,48
ccc2cd81-5707-4460-92b1-f5dc5bcf54db,OFC9040,Anand,Domicile Certificate,19,172,539,339,200,35
a558ddd1-3b90-4760-85db-7bb76c78cdb8,OFC9146,Bareilly,Caste Certificate,24,144,682,546,136,35
bf9c944b-f1eb-4995-8db5-deb03b4b59d6,OFC3930,Kashipur,Death Certificate,41,73,552,340,212,45
8d086eae-47f7-4838-876a-3dfe047d97d9,OFC9650,Indore,Birth Certificate,48,70,489,334,155,45
2a879caa-d9ec-4fc0-b89b-a8d42ea74983,OFC6426,Aurangabad,Domicile Certificate,47,24,924,691,233,40
a4f4556a-27bf-4bf4-8730-de0af6c326cd,OFC8896,Dhanbad,Income Certificate,7,134,522,286,236,48
30d1e5f1-8878-4114-b375-285ec7037297,OFC8466,Varanasi,Caste Certificate,8,94,459,263,196,40
08760206-69d2-4a66-9f04-03c320caab63,OFC1622,Nainital,Marriage Certificate,29,146,265,231,34,48
ca498179-aaf4-4f1d-aafa-170d60d81864,OFC1469,Gwalior,Caste Certificate,18,35,495,350,145,48
b041cb8c-21fc-40d2-8e70-d7886f01ec5b,OFC8701,Aurangabad,Death Certificate,42,140,918,815,103,48
b1a76a17-7fb3-4ffc-a16a-da644450baf3,OFC8260,Davanagere,Caste Certificate,18,99,158,109,49,48
f3281738-e0a6-4b7f-82ab-d51c36849996,OFC4450,Medinipur,Income Certificate,33,149,276,158,118,48
d11e3f7b-c747-4203-89eb-ba66e9df032f,OFC2455,Rewa,Caste Certificate,19,157,908,405,503,48
5820a377-6654-4aae-b7ef-c40187fb6c6f,OFC6631,Nizamabad,Caste Certificate,49,171,830,587,243,45
43f9f82a-42fa-4d6f-8b1d-2830152b8c78,OFC6120,Pathankot,Birth Certificate,23,128,94,74,20,45
c5a599d1-a86b-4920-a619-d3e00edf53ae,OFC2637,Patna,Death Certificate,39,136,911,640,271,45
e642d64b-8745-4635-9a88-f93db5cb189b,OFC3173,Kolhapur,Marriage Certificate,15,41,567,546,21,48
7131c25b-87b6-4482-b51c-489f204ecf1b,OFC1911,Udaipur,Income Certificate,21,88,108,38,70,45
abc66c04-5cd4-4de7-8887-3d6202672b82,OFC6384,Mumbai,Death Certificate,30,46,318,266,52,45
d5559e86-f507-4127-b826-376ef5fa6621,OFC8241,Pathankot,Marriage Certificate,26,33,669,209,460,35
1b0d0061-3905-4d33-b087-328dbabe2cdf,OFC3709,Delhi,Caste Certificate,33,162,677,486,191,45
f6d86b93-99dc-467f-ac3a-4a4c75310b34,OFC2738,Bangalore,Marriage Certificate,30,122,525,192,333,40
5e588e2e-0f98-43ca-ab07-bfdbee30054b,OFC8827,Kohima,Domicile Certificate,28,24,207,137,70,45
71d08f6d-79ba-4b62-b4b5-eafab564be3b,OFC7600,Ujjain,Caste Certificate,8,90,241,48,193,45
ffc162e6-97b1-4740-90e9-3682385e16fe,OFC1012,Tuensang,Caste Certificate,9,47,757,505,252,48
9790f2d7-c5ee-466f-9366-6b453251e121,OFC5884,Ratlam,Domicile Certificate,29,139,988,903,85,45
5ec4ca94-79f9-4fdf-ac77-f2f0275cd58a,OFC3323,Anantnag,Birth Certificate,13,150,779,311,468,48
5326f0a2-1636-4670-91e7-441b55d6eaad,OFC6025,Ranchi,Income Certificate,8,127,276,232,44,45
fc5504c7-10cc-43e4-8cfe-c871289c85f8,OFC4664,Dibrugarh,Birth Certificate,18,84,773,224,549,48
ca444c22-2066-45e8-bb74-29bf890edc32,OFC6492,Serchhip,Caste Certificate,10,72,475,298,177,45
6c8009aa-2ccc-4128-93fb-dddba4af86d4,OFC6349,Bardhaman,Caste Certificate,39,141,433,92,341,35
338789b3-a658-40db-8850-2ce9b8671023,OFC5118,Rudrapur,Caste Certificate,40,56,681,255,426,40
d329e9c0-23bf-42bd-9db4-bdd9eddf12a6,OFC7948,Dhanbad,Marriage Certificate,19,32,923,385,538,48
0666b110-5d6f-4e0e-b920-be479cf6f93a,OFC9457,Aurangabad,Caste Certificate,40,170,294,97,197,35
a2e3780a-7289-48df-8b93-66e5d90599bb,OFC7609,Erode,Caste Certificate,39,89,810,728,82,40
14ce8da0-63b8-48e2-a004-2e9c3098bd47,OFC8659,Champhai,Domicile Certificate,28,162,68,46,22,40
f2b4dc52-c947-42f6-8785-da5c14056f42,OFC7519,Mohali,Income Certificate,17,114,541,340,201,48
cc05056b-9512-4f10-a183-9829f14de0ba,OFC6212,Jammu,Domicile Certificate,46,150,684,660,24,48
50e8aa9c-0fb7-4432-8bc7-2bf346011d62,OFC7846,Bishnupur,Birth Certificate,17,171,782,207,575,48
ab65d89d-d337-4683-8226-5f7b558b682c,OFC9212,Belgaum,Domicile Certificate,34,130,156,152,4,40
5d356297-0f8a-44da-b40e-f1433811ebdd,OFC9760,Khammam,Caste Certificate,12,156,781,104,677,40
bef23fbc-f0e4-4218-90fa-4f7c3af2ede2,OFC4515,Aizawl,Domicile Certificate,49,106,447,130,317,45
a0556e7a-2c67-4706-9501-84f5c226a27b,OFC2354,Srinagar,Death Certificate,20,36,531,104,427,35
47c43286-f9ce-4558-bd05-5e7b5ec1be62,OFC3596,Khammam,Caste Certificate,10,159,585,498,87,35
588087f7-02cf-470c-b3c9-6c58a234e1a8,OFC7346,Dispur,Death Certificate,22,23,755,269,486,45
880fee7f-a804-417f-b07a-bd79089d6b28,OFC9773,Rudrapur,Domicile Certificate,30,95,422,315,107,45
76c71d0c-4e01-41b4-bb9c-e6f0d0498648,OFC6025,Tirunelveli,Income Certificate,10,16,527,164,363,35
e6eee300-8579-460f-8965-ac4c1017c4d8,OFC4316,Thoothukudi,Domicile Certificate,7,65,323,95,228,45
8c67b6ef-f7e9-4e3b-8d91-8e0318f88df3,OFC9545,Delhi,Domicile Certificate,17,120,397,142,255,40
be638568-9013-4984-b478-29c9454da7e4,OFC7230,Bhavnagar,Domicile Certificate,43,57,745,80,665,35
d9d80e5b-36f9-4401-99bd-a295186b67b3,OFC8881,Junagadh,Death Certificate,35,58,274,45,229,45
d59d4f8c-2dab-4ad8-be98-b454237cb6a9,OFC6794,Chandigarh,Income Certificate,5,65,373,113,260,35
4b878df0-9a06-4845-bcf2-7a91f9917064,OFC7482,Jamnagar,Caste Certificate,9,106,587,379,208,35
76052146-f037-454d-bf42-71f3fa9428ec,OFC8479,Malda,Income Certificate,27,17,974,756,218,48
9d7c6266-5e1a-4e8f-a124-afdd80b3257f,OFC1846,Mohali,Death Certificate,33,67,225,114,111,45
f8c0b89e-4030-4bcd-a9ba-034e45a6223a,OFC7224,Kanpur,Marriage Certificate,20,175,901,871,30,45
6025d34a-a343-4f0e-a9f2-c15fbe357173,OFC4029,Vellore,Income Certificate,50,119,489,397,92,48
feff840a-4bb0-4760-80e5-277ac05e29da,OFC7284,Nagaon,Marriage Certificate,17,150,188,48,140,40
8dd84e8d-1901-4183-82fc-4452259666ed,OFC5436,Satna,Marriage Certificate,5,177,63,60,3,40
3479cdc8-03b9-489b-af8d-0bd85c3d8aaf,OFC4765,Kota,Birth Certificate,34,34,563,340,223,48
ac652c6a-2f89-413c-bdb2-ded396ca521c,OFC4352,Kathua,Caste Certificate,14,35,312,33,279,35
046e38bd-26f6-4d48-a1cc-ddcda9bd7c64,OFC7957,Kathua,Marriage Certificate,40,90,388,374,14,35
37c17d52-e7d9-43ab-a9c9-b31e6d15a962,OFC2632,Jorhat,Caste Certificate,36,113,678,633,45,45
0338d5f5-29fb-4b74-9912-5ce09142eec9,OFC6380,Ranchi,Birth Certificate,24,84,932,96,836,45
fdeada5e-cacb-4016-bd5d-3ab2ff8e8e1a,OFC7019,Agartala,Domicile Certificate,27,24,709,274,435,40
16cb1c25-806e-4ae6-b476-3fe0318a6bea,OFC9641,Tawang,Birth Certificate,46,44,674,458,216,35
17e619ea-0bcc-4080-bc4d-b512dfe61b42,OFC6801,Diglipur,Death Certificate,9,69,95,76,19,48
41d80cd7-866f-44c6-9c1e-16a2e07fdcc6,OFC8723,Siliguri,Income Certificate,50,146,164,147,17,35
9565a83e-7785-49b3-9f39-088bce77406f,OFC9553,Ahmedabad,Birth Certificate,44,125,258,196,62,35
a4d3e47c-78f9-4851-8a96-a4b567794e81,OFC6353,Warangal,Domicile Certificate,31,138,735,440,295,48
47af78b2-ba93-4409-bde5-9fef599bb3de,OFC9402,Gangtok,Income Certificate,30,37,859,479,380,35
c6d9d094-cacc-4379-af0b-00af62f555e1,OFC7385,Nagaon,Death Certificate,6,162,227,181,46,40
f0ee01b8-0bce-45dd-97da-93586e3886f4,OFC9496,Lunglei,Death Certificate,24,47,573,150,423,35
66e4060d-0198-455d-b211-29fcc6fa229a,OFC6049,Guwahati,Caste Certificate,16,53,699,43,656,45
47dd1bcf-7dd8-4d0c-a788-ad66653d87dd,OFC3551,Tirunelveli,Death Certificate,37,72,946,925,21,48
8acf34f3-dcb9-4d8b-9222-caf4c7538622,OFC5571,Dibrugarh,Marriage Certificate,6,163,414,305,109,45
3beb12a2-9446-4d76-98db-133c008cec38,OFC7165,Mandi,Domicile Certificate,46,133,245,31,214,48
5b0d2547-9b92-4632-a9cf-21d99bac4b84,OFC9215,Nanded,Birth Certificate,30,33,668,119,549,48
7bec3aae-5895-4c07-aeac-8d23d8109059,OFC2635,Kolhapur,Caste Certificate,43,169,346,223,123,35
4ca47494-34bb-45c8-9317-095a62ad9309,OFC3301,Vadodara,Caste Certificate,39,85,147,75,72,45
db40d515-a48a-417d-abfe-a3545be8ee6e,OFC8249,Diglipur,Marriage Certificate,7,73,680,496,184,48
d4ed2787-3ffe-4c65-8f06-d79900c1b60b,OFC9000,Gaya,Income Certificate,35,85,170,59,111,48
5d65df37-8135-4599-887d-dad7fcefe058,OFC5974,Bhavnagar,Death Certificate,35,63,711,276,435,48
386c6fd1-04e0-4165-964a-ae3eec0d6baa,OFC2324,Amravati,Income Certificate,6,120,656,528,128,35
2bb317c2-4e3d-41a0-9849-311907d53c66,OFC7756,Ajmer,Death Certificate,23,148,509,349,160,45
8a8dbed8-3d7a-4d7b-8a5b-c410b14e94bf,OFC5646,Sikar,Death Certificate,30,16,606,396,210,40
2c17214d-2b18-4070-8ef3-8c10779b448c,OFC6048,Baramulla,Income Certificate,35,24,939,559,380,48
d921fa40-018e-4f73-99fb-cc40f3cd75eb,OFC5834,Nongpoh,Marriage Certificate,27,52,835,283,552,45
78e42955-9181-4cef-877e-d34339563601,OFC9404,Shimoga,Marriage Certificate,33,171,546,263,283,35
a3657b9b-c756-4191-8dc6-33edc13090ac,OFC4177,Jamnagar,Death Certificate,32,49,246,227,19,45
1f442f2e-f912-4cf5-ad3a-c9142010670d,OFC3251,Dharamshala,Caste Certificate,49,173,660,616,44,45
477d7b6c-d041-4214-ae2d-57c1ef2c294b,OFC1550,Alwar,Domicile Certificate,49,174,224,202,22,35
8e2e2781-c11e-46a9-9b33-0f2e8ec1a80a,OFC2778,Sikar,Income Certificate,44,164,796,498,298,35
ac3943c6-e911-4e10-b517-9a574adbde32,OFC7420,Ghaziabad,Marriage Certificate,27,144,984,204,780,48
efef56f8-2560-44c3-9c89-877f0dfb5f4c,OFC4866,Darbhanga,Birth Certificate,28,22,540,339,201,45
0a5eb90f-bd59-4cac-ad8c-b5fced88a5b2,OFC4220,Kolkata,Income Certificate,14,156,95,56,39,48
689e2377-db1c-4ee8-a17d-f1bec1406ea4,OFC3604,Silchar,Income Certificate,9,119,452,452,0,48
2a5f0e20-309e-46d3-8c5e-8702c7aaa6a7,OFC9612,Aurangabad,Death Certificate,26,25,604,358,246,48
af4e9c16-e54f-407b-8468-118d0c9298cd,OFC5177,New Delhi,Death Certificate,21,75,867,604,263,45
c2b6abd0-5d87-4c1f-86c0-baa5cf1332d1,OFC3884,Baramulla,Domicile Certificate,25,54,190,165,25,45
3f9bb120-1aa1-43c2-a497-f24abacb10b1,OFC7005,Hubli,Marriage Certificate,47,76,681,161,520,35
25278901-7ee9-4831-9ad5-46322542caaf,OFC9791,Kathua,Marriage Certificate,20,91,331,34,297,40
523390dc-1669-493a-998e-57941315f1f8,OFC3404,Deoghar,Caste Certificate,6,107,598,387,211,48
42767f35-f5a8-4ad2-a95f-c3f54f04aad0,OFC2253,Bhavnagar,Income Certificate,24,68,680,669,11,35
7398fc9d-6845-47db-b052-b488a280df7b,OFC2499,Anand,Caste Certificate,50,34,599,166,433,48
66faed65-c270-4815-a436-47a49276a79b,OFC7508,Thoothukudi,Domicile Certificate,12,130,290,62,228,40
0e83f09f-335b-4c57-90e3-33c391f67a5f,OFC4687,Katihar,Marriage Certificate,49,105,102,44,58,40
7aca6784-ab68-4ce5-bc9f-89e682a97929,OFC1252,Ghaziabad,Birth Certificate,45,178,518,518,0,48
c3f1b1ba-c298-4c00-89e8-d97425c2319a,OFC4297,Baramulla,Domicile Certificate,33,127,342,187,155,40
b518a452-32ce-45eb-852e-c5b88c5ced42,OFC6390,Giridih,Caste Certificate,8,123,117,52,65,48
a999cf17-03eb-4cc2-ba8c-8f97d84f4794,OFC5574,Gulbarga,Domicile Certificate,30,131,314,293,21,40
75196f4b-afe2-4d75-ab70-610e6926f330,OFC5307,Bhavnagar,Caste Certificate,7,125,456,98,358,48
baa3e0f7-8437-41c2-a6e2-5c11f919b739,OFC3733,Giridih,Caste Certificate,9,144,643,31,612,35
8d8f205c-276c-4570-94ba-45b4f779eeb3,OFC1268,Nashik,Death Certificate,21,130,438,282,156,45
ae42edec-9f29-418c-8a8a-fe30e6263935,OFC3726,Gulbarga,Marriage Certificate,34,175,963,40,923,40
964c966b-7f75-4c4e-8147-4f3392c3dfbe,OFC6870,Salem,Caste Certificate,15,97,543,139,404,40
e4defc27-494a-4093-a46e-40bf5ab4896c,OFC5152,Kota,Birth Certificate,45,151,873,379,494,40
dfd22bab-183b-4cca-9973-ee8ec921008e,OFC5608,Bangalore,Birth Certificate,28,133,653,56,597,35
3e53e291-1b8c-4db1-a0fb-940aacc9c6d2,OFC4978,Imphal,Domicile Certificate,8,30,89,65,24,48
74b6b9c9-0a97-4e73-9c43-eee9d4370004,OFC2694,Belgaum,Domicile Certificate,17,164,215,31,184,45
0385e4b4-99c1-48c6-a441-14905bd33fa5,OFC8687,Panaji,Death Certificate,35,98,874,752,122,40
f44296c9-3773-4e75-8e93-516207a1c92c,OFC5033,Kullu,Caste Certificate,39,155,199,120,79,48
8f563762-eef8-4d5b-bed3-1b6232af597b,OFC2800,Ujjain,Caste Certificate,44,51,777,71,706,40
7b86f83b-ce02-4577-94ea-6292ca0f7c76,OFC1644,Mapusa,Death Certificate,10,135,860,431,429,40
65d556da-dfa0-420e-a776-1b7e6ea369a7,OFC7294,Naharlagun,Caste Certificate,32,67,427,200,227,35
6f85ded9-94a2-40be-88cb-eec3c2736996,OFC5373,Margao,Income Certificate,24,16,956,568,388,45
501618e8-d789-4fed-b2c8-34cc0900faac,OFC9808,Siliguri,Death Certificate,20,66,292,120,172,48
b0341d65-47ad-4d56-a791-1243ef278467,OFC5763,Begusarai,Domicile Certificate,41,143,592,519,73,48
15c7c44f-fe16-4183-ad8d-cb841c4afbd3,OFC7844,Srinagar,Income Certificate,35,50,735,616,119,48
bd78b061-5be5-4584-b922-2f0b6890fb8f,OFC6481,Jalandhar,Birth Certificate,25,33,931,564,367,45
23aa7291-c61a-4346-9660-7452a09976b1,OFC7315,Gaya,Death Certificate,32,159,353,101,252,45
e07f228a-f1ca-40b9-b568-bb992b791985,OFC3998,Asansol,Birth Certificate,46,84,314,212,102,40
172deb29-b397-4634-a511-95e16b1c5d2a,OFC6930,Shimla,Income Certificate,19,129,614,340,274,35
257e922e-dfcd-453d-b0fe-fd09fb2eaf2d,OFC1238,Aizawl,Caste Certificate,24,162,956,433,523,40
9f82b17f-96c8-4477-a478-ff455f0550e6,OFC7185,Baramulla,Domicile Certificate,39,137,626,534,92,35
59410cab-1761-4251-a571-01a0e544951d,OFC9823,Shimoga,Birth Certificate,26,137,291,182,109,48
70a56e9b-269a-467e-883e-75155c1c925e,OFC2761,Begusarai,Domicile Certificate,44,56,596,491,105,45
f5b31e65-4169-424d-bac0-b39181353b9a,OFC7042,Tiruchirapalli,Domicile Certificate,35,154,950,802,148,45
63ebfb94-d9f6-407b-9740-826b538da7fe,OFC2443,Aizawl,Birth Certificate,28,25,521,51,470,48
d8352f7e-541a-465f-92df-adb7d5282531,OFC7849,Warangal,Birth Certificate,6,103,60,34,26,45
c9b42120-afc3-4ef4-ab8a-51870434b307,OFC9778,Gangtok,Income Certificate,6,169,447,209,238,48
b4f7cb76-747d-432e-bedf-85b83bbd7396,OFC6284,Kashipur,Marriage Certificate,20,76,357,230,127,48
06f95084-5c2a-482e-8690-bf2e8905c79f,OFC7378,Amravati,Caste Certificate,14,39,833,495,338,35
971bb870-4fba-42de-bcf4-642d1523446b,OFC3042,Agatti,Income Certificate,43,19,304,97,207,40
80bd5f99-f9aa-415a-b316-6d3cd36c77e1,OFC8964,Anand,Birth Certificate,21,131,310,297,13,48
9cbc9de7-ba61-4a70-940b-7b06cee3f57c,OFC5467,Mandi,Domicile Certificate,49,130,510,53,457,45
c9ed91fa-f391-4a46-9e31-f2a7a94d032c,OFC2357,Gandhinagar,Caste Certificate,11,36,730,683,47,45
85b0a4fd-aad9-4c05-a393-2a8e0eccd942,OFC5928,Jorhat,Death Certificate,42,118,868,305,563,35
ac7996d0-e534-4db3-a723-a21380931cc4,OFC6918,Khammam,Death Certificate,44,83,851,392,459,35
109dd709-7c69-4a0e-a76f-253108bb9888,OFC9303,Bikaner,Caste Certificate,9,35,309,296,13,35
e07c7d71-4920-4a66-9468-508d6b393caa,OFC2092,Gulbarga,Marriage Certificate,13,161,221,127,94,35
4a599e8f-5828-422a-a001-eaad45b800d8,OFC9769,Chandigarh,Income Certificate,34,44,746,156,590,40
256ae5aa-13e1-43fa-8ce3-d3c07fa0c3ee,OFC9021,Haridwar,Domicile Certificate,27,77,639,419,220,48
010819ea-96e2-4f41-b628-06a682357a4a,OFC1584,Lunglei,Death Certificate,20,167,320,247,73,35
361c70f8-48c2-4e59-be87-627c49e4fecb,OFC1577,Rajkot,Caste Certificate,47,161,188,120,68,35
c6dfe672-fc21-45b6-8cad-4d453c6acf81,OFC7079,Deoghar,Birth Certificate,41,102,319,298,21,35
ad8c2d3a-958f-4d72-8b7d-a1a9dd86921a,OFC7774,Roorkee,Income Certificate,31,176,177,115,62,45
bc637e2d-223b-4003-b801-6d49204c2469,OFC4788,Udhampur,Domicile Certificate,47,78,214,163,51,45
dc1c0c06-1757-4e3c-bf20-0e800dc7507c,OFC7829,Kailashahar,Death Certificate,34,102,517,128,389,35
6fad6cc6-a7dc-44f9-8eb5-ed0cdba1e757,OFC8185,Kohima,Caste Certificate,50,36,494,334,160,40
5dd1334c-2f38-4552-8c27-69bfbfd6cce3,OFC2389,Dharamshala,Domicile Certificate,44,110,267,122,145,48
38236904-0858-4bd4-9b83-c296c9b3fe85,OFC3853,Guwahati,Marriage Certificate,27,109,911,542,369,45
82e1fd4f-b9db-4cae-8e0e-516912532826,OFC7264,Bathinda,Death Certificate,29,48,81,70,11,35
4b92b525-5d41-4e96-8176-dc39e30c25b9,OFC2894,Arrah,Birth Certificate,32,137,165,149,16,35
cdcf1e25-f3dd-45c8-b502-ace2ce8ae69d,OFC9168,Dispur,Death Certificate,39,100,325,109,216,40
505d02bb-f527-4ccf-b0cf-74865ddf37aa,OFC1576,Udaipur (Tripura),Marriage Certificate,25,138,306,265,41,35
bf5241b3-09fc-4732-acc6-a7fb9756d68f,OFC5829,Pune,Income Certificate,6,97,879,719,160,45
3395d5af-aca5-4fc2-a807-90672d804107,OFC7338,Shimla,Domicile Certificate,45,18,253,235,18,48
1551d787-b32f-44c8-9c88-edcc5f0c6704,OFC8817,Ajmer,Income Certificate,8,135,60,53,7,40
97342fc5-d031-4b3e-adbe-c4e8e4e19785,OFC8548,East Delhi,Income Certificate,16,147,198,198,0,40
55b78b29-037a-4016-b226-6cac7373e47d,OFC5279,Alwar,Income Certificate,35,76,984,84,900,40
933c50a4-94cf-444a-b2c5-38ec75503c33,OFC4952,Mysore,Birth Certificate,36,109,582,163,419,45
37cf1952-7d4e-4f20-ac01-bb8ce57c3a24,OFC8768,Patna,Death Certificate,8,63,408,72,336,45
91ec36d0-a953-4916-8899-eaf10088a61b,OFC1078,Hubli,Birth Certificate,40,120,387,276,111,48
0e7f90a7-a8e4-4b13-8542-cf9aad46afc4,OFC5054,Namchi,Death Certificate,17,87,910,519,391,45
e67aef6e-8aca-4d69-a556-0a44103761d0,OFC1517,Arrah,Income Certificate,16,126,646,387,259,40
3afb3141-03bd-4294-b6f0-5155668be67a,OFC8553,Imphal,Caste Certificate,23,89,691,387,304,48
bd28635a-b76f-497e-8bb0-fb6546869831,OFC5712,Rangareddy,Domicile Certificate,47,77,996,392,604,35
b2c788e0-4e55-438f-823b-241163cd650b,OFC2697,Erode,Death Certificate,22,57,144,48,96,35
0f7cc147-7c2a-47c2-ab40-c2c1f75a66b5,OFC6317,Delhi,Birth Certificate,12,45,592,464,128,48
00fa82b6-fc2d-4e5f-b3a2-a02d9d13e581,OFC3298,Mysore,Marriage Certificate,40,86,233,113,120,48
5c839dd7-77b1-4f09-a091-3fffd7dc6166,OFC5377,Adilabad,Death Certificate,31,98,607,121,486,35
65e4ce5e-374c-43c1-bb64-dc3bda990e98,OFC2772,Chandigarh,Death Certificate,44,28,693,56,637,48
a67f2b4b-bec8-4403-8235-5e8aa39b5405,OFC5468,Thoubal,Caste Certificate,34,179,710,266,444,45
ca6db484-bfce-4181-9601-2c537a2f887f,OFC5332,Minicoy,Birth Certificate,5,169,449,260,189,35
4d742f8f-c4dd-46da-9141-f6f61adc7a55,OFC5398,Shimoga,Caste Certificate,23,130,285,125,160,35
4387c2d3-5757-469c-bb54-5f39dbec6c7a,OFC7734,Pune,Birth Certificate,31,134,113,74,39,48
f878c0ee-e4ba-4615-ac34-a72e541b2a13,OFC7281,Solapur,Domicile Certificate,40,89,557,263,294,48
0104c3c3-57e1-4450-95fa-37104588403b,OFC9615,Itanagar,Income Certificate,41,159,732,407,325,40
3176ba6e-0bc6-424b-891f-d49f84165017,OFC6672,Bhavnagar,Domicile Certificate,16,166,785,52,733,35
66ee51db-f72a-4ac4-a16a-c32660393568,OFC2654,Dharamshala,Income Certificate,39,172,643,257,386,35
53467776-d70f-4627-8827-c171e7f72d45,OFC2824,Rangareddy,Birth Certificate,37,43,875,828,47,45
845de27e-630b-46ea-b193-a489abe8684d,OFC8995,Nagpur,Death Certificate,11,171,339,201,138,35
3f2ea7d2-812c-4423-81da-1fa40ab2fa47,OFC8034,Madurai,Birth Certificate,25,29,194,169,25,48
56058ec6-089e-4996-8456-b9bba23810f4,OFC8205,Gorakhpur,Income Certificate,40,101,948,763,185,35
0e16313d-8471-4eac-90b1-9f293f71373e,OFC5127,Thane,Birth Certificate,5,164,730,149,581,45
f5448f8c-ae42-4686-a025-c362d12ea1e0,OFC9940,Ramgarh,Birth Certificate,36,74,382,61,321,48
0a7915a9-bebf-410d-b115-bd7d6b56cfda,OFC2466,Kavaratti,Domicile Certificate,39,130,858,659,199,48
2f100d52-c73d-410f-ac03-33cfc07d86b8,OFC8634,Bishnupur,Caste Certificate,12,113,367,360,7,40
07dcfb2e-56e1-4de6-8ebc-0d854c5a57c3,OFC8290,East Delhi,Death Certificate,39,39,400,67,333,40
fe2d5f84-8a53-4b8c-919e-dff4212b8331,OFC4004,Bilaspur,Income Certificate,7,173,698,596,102,45
e78c1a65-0747-4fd5-8b9c-2260ba0710a4,OFC7007,Lunglei,Marriage Certificate,26,102,807,253,554,40
66f1c8b9-fddb-4a62-add1-523082c7e1ff,OFC3178,Dispur,Caste Certificate,10,22,658,325,333,45
774efbad-50e4-4878-9b13-321fe6c50bbf,OFC8724,West Delhi,Income Certificate,21,84,993,812,181,35
3da592e4-d73b-4b69-aed1-86f51d709045,OFC3506,Patiala,Domicile Certificate,48,20,842,804,38,48
c464afec-bf31-455b-8203-49016cd7c2e3,OFC8572,Lucknow,Marriage Certificate,25,50,980,880,100,40
35c74532-b454-4223-9203-722d7dc1ca0a,OFC5184,Madurai,Marriage Certificate,23,180,65,33,32,35
e5f64958-7141-49f1-b4bc-58994d4407db,OFC9223,Nanded,Birth Certificate,45,79,669,315,354,48
0beb4a70-4a73-42a3-91d5-80b6204241e9,OFC2079,Medinipur,Marriage Certificate,10,86,981,914,67,45
6a97af24-d159-45b3-b986-3eb30d5f4478,OFC8241,Salem,Caste Certificate,11,126,316,296,20,48
0aae1f2d-e525-47e4-9618-5756e03ba0dd,OFC2402,Pune,Domicile Certificate,44,120,118,67,51,35
431d36da-57d5-45a4-a6ca-caaeca31808e,OFC7957,Aizawl,Marriage Certificate,22,53,470,75,395,45
bc75bf3f-66ab-4613-a2a8-4c7acb07cd80,OFC1943,Rangareddy,Income Certificate,37,66,535,458,77,48
5c8cfb07-a241-4169-89ce-e1f14fa10d6a,OFC4905,Udhampur,Death Certificate,49,101,991,469,522,45
c7c68efb-8039-434a-8fa8-f373e201fff3,OFC5321,Asansol,Domicile Certificate,12,180,696,470,226,35
eefa9705-20b9-4a9b-ba5d-13ed04149fab,OFC8440,Dibrugarh,Birth Certificate,33,160,756,403,353,40
1d1962d5-8181-4e6d-8557-bc4aaa72dc0a,OFC6836,Kullu,Income Certificate,9,87,942,479,463,40
c99aa257-7d26-4e47-aa3c-0ec3e9924025,OFC8597,Junagadh,Marriage Certificate,16,148,602,599,3,35
93b9d9df-edc6-40b8-a768-42069981c467,OFC8718,Jowai,Income Certificate,20,96,156,40,116,45
9119a66a-d049-47d5-b4a6-aa29db0f7e0d,OFC5201,Mangan,Caste Certificate,28,101,350,336,14,45
a78d32d8-2318-4b3c-8daf-e1ec856ff2f1,OFC7208,Bhavnagar,Caste Certificate,39,177,959,612,347,40
4231260d-ddba-44d4-9e67-21aa00e5c55e,OFC2776,Coimbatore,Death Certificate,45,163,137,99,38,35
8288d497-4ebd-4c95-8272-4afc57a72793,OFC9712,Mandi,Domicile Certificate,6,46,328,278,50,45
94a505fd-4180-4669-b1a4-41a690d4a8ac,OFC1612,Itanagar,Birth Certificate,50,126,584,55,529,48
2be6757d-ad0c-4ba5-bb43-952cc80d4252,OFC3552,Mohali,Marriage Certificate,39,111,885,420,465,40
86750bac-d351-4d82-99f4-70a8dac5fe94,OFC4984,Asansol,Marriage Certificate,50,57,216,32,184,40
bff085d7-66fd-4e74-82f6-09ecd9d837d0,OFC7962,Dispur,Marriage Certificate,28,19,371,365,6,35
4a3c2b72-a263-4bc4-8f10-15d0dbde9c93,OFC4470,Ratlam,Domicile Certificate,47,35,512,274,238,48
1975d55b-87f2-44d8-a189-c17291cf5675,OFC3674,Mapusa,Marriage Certificate,19,18,91,51,40,45
f472625e-7bd4-4f02-81f2-a986fdd9abad,OFC9495,Solapur,Marriage Certificate,40,179,785,392,393,48
bff79487-330e-43a0-adc0-7daebb81a0b6,OFC4762,Jodhpur,Domicile Certificate,38,171,175,77,98,40
b2b80a83-40f1-4a3b-9d49-4b825550ee2b,OFC3389,Mahbubnagar,Domicile Certificate,21,156,539,280,259,48
1945b542-7d9d-41a8-8150-7d5e74d37576,OFC6547,Chennai,Income Certificate,29,28,63,34,29,45
79c45450-f4fb-48a6-9470-92ce2fc22823,OFC8831,Lunglei,Birth Certificate,45,169,331,109,222,35
347d7452-78f6-48fd-b327-71a4d2178393,OFC7439,Meerut,Marriage Certificate,28,62,351,189,162,45
64bb814d-4713-435d-9eeb-8b3fab5dd423,OFC5437,Vasco da Gama,Domicile Certificate,26,168,373,69,304,45
a03913b8-6be0-4ffc-94c8-624562977149,OFC4417,Mangalore,Income Certificate,36,152,913,352,561,35
72ca40cf-8e9b-4190-a7b9-b01d5ab5f00c,OFC8399,Minicoy,Birth Certificate,17,40,781,423,358,35
070e8838-8e6b-4857-8559-891f7cb02872,OFC7498,Ajmer,Death Certificate,39,53,439,404,35,48
fe8de1ca-7333-421f-8afa-af57d14d0f21,OFC5410,Rudrapur,Caste Certificate,30,76,459,220,239,35
698d0e7b-c424-44ce-a360-6c18030504c7,OFC5986,Thoubal,Marriage Certificate,34,132,312,122,190,40
00a20c08-ccfa-4140-93f0-1ddf65d45bcc,OFC3209,Bishnupur,Caste Certificate,42,134,527,344,183,35
e2e02c03-9358-4c2f-a556-05dac0866c4c,OFC9296,Mayabunder,Income Certificate,38,92,82,57,25,35
29f343cc-1c94-4965-afbf-4812a97f57c9,OFC7741,Delhi,Death Certificate,28,87,951,318,633,48
430de291-9d1b-4ef5-8f3c-60e479185210,OFC7328,Asansol,Marriage Certificate,48,39,274,268,6,40
64f7b19d-37b4-4efa-a4cc-268dc35a8a9b,OFC5853,Salem,Income Certificate,19,55,652,391,261,40
3e17bee4-c2e7-46e7-bc0b-1ae74af6e907,OFC9533,Jabalpur,Income Certificate,31,127,300,242,58,48
4f5bd9bb-e2b9-4378-b599-4a422709190a,OFC5711,Aizawl,Income Certificate,46,46,493,439,54,35
630c4c87-9c6f-4988-84f1-691f9b2dae5b,OFC6215,Diglipur,Income Certificate,45,137,242,138,104,35
7ee80101-139b-4c0c-b6f7-858f2371e0d9,OFC5416,Minicoy,Death Certificate,49,162,81,37,44,45
9508f28f-5255-4fd4-9c69-590e94870a1d,OFC4822,Shillong,Domicile Certificate,36,106,966,702,264,40
de1e1f4a-146c-4c0c-b351-186c104e8b4e,OFC6297,Darjeeling,Income Certificate,12,36,738,494,244,40
da92e425-492c-4f17-8a7f-086ae4e015f9,OFC1261,Thoothukudi,Caste Certificate,31,163,865,642,223,35
e9585442-3b28-4c10-bc5a-204931859c5d,OFC2728,Rangareddy,Income Certificate,27,100,920,551,369,35
c6032020-12be-48f6-8552-01610c7d91da,OFC1137,Ratlam,Caste Certificate,37,40,382,382,0,45
60dc66f5-ef8b-4bf0-b113-68528b7a0d72,OFC6273,Varanasi,Birth Certificate,5,75,542,204,338,40
17dfda42-351e-48b9-8d05-1f62280b10ae,OFC7640,Sagar,Domicile Certificate,28,50,661,51,610,40
9bb6500f-f869-4c05-bb11-eba47d7d9ffa,OFC4633,Kailashahar,Death Certificate,46,115,910,348,562,45
14101f62-3110-4d06-b748-38db27583644,OFC1251,Jammu,Death Certificate,10,86,158,140,18,48
d53a707d-5382-44d1-83e3-5fd5b03098ea,OFC7942,Begusarai,Death Certificate,16,160,825,153,672,45
3f3e5d73-4ca9-424f-a24f-87f9567b8cc8,OFC1010,Haldwani,Domicile Certificate,13,79,367,217,150,48
ef4576c8-647d-421f-90a3-8ad5ccda7a9c,OFC1307,Rudrapur,Income Certificate,11,88,761,406,355,35
c2d9b751-aa08-453e-8ab5-e3bf7e8f99d5,OFC6433,Mohali,Income Certificate,42,46,513,224,289,35
928dc033-4c22-4a67-8c4f-eb6bcb8f6e01,OFC3945,Varanasi,Marriage Certificate,22,140,835,213,622,45
a9c92cce-64b3-4eab-b510-6888163e8959,OFC7555,Tuensang,Birth Certificate,30,65,854,688,166,35
5171b1b6-f3d2-4ee5-aac2-8f93d1a51211,OFC8546,Tezpur,Domicile Certificate,48,80,970,688,282,40
5819d0e5-f883-4631-b1f2-03d5e3c470bd,OFC9801,Mangan,Death Certificate,49,88,887,227,660,40
d55bbe6b-edeb-46ac-8e92-b2c7e49efffe,OFC3217,Serchhip,Caste Certificate,8,56,902,136,766,40
0a810426-e7fc-4b96-a37b-d23d271a31ac,OFC7010,Ghaziabad,Domicile Certificate,7,71,214,60,154,48
00882316-f17a-420a-b9a5-f0c4f2a24739,OFC5860,Bikaner,Birth Certificate,37,160,697,386,311,45
c6817770-d9ae-4575-b1e7-c536008ebedd,OFC6864,Srinagar,Birth Certificate,37,66,264,114,150,45
f85d1a38-a62b-47c3-9686-abf5eed927f9,OFC4704,Nagpur,Death Certificate,44,157,708,541,167,48
de995ec9-8bb6-409d-ae4e-a17b40e43b48,OFC4711,Sagar,Marriage Certificate,28,87,859,398,461,45
9370db63-a0ab-450d-a10f-768aade0cfdb,OFC9557,Vasco da Gama,Birth Certificate,22,111,140,120,20,35
0c2189b5-fa44-4fc3-99dd-c88138075fe8,OFC5975,Panaji,Death Certificate,5,178,513,370,143,45
8c3cdb82-745e-4f3e-9557-4301de78dceb,OFC5600,Meerut,Caste Certificate,49,63,119,59,60,45
2c6bb4f4-0836-4984-a536-9e8ef395cfc7,OFC1065,Vadodara,Caste Certificate,19,32,908,657,251,45
cc26681a-94a3-4eca-a142-ba7d9b19ee6a,OFC8235,Aizawl,Caste Certificate,43,31,898,480,418,35
a53c8f78-31a6-4c6d-8772-43c22bf60707,OFC2156,Nagaon,Marriage Certificate,40,130,322,99,223,40
a9ced822-4bb0-4230-a4ad-29675ddde406,OFC5636,Manali,Caste Certificate,5,36,506,423,83,40
e62f9d16-25f0-4e61-9fc9-ffcb75707b2a,OFC8201,Jammu,Death Certificate,5,109,195,176,19,48
2db4b28f-b28e-4972-a4f7-c363fcf5c0a5,OFC5865,Thane,Caste Certificate,19,39,772,326,446,45
ee182261-db26-474d-8393-541cc5387687,OFC4143,Kathua,Marriage Certificate,46,31,589,159,430,40
0a19b674-78cb-481c-9712-3bdc22d8bf06,OFC7248,Bishnupur,Birth Certificate,24,109,226,131,95,35
834be833-88f7-458e-901c-df09b388d3aa,OFC3736,Nanded,Birth Certificate,9,29,477,214,263,45
4acb5986-1487-4591-9ecf-840d806ae5d7,OFC3977,Solapur,Income Certificate,35,35,351,144,207,35
064ab982-b4a4-42bb-b30e-d707b78a782b,OFC1063,Howrah,Income Certificate,32,83,573,252,321,40
046b5b79-f30b-44a6-8c77-90d3f515ff74,OFC3380,Delhi,Domicile Certificate,15,49,834,106,728,40
d95d2d70-8ae1-4d4e-9979-de167b52d18d,OFC1813,Shillong,Death Certificate,40,128,267,178,89,40
158cd4e5-5358-4f59-9c57-292574c8b8a4,OFC3483,Ghaziabad,Caste Certificate,26,172,638,343,295,48
9b62caa1-0ca3-48ee-b0ad-bb47ea5a4f13,OFC9306,Bangalore,Marriage Certificate,9,149,815,45,770,45
cc71fcec-7d17-43bb-9ef6-0879f8c344d3,OFC9079,Anand,Birth Certificate,12,162,954,401,553,45
44ba12fa-6269-4282-b5fe-9241d44c9e76,OFC6078,Mokokchung,Marriage Certificate,11,152,610,565,45,45
71b88f02-4427-4df0-a579-ac8edd742357,OFC3261,Kailashahar,Domicile Certificate,23,70,615,478,137,35
8f07c0b4-267f-4c75-ae64-0c01068c2a6a,OFC1155,Warangal,Domicile Certificate,35,148,992,400,592,45
f4e9a22e-cf4a-445a-bcd5-8eee0e12f241,OFC4016,Junagadh,Income Certificate,39,59,741,494,247,40
72926885-8a46-414a-8092-eeb22c82ab26,OFC3281,Dharmanagar,Marriage Certificate,9,89,726,88,638,35
780d1110-65d3-4cb4-93bb-465a00d13422,OFC4770,Nongpoh,Death Certificate,48,86,643,282,361,45
e65317f4-2d4a-4fa0-97b6-72b388feb5c2,OFC6892,Surat,Birth Certificate,28,70,987,363,624,48
188b7cbc-d808-430f-8556-366edaaa4706,OFC9898,Thane,Death Certificate,12,49,119,31,88,35
b0df3b02-9305-4019-bcfe-cf2a18149eaa,OFC5698,Patiala,Caste Certificate,38,61,754,550,204,40
c7631537-ba19-4551-95af-98ddf697999d,OFC4210,Udaipur (Tripura),Income Certificate,43,48,66,51,15,45
8fb2847c-42b7-4a5e-a01c-c3654511098f,OFC1628,Muzaffarpur,Birth Certificate,11,68,756,487,269,48
87981465-8989-4012-a376-a30d39c5f7c6,OFC5766,Bilaspur,Caste Certificate,35,28,662,124,538,45
e2cf9f26-bee2-4ebb-928b-ac7a38823554,OFC5125,Dehradun,Death Certificate,16,103,792,364,428,48
b1813301-908e-48ee-b0d8-42fbf5b3e553,OFC1017,Guwahati,Marriage Certificate,16,56,519,147,372,45
5662ce99-ebb1-4cbb-a72f-3cb98b5145c9,OFC3354,Mohali,Income Certificate,49,125,991,497,494,40
252f2496-220f-42b3-8774-a3fdd6d08e48,OFC9873,Guwahati,Income Certificate,21,178,223,111,112,40
551c7caa-1230-488a-bd1f-544a59a0768a,OFC4466,Jalandhar,Marriage Certificate,37,44,345,200,145,40
bea8500d-d3e7-4ea2-b7fb-defbd1020ad1,OFC7809,Bangalore,Caste Certificate,37,174,926,597,329,48
4303e0ff-f920-4052-9132-709bb2c3640b,OFC8496,Dimapur,Caste Certificate,23,180,100,66,34,40
1bcefb08-bd1b-4657-961e-6bd7321ac3cf,OFC6112,Ratlam,Income Certificate,7,159,905,306,599,35
33949ba6-aa07-4498-af5f-b8cc09bd296d,OFC4324,Medinipur,Birth Certificate,10,55,161,114,47,40
bf9579ba-0635-4de9-a489-9b6609596408,OFC3918,Tawang,Marriage Certificate,10,30,573,379,194,35
76b535cf-84be-457a-a650-69565d3bc3d4,OFC5261,Asansol,Income Certificate,14,100,50,38,12,48
fac1757f-9c02-4c8b-afe3-95cb28958797,OFC4574,Arrah,Domicile Certificate,19,68,515,303,212,45
9050052c-4436-4647-8a6d-86530437389f,OFC6069,East Delhi,Domicile Certificate,6,163,997,646,351,40
ee0ee644-7f9d-48c5-b071-83d7f9155e5b,OFC2747,Jodhpur,Domicile Certificate,47,26,422,376,46,40
18f687f6-a198-4730-bfa5-a8fc5638bae7,OFC9215,Mangan,Marriage Certificate,20,91,929,652,277,35
196280b7-04b4-46f1-8ef8-1076ef4727a5,OFC4105,Dharamshala,Domicile Certificate,28,130,679,429,250,40
9c2327f8-26ff-4fde-afd3-fb8a7ee39d3e,OFC4431,Geyzing,Caste Certificate,10,75,934,300,634,48
91bbf234-6568-4d64-af60-931ab991fed7,OFC7166,Kashipur,Domicile Certificate,24,64,667,362,305,45
b95ab9f0-440f-4cf4-9f67-0b43ef152bc3,OFC4201,Haridwar,Domicile Certificate,28,158,366,32,334,35
314fbc45-ae29-4063-b84b-8ff87695bd2a,OFC8948,Nashik,Marriage Certificate,38,63,606,577,29,40
a1f17c0e-2dce-4560-aa52-68022137dc0b,OFC5233,Malda,Marriage Certificate,18,24,570,181,389,35
05901674-2f2a-489d-bfee-fe9d21d57a13,OFC1417,Diglipur,Death Certificate,32,170,822,384,438,48
a5f1ac67-7759-4f8e-ae75-5bcceb24f4a4,OFC7935,Thoubal,Birth Certificate,5,147,819,499,320,45
282d7d21-f61b-482d-a0fd-41f1749bb35d,OFC2455,Mangan,Marriage Certificate,42,75,241,149,92,48
ca5272cd-e8bb-4067-92dc-8fe36f3edbdc,OFC5025,Mokokchung,Birth Certificate,16,74,318,311,7,40
ec03100d-331d-4f0e-9e77-ebeb2713fd3c,OFC3666,Margao,Birth Certificate,21,42,524,449,75,48
10bb8c10-9745-4137-a156-58e37a146e50,OFC7153,Bathinda,Marriage Certificate,44,99,567,293,274,48
00d1c5d6-f0d5-4dcd-bb19-dab3f10ef281,OFC3088,West Delhi,Birth Certificate,7,16,629,378,251,45
e31d7cc3-163a-4350-aaea-53857dc10b99,OFC1121,Ratlam,Caste Certificate,49,83,577,463,114,35
b5768ac0-4f56-44d7-a037-ef92fea11c54,OFC9381,Mangan,Income Certificate,33,29,316,54,262,35
ab1bdf1b-f8ae-49d3-80f0-115212750e6e,OFC7569,Bareilly,Income Certificate,50,124,157,36,121,40
f3da9580-1930-40b0-8f05-3123c66441a7,OFC6572,Lunglei,Birth Certificate,19,32,543,208,335,48
19f53b12-7c5f-48ea-9ba6-f49fa18135d9,OFC5018,Dharmanagar,Marriage Certificate,30,113,108,43,65,35
9bdcc8f3-59ae-447c-8eb2-1584bc573504,OFC9558,Jodhpur,Birth Certificate,22,32,833,542,291,48
7164ff24-17d0-4bc8-8b1b-ac168fd3874e,OFC1497,Dharamshala,Birth Certificate,10,45,437,149,288,35
3ca41b22-9739-4261-bbb1-fa97d5959e6b,OFC6474,Rangareddy,Birth Certificate,42,122,976,244,732,35
7c9baf79-265b-4305-8e30-9a9ff229a01c,OFC8206,Pasighat,Marriage Certificate,13,55,559,95,464,40
41285af5-d69e-4592-8a09-4b32c7c771eb,OFC2081,Anand,Caste Certificate,21,122,705,265,440,40
8cff9764-e781-4b73-be21-b07182e3df78,OFC9580,Nongpoh,Domicile Certificate,41,127,507,496,11,45
82361f90-0120-42a9-8173-fee035a18c7e,OFC6664,Shimoga,Caste Certificate,5,31,151,38,113,40
9c8f56cd-4861-4c33-bbbb-ab4d178a4c93,OFC2685,Agartala,Caste Certificate,24,110,831,726,105,45
bb9823de-0cce-4f96-be5a-b87bde4e4c5a,OFC9731,Gulbarga,Domicile Certificate,29,42,167,162,5,40
6a44efeb-2ad1-407d-a911-8db960a564cb,OFC6086,Kohima,Birth Certificate,44,138,211,190,21,48
de8412a8-9da7-4cc0-8c03-a1ce94a160f7,OFC2349,Bhavnagar,Death Certificate,31,88,812,466,346,48
1be38979-defb-4a11-9cdb-2204f973e127,OFC6354,Tuensang,Birth Certificate,33,153,119,118,1,35
fb122aec-06cd-4edc-aad3-21398484d20f,OFC2560,Lucknow,Income Certificate,35,30,747,215,532,40
6e6e519f-322d-46ab-94c2-77aff0080cda,OFC2747,Lunglei,Caste Certificate,48,110,892,408,484,45
f43642d8-ab4e-40a7-9858-579e85ca643c,OFC5003,Ranchi,Birth Certificate,46,122,846,195,651,35
220acabe-c8a7-4309-996d-0388198b4766,OFC8181,Dharmanagar,Income Certificate,32,157,286,149,137,40
426e1af7-edc3-4cba-bf96-873007838b2b,OFC5531,Ajmer,Caste Certificate,42,115,538,422,116,35
cd328a4a-e185-40db-be42-a29f3d37808e,OFC3732,Varanasi,Birth Certificate,12,141,698,653,45,48
9c0ec8c5-90c5-448b-9ac6-6985634dd686,OFC9453,Sagar,Domicile Certificate,13,158,493,434,59,35
2231a759-5d07-4ffc-a322-0e50d44c29ee,OFC2431,Arrah,Caste Certificate,25,115,543,373,170,48
f72ba5ac-3e1c-4a9f-bd1b-971d46e8188d,OFC9162,Bhilwara,Domicile Certificate,22,122,296,290,6,48
4ff6a218-25ba-4ea4-8264-65a6eb4aae52,OFC1887,Kota,Domicile Certificate,48,77,130,73,57,45
4e02c79a-8c76-405a-bb13-192b2b887526,OFC9436,Nagpur,Caste Certificate,25,137,128,123,5,45
db476411-df0e-49b2-afd8-23f511dfbf49,OFC1702,Meerut,Marriage Certificate,14,178,807,177,630,48
c1614fae-94ff-4661-9274-a90c2ea5217b,OFC6348,Malda,Death Certificate,17,156,112,67,45,40
ca542e2b-f478-4159-94df-95d19e89706b,OFC7684,Nashik,Birth Certificate,7,72,888,158,730,35
64969bc9-a1fd-4639-bbea-4cb17781e137,OFC5096,Udaipur,Birth Certificate,34,21,704,223,481,40
a11da594-530f-4de0-91fd-3283605b95b4,OFC3527,Erode,Death Certificate,31,50,928,747,181,45
430fd878-0dd0-4184-becd-24fec4fca2c6,OFC3495,New Delhi,Caste Certificate,20,148,509,276,233,48
02915f8f-9e1c-48d9-b4d1-85b76be71957,OFC9489,Anand,Income Certificate,11,145,802,661,141,40
d799bf54-1a3d-4058-b344-c9bde512f3f8,OFC3274,Port Blair,Marriage Certificate,25,60,797,429,368,48
2301e6be-79d6-4f9f-8a86-8e92bec6499e,OFC5424,Coimbatore,Birth Certificate,41,160,779,363,416,35
4967d10c-2712-49e6-9564-588631398f1d,OFC8155,Minicoy,Income Certificate,48,99,295,138,157,40
4bdc13e0-6cde-432e-a198-da80228e2c67,OFC1380,Central Delhi,Caste Certificate,16,153,667,636,31,45
be3411ef-2d78-4265-9986-b2663616f68f,OFC9518,Jalandhar,Marriage Certificate,28,46,858,79,779,48
0d6ce114-fc76-4f7c-a2a8-b143b4f5778d,OFC4512,Madurai,Birth Certificate,8,163,172,41,131,35
eaedca96-bbfe-4042-ab8c-6683f2841798,OFC5089,Nagaon,Birth Certificate,7,140,785,53,732,48
410090b1-ef03-4e38-a4dd-ceca6dca4906,OFC6896,Ramgarh,Caste Certificate,46,164,267,42,225,35
c01bc2ac-9924-4c77-adbf-366af69f8ffd,OFC5119,Amravati,Death Certificate,17,29,878,485,393,40
45566672-315b-43b2-b7af-9fc927c9b7b6,OFC6576,Rudrapur,Domicile Certificate,7,68,771,569,202,40
42efdf31-6baf-403d-b0c8-5a540d777d77,OFC5184,Rangareddy,Marriage Certificate,20,61,917,699,218,45
bc91d400-af46-43e9-b5a3-80c4332890f0,OFC5798,Sagar,Death Certificate,31,30,231,187,44,40
7871ad39-6221-414a-bc20-4df271dfac57,OFC9455,Solapur,Income Certificate,43,31,939,676,263,35
7157d6d4-3b0d-48a9-b1a5-fdb65d14104b,OFC1397,Geyzing,Death Certificate,17,104,278,211,67,35
c9136a87-feb5-40d0-9702-9e4b69e820f7,OFC6865,Mangan,Marriage Certificate,8,100,393,272,121,40
9014831f-78d0-407e-8c2b-7eec1778dbe5,OFC1545,Kullu,Caste Certificate,40,100,909,118,791,45
2ca2efd0-4701-4e81-9452-508a96ec24c9,OFC6341,Chandigarh,Death Certificate,41,179,611,120,491,45
4af918f5-e572-4469-a3be-a2c06323a5b4,OFC2800,Mangalore,Death Certificate,16,95,464,357,107,45
b2a13662-e48d-40d7-9edb-fcac943649c5,OFC2278,Karimnagar,Death Certificate,48,170,250,246,4,35
751ac25b-eece-4c19-9dc8-cc6fa08585e7,OFC3492,Namchi,Death Certificate,24,154,702,613,89,35
dfc44848-c0dd-42c4-98ac-c677333c10c5,OFC2664,Mandi,Death Certificate,5,163,346,273,73,45
d63636d8-7942-47d3-9664-0257b33b9399,OFC3095,Purnia,Birth Certificate,23,77,449,202,247,40
d8d4e39b-4290-4a64-85f7-82fa36fdb2b2,OFC1579,Mokokchung,Birth Certificate,15,161,923,750,173,45
433b9da6-05f8-4c3b-b558-e24f7198213b,OFC7319,Tirunelveli,Domicile Certificate,28,114,129,80,49,40
6551d030-e8f3-4667-a4a5-e921c1552c2e,OFC8752,Jabalpur,Income Certificate,48,66,101,61,40,35
652fd941-dba0-4031-985a-52cda39a060f,OFC6954,Ramgarh,Income Certificate,36,127,607,291,316,35
a537c5d9-8b24-4fae-8f8c-2b28a81638b0,OFC7463,Patna,Domicile Certificate,42,125,403,402,1,40
123edf33-be1c-46f9-86d0-6c95054c256b,OFC3893,Hazaribagh,Marriage Certificate,36,172,469,51,418,35
8d2fb9a0-e69b-45a6-a3a1-ea71d4f0c668,OFC6905,Nongpoh,Income Certificate,17,179,880,532,348,48
20c61f78-91f1-42a7-86ed-d6a430edfa64,OFC2258,Udaipur (Tripura),Death Certificate,12,97,373,178,195,35
f72a4594-d0f2-40c6-9d5a-5cba7a2af4be,OFC3438,Jaipur,Marriage Certificate,44,122,512,287,225,35
784e7031-72ee-4c68-9743-ad685d0ff16d,OFC3115,Nainital,Caste Certificate,33,90,233,191,42,35
8dc88d32-1c4f-4f81-a7cb-b45e14b6c915,OFC7387,Tura,Domicile Certificate,20,84,422,231,191,35
15d94951-8c01-48da-b2c4-e145cca524ea,OFC9090,Ramgarh,Income Certificate,13,18,847,834,13,45
1c8f7448-28c8-41a3-8064-1848ea305585,OFC8834,Tezpur,Income Certificate,46,177,283,90,193,40
7545d34d-ef68-4271-9dc6-7d519e22968f,OFC1366,Ludhiana,Income Certificate,44,107,130,71,59,48
c6863b25-cd09-402b-b203-0c8f716c6d9c,OFC5220,Erode,Caste Certificate,15,149,943,781,162,40
7145068d-7c12-4c88-9973-737a87169cc3,OFC9573,Guwahati,Caste Certificate,32,171,858,799,59,35
cc57508a-8b23-4672-bb93-7bfb734b7045,OFC9913,Jodhpur,Caste Certificate,42,151,246,226,20,48
eeafa949-ebc4-4348-9db5-6b755e7581ad,OFC3083,Vadodara,Marriage Certificate,9,83,733,113,620,40
8650b8ef-7473-4cf9-bd60-14a5ec07a148,OFC4395,Gangtok,Death Certificate,19,175,357,292,65,48
35060627-b043-4603-a38c-40588e34e2b4,OFC3190,Mapusa,Marriage Certificate,34,174,265,261,4,45
c62baac5-b506-4126-95ab-2b90bfae8eb2,OFC3265,Ranchi,Caste Certificate,50,41,299,186,113,40
5ea1ff85-1e8f-4ef3-b17e-04565db99e79,OFC7114,Gorakhpur,Marriage Certificate,39,120,101,54,47,40
837f28f6-374c-4b80-8d0a-8465495e8294,OFC9258,Agartala,Birth Certificate,18,151,737,195,542,35
9536e788-a8dc-4436-bf2d-3b8fd5c49c26,OFC9908,West Delhi,Marriage Certificate,23,125,987,411,576,48
4fbd67d5-1158-48b5-a148-98d137c9ff4d,OFC2814,Dehradun,Marriage Certificate,46,37,126,77,49,45
96a2d62e-2daf-4986-83e1-fbfb333ea422,OFC2341,Panaji,Income Certificate,49,146,356,259,97,45
668135d2-db8d-4242-b4c0-1c0fac8b5b9d,OFC6893,Kolkata,Marriage Certificate,48,128,383,379,4,48
63dcf601-5866-4254-a427-de8aff111129,OFC3679,Rangareddy,Marriage Certificate,29,56,990,124,866,48
639fea45-2743-4a5b-b04c-e6c5d01d3228,OFC5810,Anand,Caste Certificate,44,111,124,64,60,45
dc74a715-9c09-41bc-9512-da40a416dd50,OFC5245,Bangalore,Marriage Certificate,46,113,992,764,228,35
2e90e906-4326-47e1-8458-2cb61ac1f2c0,OFC4554,Udaipur (Tripura),Domicile Certificate,21,41,609,35,574,45
64381b20-eaab-4843-a624-5d47e026955a,OFC7468,Kathua,Birth Certificate,48,171,399,297,102,45
761e1d54-3d10-4309-94d3-0610dc6608b5,OFC8683,Aurangabad,Caste Certificate,44,178,925,366,559,45
4807b7bf-3781-47f9-b112-1ec01790cdd5,OFC7652,Malda,Marriage Certificate,25,122,782,56,726,40
969b793c-2078-4a6d-af20-2805f0d2bc1b,OFC5725,Gorakhpur,Death Certificate,49,134,455,413,42,48
641fd891-ae3d-4491-a14f-cad388c420f7,OFC6042,Mangan,Birth Certificate,9,51,880,795,85,48
a4a14368-888f-4c83-8b46-815104bad135,OFC5627,Jorhat,Death Certificate,48,126,473,39,434,48
29fa3d29-5893-4b07-9702-6711bc82a499,OFC2654,Katihar,Income Certificate,36,128,181,36,145,45
3cbe0a8f-a850-44e5-bf82-cbe7eac3ebc7,OFC6752,Tirunelveli,Caste Certificate,6,56,121,94,27,35
6558ee72-9c5c-456c-810a-b661473ccd63,OFC3551,Leh,Domicile Certificate,18,19,392,372,20,45
4ea0cb6e-447f-4d96-9d10-24fbcd1be885,OFC8851,Naharlagun,Domicile Certificate,28,52,697,278,419,45
d5b926d6-cc60-473e-866f-724fcd7000a7,OFC1564,Coimbatore,Income Certificate,35,100,958,416,542,35
d2a59077-1a55-4f90-8a0a-dcf2908d49c9,OFC3325,New Delhi,Death Certificate,9,53,975,319,656,35
5a4220ae-3df8-4184-9157-5de46e6308d0,OFC5786,Naharlagun,Domicile Certificate,40,106,513,325,188,45
f34edff8-e7e1-4232-9754-a2f2c9efe371,OFC6207,Gandhinagar,Marriage Certificate,38,131,128,125,3,48
38c116bf-4cc7-4c0e-a7f7-29459ab0eb67,OFC1524,Margao,Death Certificate,32,91,297,263,34,45
2702117b-293c-4bfe-be47-e6d30278911a,OFC4980,Arrah,Caste Certificate,19,93,531,70,461,48
61ddcb80-c290-4493-aa08-c54a65f36725,OFC8337,Ramgarh,Birth Certificate,41,176,838,303,535,45
5f5e43c1-1cfb-4fd1-878a-2f2f996f3f47,OFC2818,Amritsar,Domicile Certificate,16,17,668,287,381,48
2d081847-e697-4c9b-938f-6c7c1f47f258,OFC2288,Coimbatore,Caste Certificate,41,50,702,423,279,40
e378fbfb-5edf-4cc8-9f1d-86d0a578d76f,OFC9706,Pune,Birth Certificate,46,107,216,155,61,45
7ee376d6-9ec1-4da0-a265-9d5e5c91c346,OFC6427,Delhi,Caste Certificate,42,20,52,50,2,48
f5ad8556-9da6-41f2-968e-8f9b33351051,OFC2977,Adilabad,Birth Certificate,15,124,321,270,51,45
11767c5b-0a64-411d-b55f-54a0990c1367,OFC8363,Patna,Death Certificate,24,19,187,98,89,45
d908d2f1-4807-4ac7-a742-b211f05a24d5,OFC6088,Mapusa,Caste Certificate,29,68,602,210,392,45
5e217431-be9a-4564-8bf0-d9865e8256aa,OFC8607,Tura,Income Certificate,19,170,667,158,509,48
b9d00762-6761-4474-a6b3-d1af5b126a45,OFC2348,Mahbubnagar,Income Certificate,9,162,115,73,42,40
dc0a2962-6834-4ff4-afe6-1aa72a689896,OFC9137,Tawang,Birth Certificate,25,74,716,410,306,35
29eba60d-1c9a-445e-b44f-7349109d3154,OFC8642,Mapusa,Domicile Certificate,9,136,53,42,11,35
c1ec49be-2467-4c18-86cd-bedcf3152720,OFC5312,Shimoga,Income Certificate,37,83,667,68,599,48
91bf9c2f-0019-4c1d-b102-d4cd69aa8820,OFC9455,Gandhinagar,Birth Certificate,20,77,332,91,241,35
68171c8e-ec02-45c9-9c8e-18e1d6e43033,OFC5331,Nashik,Death Certificate,33,165,686,412,274,35
d7b8d921-12f9-4ae8-b2fb-e8b6138505dd,OFC3501,Anand,Marriage Certificate,18,163,140,104,36,45
5137f629-ecc0-4618-a318-c6ef0a7fac6d,OFC6565,West Delhi,Income Certificate,5,25,283,104,179,48
cf8b1d7c-3214-4239-ae73-1eca3198cb79,OFC6265,Gaya,Income Certificate,41,44,391,220,171,35
13c731bf-5b1c-4337-98d6-dbc95c59d3ac,OFC8512,Udhampur,Death Certificate,40,103,725,220,505,35
284b84e8-752a-419c-99cc-987646c8f10c,OFC4790,Amravati,Domicile Certificate,42,179,83,68,15,45
7f95dd61-43c1-410e-8858-02939e361188,OFC7340,Jamnagar,Birth Certificate,33,59,255,246,9,48
b1d11567-d37c-4b19-9e59-bf4f52aeaf48,OFC8698,Giridih,Caste Certificate,8,61,751,473,278,35
41d6385c-2fa7-4d51-af4a-a356cb091b82,OFC1766,Jodhpur,Domicile Certificate,13,172,466,53,413,35
bdc13bb7-8c8c-440b-810e-49141bbfe41f,OFC5325,Patiala,Domicile Certificate,37,65,422,39,383,45
e95b3fc4-50e5-4da6-ac67-c2cd67f3a76c,OFC5416,Salem,Birth Certificate,17,111,174,148,26,45
846bfc69-7158-4057-afe1-d9795dbc4c1c,OFC7150,Tumkur,Income Certificate,26,68,666,335,331,35
ba698a26-abd1-483c-85d2-60f2ad91ac0b,OFC4141,Mangalore,Income Certificate,16,95,929,858,71,45
b2ddbb63-0040-4847-bce6-6d7a76433fb4,OFC8092,Erode,Domicile Certificate,25,79,991,737,254,35
7e74a0c9-fcfe-467b-961f-0528d602b6a6,OFC2741,Geyzing,Caste Certificate,38,174,657,518,139,40
d85c5c55-b32a-47d5-b85a-412daa9d83b9,OFC4516,Bhilwara,Income Certificate,11,88,157,93,64,35
6bfa0d36-ec69-475b-87d3-2c9d70b15609,OFC9491,Gorakhpur,Caste Certificate,7,32,325,221,104,45
ca015b49-1db9-41f9-8618-a9970c70d41d,OFC7846,Deoghar,Birth Certificate,33,23,66,51,15,45
4d5c341a-3849-4906-8ce1-27cba0b1fb0a,OFC1969,Amritsar,Death Certificate,37,114,650,499,151,35
d6a92efc-5698-422a-8607-47e2c3d413b3,OFC9678,Adilabad,Caste Certificate,22,166,871,727,144,40
abdf6757-4ee3-4734-8afe-94bed2b97c22,OFC3697,Coimbatore,Death Certificate,47,66,339,282,57,35
9d6b46a1-a194-41cf-bd37-2387da41fee1,OFC7332,Kashipur,Income Certificate,25,58,376,364,12,45
df76a6b5-7160-4810-accd-842db8a3519b,OFC9690,Bokaro,Death Certificate,20,57,247,32,215,35
f117d220-865b-4ce1-8e76-e32c2ad07ffa,OFC8554,Chennai,Income Certificate,50,165,353,323,30,35
4499f23f-bb51-43f1-bca6-14206b7985b7,OFC7192,Nagaon,Marriage Certificate,38,25,438,406,32,40
9c59c52d-f908-4f5d-b2ab-00933b1afa6c,OFC3262,Solan,Caste Certificate,7,123,800,537,263,48
06133e7c-3733-4f41-b251-e1b0845f8760,OFC9879,Agra,Caste Certificate,12,111,257,79,178,40
caf40a4f-348f-431a-accf-3045efd6949c,OFC3806,Anantnag,Marriage Certificate,27,149,540,271,269,35
39fbf1b8-764c-4310-a895-ab980feb1605,OFC1306,Rajkot,Income Certificate,46,26,83,38,45,35
cf7a49a0-db1e-4436-9cae-2432262ba406,OFC6337,Madurai,Domicile Certificate,19,49,620,42,578,48
ae3dae2a-404c-4dbd-80b2-6f0f17381bb7,OFC4076,Ghaziabad,Caste Certificate,7,31,607,449,158,48
9263d293-e7a1-4c9b-9e7b-457503f2644f,OFC8907,Geyzing,Marriage Certificate,22,85,699,310,389,48
608b8c9f-5e83-4e6f-b1f6-be95d8e5a5b4,OFC9093,Udaipur (Tripura),Birth Certificate,9,58,616,297,319,40
5a581df5-65d7-4616-a41c-97d8d28224fb,OFC7340,Purnia,Income Certificate,35,60,936,151,785,48
f90c400f-0bb5-4a83-82a1-a673df701986,OFC4105,Amritsar,Domicile Certificate,47,49,509,265,244,35
7d9de4be-20b3-4f59-8e2c-e09a77bb4afd,OFC3661,Shimoga,Marriage Certificate,6,63,511,139,372,40
5812028c-18b3-4320-a11d-90fbf21b04f3,OFC7457,Davanagere,Domicile Certificate,6,51,744,388,356,45
b46f61d5-e58e-4a32-b3cf-e3775539b307,OFC1013,Darjeeling,Death Certificate,34,63,479,147,332,48
6de6fce2-86f9-483d-a382-ea1737f5eb1c,OFC8454,Bokaro,Marriage Certificate,11,108,813,115,698,35
576babc4-2b51-4973-8557-92a5bfe18565,OFC3666,Amini,Death Certificate,13,112,867,606,261,40
a8103565-2df1-4513-b3f6-86f0ca669295,OFC7306,Kota,Domicile Certificate,12,101,637,50,587,48
a9c738db-0968-42f7-8448-0a689d85e0df,OFC9752,Dehradun,Income Certificate,40,101,720,204,516,40
d2bff1fc-258e-4c46-88bc-6633a7e08856,OFC5902,Solapur,Marriage Certificate,37,76,460,365,95,45
52d92e37-4273-495c-abbc-948caf79d519,OFC5435,Ujjain,Birth Certificate,42,127,862,347,515,40
e9c05f7b-996e-4e6e-b942-b6e74018657d,OFC2991,Udaipur,Domicile Certificate,40,53,757,678,79,40
83e2c6ec-3d94-4f70-a954-c40046804ee9,OFC1753,Jabalpur,Caste Certificate,34,45,343,37,306,45
872e7374-33a9-4aff-8739-c103940ce0d7,OFC1124,New Delhi,Death Certificate,43,127,709,686,23,35
f5a1925d-3888-42c0-b96f-93785757bca2,OFC1907,Delhi,Income Certificate,42,67,981,583,398,40
b0bbffcc-03d0-4358-97e3-6ec2f2698f86,OFC5641,Jodhpur,Death Certificate,12,45,804,437,367,48
fe8fc264-6398-495f-a3ad-986e0fbaf520,OFC3063,Bhilwara,Caste Certificate,35,119,193,85,108,35
21b853cd-a24a-4659-bb5a-ba183afdfcb7,OFC6594,Tumkur,Marriage Certificate,25,112,130,57,73,45
ed87c0f7-732a-476d-9611-456cf73ebed8,OFC7406,Anantnag,Birth Certificate,16,66,697,95,602,40
9b2ab7b3-fab2-4b27-9f10-5565d6677e41,OFC4852,Jamnagar,Birth Certificate,26,90,954,575,379,35
b995cc98-57fe-48d4-93dc-ea4e86b10a7c,OFC9565,Tezpur,Income Certificate,24,15,339,49,290,45
98ef4945-dffa-4169-ab98-20b38b1d4bf6,OFC6200,Jabalpur,Birth Certificate,45,78,785,202,583,35
c19b330b-1210-4e84-8941-a7c855eb29aa,OFC4798,Jalandhar,Death Certificate,6,60,748,596,152,45
c04b446d-6d0d-400f-abcd-11f011e99d0c,OFC1659,Havelock,Birth Certificate,13,27,922,110,812,48
bb62aad0-fb01-474e-a5b4-f80aa2ebccb8,OFC1196,Rajkot,Domicile Certificate,29,147,195,101,94,45
68e167a9-a66b-4998-9535-bf11753920ad,OFC2098,Medinipur,Domicile Certificate,26,174,523,347,176,35
08566d94-6ce5-4ccd-b761-d2b6bec21670,OFC8825,Mahbubnagar,Marriage Certificate,12,102,683,449,234,48
a5215f3c-1e81-4184-9ff8-3c59892dfc46,OFC1583,Jabalpur,Caste Certificate,37,97,100,66,34,48
fe5ecc02-b2f5-427f-a447-050f715957c4,OFC3966,Imphal,Birth Certificate,40,50,496,121,375,45
9d3697c3-fbb3-4997-9d31-bbfe2318aea9,OFC3462,Asansol,Domicile Certificate,9,75,477,226,251,40
c9c70886-8cc0-496d-a015-f6de5ae4afba,OFC8632,Thane,Marriage Certificate,14,147,55,51,4,40
d329e20a-31b7-4671-b48e-1478ddfe57fc,OFC9490,Mysore,Caste Certificate,49,116,87,55,32,35
2f5dea65-8944-4e0b-9932-696c9fb0b298,OFC6719,Gaya,Death Certificate,38,49,273,251,22,45
5a0452d0-ff0c-45fa-94e3-f6a75bec7a37,OFC1704,Anantnag,Domicile Certificate,37,17,873,843,30,40
216a165e-fb92-4fd2-8b3c-8412dd032ce2,OFC4625,Nagaon,Income Certificate,7,97,655,397,258,45
29eb1127-ec08-4ee9-807f-220a57627545,OFC6011,Delhi,Caste Certificate,17,46,321,147,174,45
0fe88344-2f7c-49aa-8cbc-9cd5e9a37376,OFC7978,Diglipur,Domicile Certificate,32,48,231,36,195,40
935114d2-c3f1-4ae7-9c86-375ffe346d46,OFC4605,Bardhaman,Domicile Certificate,19,167,346,61,285,48
f2e90c0a-9ca0-42fc-8c49-ed17adac5a80,OFC8985,Baramulla,Caste Certificate,13,70,504,443,61,35
fe3ddc05-1dc0-47f7-a639-b2bd82e21c22,OFC5391,Mangalore,Birth Certificate,38,117,121,93,28,48
03deb0e0-a556-4fce-9dc1-001fb07520f8,OFC2621,Katihar,Birth Certificate,26,54,864,823,41,35
1759a2d0-1331-49ac-af36-420fdaa98333,OFC9948,Udhampur,Domicile Certificate,24,110,441,184,257,45
5b430861-fe23-4f28-bdb5-2a1a9771d229,OFC8895,Bhavnagar,Caste Certificate,47,70,953,303,650,35
320ebe84-6cc2-48aa-a90b-ae4d94a695f8,OFC3326,Warangal,Caste Certificate,43,19,211,110,101,40
39f853f3-4018-4c54-b4db-41c2067945da,OFC8441,Hazaribagh,Caste Certificate,31,38,874,91,783,35
b093b2b0-e1d9-4e25-b3d9-8f7d11108dfc,OFC7013,Patiala,Marriage Certificate,16,123,96,65,31,48
a47f2846-d3ee-4163-a2b2-305532574d97,OFC9824,Katihar,Income Certificate,25,154,668,596,72,35
6f8e289d-31c6-4664-af75-5bbf80cb3f78,OFC3111,Thoubal,Domicile Certificate,46,40,399,220,179,45
a0f9047a-787f-4ae6-beaf-86bee6a977db,OFC8685,Shimla,Caste Certificate,25,22,71,49,22,48
afb0229d-a379-46ed-9a37-47abc607ac49,OFC6233,Mapusa,Domicile Certificate,15,39,407,267,140,48
20985355-a910-4ea5-89f9-c218e3df5b5c,OFC8841,Anand,Marriage Certificate,8,26,587,81,506,45
c00d647b-8efb-4ada-be58-dfe8132db995,OFC2136,Kolkata,Domicile Certificate,16,96,241,127,114,35
cf8f863c-efb7-4dfc-a537-465c581ff318,OFC3447,Bardhaman,Caste Certificate,23,70,898,832,66,48
ef3818bc-fac4-41d3-a625-eac935256ab0,OFC7014,Tiruchirapalli,Death Certificate,6,51,380,373,7,35
c6c3a583-8116-4631-bb60-2c0981f65f06,OFC4316,Thane,Caste Certificate,6,79,935,400,535,48
fbc30550-e298-432d-99ef-93211f073d15,OFC3965,Mapusa,Domicile Certificate,10,166,57,46,11,40
8edc8512-51f2-4a96-a643-0bd5b4069c5b,OFC8766,Anantnag,Caste Certificate,42,162,377,177,200,40
361686e6-3562-4f2c-925b-2acf2efd6d76,OFC7443,Belgaum,Death Certificate,11,51,122,53,69,35
f3777169-3f7c-4739-8cb9-47c588b3ae73,OFC5814,Katihar,Death Certificate,23,56,206,49,157,48
8a1c8769-0470-4e2d-a17b-e6b01bc13405,OFC6157,Thane,Death Certificate,47,102,585,341,244,40
ead27b22-dd31-45c2-8b71-a786e6b86583,OFC4056,Rewa,Birth Certificate,15,147,344,183,161,35
85639e75-e11b-4279-b9d3-a81be0db2136,OFC5764,Mapusa,Income Certificate,20,31,659,247,412,48
cfa9f93b-33a6-488f-8711-65847984e23c,OFC3672,Gorakhpur,Domicile Certificate,27,101,408,153,255,35
bd2f4160-e921-4540-b5d0-74a5adb51312,OFC6598,Udhampur,Death Certificate,15,118,188,77,111,40
7c8526e9-76d5-4e49-b678-79b855fbc010,OFC4016,Tura,Birth Certificate,38,18,933,432,501,45
ba955c74-3e6b-40dc-9b6e-a8b531afbf86,OFC6781,Port Blair,Death Certificate,40,39,358,208,150,35
8f8141f5-b63d-49cc-82b7-2af8a197a5cd,OFC4919,Karimnagar,Marriage Certificate,41,175,106,43,63,35
44c7782b-7441-40f2-a89d-180f70293e30,OFC7055,Manali,Domicile Certificate,22,153,764,577,187,35
33f96c8b-1dd4-4fc9-8fed-5b814b87532c,OFC8001,Kohima,Income Certificate,32,71,305,288,17,35
f8db9984-4f64-447f-872e-febfc92df6f4,OFC8135,Diglipur,Death Certificate,17,82,739,286,453,45
ee6212cd-88c0-4893-b115-41668c5e3e86,OFC1629,Ujjain,Income Certificate,46,71,302,152,150,35
50d2b43c-f712-4187-8ef7-296e8eb7f12f,OFC3400,Kashipur,Marriage Certificate,42,95,166,113,53,35
16e3ec32-064c-4f27-975b-612803543eff,OFC7612,Aizawl,Income Certificate,44,31,144,40,104,35
8af3bd6d-d352-453a-826d-6dd001c180ef,OFC3168,Jaipur,Birth Certificate,49,108,877,845,32,40
5e329098-ad9c-4d7b-9637-2626a7831293,OFC2274,Bhagalpur,Birth Certificate,36,140,467,302,165,48
4aa52999-3eb5-44a6-bfc9-c20f899f674d,OFC6997,Khammam,Marriage Certificate,36,93,777,737,40,45
ab95553f-3571-4748-b7fa-1667892b696a,OFC8535,North Delhi,Birth Certificate,20,19,977,66,911,40
62c0abac-aef9-4ced-b5ee-780910aed9ef,OFC7046,Havelock,Death Certificate,38,36,599,543,56,35
31854dfd-2f6a-4578-ba1a-817569dadca0,OFC1753,Tuensang,Domicile Certificate,30,133,236,91,145,48
b426ba96-eda2-4e84-b321-de44c5272213,OFC5084,Ahmedabad,Birth Certificate,10,100,939,401,538,48
8d02b79a-f3d5-4ae2-bb42-96946ecbcf37,OFC9841,Chennai,Marriage Certificate,30,161,322,280,42,45
90c5d799-f017-4b12-9ade-da9d98a9a0e5,OFC8376,Surat,Caste Certificate,8,116,635,371,264,35
6e7139d7-de7c-49a9-a3fc-03840482d4a0,OFC3817,Arrah,Marriage Certificate,18,35,280,182,98,48
f7032c6c-0483-455f-9b46-e72ef6d18179,OFC7730,Alwar,Death Certificate,23,116,886,694,192,35
33793e3a-4ec4-4809-ae43-ae501075d035,OFC6189,Dharamshala,Domicile Certificate,8,97,734,243,491,45
75e5cc22-003c-45e8-a6ce-47247b8228ca,OFC3326,Champhai,Birth Certificate,41,49,209,32,177,45
eb726196-abad-40c1-80eb-2fa997587768,OFC6298,Bhilwara,Birth Certificate,6,160,672,90,582,48
ffd24240-0ff8-4e33-b4ca-db39b82b16f3,OFC8526,Bokaro,Birth Certificate,24,78,520,248,272,48
6aa82e9b-9868-462b-acb9-fb9b47bdb823,OFC3543,Madurai,Domicile Certificate,38,115,86,39,47,45
5b34c90c-1074-49c8-a91c-0e775bbb506f,OFC9035,Satna,Marriage Certificate,43,23,183,88,95,35
7f3f4869-d20a-45c8-9980-ed2dde19b13a,OFC7189,Shillong,Domicile Certificate,34,61,395,237,158,35
f5fcb44e-633a-4dd7-aa07-9147efdfbf91,OFC2977,Central Delhi,Income Certificate,16,110,172,145,27,40
294433ff-05d8-4bb0-90a8-8771784e5724,OFC8115,Ludhiana,Marriage Certificate,36,56,467,128,339,45
9f38de07-8032-4089-883e-5876018b9292,OFC8718,Thoubal,Income Certificate,16,160,419,91,328,45
4f6ecf88-65a0-4f19-8b73-a8385b4d72d2,OFC3746,Rangareddy,Domicile Certificate,18,88,138,76,62,48
2cc49449-54af-4ee9-a1f4-8928262f1266,OFC1355,Gaya,Marriage Certificate,6,15,541,400,141,40
09443b66-b517-4d1e-bf49-886004059364,OFC5625,Dimapur,Domicile Certificate,45,105,269,91,178,35
a9e751a7-748d-4674-9828-55a292951967,OFC6583,Purnia,Birth Certificate,28,166,210,146,64,35
4bfb1116-1fa7-481e-baf4-daa5b877c572,OFC1231,Rudrapur,Caste Certificate,47,178,897,343,554,35
6edb2769-f627-478e-b4d3-f6fab7743bee,OFC9970,Naharlagun,Marriage Certificate,27,39,899,625,274,45
a855813c-5919-4244-9370-cb591a8f4bb8,OFC3388,Lucknow,Domicile Certificate,11,73,564,172,392,40
88e3e8ea-c9de-4e2d-b792-e9de76fa2ec1,OFC6660,Hyderabad,Caste Certificate,19,68,414,328,86,48
6a6f704a-37b8-416e-a7ed-f111e15a50c7,OFC6922,Mumbai,Death Certificate,26,35,585,158,427,40
f7fb9586-fbf6-45f5-9ebc-5b4e4fa390d7,OFC6640,Bilaspur,Domicile Certificate,36,20,68,30,38,48
ed96baec-82e6-478e-a9e7-4b772ec731b6,OFC8385,Arrah,Domicile Certificate,20,170,674,93,581,35
f51f1e15-a9d3-45a2-9d66-ef67bb43e97a,OFC9191,Panaji,Birth Certificate,47,84,845,579,266,48
f7f748b8-865f-4c85-ba06-19cb997202f6,OFC9664,Dhanbad,Death Certificate,31,167,825,639,186,35
f27f8e65-584c-4b62-b709-632e828804ef,OFC3675,Jabalpur,Caste Certificate,22,116,697,558,139,40
4f079ce1-80a4-400e-8485-dec9d3f8b36f,OFC9062,Udaipur,Birth Certificate,34,98,258,85,173,40
cbc77b73-3bd4-4253-b558-fc2a9000fb8f,OFC4987,Itanagar,Income Certificate,32,134,116,39,77,48
5bb75659-ba3b-4323-9211-8b008b7b3d30,OFC5028,Arrah,Death Certificate,38,161,54,52,2,40
4d27ef4a-6a14-4fb0-aaea-57008f8e8f0c,OFC6074,Itanagar,Birth Certificate,6,145,69,31,38,35
fcfe7f57-385f-4064-b039-7a7c064790ad,OFC9184,Vasco da Gama,Death Certificate,25,83,368,359,9,35
7c04bbad-f4ec-4552-b9cb-c6b8cdc62b36,OFC7038,Siliguri,Income Certificate,29,105,268,263,5,45
62ed45db-7f6d-4d9a-94d4-ee5ff79ed4af,OFC9449,Rajkot,Marriage Certificate,40,178,881,382,499,35
c39a000b-38ea-46ff-87f5-3cec7d10e28f,OFC3223,Hubli,Income Certificate,28,123,790,141,649,48
63e065cd-9f3e-4b46-a055-4b68bf61fcd0,OFC8754,Port Blair,Marriage Certificate,35,164,137,57,80,35
5e98de9b-857a-47ec-a5ca-2493676b234c,OFC4349,Itanagar,Marriage Certificate,6,66,755,536,219,45
727437b4-73fc-4267-9593-b14b0deea5d3,OFC4074,Pathankot,Birth Certificate,49,47,861,714,147,35
5e050a3b-e191-4483-8bf9-33b5f36b9c88,OFC9209,Jammu,Marriage Certificate,22,49,860,580,280,48
7e458b2f-fa2c-446f-899a-b8bcb2825148,OFC7014,Bhagalpur,Income Certificate,40,39,669,297,372,40
385183ff-7a7b-4227-90f7-411a944a1e5f,OFC8260,Durgapur,Domicile Certificate,20,170,698,665,33,45
17d91e64-c00c-4fc0-84bb-440d3c9d2f35,OFC8629,Nagaon,Income Certificate,48,117,376,30,346,45
546eaf3f-2eca-4d04-b5b8-273ee19e46f6,OFC6131,Dibrugarh,Death Certificate,49,43,197,166,31,40
f8cabae6-1385-4cad-b125-31858420d3fd,OFC3749,Purnia,Domicile Certificate,13,130,742,177,565,48
398ff246-ce74-4824-a905-e045b5879beb,OFC6777,Ludhiana,Income Certificate,26,113,767,386,381,40
bf159736-f0d5-4252-8289-fc1940758b36,OFC7817,Nagpur,Domicile Certificate,29,111,685,342,343,35
44f9f170-6d5e-42b6-91a1-87b4066f3631,OFC5865,Agartala,Death Certificate,25,134,59,59,0,48
17fa5bf8-7481-4f80-b34d-057746241c04,OFC7853,Jamshedpur,Income Certificate,35,62,507,450,57,45
188600c4-5fbb-4ce6-aaa5-0ab5647e8f57,OFC8532,Aurangabad,Caste Certificate,39,130,261,39,222,45
f0ab8888-f22e-4d35-8b68-19458e912198,OFC9955,West Delhi,Birth Certificate,5,35,256,76,180,40
432649a2-b735-4875-8e16-7884a15b6702,OFC7629,Vellore,Income Certificate,17,90,151,103,48,45
2c14859d-abeb-436d-8322-80bba6f1fddb,OFC6769,Kolkata,Income Certificate,26,111,369,351,18,45
4b06aabf-35b0-4f4f-b552-6be926952a50,OFC2425,Agatti,Death Certificate,19,41,145,127,18,48
042719ff-d784-4fbb-b8df-5e10c60e4a2c,OFC3534,Nagpur,Death Certificate,40,116,101,73,28,35
38f57beb-3d90-4bec-883a-11ba6bfc314f,OFC6417,Thoubal,Marriage Certificate,12,88,649,523,126,45
3100f0d9-c9e0-40cc-b257-0110306b5e0f,OFC6515,Hubli,Birth Certificate,47,26,213,126,87,35
43f98965-862a-4189-8ade-7a1a3ff99d59,OFC6486,Nongpoh,Caste Certificate,49,104,108,46,62,45
b6469781-2d08-4bf1-a0c9-3e05be20552d,OFC5190,Jowai,Domicile Certificate,18,72,290,153,137,45
673a740e-d091-4228-950e-87068ab02dc1,OFC4686,Hubli,Death Certificate,9,112,313,52,261,48
298e6b1a-08ae-46f9-bdc3-9eec1a34fdd0,OFC5161,Ahmedabad,Domicile Certificate,42,106,678,297,381,45
be43df99-51c9-4c5d-aa74-8cb869d9ec33,OFC7218,Jabalpur,Domicile Certificate,33,126,458,31,427,40
3959cc07-59b3-4421-b909-c6afa85159aa,OFC3936,Mumbai,Birth Certificate,7,172,686,248,438,48
d1c9c1fa-436c-492c-83d3-9f85909fc266,OFC6419,Amritsar,Caste Certificate,30,98,708,195,513,48
7f9ef588-b3fd-430d-b40f-3d3321a26f60,OFC1654,Jammu,Death Certificate,45,17,695,567,128,48
7ebab6c5-694b-42df-a7c0-40ec20efd56d,OFC8096,Shimla,Caste Certificate,45,164,360,154,206,45
5737c369-c919-48fa-af33-ebd4da2ef32d,OFC9847,Geyzing,Birth Certificate,47,79,285,241,44,35
47ef3650-ea37-4bec-913c-08b27b4e7d8c,OFC1401,Port Blair,Marriage Certificate,35,62,435,245,190,40
0543fa37-4532-4e59-9743-194c61b4bf7c,OFC4469,Hyderabad,Death Certificate,29,109,763,158,605,48
3a69ba56-6be8-4887-bd41-df82ae811db2,OFC7977,Udaipur (Tripura),Caste Certificate,36,83,731,196,535,45
f7233ae4-519e-4589-a5bf-c09f478f4f49,OFC7784,Muzaffarpur,Domicile Certificate,18,131,510,477,33,45
4cffc2c7-e80c-4395-b8c8-04c436586904,OFC9550,Baramulla,Income Certificate,26,131,866,803,63,45
7a8d63c9-4bb2-479c-8c46-108ad1902778,OFC5501,Kanpur,Birth Certificate,7,106,674,539,135,48
22306de8-514d-42f3-87bd-50bd5b7aa97a,OFC1659,Lunglei,Domicile Certificate,49,177,457,69,388,35
61a6215d-18ac-492f-96c4-6ba87fba2daa,OFC2912,Ajmer,Marriage Certificate,39,109,873,89,784,48
91c8fc10-891f-430f-b71d-225765a1b413,OFC3524,Vellore,Birth Certificate,50,137,446,105,341,45
aece642c-a252-4256-8314-6037fcf84a11,OFC6679,Bilaspur,Domicile Certificate,9,76,650,244,406,35
4e4e7de3-d07a-40ab-bb00-32d979838c94,OFC6201,Margao,Caste Certificate,33,162,955,476,479,45
7c7f5458-c419-4dcd-b877-65bf36d86b72,OFC7795,Chennai,Death Certificate,38,104,651,250,401,48
cd073134-10e1-48ff-ba35-9c85b9f45acf,OFC6679,Kolkata,Income Certificate,36,33,317,123,194,35
f02e1853-46a2-43bf-96b5-495ff7f5dbff,OFC6304,Purnia,Death Certificate,24,119,523,480,43,45
d5515433-5fb5-4d88-96e6-6fb261838bfe,OFC4608,Gandhinagar,Domicile Certificate,37,176,436,333,103,35
89fad5fa-a27d-4c1c-9cd7-bdebc670b708,OFC2683,Diglipur,Caste Certificate,41,179,377,43,334,48
c12b9398-0542-4b4d-9876-64fa2cc2ce0f,OFC1044,Varanasi,Death Certificate,25,120,644,242,402,35
3f1449c3-d0ec-4fd8-a39b-4fb882f95b09,OFC9971,Agatti,Caste Certificate,16,44,616,563,53,48
450b0135-bd89-4864-b278-725c76a012d7,OFC2887,Bishnupur,Death Certificate,41,164,569,231,338,48
2be12a9a-eeb0-4f6f-b842-f34c0cf1778f,OFC9034,Nongpoh,Marriage Certificate,25,180,159,132,27,48
c52660e2-b838-4264-8483-e25af0e1bf4a,OFC7552,Dhanbad,Domicile Certificate,46,168,694,177,517,40
4ea6e849-d0e4-4efc-8221-4db146232cad,OFC9941,Gorakhpur,Domicile Certificate,23,78,531,77,454,35
b9179785-00d8-4b4c-8dc4-d8dd124bd388,OFC8385,Thoubal,Domicile Certificate,39,69,111,65,46,48
6e588816-a3d2-4a29-9f99-d9957e2d6828,OFC2735,Darjeeling,Marriage Certificate,23,174,890,190,700,40
c14c184e-572b-4a2a-b67d-f999ad3a9f09,OFC2792,Diglipur,Birth Certificate,32,102,737,533,204,48
72886dd2-2aab-46cc-b838-5337d546eac0,OFC7215,Ujjain,Caste Certificate,5,69,707,255,452,48
793f90cc-69d1-4d52-908c-0e3bc0477acb,OFC3682,Tirunelveli,Domicile Certificate,18,91,258,62,196,48
2b4eae3d-2c0a-457d-a7f6-897999eb0bb0,OFC8590,Nashik,Death Certificate,37,88,605,36,569,40
d31726a4-d618-484d-b57f-184affcf4af5,OFC1985,Aizawl,Income Certificate,43,97,128,103,25,48
02399089-c5bd-4b4a-95f9-289a661a3111,OFC8091,Mohali,Income Certificate,35,60,450,436,14,45
17e56451-82fc-4cb7-bab5-6ef11195b696,OFC5800,Diglipur,Caste Certificate,26,126,958,390,568,35
c0f821bb-9dac-4a9f-9347-a0b1b7d3ce70,OFC6969,Patiala,Caste Certificate,35,85,872,142,730,40
942cdfc1-1710-4100-a0c6-4af768cfff2a,OFC3932,Kohima,Marriage Certificate,16,95,288,115,173,45
7212fee8-6f6d-46bd-8f8f-be620b7b94c5,OFC8688,Bangalore,Birth Certificate,43,42,519,344,175,40
602aadb2-f545-486c-b030-e8053b77a955,OFC8498,Madurai,Marriage Certificate,30,179,587,484,103,40
124e3f7f-21bb-4e29-87b2-e3884b44a6b8,OFC8606,Durgapur,Birth Certificate,42,146,127,121,6,45
0c21cf67-e610-4971-8165-eee3beb7a1b3,OFC6511,Jorhat,Marriage Certificate,49,95,571,516,55,48
0459ea14-5e95-4a0a-b230-242a6f50adf7,OFC9751,Meerut,Caste Certificate,9,110,968,543,425,48
f918d073-1102-49ef-a8b4-bbb8438b96f3,OFC1503,Ghaziabad,Birth Certificate,40,129,538,335,203,48
eb6b8a3e-051a-46cb-a0f9-c386b0fcd7ba,OFC9528,Rewa,Death Certificate,29,23,417,303,114,35
3616837c-7c92-4ec3-abf1-6c57b5737549,OFC3217,Madurai,Income Certificate,16,150,567,161,406,40
e4360b73-abbd-4b2b-b9cf-a59dd9987391,OFC8985,Ranchi,Birth Certificate,23,104,452,361,91,48
b51eeb78-4367-4b77-a0fc-823ef1e0af29,OFC5062,Jammu,Birth Certificate,7,111,266,217,49,40
b8c78d9a-1b20-49ab-b873-a88c47fafade,OFC9395,Allahabad,Birth Certificate,8,166,879,331,548,48
2c518478-2d12-4ba7-8428-d46096d89eae,OFC4032,Bhagalpur,Death Certificate,10,30,697,360,337,35
81845034-cf28-4de2-8269-d681645d651c,OFC1691,Tezpur,Death Certificate,6,147,864,576,288,48
06108449-0204-461f-a1f3-5fe538e8942a,OFC6838,Khammam,Domicile Certificate,11,106,918,595,323,48
6d8dc09f-f329-40d2-89ab-20a97febe317,OFC5961,Serchhip,Income Certificate,10,42,500,229,271,48
790f403e-4b62-413a-a65f-59c07fcce39a,OFC7616,Ranchi,Caste Certificate,20,145,455,125,330,35
b12ee7a4-2b50-47c0-8e44-9c8be9f13121,OFC2719,Surat,Caste Certificate,19,143,193,126,67,48
15161852-3493-4862-8619-bb62c46f4652,OFC9309,Nashik,Caste Certificate,28,171,356,342,14,48
f19b0c3d-545c-44a0-8939-5245eef25b26,OFC2076,Roorkee,Caste Certificate,9,75,178,75,103,35
714263ad-efa7-4db6-a91f-72085fdffd2e,OFC6790,Tura,Income Certificate,13,110,103,53,50,45
6e480c2e-bef2-4879-bebe-0f6acc2757d8,OFC8141,Itanagar,Marriage Certificate,46,15,291,93,198,35
b56b2f17-5e15-47f4-9590-1b765ab5335b,OFC6517,Haridwar,Death Certificate,26,118,953,465,488,35
835471bc-9578-4aaa-8cf9-3053b7cfcf0b,OFC8964,Patna,Domicile Certificate,7,167,104,86,18,35
13535237-6222-47d3-ac48-7ededa2c26fb,OFC4963,Thane,Birth Certificate,46,168,557,200,357,40
11bdeb0c-73c1-4358-ab98-33c85a827c7f,OFC2353,Ratlam,Death Certificate,33,178,896,44,852,45
898a2b7a-9c41-4f19-85f1-66cb366aed0f,OFC4432,Nongpoh,Death Certificate,29,33,947,864,83,45
248ffb6f-2ba7-4ef9-bceb-ce17d44b5c10,OFC9200,Nongpoh,Caste Certificate,15,112,871,167,704,48
57989c90-e91d-4f04-b998-85159970ab56,OFC2064,Madurai,Birth Certificate,30,72,531,212,319,45
d0c2fb2b-dabd-4a85-af76-92a05d38bbbf,OFC5847,Asansol,Death Certificate,28,126,377,295,82,40
9c96bfcf-2f85-407f-a6ce-96e389d8974b,OFC5281,Udaipur,Caste Certificate,6,23,127,92,35,40
b69ca4b7-73ce-4bc9-a01b-ec8a161bbbe6,OFC3963,Thoothukudi,Domicile Certificate,16,92,726,187,539,40
0fd1e997-ddee-465a-a183-9dd9ec456b68,OFC5602,Davanagere,Birth Certificate,46,171,748,560,188,45
b65cd970-12eb-466f-844c-890ae6c9b9ac,OFC3724,Central Delhi,Income Certificate,46,146,890,393,497,45
a44763cd-480f-4e56-a58a-84b4ef47f2c7,OFC6843,New Delhi,Birth Certificate,36,55,793,584,209,45
5ba71d48-ad8b-483c-b16e-63e34318c952,OFC1190,Dimapur,Birth Certificate,37,145,590,429,161,45
bb5d398e-add3-44eb-b7cf-bae91a91c635,OFC7429,Port Blair,Death Certificate,39,45,339,205,134,45
c900607a-8d4a-4eaa-9432-c1ca9e275a83,OFC5211,Davanagere,Marriage Certificate,44,45,90,74,16,45
c13478b5-cf1b-4b5b-bfcc-651d26cfaf91,OFC5658,Agra,Domicile Certificate,13,95,234,63,171,48
d2f867c7-6065-4d4b-bf4e-5a46998d3e2a,OFC8337,Adilabad,Death Certificate,45,67,690,401,289,45
53780eef-b2e0-463e-9788-6b1237926f94,OFC7339,Salem,Death Certificate,44,56,748,286,462,35
06bfc9f2-e4fa-406d-98ae-225bd5b7dca7,OFC2666,Jaipur,Death Certificate,47,174,472,281,191,45
73c28066-78e5-45d6-9a0d-aa8b5d1b7293,OFC4134,Pathankot,Caste Certificate,29,162,470,331,139,48
5b420714-28e7-449c-a3f4-a08effa6d6d5,OFC3456,Bathinda,Marriage Certificate,50,90,772,428,344,45
92e834ed-903b-4695-b532-e96335b654a9,OFC3375,Amini,Death Certificate,26,135,926,619,307,35
dd657fc4-e944-4e29-ae9e-c1e29b515e1a,OFC5780,Jalandhar,Birth Certificate,43,160,328,84,244,35
0d7a9f8e-92b6-4e41-a9af-5602e8f8f608,OFC5469,Dispur,Birth Certificate,36,47,99,42,57,40
cfe57685-7933-4065-80ae-d8c20a0d5343,OFC5460,Amritsar,Marriage Certificate,19,21,737,683,54,40
9fa0dad8-75ca-425b-80dd-ed7c16728766,OFC4094,Madurai,Caste Certificate,31,18,143,102,41,35
c7b0d342-7ef7-42b9-9490-d3540a2c22b2,OFC1727,Sikar,Death Certificate,17,52,589,333,256,40
d3ac0feb-4057-4ed3-a1a2-96dfff7dac36,OFC8678,Roorkee,Death Certificate,34,45,607,367,240,45
56533985-e5c3-458f-84b0-7d71f157d944,OFC3122,Serchhip,Income Certificate,18,88,479,225,254,48
fe016242-ebed-4888-be87-9a00157a68b2,OFC5809,Solapur,Domicile Certificate,21,90,224,149,75,35
aee67891-2757-4a0d-97c6-0d663dd76031,OFC9014,Giridih,Domicile Certificate,46,94,142,126,16,40
fa8a7e85-8f71-4a12-ae7d-aac92cd70079,OFC1877,Anantnag,Birth Certificate,37,111,927,581,346,35
6537752a-6b91-4d6e-aa59-d075e58c050a,OFC6585,Udaipur (Tripura),Caste Certificate,5,93,58,45,13,35
940ede56-7838-4a29-94cd-2cc69eef8691,OFC3438,Port Blair,Income Certificate,49,121,583,473,110,45
9bd596bd-add4-42b5-9dd7-cc882497ff12,OFC7757,Adilabad,Domicile Certificate,17,52,580,357,223,48
b2949fb8-87c3-4642-bf12-d41c27780eee,OFC8761,West Delhi,Death Certificate,37,161,846,684,162,35
3f5d8d68-22d1-461a-97e6-474b250619b7,OFC5993,Jamshedpur,Income Certificate,20,113,762,709,53,35
e5608870-1fb5-48a9-bd0d-fb83433778c1,OFC3770,Jalandhar,Birth Certificate,17,121,557,259,298,48
e8a747f8-3ac0-4b18-99cb-74e11964d7bc,OFC2597,Bilaspur,Domicile Certificate,24,33,489,222,267,48
fa93a8fe-67b8-4da7-ae7e-074f712bee47,OFC8319,Ranchi,Death Certificate,40,81,642,594,48,48
011a6758-e044-44fe-b4af-72836f45ca71,OFC7982,Champhai,Caste Certificate,8,36,586,475,111,35
68277125-158f-4d2d-999d-d9c2a84341a5,OFC9872,Ujjain,Marriage Certificate,29,115,750,414,336,35
42a11fb5-13fc-4b53-aa8c-67c16869ccb8,OFC4180,Karimnagar,Birth Certificate,24,64,239,211,28,48
344c1661-7747-4168-bfe9-b15516068057,OFC3770,Vellore,Caste Certificate,14,49,67,30,37,40
3d065e46-efd8-4866-874e-0d541a57fad0,OFC4126,Kohima,Birth Certificate,6,158,70,66,4,45
f47abe06-528f-46b6-819b-e9307bba16ee,OFC6480,Bhavnagar,Death Certificate,14,171,208,149,59,45
d49dd1ec-ed19-4cde-a775-c310dd79a8af,OFC6599,Bikaner,Domicile Certificate,49,156,623,273,350,35
975a85e4-c585-468f-87af-e9ab60e6464a,OFC4230,Davanagere,Birth Certificate,41,22,257,66,191,35
d0e5eebb-279c-4965-9bbb-6048379f5103,OFC9149,Panaji,Death Certificate,46,55,831,137,694,45
46540ee9-632a-4768-bf49-7a8af201e777,OFC4048,Amravati,Caste Certificate,36,119,92,32,60,35
ef7da9c2-533c-4fa6-9559-d0a6d45bd954,OFC6067,Gulbarga,Domicile Certificate,43,51,245,144,101,35
4a850f2c-0b23-44a8-87ac-e6f9fb842755,OFC6013,Minicoy,Caste Certificate,15,23,290,109,181,40
5261442e-1bbb-410f-90a3-68d060d6e1de,OFC1777,Surat,Income Certificate,49,26,722,314,408,48
dfbe227e-9a37-41bd-91bd-f167796a3b4d,OFC1679,Howrah,Death Certificate,34,63,966,630,336,48
aa38b66e-9be3-470b-b3f4-dbb52a1fdcd4,OFC5582,Patiala,Birth Certificate,31,174,692,389,303,45
281c3d38-af86-42c0-baf2-6ce2e2257709,OFC1755,Warangal,Marriage Certificate,42,86,834,478,356,40
193505b6-eff3-4f1a-ae34-d74880ac1d4c,OFC2733,Belgaum,Death Certificate,29,120,155,37,118,45
3ef39259-e3d0-4891-81cb-e4bf9fad1511,OFC2497,Purnia,Caste Certificate,44,142,305,203,102,45
63f277e2-1b3d-40e1-b605-c2ff8f747706,OFC3578,East Delhi,Domicile Certificate,45,61,334,145,189,40
b8741f25-3398-48ec-922b-70303c0f7d9e,OFC8272,Kolhapur,Birth Certificate,49,97,582,347,235,35
7e679b25-99f0-45f0-a0b2-814e128b0d15,OFC4243,Mayabunder,Birth Certificate,12,172,772,659,113,48
0ff71bab-c23e-4005-8dc7-5994d105bbe5,OFC4273,Agatti,Marriage Certificate,17,103,89,53,36,35
6a4361db-988e-4c24-a34f-7c880a6e7a41,OFC9259,Siliguri,Death Certificate,32,83,366,262,104,45
b9a1d40b-6259-46eb-9121-b341ae698bf0,OFC1281,Jaipur,Death Certificate,33,30,486,332,154,35
88d501fd-9962-4a50-a9a9-37ab9cc3c621,OFC3446,Alwar,Death Certificate,28,139,755,305,450,40
27d7027a-258c-468c-965a-b77aea2a07ad,OFC9041,Silchar,Caste Certificate,9,132,699,693,6,48
9ad4512c-6fab-4cd0-b644-50abd6bbeda2,OFC1245,Kolkata,Death Certificate,7,69,308,32,276,40
6e0b5db4-0ebe-43a2-9948-2f857c42f1e9,OFC7268,Medinipur,Income Certificate,35,72,754,451,303,40
808d2ac6-f486-49b2-90a1-217589b52877,OFC5577,Naharlagun,Income Certificate,16,100,867,608,259,45
9bac96e6-f33a-497f-aa8d-bb1283ed0c4b,OFC4525,Mumbai,Caste Certificate,14,54,167,79,88,35
1ff52c33-f3e0-4cad-80ed-ffeafb35c067,OFC2775,Varanasi,Birth Certificate,40,53,333,295,38,48
00bc3983-8074-4738-b624-f2058aa9e27c,OFC3929,Bokaro,Domicile Certificate,18,152,295,284,11,35
e4b11754-abec-4675-b10b-f753aaa69ebf,OFC4584,Ramgarh,Birth Certificate,48,172,485,296,189,48
913e0589-01a3-4c9c-8e83-d8f84e7a435a,OFC5889,Thane,Income Certificate,10,150,524,77,447,48
8ae982bd-5936-44ee-8461-0c88ccea51e2,OFC3827,Indore,Caste Certificate,46,96,892,717,175,45
ff354566-f098-47c4-a670-ea1575088b53,OFC8883,Guwahati,Marriage Certificate,16,88,492,250,242,35
b6b4e7fc-6d93-41db-90c4-cad8c1a98f1e,OFC7428,Tawang,Marriage Certificate,19,150,784,586,198,35
a4959094-62ac-46e1-b7a7-090a07505e8f,OFC4694,Ujjain,Domicile Certificate,35,93,161,92,69,48
198e2947-b6a4-4ad0-bd73-6b8b50febc56,OFC4964,Dharamshala,Marriage Certificate,5,128,234,149,85,40
53520c4d-df07-4e1c-aae3-6b607c483576,OFC8869,Khammam,Caste Certificate,5,103,823,389,434,45
d43e0a6b-8f38-4d3f-878a-7e009a504107,OFC2256,Khammam,Income Certificate,34,19,656,261,395,45
69fadedd-0417-4b5c-bbe8-5c06d35517ca,OFC5199,West Delhi,Income Certificate,22,91,680,127,553,35
6b56b83d-cfa1-4468-937d-024df02dd60b,OFC4058,Nashik,Caste Certificate,6,76,937,249,688,48
baf42b34-1f13-4fc4-8d3f-71fe85a0d5c7,OFC1448,Havelock,Domicile Certificate,17,156,777,335,442,40
8b2d28dd-77d8-4b20-ae95-09122e2661c3,OFC3096,Indore,Domicile Certificate,20,128,128,31,97,40
57c43840-d065-4d73-ba85-f253b7f7b8fb,OFC7931,Adilabad,Death Certificate,5,20,765,78,687,40
d7a31f5b-1767-4650-95ed-76e413b49709,OFC1025,Alwar,Caste Certificate,8,56,491,40,451,35
96a06d20-f9da-41db-ae2b-3db19019b4b3,OFC8388,Hazaribagh,Death Certificate,33,43,781,214,567,35
ef87295c-2c70-41f3-8a60-6935e2c3779e,OFC4979,Jamshedpur,Caste Certificate,17,148,167,33,134,48
42316191-28b9-4a74-aec3-bef30c7e6a3d,OFC7450,Guwahati,Domicile Certificate,22,30,68,44,24,35
96507b2c-a9d1-46c5-9598-acbc31892a25,OFC5036,Jaipur,Domicile Certificate,6,159,162,72,90,45
861432e4-6505-4a74-be1d-1b41b6d63f27,OFC6651,Mohali,Caste Certificate,7,125,966,754,212,45
be55b0f6-5d24-4c71-b462-338893e4a644,OFC2842,Thoothukudi,Domicile Certificate,47,75,89,66,23,35
39676a60-6c22-4af2-b0e5-7f43dfd9475c,OFC8358,Shimla,Death Certificate,17,30,405,89,316,40
20caa7a4-f99c-4ca6-831f-59194e40dd96,OFC4154,Bangalore,Marriage Certificate,32,125,586,430,156,35
1c06ce65-9777-4b26-8154-c054873d61b8,OFC4598,Tura,Marriage Certificate,12,24,116,76,40,45
6bc76637-5784-4056-9922-648b2cace207,OFC3634,Karimnagar,Caste Certificate,46,101,244,54,190,45
a5524c75-fc40-468c-a7f9-9c2d92cae942,OFC4713,Ajmer,Income Certificate,22,31,982,704,278,48
d82a14f1-1525-4a1b-b025-3f635dd0ec93,OFC1834,Amini,Income Certificate,36,84,167,153,14,35
021fbc58-a83e-4b04-9bbb-886219367a59,OFC3519,Rajkot,Caste Certificate,43,92,132,98,34,40
641a6d85-fa24-4e5e-ac19-f88d3a123fc8,OFC7578,Rudrapur,Birth Certificate,30,99,241,197,44,40
ef7f828f-b9ea-4155-bf1e-12fe67fda989,OFC6497,Varanasi,Income Certificate,48,102,633,311,322,45
09642ae7-87a7-47c0-91bf-f9ab0f7eaa83,OFC2295,Asansol,Domicile Certificate,40,53,94,40,54,48
a2b1e5a9-8b7b-487b-9177-37010e26c01c,OFC4633,Dibrugarh,Domicile Certificate,20,159,962,915,47,48
00352ad8-fcaf-4f6b-b6f7-1adeb22749fb,OFC6474,Tumkur,Birth Certificate,24,111,422,269,153,40
686773e4-0ad2-41ef-9b07-bb1ca83edade,OFC7153,Vadodara,Marriage Certificate,39,84,413,31,382,40
c703d572-9f9f-41b8-98b8-54cd59e798f0,OFC2101,Kohima,Birth Certificate,29,129,712,580,132,48
63c36cab-06f7-45c1-b390-483ff9342089,OFC9407,Solan,Income Certificate,23,166,681,173,508,48
d7da5018-46e1-477d-a17c-15cc64a06c3a,OFC4145,Thoothukudi,Caste Certificate,46,62,418,217,201,35
1702d31a-8937-48b8-a076-64ea3efc92ca,OFC5642,Kavaratti,Domicile Certificate,30,168,659,357,302,48
fdbd6af9-ca13-4160-90c7-8bbdae5caf8b,OFC8126,Haridwar,Domicile Certificate,19,88,248,193,55,40
47e1001f-c194-41ca-9d05-e199af46d9e2,OFC6381,Jamshedpur,Death Certificate,35,49,687,318,369,35
3ce4cd41-fb2d-432f-b891-2f86dea72614,OFC3778,Rewa,Income Certificate,49,18,735,372,363,35
b68215f7-9210-4aab-8e5b-be0ffa882d98,OFC6687,Ratlam,Domicile Certificate,21,63,606,96,510,45
bedbf4b6-7001-4b74-b185-ca053d5a40f2,OFC5063,Erode,Death Certificate,24,139,532,333,199,35
dfb57726-fd07-4d77-bc81-f53eee619b75,OFC2932,Mapusa,Domicile Certificate,26,25,573,86,487,35
2242dbb4-8347-4245-a1ac-298965982c11,OFC4975,Gaya,Marriage Certificate,33,72,524,305,219,40
ae704586-34c0-497e-955b-d259e1242251,OFC5206,Champhai,Birth Certificate,12,77,116,111,5,48
6cca6a2f-682d-40de-9a05-297f89a32d25,OFC8334,Warangal,Birth Certificate,15,21,946,782,164,48
5c23727b-1ef9-40f7-bdba-54db1fc1d8ea,OFC4309,Alwar,Caste Certificate,19,70,694,421,273,45
8c0cbb46-b0a2-4295-8185-9567bf617e7a,OFC1611,Chandigarh,Caste Certificate,44,17,429,81,348,35
98ff379a-1660-4c3a-a265-460dd35e9538,OFC6675,Dharamshala,Birth Certificate,7,110,788,555,233,45
1dcda3ff-4e0b-461d-be8b-69093e216e0b,OFC6553,Pune,Domicile Certificate,43,174,236,207,29,40
8be05614-791e-4b39-a89f-aee046692dd0,OFC3695,Delhi,Death Certificate,49,91,387,243,144,35
dcce0077-d38b-450b-9d6b-54e5eea22c26,OFC4385,Alwar,Death Certificate,17,121,895,404,491,35
c16486d2-c72a-420b-a4fd-a6312c6ab03c,OFC1623,South Delhi,Marriage Certificate,26,49,210,73,137,48
ef10cf63-23e4-47b2-a23d-e8897f649949,OFC6380,Dispur,Birth Certificate,12,85,777,649,128,40
9076aa8b-0c94-495e-80ef-4f621166fc60,OFC5326,Bathinda,Death Certificate,21,18,315,313,2,40
0e32b76d-52e0-4831-a845-9e97db3ea908,OFC8680,North Delhi,Income Certificate,29,82,280,186,94,40
d3a68282-7c9c-4b78-beff-5a13afb348ff,OFC6660,Jorhat,Domicile Certificate,31,146,330,271,59,48
ffea222f-6bf1-4296-b28b-2254b8860004,OFC7427,Amravati,Birth Certificate,42,103,138,104,34,48
2abd9441-3a68-44e0-b18e-a5d10065fbcb,OFC4409,Udaipur,Birth Certificate,17,58,219,207,12,40
47dc0704-2541-4561-9fb6-66c5aea3d8f0,OFC4257,Thoothukudi,Domicile Certificate,39,132,810,238,572,40
44ee119b-bc53-4f4b-b160-f89591be3554,OFC8506,Aizawl,Caste Certificate,26,129,949,751,198,45
6e791ef8-0cee-428e-b221-7d38d5752f93,OFC2951,Haldwani,Domicile Certificate,37,151,447,114,333,45
d5c46e2d-f84a-46f4-8cda-a53e153fbd93,OFC6042,Deoghar,Death Certificate,33,173,699,457,242,40
93acf13f-5771-4a62-ad3b-d94e1f97238e,OFC6406,Champhai,Birth Certificate,41,83,824,366,458,48
607e8651-e359-4e71-bf34-7f215666aa1d,OFC1280,Vadodara,Domicile Certificate,18,39,314,256,58,48
5bd7a8b1-a9ee-4eb0-985d-0786a91bbf2c,OFC1734,Bokaro,Income Certificate,6,180,114,83,31,48
b04cb7f0-7d23-49f5-8dab-adcf64b30893,OFC7061,Dispur,Caste Certificate,34,168,642,39,603,35
d9cec0f4-5035-4968-a936-81e1a2c10eda,OFC1728,Ujjain,Birth Certificate,29,69,578,78,500,40
5c37636a-3637-4ccb-b4ca-578e1b9d1617,OFC2436,Salem,Marriage Certificate,28,125,894,141,753,35
174bd68a-c797-44f7-83d2-1c1b1e9fb545,OFC3942,Diglipur,Birth Certificate,24,40,676,81,595,35
ef49c694-2da0-47e2-bad8-6e22b8bc021d,OFC6486,Medinipur,Income Certificate,13,147,335,227,108,40
ee18eb28-d918-4a68-ac39-459b3ce94c86,OFC6616,Erode,Caste Certificate,42,114,939,506,433,48
a7a2f9bd-9f92-4c5f-a688-952bbbcd9041,OFC7172,Indore,Income Certificate,31,133,470,140,330,48
6cc5e423-2871-4885-873d-6b4a1a0fc0e1,OFC7073,Port Blair,Birth Certificate,11,179,1000,593,407,35
39613d25-0d97-4030-86ec-09aad5d08622,OFC3052,Thoothukudi,Caste Certificate,26,95,823,324,499,45
461587c5-64cc-4b0e-bda1-b445d2cbe6d4,OFC5927,Pune,Domicile Certificate,43,114,857,846,11,45
3c2c93a6-77f6-4dba-a029-b11763712725,OFC6283,Kolkata,Death Certificate,13,63,197,77,120,40
18b7efae-7556-4129-b9d3-14ff8566254f,OFC9517,Udaipur (Tripura),Domicile Certificate,50,106,560,40,520,48
cd11ae11-735c-45cb-a761-3295e83a95f9,OFC4616,Diglipur,Birth Certificate,22,44,268,70,198,48
4730fa85-0445-4b79-9005-5f5f2cceb7f8,OFC8677,Tirunelveli,Income Certificate,19,101,673,73,600,48
163c2570-2996-4d45-b9c4-3425abf41c94,OFC1364,Shimla,Birth Certificate,24,43,216,166,50,40
a94022b6-4047-436f-9228-79cebb691e32,OFC1847,Kota,Marriage Certificate,6,66,585,475,110,40
a309232e-48b7-441a-89b2-75c0d1f3736b,OFC9591,Bangalore,Death Certificate,12,41,261,76,185,45
be6c72e1-1fe5-4b9b-a268-7bf1e19ebe8a,OFC2742,Leh,Marriage Certificate,6,55,916,248,668,48
163e72f1-91d2-4fb1-93fa-e620618fd4ee,OFC3647,Agra,Marriage Certificate,11,48,990,872,118,48
79ff22c7-996e-46e9-a2dd-2bb36596a355,OFC1924,Mysore,Caste Certificate,12,113,252,119,133,48
d3e1398d-2657-4713-8f7a-1775b019e961,OFC1381,Belgaum,Caste Certificate,38,138,300,97,203,48
0635306a-06d7-4ea7-913e-41a35e5c9e7c,OFC5667,Kavaratti,Caste Certificate,42,149,235,142,93,35
0a75068c-e92b-487a-b319-455bb392e7e1,OFC2579,Darbhanga,Birth Certificate,25,59,206,100,106,48
7778d1f3-5dd8-402f-9f94-756e0b2ad5c6,OFC9461,Amini,Death Certificate,48,102,432,91,341,40
6fdf6aed-b595-4c7d-bacc-010054132fcc,OFC5677,Mangan,Birth Certificate,27,34,513,196,317,40
987c0125-a9f9-4675-a41a-9ba0b04f837f,OFC9722,Nagpur,Marriage Certificate,45,52,973,615,358,35
2ef982a4-0a05-441d-8a0d-ffeb62aea62b,OFC1241,Warangal,Domicile Certificate,16,154,760,669,91,45
c12055ab-3800-4302-b4b9-178e330df9ea,OFC8315,Guwahati,Death Certificate,8,153,164,92,72,35
8bba7bd9-18a8-4e05-b95e-86b6af878707,OFC6522,Tumkur,Caste Certificate,6,172,508,147,361,35
94b93bf7-90d2-4b0c-a8b8-e80f38a5080a,OFC1824,Solapur,Income Certificate,35,165,303,140,163,48
22b2c131-b3aa-4893-9edd-0ee57ddaee02,OFC5706,Dispur,Death Certificate,12,136,612,208,404,45
a06c4f88-67e7-4e52-a6c6-094a38a2a704,OFC7286,East Delhi,Domicile Certificate,26,160,769,589,180,48
b9836770-7fa0-40d7-b035-5c655c161825,OFC6795,Jammu,Marriage Certificate,18,87,907,259,648,48
cdb83840-89db-4155-9c96-d732016955b3,OFC2059,Nashik,Domicile Certificate,29,169,545,59,486,48
55991a00-2f5b-4215-a486-05bac4884250,OFC2164,Patna,Caste Certificate,23,51,669,46,623,48
7cc6bf0f-6ba8-41fb-9851-15f2e0c3e572,OFC9282,Mapusa,Caste Certificate,26,59,590,203,387,45
51f52416-c5d9-4560-bebb-f794183502b9,OFC3044,Siliguri,Marriage Certificate,10,72,732,495,237,45
aa61a51b-a4b9-4a3f-821e-63aa35240227,OFC9503,Mahbubnagar,Birth Certificate,44,92,683,632,51,48
15b2bbfe-ff0d-4463-ac66-f2513042a106,OFC1275,Ajmer,Marriage Certificate,34,44,451,234,217,48
ea265738-68ee-4004-b803-afb9c0045d54,OFC7680,Gangtok,Domicile Certificate,24,171,247,79,168,35
dce39c21-c1e5-4095-a924-60e1cb236135,OFC8540,Tura,Domicile Certificate,39,24,129,126,3,45
254534a6-c44a-4b0c-af9f-cc167ebd19bd,OFC7470,Ajmer,Income Certificate,50,162,86,68,18,40
fb7f3cb7-04fc-4ffe-92ce-a19a5a2640cc,OFC5673,Dimapur,Income Certificate,45,61,650,326,324,35
70c0ae11-49a8-4513-96f1-dfef746bef18,OFC1269,Bikaner,Birth Certificate,17,79,164,114,50,40
6a2baba6-3d50-4506-99a0-440174a5cadb,OFC3710,Bareilly,Death Certificate,16,120,702,583,119,48
ae93eea7-993c-4fb4-880f-342645424ad2,OFC7206,Srinagar,Marriage Certificate,50,156,375,156,219,40
8c7d439a-c292-4d80-9bdc-e8653450dcf8,OFC8479,Kolhapur,Caste Certificate,14,135,402,161,241,45
0ccd0205-b50f-4743-815e-1e57e6e4fa3b,OFC7952,Muzaffarpur,Domicile Certificate,7,128,872,260,612,35
437278af-8d29-4551-b357-2dadced3b0c5,OFC8440,Srinagar,Income Certificate,43,175,525,107,418,40
95facaf1-7352-42b3-b768-dee864c1caa3,OFC1405,Hubli,Death Certificate,18,180,859,774,85,35
84a0bb67-cb1a-45e8-8d3d-dbe066b71468,OFC6819,Roorkee,Birth Certificate,15,61,679,328,351,40
b6e75d18-df88-45ad-adfb-926f835bd885,OFC8616,Udhampur,Caste Certificate,27,140,154,73,81,40
a6982f64-7d59-458a-9470-3d34106f56c0,OFC7613,Erode,Domicile Certificate,22,134,792,118,674,40
0a514cf3-32ef-42e1-ab80-97d6d0ce04ca,OFC1590,Lunglei,Income Certificate,42,172,600,60,540,40
65bdff07-96b9-4e4b-8865-6dbdef6bd7e7,OFC2632,Nizamabad,Domicile Certificate,29,26,707,268,439,48
383034a7-a8ec-4b67-8972-ca389cfa333d,OFC9184,Thoothukudi,Caste Certificate,7,115,588,317,271,40
2f6d73bc-bf76-4714-aee3-73897df75116,OFC5003,Bokaro,Death Certificate,46,134,907,37,870,45
62b86c51-867b-472f-9fe0-11fd45bc409e,OFC2441,Katihar,Caste Certificate,27,153,874,683,191,40
b369b5e0-ee9c-4b3c-99e7-af049fefad62,OFC1753,Malda,Death Certificate,30,28,400,372,28,40
8ad6b2e0-2361-4166-802c-1de5fe81cff8,OFC1914,Amravati,Caste Certificate,28,95,363,253,110,40
9aa20520-dbfb-474a-9453-f03558d73e8b,OFC7431,Sagar,Birth Certificate,46,44,290,150,140,40
c53fce6b-aa3b-40ca-aaac-cf01530c5072,OFC2914,Dharmanagar,Caste Certificate,34,143,118,53,65,45
1d37ba98-c334-42f1-ae65-712e16da0956,OFC1472,Vadodara,Marriage Certificate,16,87,992,166,826,45
fbb1121a-571d-4368-91ff-c5d0997bf111,OFC9467,Hazaribagh,Caste Certificate,20,48,852,712,140,35
7e7642b5-15e1-4d51-95c9-9aa9b94d743b,OFC6141,Solapur,Income Certificate,21,85,440,182,258,45
bc232356-5039-4c77-8a51-142b678785fe,OFC4135,Churachandpur,Marriage Certificate,37,30,579,410,169,35
05ab84dc-b3fc-43c7-868b-7c8021dd3046,OFC4661,Darbhanga,Income Certificate,19,122,152,120,32,35
7d549cd8-be84-4c91-9f15-4c7228b54d06,OFC7656,Coimbatore,Death Certificate,29,131,372,332,40,40
a76b111d-517e-464e-8928-74555876f692,OFC4733,Margao,Birth Certificate,27,148,146,130,16,45
3b4ccc86-d6ac-4a4f-9eab-8d3765706570,OFC9384,Minicoy,Caste Certificate,14,66,538,73,465,45
ba7f647d-a6cc-40d0-a8f8-252891ef7dcf,OFC7376,Bhopal,Death Certificate,7,108,591,126,465,40
1b518c05-7ef5-4f36-a0c1-b3812e77f303,OFC9207,Gulbarga,Marriage Certificate,50,87,952,69,883,45
5ffb54df-8e65-46c4-8852-852e9485c76d,OFC9368,Itanagar,Death Certificate,13,119,972,345,627,40
192cbe6b-8cb3-4731-90a9-5aaf8dd3ce77,OFC4194,Howrah,Caste Certificate,49,133,779,191,588,40
769a9eb6-5027-491b-be27-89340f2797c3,OFC6567,Kohima,Caste Certificate,5,31,277,272,5,48
9113639d-e5dc-4d7d-a97c-8477fa49850d,OFC9595,Ahmedabad,Domicile Certificate,26,175,863,857,6,45
aed00386-71ad-4d91-bb48-5307ba1fd7f9,OFC7266,Thoothukudi,Income Certificate,14,173,348,101,247,35
6bef5319-ed85-4000-94ab-88e965adb298,OFC3713,Imphal,Domicile Certificate,24,169,265,117,148,40
d349751d-d258-4995-a021-b81bfea87ef1,OFC7479,Muzaffarpur,Birth Certificate,47,103,784,256,528,40
ced4e729-2412-411d-be09-f3b4bc2cf87a,OFC8657,Delhi,Death Certificate,42,106,609,483,126,35
f2c6d714-ce57-42e9-a52f-fdeab0036e53,OFC8399,Mangalore,Income Certificate,37,110,199,126,73,48
24f8d50c-6170-4669-940c-33dfa0a3d23d,OFC6786,Geyzing,Marriage Certificate,46,150,883,817,66,48
ae437bad-6daa-4940-bb53-0e5ed105d9c3,OFC9091,Tiruchirapalli,Caste Certificate,9,94,299,292,7,40
b6d8df8e-5917-4ee5-a42f-208f3649b0a9,OFC6524,Chandigarh,Death Certificate,19,98,731,224,507,35
9a9bb260-4af5-402d-a241-289046790219,OFC5491,Vellore,Birth Certificate,22,165,128,84,44,45
2c384960-9ab1-4f6c-b67c-3b0024dc5b98,OFC3473,Ranchi,Marriage Certificate,12,95,135,30,105,48
0640bdfd-2b97-4e9a-bcac-f66fd8af7fdf,OFC1214,Mayabunder,Income Certificate,38,48,254,195,59,40
00d54cae-c22c-41a8-b03d-06d1224578b3,OFC7527,Pathankot,Income Certificate,18,80,101,89,12,45
60d47b09-cfdd-4597-afa4-9d2fe11d36bd,OFC2228,Ranchi,Death Certificate,10,74,132,60,72,40
e0854726-2686-4125-b58e-1db1b11eab18,OFC3044,Thane,Caste Certificate,9,148,244,199,45,40
0053648c-1bcc-4544-95dd-a811e4d45b81,OFC6231,Serchhip,Marriage Certificate,17,96,938,55,883,48
d2a2dd50-ee20-4d41-9200-fb9cb8f246cb,OFC5917,Geyzing,Marriage Certificate,48,15,639,149,490,40
bf332fbb-2738-4090-a5c0-2cacfe0199a1,OFC8670,West Delhi,Caste Certificate,44,43,306,270,36,40
3a3cddb1-a9ac-49c2-8b72-651d54963ea9,OFC7659,Anand,Death Certificate,28,78,279,234,45,45
4653570b-52d9-404b-9fea-df32867bd4df,OFC9927,Bishnupur,Domicile Certificate,24,86,61,44,17,45
61051373-ab9e-41bd-b74b-482795f59b04,OFC4672,Sikar,Death Certificate,41,171,666,196,470,40
e8c83f09-5bab-47ee-9401-a60d77896a2b,OFC5530,Namchi,Caste Certificate,20,92,221,78,143,40
16b09fd8-c0bb-402c-83fa-f713b3775b9f,OFC7073,Dharamshala,Income Certificate,46,93,262,73,189,48
59b8e776-852a-4dcc-bc21-bf5e55fa40b3,OFC6601,Jamnagar,Birth Certificate,20,145,736,527,209,40
d5bcd885-49be-42aa-8f19-83405b3df291,OFC9972,Indore,Birth Certificate,16,122,627,489,138,35
7a462ade-fb4a-42f1-9e9b-00d9cb637a5c,OFC1094,Surat,Birth Certificate,10,81,626,435,191,48
3fd074c1-5b62-4e54-bc94-1f4c36d03298,OFC2728,Jorhat,Birth Certificate,6,44,481,448,33,40
44e4e719-1f33-409d-acdc-3e752c95437e,OFC3039,Surat,Birth Certificate,40,24,484,345,139,48
347a99fc-d968-40ab-bc88-0ea3b97af952,OFC9567,Tirunelveli,Income Certificate,31,167,674,561,113,45
d3e7cac8-6f56-4806-8611-6b905b64d60e,OFC2865,Gandhinagar,Marriage Certificate,48,118,777,598,179,48
9c0d746c-f623-4002-8063-9a220a4df6c3,OFC3218,Kohima,Birth Certificate,25,135,502,471,31,45
9234d391-c400-47ea-aa62-48da7cae2c99,OFC9178,Meerut,Birth Certificate,49,167,56,34,22,40
d84b0e41-835f-4672-b89c-1a1ad8e1a215,OFC6359,Varanasi,Caste Certificate,30,59,882,186,696,45
ae0bffd6-0767-4acc-921a-44a2628d7f91,OFC8470,Junagadh,Domicile Certificate,39,144,911,384,527,35
e678f3ef-14f1-496d-a521-e105a076137d,OFC9670,Bardhaman,Income Certificate,7,103,245,139,106,48
b9fcef62-acf7-4cdd-8bd4-e2734204fd0e,OFC5546,Tezpur,Income Certificate,10,115,861,696,165,45
d9e120b1-f5d1-4d5b-8b41-e039838e8a2c,OFC4745,Bilaspur,Income Certificate,31,87,327,158,169,40
4b42f990-2348-42e6-a4c9-f241238fc3fb,OFC1155,Kashipur,Birth Certificate,9,40,395,52,343,40
29937071-afa7-4d9f-aa56-29ca63b699c3,OFC4538,Darbhanga,Domicile Certificate,11,151,591,336,255,40
b64f4a7f-b30d-4671-88b7-676740a68032,OFC9616,Jowai,Domicile Certificate,47,155,628,248,380,35
2349ac52-d834-46c8-95eb-6cea4c1920d0,OFC6075,Port Blair,Death Certificate,22,43,353,265,88,45
ffbf09a6-7ac5-4151-a9a4-1cf78789b2a1,OFC8352,Vasco da Gama,Birth Certificate,34,150,719,622,97,40
201db4ed-9ece-4d69-8283-5dbf016316d2,OFC8376,Agartala,Birth Certificate,25,173,906,246,660,40
d9903cee-40dc-437f-8065-501e22848de6,OFC4956,Giridih,Birth Certificate,23,61,735,320,415,48
9bff2682-0ad5-480f-8b97-66ead89fc978,OFC2463,Dhanbad,Birth Certificate,49,154,69,51,18,45
a89e3785-3326-41af-bbeb-443941640834,OFC6596,Namchi,Death Certificate,38,35,350,203,147,48
f9a9dfc2-28a8-4f02-9138-c498b6549728,OFC5690,Sagar,Marriage Certificate,46,31,801,794,7,40
817d05a2-440f-4e5a-8ad5-fd05ede9df65,OFC3388,Rangareddy,Caste Certificate,37,71,365,88,277,40
3fecde19-228e-4ce0-a9cb-521f88d5f045,OFC3902,Anand,Marriage Certificate,40,167,89,53,36,40
593462ef-dcdd-44bc-924f-5bcf361eb81c,OFC1808,Pasighat,Domicile Certificate,43,146,972,441,531,45
a544699a-9f1a-42e7-8c90-41a02b09cc75,OFC8400,Chandigarh,Income Certificate,38,119,283,32,251,35
6b62e831-3cb4-4057-9ca8-b82b76622032,OFC1810,Jalandhar,Income Certificate,44,172,401,318,83,35
f6ef31cc-6174-4a6a-87a7-863ba5166582,OFC9662,Tezpur,Birth Certificate,17,127,83,53,30,40
95c45b6b-97c4-49ec-a3d2-28d4a4d03b9b,OFC1423,Dibrugarh,Birth Certificate,35,76,384,115,269,35
355ca17e-6825-4df3-af11-a04e8570aefe,OFC9537,Tiruchirapalli,Income Certificate,6,172,565,114,451,45
cfdb8f36-a7f8-42fd-9dfb-61a610b6a121,OFC6758,Mohali,Death Certificate,34,50,621,429,192,40
0de5497e-f874-4fc2-9065-fdc733856273,OFC9378,Kullu,Caste Certificate,37,153,673,104,569,48
7ad5bb10-51db-44f7-96e3-790983a39b5d,OFC8165,Chennai,Caste Certificate,5,113,141,138,3,45
686d4deb-fffd-486a-82ff-fa50cfd6d566,OFC5438,Lunglei,Birth Certificate,22,120,620,607,13,40
83914ab5-119f-4f7f-9885-d0d971bb8df5,OFC5105,Davanagere,Marriage Certificate,23,116,341,285,56,40
43f35daa-86e2-4ba2-b499-f52e1fc92a8c,OFC7778,Itanagar,Marriage Certificate,18,93,324,54,270,48
358bed84-db78-4a56-a280-5ab691903c04,OFC3361,Tezpur,Marriage Certificate,49,124,344,185,159,40
4121962c-e3a4-439b-bbfd-13b2b069bfc5,OFC7960,Mysore,Domicile Certificate,22,149,606,202,404,40
27e84bf9-32d5-43c1-b603-51be7408811a,OFC6030,Baramulla,Birth Certificate,10,137,218,38,180,40
2b9346c8-737e-4b10-bf5f-b1d9b2c22d30,OFC9180,Dimapur,Death Certificate,50,107,271,113,158,35
984f1166-9f1d-4380-bf84-ff1718608f24,OFC3589,Mapusa,Marriage Certificate,24,21,750,747,3,35
148bb839-320f-40e7-9906-db1b66df5820,OFC3244,Geyzing,Caste Certificate,18,114,711,584,127,40
6837781b-ca5b-4f71-b94d-43f57173053d,OFC7797,Kota,Marriage Certificate,42,16,215,30,185,40
27eae9ea-5318-4ba1-b9e3-2807b4aa33cd,OFC8613,Jammu,Caste Certificate,17,151,431,387,44,40
7bf4d5b8-3edc-4b17-bc3b-c7b5f200c60a,OFC7143,Tura,Birth Certificate,19,134,598,434,164,45
969fbcf6-2ea3-4cb3-b9ff-2c495f09b17f,OFC7630,Mangan,Birth Certificate,25,104,254,177,77,45
5635ba86-deaf-4225-a771-cccd606c2123,OFC4636,Bhagalpur,Death Certificate,8,138,52,33,19,35
23fcbd5c-6b5d-41ad-a7d2-49e34a01103d,OFC1964,Gorakhpur,Marriage Certificate,45,77,618,618,0,48
ae0929a7-8f2e-4570-95eb-07ee1cef59c8,OFC7490,Diglipur,Income Certificate,39,102,696,230,466,45
e38699b3-fe6c-422a-8e01-fcb9c5f0a47b,OFC6183,Gorakhpur,Birth Certificate,24,128,237,92,145,40
8200fbbc-2cd9-4b49-a4a5-184603a33577,OFC6638,Vadodara,Domicile Certificate,14,144,789,46,743,40
47f3900e-34c9-4dae-948b-a8dbdb0f4178,OFC8505,Mangan,Birth Certificate,48,95,666,319,347,40
ee92fe65-16de-4a41-b1ef-2b61e2ec2e5b,OFC5530,Belgaum,Caste Certificate,47,43,977,102,875,40
4a9f8d0e-0bc0-42e6-be83-79551e38d6aa,OFC3255,Adilabad,Death Certificate,50,20,351,250,101,35
e02268a8-6e46-46f1-877f-f9986b9fec97,OFC9520,Muzaffarpur,Caste Certificate,42,137,941,488,453,45
f5f77adc-1c7e-46b6-a50c-2fd1bca945cd,OFC4064,Tura,Marriage Certificate,7,131,903,397,506,35
ce9b65e3-62fc-4075-a201-ec250021913c,OFC3839,Baramulla,Birth Certificate,41,49,350,296,54,40
087275a4-21cc-49ef-837f-1e366899a43c,OFC6385,Bhopal,Caste Certificate,35,169,864,448,416,48
80a97ac6-657a-4bb7-a40c-4f750f0a374b,OFC7818,Coimbatore,Marriage Certificate,44,119,575,54,521,40
b328b626-8dd3-4525-81ec-3b237e59c88e,OFC6488,Udaipur (Tripura),Marriage Certificate,15,136,991,550,441,40
f3ec28d8-7e60-4b96-ad5f-91b440511136,OFC5599,Kolhapur,Death Certificate,12,129,856,243,613,48
bde1c413-0bc6-46f6-9417-5264e88d2205,OFC3013,Agatti,Marriage Certificate,38,80,833,643,190,35
355781a6-cc57-4964-80bd-9ca60203a7b7,OFC7236,Kashipur,Caste Certificate,5,53,318,95,223,45
f58cedbd-3dcb-4140-8637-76024faa7764,OFC4766,Mahbubnagar,Income Certificate,10,37,705,598,107,48
8f952106-4172-4f32-9385-8955bfddae74,OFC8794,Jamshedpur,Birth Certificate,29,78,739,235,504,48
a3b45f4e-2a89-444a-9055-1c1c3ff93960,OFC4645,Mohali,Caste Certificate,46,22,596,176,420,45
42afe05d-3c1b-4673-9ba4-c9d36a9843e3,OFC7074,Bangalore,Birth Certificate,27,122,553,516,37,45
5849ce7c-f184-4755-a5cc-ec236d3879bd,OFC4428,Alwar,Caste Certificate,22,74,585,454,131,35
e4da802d-ecad-4b86-a71f-8cf7843301f3,OFC5703,Chennai,Birth Certificate,19,115,850,839,11,45
d173a4c9-e961-49ec-8167-dd0d97a44a0e,OFC5767,Dimapur,Birth Certificate,46,33,185,100,85,35
3be397c7-79d0-4ea9-bf19-a2451b30db42,OFC8022,Solapur,Death Certificate,41,153,128,90,38,45
01e0eb71-dcff-4adb-8689-084d15e3d231,OFC8607,Kavaratti,Caste Certificate,36,114,241,82,159,45
303d2e72-aa75-48ec-9fb6-d4fca80c0341,OFC1555,Tezpur,Death Certificate,28,62,990,860,130,45
b9dba77e-c152-4cf7-9b55-02e8f9ece523,OFC9176,Manali,Marriage Certificate,12,19,674,664,10,48
9f1b2024-3df6-4202-8458-0e4fd9b3e8ab,OFC4698,Darjeeling,Domicile Certificate,40,123,924,744,180,45
98c6f1fc-d237-4d76-9eaa-321977d18f66,OFC7507,Howrah,Caste Certificate,38,129,179,42,137,45
66ce33d0-70f9-476c-812d-8293cbb1355b,OFC3680,Imphal,Birth Certificate,6,135,881,629,252,40
37a70fe8-43c5-4721-b0cf-8259823e342b,OFC9720,Durgapur,Domicile Certificate,24,61,797,677,120,48
a4fa5c82-2321-432d-b008-41d18611a52d,OFC5690,Haridwar,Death Certificate,22,155,997,903,94,48
1a3fe5c4-ac2c-4669-8423-e7038262c412,OFC6888,Medinipur,Domicile Certificate,46,72,332,65,267,45
20748fcb-c06f-46a4-a3bb-92fe5d986bc3,OFC6641,Kailashahar,Caste Certificate,43,48,644,334,310,35
40a0b498-b7a0-4fc7-9ee2-3038bf6925e0,OFC1432,Coimbatore,Death Certificate,14,118,776,46,730,45
bf605922-322c-4ca4-9987-1002a39844cc,OFC4926,Gulbarga,Caste Certificate,21,114,773,543,230,35
699dfa84-bd56-467c-bb18-31e6fea48478,OFC5978,Jorhat,Birth Certificate,28,113,188,169,19,35
4ee5ccd0-c108-4326-93ba-d12436549331,OFC2435,Mysore,Birth Certificate,49,120,112,39,73,48
3decf116-771b-43d3-bffb-2c83440f0f18,OFC5407,Kota,Caste Certificate,18,160,698,645,53,35
a282d469-bef9-49aa-b46f-3ec43de89482,OFC2833,Roorkee,Birth Certificate,18,171,993,134,859,35
fbd5d2e0-01b0-4930-b61f-f5f720942b0b,OFC6112,Bikaner,Caste Certificate,47,90,188,171,17,40
aad9a355-4746-4e3e-a330-3112fca34b01,OFC5212,Sagar,Birth Certificate,34,93,409,237,172,40
67003ca9-394e-4288-bfd9-421153291fda,OFC3990,Solan,Domicile Certificate,50,180,697,681,16,45
9141a5eb-d5a4-4f62-893a-0d085ab4a089,OFC7865,Kullu,Domicile Certificate,19,47,843,305,538,45
053f5a1a-0c33-46de-8aae-2f5efbc85c3a,OFC8981,Ghaziabad,Domicile Certificate,50,75,427,375,52,45
cf4e2565-c0cd-4ecb-90d5-44e030f5e5ed,OFC9826,Vellore,Income Certificate,9,79,993,260,733,40
9adbe790-88f4-4841-8107-ee6efc458969,OFC2371,Giridih,Birth Certificate,28,115,875,87,788,45
bef131f6-4461-421b-af30-852f6a435a4e,OFC9747,Vadodara,Income Certificate,13,40,943,675,268,45
a2e7384c-e869-4033-a394-58855ff70892,OFC1546,Leh,Birth Certificate,41,141,255,245,10,45
eade0f45-4f97-497f-becf-b795615d4de2,OFC3257,Pathankot,Domicile Certificate,37,78,578,475,103,40
5d737d7c-e314-422b-8a77-82b582f5285e,OFC3418,Lucknow,Domicile Certificate,29,175,574,304,270,40
ed22e42c-bd30-42c6-ae20-086484ddcec9,OFC8350,Jaipur,Caste Certificate,32,168,836,99,737,40
84a94224-74a7-41ac-b00c-ee8feeb0e604,OFC5266,Namchi,Death Certificate,24,179,913,537,376,40
4957483f-5eaf-4ac1-8f55-84cbd2c2b6b6,OFC4261,Mandi,Birth Certificate,13,137,112,76,36,48
37a9e95d-c6be-4663-a0ca-c36b0275bcd2,OFC7534,Dharamshala,Marriage Certificate,45,110,258,246,12,35
270a1081-b60b-401e-8cc4-03ba4e17efd6,OFC6199,Bareilly,Marriage Certificate,20,179,258,103,155,48
4b3f6a07-9edf-4453-b78f-f421ced5573c,OFC1051,Tawang,Marriage Certificate,26,144,586,67,519,48
29583778-e188-4071-a731-68bba085604f,OFC3761,Allahabad,Caste Certificate,40,43,54,48,6,40
989adf02-dedb-46ee-a05a-dab7261e06e0,OFC5813,Serchhip,Marriage Certificate,26,142,367,171,196,48
c8ea7d9c-cc0d-4712-9f87-cf517a2e0e48,OFC2261,Jabalpur,Domicile Certificate,6,61,168,155,13,35
a8cb021c-0511-4217-a33c-82b3a5575c87,OFC8577,Bhavnagar,Death Certificate,8,66,85,52,33,48
d7385399-b215-4d20-a96b-7732bf2030f2,OFC8385,Muzaffarpur,Marriage Certificate,22,96,464,450,14,48
7c6baf25-dfc9-48ef-ae72-dabea52ae046,OFC2397,Mangan,Birth Certificate,31,26,568,152,416,45
998715e8-5c60-4e92-b657-03093c2ab43b,OFC6930,Kashipur,Income Certificate,35,35,979,656,323,48
0157341c-e0dc-4024-90db-bea4fb29601f,OFC3428,Tiruchirapalli,Birth Certificate,47,139,746,634,112,40
6a8f75d9-9c8c-4ea0-8b4f-dcad8172c794,OFC3034,Ahmedabad,Domicile Certificate,30,164,201,115,86,45
9b9b8734-6419-4d67-a753-580834cef672,OFC6227,Leh,Caste Certificate,22,157,325,253,72,35
217da8c1-ef45-45b5-8f70-f446f2f7752a,OFC1236,Aizawl,Caste Certificate,17,159,583,44,539,45
a46bf109-64e4-4654-a39c-033931ad7482,OFC5231,Kailashahar,Death Certificate,49,141,964,628,336,45
afeb1d4f-2e75-4124-a868-7e767d44cb26,OFC6648,Ujjain,Marriage Certificate,6,99,373,157,216,40
4b539420-1e54-49ae-86c7-899426b83316,OFC1879,Haridwar,Marriage Certificate,31,41,139,108,31,48
18773ede-aab7-4b45-830b-a2f116fb97a1,OFC9610,Durgapur,Death Certificate,45,167,908,394,514,48
c2278d0e-ede6-4eb1-ab3b-f49a9c679650,OFC7154,Imphal,Income Certificate,27,18,432,161,271,35
eebc0eb5-4b8a-44de-943d-d6b61f1a50d2,OFC2767,Ahmedabad,Domicile Certificate,14,100,687,155,532,48
0eefe0cd-f829-423b-8be9-69ba86527968,OFC8159,Bathinda,Birth Certificate,38,67,344,315,29,35
8646f597-a0a5-4c7b-8429-f717903b99e7,OFC6094,Mysore,Domicile Certificate,47,59,532,529,3,48
a508bdb2-b878-4990-941d-ee7f8102bb0e,OFC9374,Surat,Birth Certificate,17,147,766,320,446,35
36cc2142-4beb-47ec-975c-0276a0a8efda,OFC1231,Erode,Death Certificate,15,110,839,268,571,40
65b23741-12b0-4b93-a8e1-e950990153cd,OFC8867,Hubli,Domicile Certificate,44,139,669,111,558,48
76dc4a6c-a2a7-4046-b44d-8c656b7c02b5,OFC4932,Gaya,Income Certificate,45,50,266,64,202,45
bf963b2e-ef7f-4969-9c7a-31e0b208c88d,OFC7102,East Delhi,Death Certificate,13,104,696,519,177,45
f11cf2d4-8548-47a7-8fdb-32867f7e65aa,OFC5084,Jamnagar,Marriage Certificate,38,140,520,349,171,40
a4940d78-2435-4101-a515-97d3c11109ed,OFC4639,Gwalior,Income Certificate,25,50,383,230,153,48
d29cc3b2-b3b1-4144-8f86-4b106b49111d,OFC6144,Lunglei,Income Certificate,12,129,88,32,56,35
933d3083-d55a-488f-b302-dc0d38c2868e,OFC3877,Ahmedabad,Marriage Certificate,7,121,66,59,7,45
11e925ea-8fdf-41e0-bc78-0e6a21ce6355,OFC7953,Thoothukudi,Income Certificate,42,63,161,152,9,45
db90b0f8-3cb4-485b-9d0b-c6db0b794716,OFC2901,Tuensang,Domicile Certificate,36,56,594,508,86,40
4c81c4eb-96ed-46e9-b015-871104631c18,OFC7709,Rangareddy,Caste Certificate,44,162,271,37,234,40
4d8c01be-666e-4212-af5e-f8546a1d5617,OFC7908,Darjeeling,Domicile Certificate,49,69,144,88,56,45
5bd864b8-93d0-42ea-9648-af712dfba802,OFC9729,Kolhapur,Marriage Certificate,41,78,215,51,164,48
2947c46b-a533-4111-b71b-7b3c1578da0f,OFC7862,Begusarai,Birth Certificate,45,140,600,32,568,45
f84a7de9-3164-4d59-9c82-8a9b042060e7,OFC4125,Mapusa,Marriage Certificate,10,51,718,489,229,48
9e458b64-c162-488c-8421-5571d9b7cfa9,OFC6503,Dimapur,Marriage Certificate,33,105,118,88,30,45
f4f378fb-51a1-4efc-bbf4-c0c2c2d9b56f,OFC5969,Darbhanga,Domicile Certificate,6,169,865,101,764,48
6d2f1d04-27eb-4595-8e1a-4777ea1833fd,OFC6659,Mapusa,Caste Certificate,13,152,222,187,35,45
1d0aa731-3f85-46d7-bf76-98b5488cbafe,OFC9372,Jaipur,Caste Certificate,46,73,236,41,195,48
7a0b80d8-2a88-46b7-8c1a-8cad17424f0a,OFC2385,Dimapur,Domicile Certificate,24,118,177,149,28,48
ad8b8628-11fc-4943-b53e-8ed2f0597260,OFC4856,Mysore,Income Certificate,19,88,884,159,725,35
8fff15d0-4641-4151-9a0a-de74c3819c85,OFC8961,Malda,Birth Certificate,45,77,574,494,80,45
adeda602-2534-4b12-800c-77fa56e872f3,OFC4148,Ujjain,Income Certificate,39,43,676,363,313,45
887a4cc3-5862-44ef-a6bb-96e23e881d05,OFC6028,Nagpur,Caste Certificate,45,73,60,38,22,48
9f4adec5-3474-4f00-963a-e614daabfc7a,OFC2609,Gaya,Income Certificate,10,18,288,235,53,35
de0fae3b-fd6d-473c-b182-178adc3dcda4,OFC2642,Manali,Death Certificate,39,24,962,827,135,48
7e86cde4-8e06-4127-8e33-2d12b1a66724,OFC8418,Jabalpur,Income Certificate,13,96,614,130,484,45
27825c39-d146-4fee-8454-0f4b53594b02,OFC9515,Salem,Birth Certificate,21,74,314,154,160,35
78c60a3e-e6d3-4613-b98c-31b21499762a,OFC9931,Tawang,Birth Certificate,18,112,671,649,22,45
ec31de6d-4024-4fe6-92c5-6fa792eb583f,OFC1619,Nagpur,Death Certificate,9,29,222,77,145,40
f96612f8-6125-40ae-999b-1066710708d4,OFC7245,Churachandpur,Income Certificate,17,156,661,184,477,48
ccb18668-5412-4c67-80df-33d3f1ae3091,OFC1114,Jammu,Birth Certificate,11,101,464,46,418,35
c3aa8d82-940b-4062-9ec9-40f083afc91e,OFC6695,Mahbubnagar,Birth Certificate,32,138,290,161,129,48
485b0ef3-15ae-4410-abac-cbd2bd7276d0,OFC9802,Tumkur,Birth Certificate,14,15,823,775,48,40
8077487b-4726-48a8-97f3-f07c4bd92346,OFC1820,Central Delhi,Domicile Certificate,31,46,917,756,161,45
178e056c-bc1e-474c-bfbc-a5175688f821,OFC7069,Margao,Death Certificate,10,110,425,169,256,48
4533e52b-05e1-4118-aca5-646c2b8f6428,OFC9885,Chandigarh,Caste Certificate,31,110,733,456,277,45
238a90a1-01e7-4ae6-b101-77b6f8d99012,OFC4248,Sagar,Death Certificate,30,112,934,780,154,48
d4507def-a08e-45ed-9069-f3d55a03703e,OFC4795,Guwahati,Caste Certificate,10,115,807,785,22,35
3ee6eeee-5f9a-4447-9bf4-b7d2afcebdf0,OFC6058,Dehradun,Income Certificate,39,36,861,826,35,40
5b7784c7-e248-4157-8b9f-7034d7e2da54,OFC5405,Nagaon,Birth Certificate,16,42,537,392,145,35
974b4511-8d83-47aa-8c33-1b82699476b4,OFC2582,Dispur,Death Certificate,39,154,375,129,246,45
0253afd2-a96d-4940-a34d-fbc44d35d029,OFC9718,Solapur,Income Certificate,42,86,345,325,20,35
72ec51ab-2525-4264-b6cf-2565288a88f5,OFC2786,Ghaziabad,Domicile Certificate,34,67,184,163,21,35
93c9f441-7b34-42e2-9b57-1851fbce8510,OFC5550,Anand,Domicile Certificate,5,27,169,147,22,40
94f999dd-03c5-41d6-be1d-8ee1caa10b80,OFC4542,Giridih,Caste Certificate,28,143,163,113,50,40
2d81792d-1b17-4602-81c4-b3d9aedfbff2,OFC7919,Srinagar,Marriage Certificate,7,180,427,229,198,45
0882b490-6a65-49f2-9055-81a2abe06978,OFC2825,Erode,Death Certificate,17,140,989,716,273,48
c379c056-0a85-4b74-9329-a1825e81d321,OFC8783,Solapur,Caste Certificate,11,20,998,53,945,40
b7e09cf7-3dd1-4895-b904-b5dc2ec018a6,OFC3873,West Delhi,Caste Certificate,26,112,254,125,129,45
d219dfb1-549e-40f0-b61c-054a1ddf6be7,OFC8354,Rangareddy,Death Certificate,32,36,566,352,214,45
344fe82c-7069-44fc-ba6c-9f116e589863,OFC3669,Kashipur,Marriage Certificate,9,133,725,280,445,48
e9c35fd3-1626-45e6-8fa9-7070ecf176b8,OFC8614,Bangalore,Income Certificate,24,78,798,369,429,40
a1093f9d-90d1-4e0f-b3ca-e4a6978108a5,OFC1720,Tuensang,Domicile Certificate,39,163,489,226,263,48
39974dc5-cf51-4963-bf9d-05aa4529f531,OFC9053,Salem,Birth Certificate,29,166,635,63,572,45
bc45fad6-1b92-41f0-83ea-3a605be36049,OFC2327,Ranchi,Birth Certificate,41,76,303,47,256,40
1fdd9957-f7e8-4a80-bf14-fa7be0e76610,OFC5600,Srinagar,Income Certificate,30,108,573,65,508,48
aac17dec-4497-4072-b051-eff73afa3e3b,OFC7962,Kolkata,Marriage Certificate,32,127,910,907,3,48
bca34687-3e08-4a7b-9b32-310b69b844d8,OFC4041,Karimnagar,Birth Certificate,40,45,161,122,39,48
5b9eb149-16b8-4462-9af3-53267e1c1668,OFC9024,Junagadh,Caste Certificate,30,146,929,657,272,40
b7aa48aa-0fbe-477a-9105-a9fb4790c81f,OFC1455,Vellore,Birth Certificate,14,180,963,789,174,35
05dc7fd2-5a0c-4ac4-8006-e03360caf633,OFC7208,Kullu,Death Certificate,19,20,722,180,542,35
6a09efb3-a9b5-437c-a9fe-cec07bc8eddf,OFC9145,Bilaspur,Death Certificate,12,115,306,101,205,45
97d82930-577d-4155-8c08-85a541663ee0,OFC2463,Amravati,Marriage Certificate,45,82,887,145,742,40
1b1f9557-d712-4367-90d3-39b34a346049,OFC7202,Agra,Death Certificate,7,79,718,695,23,40
6da94e4a-c92e-4a76-8339-b4f0140af5aa,OFC9964,Mapusa,Birth Certificate,49,67,623,135,488,48
8e904001-1ca8-40b3-bb66-c2f9dc1be044,OFC4591,Mangalore,Marriage Certificate,43,103,367,338,29,40
4ce02cae-fcea-4c8e-9232-3cde8d9dc852,OFC3265,Anand,Marriage Certificate,7,85,827,741,86,45
ba1573bc-3852-4018-baa2-805f67e114e8,OFC4909,Bilaspur,Birth Certificate,35,168,844,442,402,48
dc01de9e-81e3-4361-8790-ea51893ae5e0,OFC5828,Srinagar,Birth Certificate,5,73,450,332,118,35
1a93868f-2dd5-4691-9cb5-f4e77e9d4d7a,OFC6886,Gangtok,Domicile Certificate,44,47,75,52,23,40
7a9e2b3f-a173-4151-8ec8-addcd782d004,OFC8103,Mangan,Domicile Certificate,48,46,943,784,159,35
f605232f-7c94-4460-a952-b2d6c67f6c65,OFC3031,Solan,Death Certificate,22,23,587,370,217,40
ef7bf2d6-0f16-40c1-96be-69a95a489eb9,OFC6407,Mysore,Birth Certificate,36,136,777,637,140,35
7a3bd220-f1e8-49f7-9e1c-f9189e069868,OFC5040,Bhilwara,Domicile Certificate,9,28,235,91,144,48
1f250fe9-07b4-4a97-876a-8c1c940f2164,OFC1374,Nashik,Birth Certificate,37,36,500,184,316,45
e4cfba73-22d3-4c74-8bc8-fa7a3cfd5a70,OFC9196,North Delhi,Domicile Certificate,41,133,577,442,135,45
9685ae4d-dab5-4f18-a464-2d4d320c28e5,OFC2702,Bhagalpur,Income Certificate,40,123,918,234,684,48
5db341e3-727b-44eb-8ad0-96b8b9d87917,OFC8597,Mandi,Birth Certificate,21,135,781,259,522,45
3fe755a2-8ef3-4f6b-829a-e029eb7bb4dd,OFC8034,Ranchi,Birth Certificate,28,72,645,459,186,40
ab999afd-3bb3-49aa-9c0c-87a93aa35c67,OFC8435,Shimla,Death Certificate,17,98,471,300,171,48
e08db0a6-bd48-4a71-a907-4b9750a5bcb9,OFC3492,South Delhi,Caste Certificate,16,153,558,547,11,45
cb103f8e-4afa-4048-8d27-ce3f2fb6d920,OFC4520,Tiruchirapalli,Caste Certificate,22,133,984,633,351,35
61e0470b-6086-44f4-8fde-0efddb90bbad,OFC7721,Nanded,Caste Certificate,10,156,144,56,88,35
cbd64fca-4996-446d-8d83-2f41dd72ad96,OFC3394,Churachandpur,Death Certificate,23,33,166,110,56,45
fc713127-cb44-492c-aca9-98bd2281db32,OFC6995,Madurai,Domicile Certificate,30,43,821,713,108,45
d6adcc43-4054-4dd9-8b25-639d4d9b043c,OFC7615,Lucknow,Death Certificate,36,52,168,141,27,40
bbdd37f4-e896-4795-a870-17436e476a04,OFC9991,Shimoga,Birth Certificate,19,159,694,565,129,48
df3add7c-1d3f-4710-93a6-a7a7e5b35c54,OFC4679,Hyderabad,Birth Certificate,33,155,1000,73,927,45
4b782085-ab6b-460e-aee6-2be85a992b85,OFC8351,Ramgarh,Caste Certificate,28,156,582,249,333,48
9e3ca473-424f-4b41-8d73-517899f68fd9,OFC4873,Giridih,Marriage Certificate,46,89,143,67,76,40
fc98a1c4-af5a-4939-bc4a-f9dae401ae3e,OFC4076,Port Blair,Caste Certificate,24,174,171,156,15,40
885f58b6-49ba-4dae-916c-67f2ffb1cb63,OFC8345,North Delhi,Birth Certificate,47,58,70,61,9,40
a5968550-6a72-44d2-a6ff-61515b50ff64,OFC1313,Bhavnagar,Marriage Certificate,41,114,937,58,879,45
df24afcc-6730-4691-9f73-888bb48c1d19,OFC7927,East Delhi,Birth Certificate,47,107,264,70,194,45
aa7fa70a-8220-48b8-ace0-2b8cef9e9754,OFC6467,Bardhaman,Death Certificate,8,57,159,90,69,40
f1dcfa24-6579-4f95-a5e6-26f89a7dd3c2,OFC5030,Kashipur,Domicile Certificate,38,48,737,701,36,48
5792e034-8f92-466f-bfbd-61575e087235,OFC2569,Indore,Income Certificate,12,75,172,106,66,40
bb39b3c4-3696-435d-8d49-d7df553d43bd,OFC6486,Rudrapur,Income Certificate,50,20,710,506,204,45
e05dd1c3-583c-44d8-bdb5-48a34c599097,OFC2295,Chennai,Death Certificate,21,57,90,61,29,48
63ba60ed-8bea-4bce-af35-8d58c53445a3,OFC5113,Jodhpur,Death Certificate,20,43,950,609,341,48
2d0cabdc-af53-42d5-9cef-db7c78429da8,OFC8292,Kullu,Caste Certificate,38,150,219,54,165,35
427fccd9-9975-49b9-b37f-765e1a9e6f8a,OFC4802,Purnia,Marriage Certificate,28,26,346,261,85,45
7fdfa8a1-be95-4226-8199-31a61aa6b217,OFC3327,Rangareddy,Death Certificate,50,147,736,338,398,40
53208137-8b41-44a7-9ad7-14b2c1c14ded,OFC7919,Dhanbad,Income Certificate,9,126,266,244,22,40
8176b748-0877-4845-9bef-e23465bc40ab,OFC9892,Solan,Income Certificate,39,97,560,195,365,48
e799f4b4-a85e-49bc-b4a9-b83f713caf70,OFC1540,Agra,Birth Certificate,10,173,343,314,29,35
de35ce3b-5859-4665-962d-e0db9db74e45,OFC9367,Davanagere,Birth Certificate,31,110,72,58,14,40
7a643d1b-b136-46b9-9746-b41d2b311b52,OFC9225,Agartala,Domicile Certificate,6,80,470,224,246,40
262abfa9-d354-4c56-b819-7d264808847b,OFC7102,Bikaner,Birth Certificate,34,127,850,332,518,35
a14583a1-9bfb-4a5b-93c4-a59bc7201e7c,OFC8174,Tura,Domicile Certificate,43,126,953,547,406,48
a9858b06-6791-44d4-b53d-170ff597f10b,OFC7777,Solan,Domicile Certificate,19,160,776,540,236,35
deba26e2-b2d8-4f22-b6a1-34863f37f014,OFC8085,Chennai,Marriage Certificate,41,100,397,369,28,45
f2516869-6aed-49af-ba8f-31ecd1f59ec6,OFC2728,Arrah,Domicile Certificate,27,175,860,449,411,45
c94d955b-1730-48ae-bb3c-90b923869369,OFC3688,Deoghar,Birth Certificate,18,174,319,235,84,40
a81472d8-7677-4e7d-adb8-ae8aa313cdc8,OFC8280,Nashik,Birth Certificate,23,70,309,238,71,45
505588ca-0aec-4e92-81ab-a501f5506404,OFC4420,Madurai,Death Certificate,32,75,915,572,343,35
3950936b-c836-4b58-95a5-99dac8320907,OFC3503,Havelock,Death Certificate,21,68,750,84,666,35
eafafe42-a5f4-4f40-988a-a7ed6eadf24d,OFC6172,Katihar,Marriage Certificate,18,176,694,417,277,48
c3e04e58-061b-4066-a10e-7d1b6d706969,OFC2953,Adilabad,Birth Certificate,20,17,901,508,393,48
efacc275-f939-403e-8435-4ce7c565d132,OFC3271,Mangan,Caste Certificate,32,132,537,488,49,40
8084c2ce-6087-496e-a593-d2cbe02339aa,OFC9923,Alwar,Domicile Certificate,34,146,85,68,17,40
d82b1a09-f917-48d1-9476-03b6e7b066b5,OFC9153,New Delhi,Birth Certificate,27,143,900,766,134,40
ba737f25-fb98-4751-9b39-7fc2078f0ad5,OFC1571,Kathua,Domicile Certificate,19,179,510,411,99,35
b40331ea-5cb6-4f26-b170-851492e40742,OFC9903,Tumkur,Domicile Certificate,44,62,818,39,779,48
8ee7726b-e916-493f-a9b1-0106c8b1799b,OFC7234,Churachandpur,Caste Certificate,12,28,650,366,284,48
f7c301d0-2d1c-4f39-9627-cfc5058a6f90,OFC8855,Nagaon,Birth Certificate,17,163,292,130,162,48
2864f6ff-49c4-4b40-a14b-3432a02daf1f,OFC4629,Jabalpur,Income Certificate,35,126,439,72,367,45
cee63b41-12b0-40ec-a192-f9d8b6befe6b,OFC6465,Thane,Death Certificate,9,102,243,221,22,45
12c05c36-7756-44b9-b302-3557b8429e27,OFC3205,Mangan,Birth Certificate,28,129,200,118,82,45
a0cfaf24-7a08-4528-b38a-e2dcf3673d00,OFC2964,Bilaspur,Caste Certificate,49,178,912,454,458,35
39430a6b-58a5-4987-8d00-259849552ba2,OFC3263,Kailashahar,Income Certificate,23,101,992,154,838,45
997cebee-0e51-4f11-b7ba-39d94e263e06,OFC5511,Ghaziabad,Income Certificate,20,56,899,620,279,35
dc0b6ad2-bdb3-40aa-b66d-732de6834836,OFC9277,Sikar,Marriage Certificate,47,138,315,189,126,48
da4a4540-92e8-4414-b56b-9409283a0d27,OFC1156,Tuensang,Domicile Certificate,18,55,269,114,155,35
47d436d8-6b06-4ec0-8e43-edfe56a72d57,OFC7728,Satna,Domicile Certificate,44,154,310,221,89,48
dc9e4162-e2a5-4cf4-9cbc-dfa7d0c49461,OFC5111,Vadodara,Marriage Certificate,48,30,981,335,646,45
ede9c121-a0a4-4650-b2cf-a2e4fcdf23cb,OFC4210,Imphal,Domicile Certificate,17,50,719,275,444,48
f99cf9e8-0da4-455b-8b1a-c2b1f6f2afbb,OFC8904,Alwar,Birth Certificate,22,133,714,659,55,48
d6ea52e8-b7c7-4d91-a0fe-917f41d9d924,OFC3773,North Delhi,Income Certificate,49,165,287,273,14,45
1e19acea-60f9-42eb-a03c-791c2b050969,OFC2912,Serchhip,Caste Certificate,20,52,50,46,4,48
cb3543f6-7e13-40e2-a8a0-61476735430f,OFC6805,Sagar,Domicile Certificate,35,146,634,436,198,48
34745ba2-2be5-44e6-b913-10a561819fc9,OFC3691,Nongpoh,Marriage Certificate,47,82,206,44,162,40
000a8b51-c0aa-4615-9053-7823f124eaa1,OFC4275,Sagar,Domicile Certificate,10,53,525,197,328,40
a103cd0c-505d-42f7-84e3-f43eff8ad734,OFC8753,Lucknow,Death Certificate,36,19,328,197,131,48
f7c4d178-589f-4197-8cb1-174068098a99,OFC9629,Satna,Caste Certificate,7,129,313,120,193,48
144ee798-0a34-4a54-b907-7c7e6163af99,OFC6798,Tirunelveli,Domicile Certificate,23,44,790,708,82,45
04b01a32-6ab4-4b58-b6d3-3af9524ba57a,OFC6470,Roorkee,Death Certificate,22,62,444,415,29,40
d9d333fa-f141-45f6-a22d-e887b6330c59,OFC5879,Agartala,Death Certificate,50,71,938,586,352,40
9145148b-6489-4a71-8487-065522c934af,OFC7362,Bikaner,Marriage Certificate,20,20,978,508,470,48
569c29b7-c0ab-4061-b000-7de37db202f9,OFC4536,New Delhi,Domicile Certificate,16,16,582,526,56,48
7e66db88-651b-4436-b8c0-cf18642c2feb,OFC7931,Tiruchirapalli,Caste Certificate,20,121,795,670,125,35
f09b539d-4b7c-41dd-9007-06d1f8940dc9,OFC1073,Gwalior,Income Certificate,18,53,844,814,30,48
3039381e-26e5-48d6-8869-975418e2612d,OFC5055,Dehradun,Birth Certificate,37,164,973,940,33,48
05ef4677-def4-45b1-9f11-7ecd76fc2dbb,OFC4259,Tiruchirapalli,Death Certificate,14,177,963,242,721,40
bb03b40d-30e6-4114-979d-5a5b4a2ce794,OFC2031,Shillong,Birth Certificate,47,137,644,591,53,48
3ef4e07b-d2e9-4e0f-b8e1-6fa91217b574,OFC1168,Rudrapur,Caste Certificate,10,33,541,69,472,40
7b4bebe7-dd17-4ab3-abe6-07ca14b38ecf,OFC2164,Pune,Domicile Certificate,26,16,867,485,382,40
4166b82d-2782-481a-9c8a-1fef2bdf3eda,OFC2853,Amravati,Income Certificate,32,168,502,250,252,45
d9d2d9ee-4a5a-4fb5-9ff2-12f3650621e3,OFC7195,Bhilwara,Domicile Certificate,28,117,480,284,196,48
2039f129-df82-42dd-a5c9-ac639e2b0625,OFC4614,Mapusa,Domicile Certificate,12,25,512,52,460,45
9b5a9ab3-518f-4eb0-993c-04b13554f558,OFC2978,Churachandpur,Domicile Certificate,6,67,645,464,181,35
8445b8ab-ebff-478f-a63f-13786f14b9bc,OFC9210,Kota,Birth Certificate,28,157,377,298,79,45
c6af1caa-af13-4cc9-98e6-01683e00f103,OFC5490,Warangal,Birth Certificate,48,124,59,48,11,35
6da1c075-db78-4ade-a06f-6f3036170a18,OFC3964,Manali,Income Certificate,18,22,123,80,43,35
d1917294-b57a-4c71-8e01-2450c5a9514b,OFC7620,Tiruchirapalli,Death Certificate,35,51,658,596,62,35
3ddca7e8-75ea-4768-9cd5-3fd08699bad0,OFC2361,Gwalior,Death Certificate,47,133,368,114,254,35
f800910d-2e9f-4b14-b97b-ef18e425363b,OFC9132,Srinagar,Death Certificate,15,114,52,44,8,45
f373b09e-000d-4c03-b32a-b982dd0960cd,OFC5424,Bhagalpur,Domicile Certificate,25,174,213,132,81,45
36bea784-06e6-45c8-9f3e-082a753f0165,OFC3845,Dimapur,Death Certificate,35,15,163,97,66,35
68272e62-d9b8-446c-863d-290bb6189121,OFC8352,New Delhi,Caste Certificate,22,108,354,237,117,35
da57eca2-9fbd-4c6d-a04a-1e2c4a38b5da,OFC4723,Bhavnagar,Income Certificate,47,179,984,593,391,45
6a06c869-1079-4890-b7de-c3d0dd04ad82,OFC9319,Davanagere,Death Certificate,40,81,705,576,129,40
fc290a98-1355-4eac-b98b-e008b7b7126a,OFC6193,Junagadh,Death Certificate,18,116,205,200,5,45
01274b7a-0c3a-4369-98fe-bc3c6e0e5b7a,OFC3979,Kailashahar,Marriage Certificate,31,175,858,479,379,35
c8cc5b26-a736-4d13-a886-e496df52f80e,OFC3952,Ahmedabad,Birth Certificate,14,20,663,417,246,48
1ac9a997-d020-4dee-9ade-d2b4109b5738,OFC9359,Nashik,Death Certificate,40,163,621,192,429,40
a7b7acb5-920b-4112-a8b6-84b2d926b00b,OFC8588,Bhavnagar,Marriage Certificate,25,27,97,57,40,45
a9e1eeb9-62fa-4187-8628-8924a1bd19d8,OFC4369,Dhanbad,Income Certificate,19,130,258,233,25,48
b757cf31-b00d-4921-bd0f-6b2bd102dfe4,OFC2657,Kolkata,Caste Certificate,41,71,193,188,5,35
6c2cc1da-20a9-457c-8aae-0061bcd71a13,OFC8697,Margao,Income Certificate,11,129,321,73,248,35
dd7f3d1d-612f-4443-b729-b3d0ba95bda5,OFC9779,Margao,Marriage Certificate,11,78,779,686,93,40
bbc83dce-d151-4292-8211-fa8ef4f3d6b2,OFC1247,Gandhinagar,Income Certificate,38,168,380,136,244,35
8a49e50e-cd4b-4fbd-9f34-0a1f56469fa5,OFC3393,Vadodara,Domicile Certificate,32,88,92,76,16,35
60e5427f-9dc9-4389-93f4-55fcd5244a19,OFC9383,Tezpur,Caste Certificate,14,119,776,516,260,40
0f6c97b5-7f68-47b9-a963-1845e9ae9731,OFC9944,Margao,Death Certificate,7,101,877,242,635,45
2aaebb73-f67b-4718-9683-70e1dfe77682,OFC6481,Pasighat,Birth Certificate,28,157,742,447,295,45
e892a994-ea38-49ef-ac2e-5c5e7a6ace34,OFC3540,Malda,Marriage Certificate,14,175,513,473,40,45
ac0220b4-99e2-4a0f-bef3-26d320fea661,OFC4063,Malda,Caste Certificate,44,126,66,43,23,45
661b4045-f90a-49df-aaca-b0a90e51062c,OFC9912,Bhopal,Marriage Certificate,8,86,827,361,466,35
c96a44a6-c30d-41c1-bf5b-eb1b473f97d6,OFC6739,Jaipur,Death Certificate,5,94,226,145,81,35
86e7a232-4e11-44ae-8e99-f65e7acdcb1c,OFC5095,Madurai,Death Certificate,5,63,525,64,461,45
9641e021-4ffd-45b2-9ef1-c99a543385b1,OFC4567,West Delhi,Birth Certificate,36,115,726,461,265,40
f807cecf-4c1b-48e5-9fc4-dc82517b3166,OFC2798,Kavaratti,Caste Certificate,9,92,891,238,653,48
777c53a5-9054-49de-abce-1c3e6cc88a16,OFC2223,Ludhiana,Domicile Certificate,14,70,434,333,101,45
e418cc62-1bce-45ef-8952-18dff10ba8b0,OFC7982,Kashipur,Domicile Certificate,39,164,949,509,440,35
8c1a4d11-7469-488b-8372-0baac335d097,OFC5611,Junagadh,Caste Certificate,5,123,420,341,79,48
a7439e8d-864d-414f-8a99-8583cf07aa0d,OFC8954,Erode,Income Certificate,5,167,711,679,32,45
4fbebb89-8700-4f8c-9a7e-a1411714827c,OFC2984,Giridih,Income Certificate,50,121,899,492,407,48
2a955563-0ba2-47db-a512-f4f860cefb06,OFC7950,Sagar,Income Certificate,21,77,61,55,6,45
f8861f6e-c9bf-49a3-add9-53539e46d43d,OFC1556,Durgapur,Death Certificate,34,15,893,44,849,45
52ae29e7-3ef5-4e9b-bf8f-73fcf89f44ef,OFC2658,Baramulla,Domicile Certificate,29,37,881,170,711,40
08f9f6bb-0208-4eaf-a4da-08f58560e0b5,OFC2746,Surat,Income Certificate,13,117,394,139,255,48
c8c05f94-bd6e-44a2-94ab-8ef1cc81f148,OFC7405,Agra,Birth Certificate,43,107,418,65,353,40
1994ce5c-f3ee-4187-a1e3-dc4b58af4945,OFC8469,Darbhanga,Marriage Certificate,28,60,430,370,60,40
1d8f2087-4543-4620-8774-82f93299f189,OFC1792,Bhavnagar,Caste Certificate,40,51,390,141,249,45
77b9053c-4b2a-448e-a708-20e3c7fe4f31,OFC1062,Dharmanagar,Marriage Certificate,34,163,973,52,921,45
0dc19c9e-499c-41df-b8b9-785a665f5bc1,OFC7906,Anantnag,Caste Certificate,8,134,734,352,382,48
f26383db-7ea9-4b84-8d84-f362685c5003,OFC1589,Gwalior,Birth Certificate,24,68,887,561,326,48
d369697b-0b16-4d5f-a173-203121f6049d,OFC7842,Rajkot,Domicile Certificate,15,33,376,120,256,35
2cb3b33a-7f8e-4c5d-834f-3de1112ea7a9,OFC2671,Gaya,Domicile Certificate,9,172,995,939,56,45
48aed23d-36a7-4e0b-b60d-45d72f42e108,OFC8559,Kullu,Caste Certificate,32,28,290,73,217,35
30fab4f4-e2c8-492e-909f-52677fe411bb,OFC8044,Coimbatore,Birth Certificate,19,24,645,393,252,48
e680ffb8-05dc-4602-a82c-25d5d017e1a0,OFC7379,Solan,Birth Certificate,35,57,572,253,319,35
297d3f13-31e3-48f8-bc73-2edf34b8cb62,OFC5417,Margao,Income Certificate,22,116,466,432,34,45
ddbca178-82c8-4a7a-a809-bde312647456,OFC7605,Anantnag,Domicile Certificate,6,178,159,116,43,40
8c44f97e-7cc9-47b6-ad79-9cf500add72e,OFC4347,Anantnag,Income Certificate,21,128,874,336,538,35
218119e0-81f5-4857-9876-c3c275c7b1be,OFC7990,Tezpur,Marriage Certificate,50,171,254,108,146,35
6c8b7e81-c714-4a6b-bce6-0445599ed688,OFC8379,Baramulla,Domicile Certificate,49,53,124,123,1,40
2ad33519-f14e-4711-9a75-d678eaa737f1,OFC6203,Jabalpur,Death Certificate,9,45,364,101,263,45
f0f3cac2-48cb-483e-9cbe-189d0812267b,OFC1869,Chennai,Domicile Certificate,44,88,468,259,209,40
a5136d85-73ed-4251-aec6-7cbad2e03115,OFC3348,Alwar,Domicile Certificate,27,108,378,345,33,40
57486fce-8fa0-45ee-993f-693bed2bada9,OFC6000,Kolhapur,Marriage Certificate,31,19,141,79,62,45
64978257-a4be-4df0-88b5-8f8047c328e2,OFC9544,Guwahati,Birth Certificate,41,164,699,612,87,48
7873d971-8d63-4758-90e9-44609bfff0a3,OFC4320,Bardhaman,Death Certificate,6,23,74,30,44,40
23346bc7-5aea-4ae4-b7e4-e8d4f1a0f4f0,OFC7975,Howrah,Marriage Certificate,40,131,120,37,83,35
dfaaca3c-d4b4-4202-8e9e-4d6612101e4f,OFC6035,Srinagar,Income Certificate,46,67,946,389,557,40
fb81bf6e-f904-48f3-8c72-2ad00e6bdde3,OFC8088,Anand,Domicile Certificate,39,128,946,938,8,40
3c7515c5-a2f6-487e-82be-918718359aab,OFC7858,Pasighat,Caste Certificate,47,26,1000,551,449,35
e82ae27e-e21b-4a16-ab06-5ee9a9c634c6,OFC3943,Agra,Marriage Certificate,19,50,486,164,322,48
3d9ab7ba-6899-4e5c-a83a-af470d83fbb7,OFC2254,Shimla,Caste Certificate,24,131,960,344,616,40
d6ea81d2-e8ea-4a67-a15e-9629c1767183,OFC1532,Rajkot,Death Certificate,17,93,466,367,99,40
1c5a53c6-82d1-4637-a3fe-4bcb80901fdf,OFC4964,Bangalore,Domicile Certificate,10,168,810,30,780,40
60f2d8fd-7afe-48e5-99c7-993c4bd9acab,OFC3020,Lunglei,Income Certificate,37,93,712,325,387,35
8fbb9c22-10c1-4912-ace9-abec650be128,OFC9888,Mohali,Income Certificate,16,117,909,763,146,40
52b3f639-8a66-4747-8454-11543c30eb9d,OFC5542,Bhagalpur,Caste Certificate,22,65,149,56,93,48
50843f10-a473-49a0-87c8-2606078533ae,OFC2254,Hyderabad,Marriage Certificate,26,134,489,190,299,45
853e1ed5-7b19-4eed-8eff-904618a36ff9,OFC5189,Jorhat,Income Certificate,42,86,886,659,227,40
ead2d99a-d172-4622-8f4e-2f1bb84a0185,OFC4433,Mayabunder,Marriage Certificate,39,164,622,94,528,48
d5bc91bd-69f8-47cf-a0a6-06f50e6c73c6,OFC5710,Khammam,Income Certificate,24,93,839,293,546,48
70631f0a-3b03-4009-9b0f-2e172f4bc738,OFC4932,Kolkata,Domicile Certificate,33,139,74,52,22,48
c57421a8-12ad-4d79-82e4-355cbc906b6c,OFC2571,West Delhi,Domicile Certificate,43,99,275,222,53,48
a9494cf9-c5c5-4b23-b41c-c768d9f8013a,OFC6103,Muzaffarpur,Caste Certificate,20,151,779,757,22,40
c50adcdc-d1ea-463f-8322-635fe3785a53,OFC9494,Shimla,Domicile Certificate,34,109,342,195,147,40
9cbf5030-d5b6-474e-8637-07a0eb403f92,OFC2684,Anand,Income Certificate,49,155,505,305,200,40
022cf125-e595-42e4-8bdc-73f1544fba76,OFC4113,Bokaro,Marriage Certificate,38,179,243,192,51,40
a364b34e-9482-4761-848b-3acfd9106416,OFC2066,Ghaziabad,Marriage Certificate,20,171,499,203,296,40
68ce5f1e-6e12-4c8a-8580-7c2c1bf8a0d3,OFC4416,Hubli,Caste Certificate,41,26,953,622,331,40
d6e93952-8695-456d-8eeb-d54804498aab,OFC4768,Dhanbad,Birth Certificate,18,93,992,59,933,35
cde33b89-e215-4443-9061-8f9b5b8d1a88,OFC6583,Patiala,Caste Certificate,20,117,877,314,563,48
d518bb1a-d37f-468d-b2b4-d997b5fb4bdd,OFC4352,Dehradun,Domicile Certificate,7,125,132,76,56,48
a797233a-058b-4755-9563-c76e554291a6,OFC6261,Nanded,Income Certificate,44,140,542,528,14,48
0a4455de-09d4-4ff9-8fd0-7aebcda24554,OFC2794,Amini,Birth Certificate,45,61,621,81,540,45
622e1b77-3884-425e-90fe-7a1d8b8278ef,OFC3502,Kavaratti,Caste Certificate,21,54,511,122,389,40
22d43841-ce83-4c4e-bc93-83871809b542,OFC9159,Dhanbad,Marriage Certificate,46,40,55,41,14,45
41cbfa8e-8089-42da-8b9f-d9216ee17162,OFC5418,Howrah,Income Certificate,40,21,784,374,410,40
3b6d658d-6196-4179-b9ec-3d8cb7de7c12,OFC8615,Anand,Marriage Certificate,33,45,90,90,0,40
48007b9f-8884-4192-b105-54cc40a2a667,OFC9294,Mumbai,Domicile Certificate,23,25,815,330,485,48
e2711b8e-e577-46ff-9ed4-784e520024fe,OFC2033,Solapur,Income Certificate,7,77,747,43,704,48
bd449ec8-8eb0-4d16-8c8e-f7718dda00ba,OFC1362,Haldwani,Domicile Certificate,24,104,706,497,209,40
dedeadec-dac9-4a37-b2dc-513bb304ce77,OFC5005,Udaipur,Domicile Certificate,27,90,113,86,27,40
19706c8d-bade-4e47-95f3-7b4c97c365f3,OFC3012,Karimnagar,Death Certificate,31,30,400,154,246,45
a3bddc76-a944-488f-8fc7-d71008c36235,OFC8487,Itanagar,Caste Certificate,23,152,139,101,38,48
c86bafe3-f6ec-4172-ba5a-8da47315c3fa,OFC6684,Patiala,Income Certificate,9,62,323,44,279,35
801ac1ed-b0c3-4bee-8ea5-b07d240f5886,OFC1466,Erode,Marriage Certificate,26,58,871,451,420,40
0ed15e53-74f2-41da-b3f5-102e913bdf22,OFC7738,Bishnupur,Domicile Certificate,47,53,395,347,48,48
52a75517-89a2-4a1d-879e-b1482c6d89fc,OFC7246,Mangan,Death Certificate,33,113,955,347,608,40
038917be-79a2-42d7-ad75-612b683b0bee,OFC3174,Tiruchirapalli,Caste Certificate,18,114,808,793,15,45
ad448703-10da-4af9-a0d0-dfb532a0d495,OFC2978,Giridih,Marriage Certificate,42,179,322,306,16,40
c6fdd661-a184-4aa5-b029-98162d92e10d,OFC2109,Belgaum,Domicile Certificate,25,98,780,550,230,45
262a4a6e-c9b0-449e-8484-e0573ff10ef8,OFC4651,Aizawl,Birth Certificate,32,142,593,196,397,45
51d5f9a6-a2be-4c8d-a08d-cd15481efcb8,OFC6946,Shimla,Caste Certificate,7,168,537,456,81,48
c9378d00-ff57-4b03-8ad1-8bee012a5057,OFC7625,Patiala,Birth Certificate,43,70,806,578,228,48
a91ef089-daef-4662-b992-908ecdd6ac12,OFC3518,Salem,Marriage Certificate,28,98,456,420,36,45
cbfc149e-1c7f-43ea-90ac-7a7b8ccbc05c,OFC5520,Ahmedabad,Domicile Certificate,16,123,296,201,95,40
7da9f40f-9c03-4df3-9031-ae0b5278b9b1,OFC9028,Kathua,Domicile Certificate,7,45,518,170,348,40
9140d846-5238-4ea2-a2aa-3a74fed6925f,OFC9290,Dharamshala,Birth Certificate,22,158,873,88,785,35
13b709ac-6409-434b-a730-b835bc48bc1d,OFC7400,Alwar,Domicile Certificate,6,126,866,126,740,48
9db33dda-c063-4fe4-96bd-1fda910dcdf4,OFC1891,Agra,Birth Certificate,17,115,96,74,22,45
4a3b61b8-5f26-4052-a0e5-f47a863eb5cd,OFC8029,Begusarai,Caste Certificate,30,154,271,73,198,45
c5e5e9b9-49f1-4f66-9996-eef1e7ba2cb7,OFC7553,Lunglei,Income Certificate,33,165,198,156,42,35
6b98761a-a4a4-4191-85cc-26973cecbde1,OFC8383,Karimnagar,Caste Certificate,13,138,795,404,391,45
2c7a45f7-9734-43e1-a5eb-c389756bad51,OFC5160,Minicoy,Marriage Certificate,18,159,646,513,133,40
9cfeeccd-179b-459f-ab0b-705d706bcf27,OFC7289,Vasco da Gama,Marriage Certificate,5,90,941,635,306,35
e3663cf5-507b-444d-a0dd-00b33496253c,OFC4071,Geyzing,Marriage Certificate,39,30,905,498,407,40
b945498f-2a21-4305-af98-a6d94dbd2521,OFC4853,Dibrugarh,Marriage Certificate,30,137,923,682,241,48
272aad07-d4da-44b2-ad6a-c44abfb2320b,OFC7255,North Delhi,Caste Certificate,27,77,259,245,14,45
9e87a9a3-f294-4da9-a8fa-2b391615d767,OFC8401,Kavaratti,Domicile Certificate,13,66,318,151,167,35
c3fd23bd-c7b2-48e4-a628-9bae42e9ca3c,OFC6836,Haridwar,Income Certificate,20,42,553,153,400,45
8fc3ccf1-dc12-4f71-95de-1dcabeb790ad,OFC2148,Allahabad,Marriage Certificate,49,180,600,280,320,45
10f5c730-d4bc-48c0-ba34-2f6b99e18d57,OFC7441,Amini,Marriage Certificate,25,129,331,39,292,35
4ffec388-1bfb-4353-a7c2-0f29133f72fc,OFC7782,Mumbai,Income Certificate,30,24,207,99,108,48
6e386bc5-8e63-4e47-b24c-0a586f111df1,OFC8396,Dehradun,Income Certificate,15,67,164,138,26,35
aafb6490-2138-48ae-b570-00a20eeef659,OFC5464,Nainital,Death Certificate,13,148,146,128,18,48
8c500602-a206-4acb-8cf3-04f54c802ba7,OFC4729,Central Delhi,Death Certificate,32,88,579,331,248,35
57ac0d0c-74c6-4a0a-8ec5-d4c447575d62,OFC3599,Indore,Marriage Certificate,15,142,491,77,414,45
ae88e70b-1f88-4629-aa01-656ea8f344f4,OFC4231,Haldwani,Marriage Certificate,5,52,708,597,111,48
8c715608-5cb6-4198-b5ee-0f2c4adcbc14,OFC2129,Manali,Domicile Certificate,38,25,431,402,29,40
c8f4ef01-63c2-4c6c-b97c-eea08bde7109,OFC3280,Medinipur,Income Certificate,19,172,275,90,185,48
6f4bf7fb-7fac-4a33-9e89-ad63ee9392db,OFC5288,Madurai,Income Certificate,42,46,160,120,40,35
789b2b30-88a8-4575-b01e-fad70e32486e,OFC2493,Asansol,Caste Certificate,14,116,53,51,2,35
e77410ae-ee1c-44be-a59d-46234325c84d,OFC6331,Leh,Marriage Certificate,38,57,879,306,573,45
782c448a-ece1-4eda-9219-161a7fecb867,OFC4958,Serchhip,Domicile Certificate,38,155,966,664,302,45
8ab694d4-e65f-4d22-9f85-208b037fe889,OFC8555,Tawang,Death Certificate,15,169,337,138,199,48
af1ad25c-3a48-4961-96c3-c7c3ff4e78b0,OFC4052,Jodhpur,Birth Certificate,15,100,843,655,188,48
5454a4d7-5c4a-4ea4-91d7-249ea1dadf7f,OFC2337,Howrah,Income Certificate,10,29,687,548,139,35
0486cd81-4c9b-4372-8ff8-0635eb79e378,OFC8083,Bathinda,Marriage Certificate,37,56,663,381,282,48
104907d0-2619-40fc-bc42-3baac1c9a51a,OFC9176,Margao,Caste Certificate,9,29,405,313,92,48
86b5e28b-3bad-4604-a20d-af1bddbfe362,OFC9825,Mapusa,Marriage Certificate,18,90,582,548,34,48
52765bc0-649e-439e-84b9-7850c99f4042,OFC8065,Jabalpur,Caste Certificate,15,135,637,474,163,45
fd9c04e5-c0bb-4fb6-a608-ca0bd11c2640,OFC8944,Jaipur,Domicile Certificate,37,67,52,33,19,48
1e0e0d1d-e605-453c-8e2e-fd4c2397f559,OFC2446,Anand,Marriage Certificate,10,20,254,230,24,40
044de58e-4670-437b-a659-692818fc05e5,OFC3985,Kota,Caste Certificate,34,149,838,743,95,48
352951ae-3d54-40f8-8c77-4f5ffb5e2176,OFC4096,Namchi,Caste Certificate,34,66,706,87,619,35
eb9a486f-f778-45cd-9336-cd0a58f17407,OFC8042,Roorkee,Caste Certificate,23,150,664,308,356,40
7a56f288-daec-4158-8214-721e905a9566,OFC2993,Diglipur,Marriage Certificate,29,22,397,124,273,40
4d786fcc-23bd-4d14-a973-8f5c9ced3170,OFC6982,Mahbubnagar,Birth Certificate,31,56,456,73,383,40
b34d77fd-77e0-4bff-bb50-288cc2aaf7d2,OFC5240,Agatti,Income Certificate,40,56,947,802,145,35
57625fee-3208-431e-9a18-1a8b2cd56c0a,OFC6549,Allahabad,Domicile Certificate,25,30,66,46,20,35
c59920e1-8314-45dd-8b8e-8db9eb1ff20a,OFC9278,Gulbarga,Income Certificate,28,170,492,421,71,35
c1fa7b5b-900f-43c9-a10d-5daf95d39470,OFC6189,North Delhi,Birth Certificate,11,124,111,73,38,45
87dc1b0e-3818-421e-9284-b5b5ab1af7aa,OFC9409,Durgapur,Domicile Certificate,39,48,549,514,35,45
131a972d-3a25-4729-9f39-ff9947ff0215,OFC9729,Nanded,Caste Certificate,6,116,961,597,364,45
7029e58d-88f6-4577-8490-64422146086e,OFC5872,Mapusa,Domicile Certificate,23,150,765,278,487,48
a1ca9732-720f-4a23-aa10-12334b9c7850,OFC1415,Delhi,Birth Certificate,31,179,652,573,79,45
007fba37-7086-4328-8951-ba08248b5018,OFC5799,Kathua,Caste Certificate,7,121,341,123,218,45
71bbc9a1-ec10-452d-b5a7-3a8f3d2ed2d1,OFC1030,Dibrugarh,Domicile Certificate,22,32,316,298,18,45
0fce7cd4-2e1a-4ac4-9936-a2cb3b58e5d5,OFC3869,Purnia,Domicile Certificate,6,73,979,780,199,35
6e52f09c-b17e-48b9-bf37-9688051d7ceb,OFC3835,Junagadh,Domicile Certificate,15,27,419,232,187,48
13cb0973-cce3-4378-846d-ade9bca810af,OFC1001,Gorakhpur,Death Certificate,25,21,163,128,35,45
d5ff2ae3-a008-4ea1-a5f8-d60d233b7b68,OFC9141,Pathankot,Death Certificate,6,77,549,405,144,45
49ed4249-fef5-4030-86e0-48b5a7184271,OFC3893,Geyzing,Birth Certificate,31,180,740,141,599,35
8faa5bb8-4237-4390-8868-5b24e083c61e,OFC8217,Darbhanga,Caste Certificate,37,160,751,337,414,40
0cfe4fd6-db4e-450b-8855-236db2f59cd0,OFC1943,Bokaro,Domicile Certificate,46,70,976,328,648,48
153f6781-7e1a-43cb-ab9b-48ba88d8882d,OFC7083,Bathinda,Marriage Certificate,37,163,764,592,172,35
6ca3d1d6-1b89-4507-adf6-f7020060f5f5,OFC6832,Naharlagun,Birth Certificate,11,96,195,52,143,40
bcb39a07-f8e6-4944-811b-7783b5d1a9aa,OFC2016,Jammu,Marriage Certificate,12,138,748,266,482,35
30e70ece-c217-4fbf-a01e-c0ddd5af3203,OFC6078,Davanagere,Birth Certificate,50,61,364,350,14,35
ffc66d74-67ec-4e4f-8591-7003a1b03412,OFC2246,Adilabad,Domicile Certificate,45,64,107,80,27,48
22699aa3-226d-43bf-81c6-6ffc9e985718,OFC3875,Bhilwara,Marriage Certificate,38,98,83,63,20,35
204fc4c4-c9f0-4cc9-b7d5-5e63b75054f6,OFC6398,Margao,Caste Certificate,21,161,959,589,370,45
3a7faf94-7b75-4349-9181-295c49fa2802,OFC7524,Davanagere,Caste Certificate,38,167,431,60,371,45
294fef49-dde7-4ced-8a83-ca33662bdf3f,OFC3425,Pasighat,Domicile Certificate,5,157,191,152,39,35
dae45bbd-13ab-455b-b592-746e1ec8e067,OFC9964,Bhagalpur,Income Certificate,7,72,168,44,124,35
4894dbfe-3bb5-4890-9ec4-df2269993171,OFC8168,Imphal,Caste Certificate,42,113,245,85,160,48
607d9e5e-232f-463f-b68a-bd6c48d11eb1,OFC2767,Salem,Birth Certificate,20,65,442,256,186,45
0be9029a-0452-4091-8080-7795382da417,OFC9440,Asansol,Domicile Certificate,20,106,627,184,443,45
1e8acf55-112f-4c59-8179-b34d203cef52,OFC2679,Kolkata,Caste Certificate,23,154,997,885,112,40
d11a67aa-5207-463b-9743-0bc80903f92c,OFC8643,Hyderabad,Marriage Certificate,39,117,790,643,147,45
5e33188d-7912-4d2f-b7a6-9ecdcc17b3c3,OFC5568,Manali,Income Certificate,28,102,86,83,3,45
cb261b9a-0920-40ca-b857-3ebb9e774581,OFC6990,Nashik,Caste Certificate,9,173,120,112,8,48
4b16ce76-8f85-4894-b23c-39ac0fbc3a21,OFC9930,Jalandhar,Death Certificate,36,36,792,725,67,45
2f481827-b4e4-4f5f-8e9c-15e130c627ad,OFC6000,Chennai,Income Certificate,21,25,117,51,66,45
6d312e6b-af36-45f5-913f-c73c477e08b2,OFC1687,Solan,Caste Certificate,8,96,872,569,303,45
8c29f10e-55cb-495e-974f-828557103094,OFC8604,Thoubal,Caste Certificate,21,141,285,236,49,35
299aef69-0267-4b7f-9b14-587bcf48be18,OFC7446,Nanded,Caste Certificate,43,48,591,101,490,40
af1101fb-f136-4e8f-ba01-9de605e93e2a,OFC3142,Solan,Domicile Certificate,18,18,617,529,88,40
dd31d291-d654-4b4f-a9b1-c672fc3997e5,OFC1626,Champhai,Domicile Certificate,41,135,129,90,39,45
e2590545-e7a9-424d-97f1-ce5d551e3bd4,OFC8230,Hazaribagh,Marriage Certificate,50,122,669,609,60,35
73321aec-8f2d-4937-845b-18707a230397,OFC2554,Patiala,Domicile Certificate,48,107,211,69,142,45
0aded089-041e-426a-bd53-34fa0d92abc0,OFC9263,Arrah,Birth Certificate,23,164,535,143,392,45
9fc297de-30ff-4c9d-b3f9-286c526bdbce,OFC3373,Purnia,Domicile Certificate,6,75,137,53,84,45
dbe0406a-4e64-4276-954c-cd9d17b6428b,OFC8871,Rangareddy,Birth Certificate,44,140,76,68,8,45
2da7e437-5298-48a7-a745-1d6b10875c70,OFC7200,Bardhaman,Death Certificate,24,32,873,715,158,40
c0d9e6dc-338e-4729-9708-9b859706c243,OFC9038,Vadodara,Death Certificate,30,160,187,177,10,40
06a0eda3-e35b-494d-abae-9300802c27e3,OFC6458,Vadodara,Birth Certificate,7,86,60,37,23,35
a219dbfc-271c-4f2b-8415-92b5e64bf843,OFC9192,Alwar,Domicile Certificate,42,39,824,153,671,40
d3279485-e0fb-411d-b932-595780b0ffa8,OFC9905,Jamnagar,Caste Certificate,43,34,682,39,643,48
68d1da03-a2cf-4970-abcb-c4b0c3a41bb8,OFC4256,Jamshedpur,Death Certificate,28,143,990,187,803,45
a18a4450-c89f-41a2-8395-5d991d6e26d2,OFC2462,Dimapur,Death Certificate,31,91,665,263,402,48
694e8bdb-9cb5-46f2-a8f2-d365d54946b3,OFC9609,Central Delhi,Income Certificate,33,89,525,520,5,35
c209cce4-5d15-4745-a056-ccac57c75f8d,OFC6240,Mokokchung,Marriage Certificate,45,91,978,514,464,45
e6250ea7-bf72-419d-af46-7146d27685ed,OFC3702,Vellore,Domicile Certificate,32,177,995,373,622,45
f4db71e5-48a2-4f84-b90e-adc12da155f1,OFC5579,Adilabad,Death Certificate,37,154,554,345,209,40
88ecfa35-c05b-49ca-845f-ad7330c8147b,OFC3644,Satna,Birth Certificate,38,120,816,365,451,48
851c9012-dd83-4e9e-b994-7c0bfedd07bb,OFC9526,Chandigarh,Death Certificate,33,120,920,247,673,40
117bd957-2c15-46c6-9745-e4c175d80c3f,OFC1347,Shimoga,Caste Certificate,37,26,311,244,67,35
a75cb0cc-bffd-4c7b-ba00-801f3b9ab31b,OFC3105,South Delhi,Income Certificate,35,77,467,411,56,48
3312c57d-8aca-4511-9eba-43505d89b2bc,OFC4416,Ranchi,Marriage Certificate,6,48,796,120,676,40
c018efe7-5785-4b3e-b378-6bca3546724d,OFC5647,Churachandpur,Domicile Certificate,13,29,692,269,423,35
0b803dc3-add9-427b-98ee-2355cfa58807,OFC9627,Nagpur,Marriage Certificate,28,55,783,173,610,40
534d8fc2-3ba2-443e-9052-2cd633144a54,OFC1771,Erode,Birth Certificate,50,135,639,475,164,40
d2304e5c-090e-4dd1-8690-6e52a0f21bdd,OFC1225,Deoghar,Income Certificate,28,57,362,177,185,45
f9a4cc69-1e56-4174-bcee-e688b31c2af7,OFC4951,Vasco da Gama,Domicile Certificate,25,44,106,32,74,40
69b51032-2784-4859-a964-4110efa22b82,OFC1364,Vellore,Caste Certificate,10,121,266,164,102,35
ad6b9455-3fe2-4a3f-bbf0-262c3e45b88c,OFC3688,Tirunelveli,Death Certificate,44,106,962,267,695,48
5291939c-0559-4bfb-956e-d87ab5045478,OFC3182,Gwalior,Income Certificate,38,109,715,501,214,45
9f1b083b-c2c2-49d6-9ac8-0cf94c0d6553,OFC9384,Vasco da Gama,Birth Certificate,32,49,256,181,75,35
881b3399-436c-4d2c-9f00-8da55b1f9458,OFC7008,Kanpur,Death Certificate,45,141,535,315,220,40
94616d40-2361-4f89-91dc-ade2ec372770,OFC4100,New Delhi,Marriage Certificate,33,32,354,278,76,45
83d5895e-59eb-4048-a546-a3c72e81ef4d,OFC3386,Rudrapur,Death Certificate,47,26,560,347,213,45
dddeb86f-0d6b-4d8b-8435-3b2b63253aff,OFC8935,Darbhanga,Marriage Certificate,49,111,141,122,19,48
483a4be7-2c61-4767-baef-2d16c64d300c,OFC1203,Surat,Caste Certificate,9,97,195,121,74,45
13744edd-5e2a-414f-b219-2ac23742774a,OFC6837,Bokaro,Birth Certificate,36,80,942,241,701,48
10ea562b-65b4-4835-a14b-1e8d413bbc0f,OFC5067,Anantnag,Caste Certificate,14,102,260,245,15,45
3497049f-153d-424e-98b9-4eca8fee65a3,OFC5083,Sikar,Marriage Certificate,35,81,960,507,453,48
27df449f-f675-4db1-8181-49366c9d3f93,OFC6519,Malda,Domicile Certificate,49,16,962,750,212,45
166e234d-071e-4421-b11d-99045c8c5cca,OFC9423,Muzaffarpur,Marriage Certificate,48,99,141,36,105,35
3944484d-50fc-4c1d-917c-7c4e263de457,OFC4480,Dharmanagar,Income Certificate,6,69,271,113,158,48
e72e852c-2bad-433e-9bf0-7f6c9b322b57,OFC9230,Arrah,Domicile Certificate,14,93,720,208,512,35
98166e77-18ae-4e51-8c05-871e4871ba37,OFC7304,Aurangabad,Caste Certificate,27,164,646,555,91,45
724a2072-ddde-4575-8f86-5739360f46f5,OFC1180,Bangalore,Domicile Certificate,39,111,761,355,406,48
3718189b-054f-4596-b2a3-5ce49086b098,OFC6222,Kathua,Birth Certificate,33,16,923,793,130,40
438678ff-6dfa-45d9-90dc-0989b3937991,OFC2026,Medinipur,Death Certificate,26,72,786,647,139,40
971d1b67-6e44-4e2c-bd39-6f9c6615537b,OFC3405,Dimapur,Income Certificate,47,163,892,782,110,48
dacd7d7b-af6d-4ff4-8bcf-249021692afe,OFC9624,Dhanbad,Death Certificate,12,123,520,90,430,48
66dbf6dc-327e-44a9-a604-0fa8ed462c7d,OFC6090,Ludhiana,Death Certificate,42,37,728,666,62,35
806c59c7-7090-4433-94bc-fdf6570c9b5c,OFC4737,Warangal,Death Certificate,24,24,872,301,571,48
1f9488d3-e910-4deb-8e29-8022e3aae7a8,OFC1061,Gorakhpur,Income Certificate,38,22,865,741,124,48
abc437e3-6d50-4696-8b55-6c3d157afe28,OFC7929,Bilaspur,Birth Certificate,33,104,742,293,449,40
5a5a5250-9a00-4d40-b794-6a0faca6aeb5,OFC3871,Chennai,Birth Certificate,29,84,547,480,67,48
7c5b60ca-6b4a-4747-af8d-0ce3dbe33b64,OFC2731,Anantnag,Income Certificate,46,154,686,482,204,40
2f981969-2f38-419d-9a49-0fd9ef381835,OFC6272,Nainital,Birth Certificate,46,117,642,435,207,48
a6f115eb-77ed-4f7d-8f04-1666e1e9dab9,OFC3897,Geyzing,Domicile Certificate,5,171,536,466,70,35
af1a2ab6-4358-44c3-9e57-ae805bd153e2,OFC1864,New Delhi,Birth Certificate,37,53,788,88,700,48
563bfcfb-0281-43e5-8f84-c0c8ac7e3167,OFC6520,Aizawl,Birth Certificate,47,53,551,478,73,48
6482f507-a8b6-4735-a324-537934a4967b,OFC5294,Vasco da Gama,Marriage Certificate,19,68,144,61,83,40
93cecaf6-8331-41ef-a896-a1daa3584f77,OFC1264,Meerut,Marriage Certificate,13,99,712,148,564,45
64b6437b-ae63-49c0-8a86-dfc95c88e3de,OFC2937,Champhai,Income Certificate,29,178,193,168,25,48
f5185ace-fc05-44dd-8afb-0311ebcae3d7,OFC8883,Mokokchung,Birth Certificate,34,27,576,409,167,40
a3ff75d7-3419-48c4-99a5-4dcdad882f5b,OFC2696,Mysore,Marriage Certificate,5,155,145,91,54,40
69c0f290-755c-4cc3-ab2e-affd9c3b977d,OFC7562,Rajkot,Death Certificate,41,157,660,649,11,45
bb705058-49ca-4386-9b05-ef87a445ead0,OFC2744,Howrah,Birth Certificate,38,121,552,325,227,45
703e7938-269f-410e-8d93-2e14f6dcda22,OFC2833,Kolhapur,Birth Certificate,15,162,68,59,9,40
bf2c76e6-b4aa-46e0-95b1-0b51fd34f3e2,OFC4235,Silchar,Birth Certificate,14,180,910,62,848,40
adffddd8-56b0-4ef9-b023-42f730f8c68e,OFC5134,Jalandhar,Birth Certificate,49,165,520,224,296,48
8102f7da-4553-4f27-bdba-c4d59dbcdad6,OFC3241,Gulbarga,Birth Certificate,19,109,771,454,317,48
73edac9e-399f-45be-aa07-071bbdd5e2b3,OFC1359,Junagadh,Income Certificate,23,67,950,733,217,40
6a680d7f-f823-4718-8101-7b15e90da932,OFC7174,Diglipur,Marriage Certificate,34,45,924,774,150,48
7899cd03-7d3f-4db0-abb4-131ff236262b,OFC3882,Madurai,Caste Certificate,8,156,561,442,119,35
473fa05c-9f5c-42bc-8564-bdc9f5298411,OFC5835,Amini,Domicile Certificate,13,167,410,360,50,48
a6c74fcb-31af-4721-a474-671942890718,OFC4964,Ajmer,Marriage Certificate,18,63,431,45,386,45
51f802c2-de67-466a-9ada-ad88b33a775a,OFC1554,Delhi,Marriage Certificate,24,88,666,643,23,40
e1165974-d419-407a-afb7-77a857c64b52,OFC9799,Patiala,Death Certificate,22,22,906,527,379,35
b45450a7-9c0b-4622-839a-0afcd6c1ef6a,OFC6341,Dimapur,Caste Certificate,43,113,100,40,60,40
d5eb9cc7-b912-4129-b4cd-3190bf7f6085,OFC7182,Gaya,Birth Certificate,12,65,803,183,620,40
cfa3cf5d-9067-41ce-9ce2-72eb9db24439,OFC2380,Rewa,Domicile Certificate,23,40,420,296,124,45
b90c12b9-4cb5-4a2d-be7a-138b4f30029a,OFC8641,Thoothukudi,Domicile Certificate,12,89,516,441,75,48
00192027-e54e-40a4-9e80-fa0d65d6cf18,OFC9655,Rewa,Death Certificate,35,168,883,60,823,35
5753fa9b-2d90-4df9-85c2-990565fe56c0,OFC3321,North Delhi,Caste Certificate,17,149,106,58,48,48
618a3f33-8400-45b8-9266-354a0af03904,OFC2244,Nongpoh,Marriage Certificate,34,145,741,476,265,45
3e634120-df09-4e45-9a5b-7c45539d53e2,OFC1442,Shimoga,Birth Certificate,25,159,297,82,215,48
30fd6f51-59cb-4cfe-af91-b5833733b2ad,OFC6363,South Delhi,Death Certificate,37,168,91,36,55,45
7643d61a-4bc3-4faf-a2a4-6afec0268493,OFC4699,Mumbai,Caste Certificate,24,58,370,31,339,45
ce47b07c-9c01-4fcf-aa18-37c5a03c47e7,OFC3942,Serchhip,Marriage Certificate,13,23,68,58,10,45
5c1310e6-296a-487d-9018-761f9ca28df8,OFC8629,Udaipur,Death Certificate,12,49,957,860,97,40
fd580a0d-c7fa-4660-9a76-51d1839e1cd7,OFC2318,Nanded,Caste Certificate,13,85,910,141,769,40
d1a51436-751c-45c5-8eb7-55f3fb96f0d2,OFC2108,Shillong,Domicile Certificate,22,174,168,163,5,45
cd74f1ee-39af-45ae-a170-74246772c57f,OFC9080,Giridih,Domicile Certificate,15,154,948,154,794,48
7b1a2ee9-7d62-4012-a65a-013b744f9b03,OFC1670,Arrah,Birth Certificate,26,174,934,733,201,48
2b45e904-e8bb-4fdf-a89e-8eae944dac24,OFC7322,Patna,Domicile Certificate,18,171,241,176,65,35
3954a6c5-226b-4fe8-b470-ac8c273abe49,OFC9127,Jaipur,Income Certificate,35,109,484,231,253,45
2a259dd8-b0cd-41df-81e2-2bd2e46cc842,OFC2028,Bangalore,Caste Certificate,43,40,660,76,584,40
7235ee02-bf2d-4714-b1d3-a127cb2dec31,OFC8953,Shillong,Income Certificate,17,48,649,366,283,48
9b4841d0-a8f4-43fb-8600-673b7b6dbdb1,OFC2426,Kullu,Birth Certificate,38,75,569,142,427,48
db8d0e32-c90d-41ce-aef4-996f469eef65,OFC5576,Kohima,Birth Certificate,34,176,346,300,46,40
cb8bc09e-d438-4c7d-bd0f-e4f7eb9e85f3,OFC6730,Shimoga,Caste Certificate,19,85,470,306,164,40
2b4e4170-57e3-421a-9af3-0828e3f72c92,OFC1673,Hubli,Caste Certificate,45,145,203,168,35,45
5b504220-6722-41be-82cd-e8c81a57d264,OFC7925,Mangan,Income Certificate,7,41,502,50,452,48
9f5335f0-0b47-40c9-8eb8-f5cc471b59a5,OFC5821,Agra,Income Certificate,40,74,635,171,464,40
45e372d5-aa8e-4958-bda8-fa5e28abb1a0,OFC9006,Naharlagun,Birth Certificate,22,80,879,376,503,45
1f186f9d-5625-4f8b-9bdb-551d236ab774,OFC8286,Sagar,Death Certificate,36,173,704,613,91,40
659c9e27-8976-4dcb-94f9-b4ed8341b4a2,OFC6674,Udaipur (Tripura),Death Certificate,44,112,447,63,384,35
7ebf3b06-21f2-4ce0-94d1-d0cec47f1bcf,OFC7832,Jammu,Death Certificate,24,36,772,635,137,45
761156c1-ef26-43ad-9488-afe11e75e695,OFC3574,Durgapur,Domicile Certificate,23,119,467,155,312,45
c3edd8aa-180e-4e80-9d12-47644e96b27e,OFC1891,Gaya,Income Certificate,19,40,580,391,189,40
2e0ef943-ccdf-4c4d-9340-eb70b6be9ad3,OFC9380,Ramgarh,Domicile Certificate,19,79,111,82,29,35
2ce1b71b-849f-49a3-874d-710d5aadc9ea,OFC6681,Giridih,Domicile Certificate,18,124,794,401,393,40
4d5a9ab6-2224-40ab-afa1-aa980358f20b,OFC6184,Anand,Income Certificate,21,160,334,328,6,45
90a7ecb1-4252-40ec-aa80-be257e8b5105,OFC6566,Nagpur,Caste Certificate,41,91,872,765,107,35
49501c87-3a3f-4c53-a45a-b2a80649edc9,OFC8959,Agatti,Death Certificate,36,151,960,886,74,40
aca9f7e2-1615-443b-80df-a63eace10c90,OFC7328,Havelock,Death Certificate,12,176,111,31,80,35
831a2332-6389-4dc5-a423-27770f422cd0,OFC2899,Delhi,Domicile Certificate,25,132,137,62,75,35
62625e7e-96cb-4b10-a8c5-ab31650263fa,OFC8099,Aizawl,Birth Certificate,21,48,877,198,679,40
0081c05a-d039-46b5-a989-388588b56f48,OFC1913,Bareilly,Birth Certificate,46,86,466,56,410,48
21082eb1-ea89-45f4-9363-22158d2f182f,OFC7476,Alwar,Marriage Certificate,28,122,837,252,585,45
b4c4b925-34b0-4ec3-bf44-56370a428036,OFC6950,Jalandhar,Marriage Certificate,22,153,808,144,664,35
8fb85617-1fd8-48de-9882-5105d21627d9,OFC4035,Gaya,Caste Certificate,43,41,599,211,388,40
98427f81-643e-451b-9f07-e9ab1aebaac4,OFC2409,Jalandhar,Caste Certificate,36,116,912,49,863,45
66300553-32e9-4285-8de5-246f6acf37b6,OFC3145,Kolkata,Birth Certificate,39,60,934,446,488,40
bca96acd-7493-4e59-8cd7-11edefe53e0f,OFC5561,Arrah,Death Certificate,7,57,351,273,78,35
8cdc99a4-835e-43dd-9e9c-c6d9be7940b8,OFC7440,Gulbarga,Marriage Certificate,32,137,56,48,8,48
a8a088df-5a2d-4fe3-b082-1747dd3df79a,OFC3762,Meerut,Domicile Certificate,31,121,631,621,10,40
ec926e86-03b5-43c9-8bfc-60534690830f,OFC4116,Ramgarh,Domicile Certificate,20,97,680,302,378,35
312c8549-1493-4c3f-81f6-ffb00add70ed,OFC3567,Deoghar,Birth Certificate,44,137,514,38,476,40
5e0a1320-c670-42ab-a9e3-169a90fed473,OFC2445,Amritsar,Marriage Certificate,35,33,323,181,142,35
085dd2d7-5133-4149-9d1d-717ae34b0733,OFC6574,Darjeeling,Death Certificate,25,60,699,348,351,48
6444bbe7-ce3c-4aef-a736-67dd78229898,OFC7344,Bilaspur,Caste Certificate,6,105,611,534,77,48
bfcb37ad-77a0-4a01-9d9f-eea288c4d514,OFC7961,Aurangabad,Death Certificate,37,109,926,762,164,48
e30998f2-3fd9-4b8b-98ae-5a3aeb6096c5,OFC3622,Minicoy,Domicile Certificate,29,131,730,516,214,48
8f371184-937f-46e8-a672-260df8820198,OFC1924,Leh,Domicile Certificate,43,104,743,452,291,48
403efa80-65fd-4c65-b599-74e043309c27,OFC6192,Amritsar,Caste Certificate,22,77,88,78,10,45
6683609a-8018-48e1-af66-30878be761d0,OFC2901,Bhavnagar,Domicile Certificate,13,158,907,62,845,35
7a1463a3-3026-4456-af20-ff299cac0927,OFC5144,Arrah,Domicile Certificate,46,180,912,177,735,40
1d33c55b-a1fa-42c5-9e61-a6c675dc7812,OFC8623,Begusarai,Income Certificate,30,45,979,65,914,48
26bf3483-7b6f-43fd-81be-493378c3c862,OFC1608,Agatti,Caste Certificate,14,43,388,144,244,45
aa7a3718-94d7-4d5f-8c29-ddf688d2b085,OFC8686,Varanasi,Income Certificate,26,170,75,38,37,45
20719543-3eb0-487a-a975-6a210d448119,OFC5509,Nagaon,Marriage Certificate,26,17,241,173,68,45
a8d4ae2b-2135-42f3-8f5e-9bf9be703ae8,OFC1933,Geyzing,Marriage Certificate,26,160,78,65,13,48
f699f52c-8059-4940-aad9-91598cc54eea,OFC1598,Jodhpur,Income Certificate,45,130,611,362,249,35
16e3aa18-e397-4235-b2a4-0bf9e1701a91,OFC3785,Katihar,Birth Certificate,39,40,699,41,658,40
699a7d1e-731b-4378-b192-59a42b52eb67,OFC2796,Karimnagar,Caste Certificate,31,162,900,216,684,48
96e31914-9adb-438d-b9ae-297540bf1ddb,OFC8008,Arrah,Death Certificate,9,49,768,297,471,35
698b3174-a5e1-475d-9a06-cd91e8bd14e9,OFC4156,Thoothukudi,Domicile Certificate,29,132,355,304,51,45
8f7f99ad-bd5c-4f77-891a-71eefd44d646,OFC1595,Mahbubnagar,Birth Certificate,23,21,546,462,84,40
2fe5466b-c4cb-4f57-8db8-21a69dfe9f87,OFC5057,Vasco da Gama,Income Certificate,28,17,139,117,22,35
b349e1dc-7a0e-4b1b-adb9-dc5293d6bdcd,OFC4797,Darjeeling,Death Certificate,38,76,538,130,408,45
857051de-f93c-41c9-9b23-58a1d1452b17,OFC5287,Kohima,Birth Certificate,50,126,134,86,48,48
b60df60c-bfc8-4de3-ac0f-2a8e2011b8a0,OFC1120,Margao,Birth Certificate,38,61,79,47,32,45
6fd40b75-4b04-435c-ae6b-c7d188b6575d,OFC3840,Kanpur,Domicile Certificate,21,85,954,507,447,45
6a24eef4-087a-4bd6-a936-b2d3ea0e234b,OFC8662,Udaipur (Tripura),Death Certificate,15,171,524,324,200,40
904d9dad-6aac-40db-a9ec-ef66e3e3d68e,OFC8319,Hazaribagh,Domicile Certificate,26,61,329,299,30,45
76ddbf1b-fab3-4885-8994-c0bf51c7beae,OFC9502,Tuensang,Caste Certificate,48,175,854,499,355,40
26d834dc-6616-4883-982c-68bd4bae2802,OFC5946,Pasighat,Death Certificate,29,90,506,354,152,35
c7b4d08a-0d01-433c-972c-35f57940ca46,OFC7139,Chennai,Caste Certificate,39,140,353,334,19,45
d5648db9-fb09-41cb-b218-437157155a48,OFC4784,Khammam,Death Certificate,47,102,74,72,2,48
6b04d127-473e-4561-82a4-94ce1c36f562,OFC2663,Agartala,Birth Certificate,43,37,910,425,485,48
8967ede6-057c-4855-b828-f8967295e720,OFC3916,Solapur,Domicile Certificate,26,36,248,126,122,40
fbc29943-6c4d-4094-851b-205c6c3c9750,OFC5643,Jowai,Caste Certificate,33,171,565,552,13,40
3471bfd9-e7b7-43a9-b7ab-f01130f7b10c,OFC4034,Bathinda,Birth Certificate,40,170,798,340,458,45
531ad4e8-ba02-4973-bc52-b996ec7f9184,OFC3170,Howrah,Caste Certificate,28,68,695,555,140,48
26536581-562c-41b7-955a-136be9922494,OFC5230,Agatti,Domicile Certificate,9,170,359,170,189,48
e77c8dd4-32ae-40fb-9764-aff9fcef83b8,OFC2354,Adilabad,Caste Certificate,33,59,562,307,255,35
12dee834-dc9e-4ce4-8cff-842ccae56280,OFC4894,Bishnupur,Caste Certificate,49,30,594,403,191,45
50db46b0-1a3c-41aa-9cdb-59ef1290ad8d,OFC2175,Arrah,Birth Certificate,6,126,189,189,0,40
489e1758-6b8a-4834-906c-7a8a7d709096,OFC3357,Thoothukudi,Marriage Certificate,17,102,319,186,133,35
02d8c413-0e12-43d7-b9ba-9722e95cd74d,OFC6002,Amritsar,Domicile Certificate,15,104,152,109,43,35
dc1145a0-618f-46a6-855f-e77933daf832,OFC6902,Patiala,Death Certificate,25,167,240,237,3,35
5298ed9d-eea2-4288-b985-a1113d17ad04,OFC8940,Shimoga,Income Certificate,11,42,526,245,281,40
f97f72c0-ee08-4a44-a19b-5a52ebce352a,OFC3922,Dispur,Caste Certificate,35,106,701,461,240,40
cc85653f-405d-4dda-9ac6-63d5a657ce4b,OFC6235,Ujjain,Birth Certificate,43,128,123,52,71,45
d7233189-fe4d-405e-a9cc-c88b965a944d,OFC1847,Darbhanga,Birth Certificate,22,170,489,297,192,45
4a9d384a-c114-48e4-9de8-3538fefe4179,OFC5049,Coimbatore,Marriage Certificate,5,37,104,47,57,35
2f1cfb49-1b96-4caf-869f-f926c26b75f9,OFC3973,Hyderabad,Birth Certificate,22,61,828,262,566,48
b37bc7aa-7b16-42be-b26b-bcd20de073fa,OFC8561,Madurai,Income Certificate,40,126,848,529,319,45
d52d7cbb-a3df-486a-a05f-3a8e09b1084d,OFC2482,Begusarai,Death Certificate,24,173,103,102,1,45
11e2727f-c201-47a5-9c9c-8f659567bbb6,OFC6816,Mysore,Marriage Certificate,11,130,846,619,227,35
1cf78703-2169-459c-a694-d5f144ceac30,OFC8420,Bilaspur,Birth Certificate,7,84,644,464,180,35
1ab89f4c-6a30-44b1-9dfc-57c04f084a2d,OFC2988,Khammam,Death Certificate,15,42,745,56,689,40
383f3f6c-6f91-4125-9528-ea9546aa2de0,OFC7578,Mumbai,Death Certificate,50,79,693,662,31,45
fc46be5b-f8dd-4429-8905-979737bbb175,OFC1921,Tezpur,Caste Certificate,42,53,335,229,106,35
e7b356bc-5f12-418f-ba1c-60a0478ba272,OFC1422,Gaya,Death Certificate,12,129,880,461,419,48
ea332dae-cf70-4531-8a66-4db99bd61ad8,OFC3755,Darbhanga,Birth Certificate,9,163,850,265,585,40
13532c27-5fd2-4bab-98d9-2530ad342b4e,OFC9988,Ranchi,Income Certificate,11,153,262,179,83,35
ff379c0a-0291-46e0-a7e6-43fc4e24c5ff,OFC9283,Central Delhi,Caste Certificate,32,71,936,159,777,45
9efbe050-7a03-4215-8499-d5548b58c43a,OFC2923,Tiruchirapalli,Caste Certificate,29,43,664,546,118,35
553afb2f-537d-486e-9728-ffc8727f6e4c,OFC4615,Kohima,Birth Certificate,24,37,127,59,68,40
000b4eaf-1bce-4a4c-84b7-b794faddb321,OFC5759,Giridih,Domicile Certificate,35,69,473,408,65,35
2303d329-d414-4ec5-b558-a85778ccd7cd,OFC2818,Sagar,Income Certificate,7,108,89,48,41,48
f484cd04-ded8-4909-9899-c47e9b4d6d41,OFC4749,Ahmedabad,Death Certificate,22,59,558,333,225,45
ee794c39-43b6-4229-bccd-5cea81e9d26e,OFC9923,Chennai,Income Certificate,8,126,321,188,133,48
053ec8bc-4ec7-4548-8c44-4c8c4d289760,OFC5652,Allahabad,Death Certificate,18,108,473,291,182,45
f7c6ef8d-4194-4ce7-b377-3923aae201f9,OFC7042,Solapur,Income Certificate,27,20,504,283,221,40
875e575c-133a-4791-b2e2-7a9956775e20,OFC4275,Nagpur,Birth Certificate,23,95,517,130,387,35
3afb5fa2-9b5e-4bbc-929c-69f56e63e44c,OFC4000,Bokaro,Caste Certificate,9,137,903,144,759,40
9497ec12-ee15-4090-b3a8-fdbc8849bb74,OFC8337,Giridih,Domicile Certificate,34,162,560,411,149,45
4c5fcacd-fcb7-4635-a2c1-c85cd4b40c94,OFC7605,Aizawl,Caste Certificate,9,50,316,100,216,45
cb721958-9f7b-49e3-878a-4c3017b71660,OFC3397,Kolhapur,Marriage Certificate,42,58,632,391,241,35
59aab978-17bf-4368-8f0c-e4cf6822a955,OFC9805,Ludhiana,Marriage Certificate,22,128,367,341,26,45
ae315e8b-2283-499f-be33-51362cc03321,OFC3615,Mohali,Income Certificate,42,148,72,70,2,40
4a269190-86ed-48cc-8e72-f48942db960d,OFC3945,Dharamshala,Domicile Certificate,27,101,585,471,114,45
d094fea2-5ed2-4f6f-a34d-d192308031fa,OFC1088,Port Blair,Caste Certificate,40,117,427,315,112,45
87971c97-170b-4e68-a4ba-192ad8a9ced6,OFC5306,Belgaum,Domicile Certificate,44,120,716,269,447,35
7c720e2b-9afb-47f0-b9c6-7f75e252555c,OFC5610,Kashipur,Caste Certificate,9,173,104,31,73,48
771166fe-1d69-495a-8fee-c2639e9e3122,OFC9350,Junagadh,Marriage Certificate,21,25,846,808,38,45
f8dc0007-e9b4-448c-8117-1c647056e05f,OFC6664,Thoothukudi,Caste Certificate,35,46,285,38,247,35
d7da3746-1f40-41f4-abe7-db9d26cc3a5c,OFC5220,Bhopal,Domicile Certificate,13,87,852,401,451,45
82f2e769-d6ae-47c6-a480-5255cdf0b552,OFC1098,Bhagalpur,Marriage Certificate,48,154,465,326,139,45
247ced68-fe44-4cc1-8152-f9b7a109fdc8,OFC8652,Davanagere,Birth Certificate,6,30,746,582,164,48
2209da67-13fa-488f-b85a-5b19bbb90577,OFC7696,Surat,Income Certificate,38,45,270,210,60,35
34626d11-2203-4a5c-86b4-c3bcb3ba6365,OFC8667,Kavaratti,Income Certificate,10,126,876,818,58,35
bec1afdb-15bd-43c4-8857-a44203905cc2,OFC9644,Coimbatore,Caste Certificate,9,178,663,630,33,48
07520e32-1b9d-4c02-8c0e-4a30138a53ec,OFC7742,Panaji,Domicile Certificate,26,142,363,223,140,45
b779e479-5128-4333-94f6-6dea2b90bed3,OFC9977,Vasco da Gama,Marriage Certificate,5,74,461,137,324,45
00b218d0-9439-4ed7-863e-28a0800c3860,OFC2605,West Delhi,Caste Certificate,9,150,946,129,817,35
7b26bfeb-74ab-48df-b2b0-64c6adf6901d,OFC2933,Hazaribagh,Income Certificate,22,167,381,82,299,48
d5ef1944-e311-4ec3-a65b-7de11ed300de,OFC9662,Kohima,Caste Certificate,10,61,501,498,3,40
8518b807-aa65-412c-b391-a5dff4d2d0aa,OFC8899,Warangal,Caste Certificate,47,170,948,837,111,40
9d96f4b6-d322-435f-8662-d8175259711f,OFC9939,Tezpur,Death Certificate,47,57,998,459,539,35
fc0687e6-b026-4fc8-9a6d-e7d919fbb81b,OFC4533,Gwalior,Marriage Certificate,46,149,963,429,534,45
6ff9d810-815d-4db1-a325-7862e465b821,OFC3793,Tirunelveli,Birth Certificate,38,137,859,507,352,45
d087bcb6-1508-41f2-9d7b-fc481809a6d3,OFC3380,Tirunelveli,Birth Certificate,35,75,342,337,5,40
51244bb9-15c9-4799-9c60-ace3edc02c6b,OFC4446,Adilabad,Birth Certificate,29,133,633,526,107,48
71c9efbe-0c32-45b5-b7b2-83392e692da2,OFC2832,Patna,Marriage Certificate,34,24,572,390,182,35
d77edddd-7820-4e4b-985c-f64fff64ec9e,OFC3787,South Delhi,Death Certificate,19,112,692,269,423,35
52c508f8-7016-495a-ba9b-b6df28c5e7a8,OFC8336,Bikaner,Income Certificate,31,28,399,136,263,45
fef20999-3867-4b87-9277-848fd02d2234,OFC5240,Serchhip,Marriage Certificate,19,124,96,41,55,40
11ccc07e-f80b-4364-b5aa-825c97c96dd6,OFC2715,Kanpur,Caste Certificate,14,20,398,130,268,45
b272aea1-5bbc-49c5-96f1-ac3f81cf6a4a,OFC2076,Siliguri,Income Certificate,21,156,487,399,88,45
d80dc9bb-1aa8-4816-9bab-734a66e5d75a,OFC8233,Nainital,Marriage Certificate,43,18,165,91,74,40
f62f5818-b949-4d0d-b4a2-d889e2166f61,OFC2868,Durgapur,Domicile Certificate,8,98,664,614,50,35
c8827145-5383-4800-ae0e-f59cb2c6ec37,OFC6301,Kohima,Death Certificate,25,162,72,59,13,35
22b18529-fd31-4631-821a-1ee874b550f8,OFC5873,Karimnagar,Death Certificate,9,105,977,866,111,48
78241e45-d2dd-4b71-bf22-8401195530ce,OFC9861,Solapur,Caste Certificate,48,118,249,141,108,48
ba9cdd7d-0c67-487c-aa8e-8833e945d8c5,OFC4602,Asansol,Income Certificate,49,175,833,142,691,40
6fc24092-d44c-4c98-9df5-c605f12ae9fb,OFC5644,Churachandpur,Income Certificate,36,147,922,112,810,48
bcdd67f0-32fc-4265-a963-ba606c6d1fa2,OFC2212,Salem,Birth Certificate,25,49,564,329,235,48
bf081837-3d41-42a7-ba89-96487c38d7db,OFC2346,Panaji,Income Certificate,46,57,325,56,269,48
e2f1e076-8c75-4aea-99fb-989ee776a25e,OFC9113,Thane,Caste Certificate,31,164,749,709,40,40
7e0060c4-fd83-4851-82b6-2d52dd486f55,OFC5918,Mangalore,Marriage Certificate,5,86,392,312,80,35
3ebd3bfc-3b95-4902-b8d2-2d46669dae26,OFC8550,Lucknow,Death Certificate,9,53,657,345,312,35
c7b58135-aae1-4fea-abb4-4303fdeb51e5,OFC2590,Muzaffarpur,Caste Certificate,22,88,262,85,177,35
7620da92-3eb1-4a3d-aa5a-a7fdd8a2914e,OFC5062,Kullu,Death Certificate,13,49,169,130,39,35
3594a710-67e0-45ad-92ed-8b7f5ff46bc1,OFC4636,Khammam,Marriage Certificate,22,165,317,60,257,45
5550e752-38bd-429c-b539-ac3ef16b0551,OFC4995,Bhavnagar,Domicile Certificate,44,66,954,937,17,45
b932ecf5-067b-4305-8546-eb0d0d33005c,OFC3559,Erode,Caste Certificate,39,18,442,168,274,48
b723055d-cdaa-4191-a9b4-cfeece862ba6,OFC2492,Bilaspur,Death Certificate,41,111,264,112,152,40
11e4fb06-b6c3-4245-a5d6-3ffa6b896728,OFC7998,Chandigarh,Death Certificate,15,36,810,349,461,40
1dbdf76d-817f-49bb-a356-9d1e8cb96eba,OFC8762,Ahmedabad,Death Certificate,37,76,866,320,546,40
50bec45a-889f-4f07-b7d5-22488ede4278,OFC9331,Thane,Birth Certificate,30,145,698,465,233,35
aa9b659d-ed24-4748-9730-fb6d9abc32b4,OFC2771,Tura,Birth Certificate,34,126,822,228,594,40
ca70f78e-a747-4bbb-a88c-41ca5bab7047,OFC8162,Gaya,Death Certificate,32,168,594,548,46,40
66af2099-2fee-45ca-b8e3-ffe5174be29d,OFC1517,Guwahati,Birth Certificate,30,130,337,35,302,48
b6c9c2cc-ac5d-40b0-a45b-da3912201818,OFC5193,Varanasi,Domicile Certificate,21,132,941,401,540,35
e99255bd-9058-46b5-9dfb-e252cdabce46,OFC4872,Minicoy,Domicile Certificate,34,44,761,534,227,35
1ced269f-7e06-4c02-9d61-d07fd4dd8646,OFC9719,Jamshedpur,Death Certificate,10,44,238,115,123,35
d583751e-d72a-480c-a2d9-a38ca0374415,OFC8775,Jammu,Caste Certificate,14,154,190,174,16,35
29fb62b7-6a83-4d0c-b3a7-05bc69a13be6,OFC1870,Dehradun,Caste Certificate,46,141,728,413,315,48
246ffb0a-5378-4d3a-b8b8-92cc44ee5079,OFC8105,Varanasi,Birth Certificate,45,62,478,278,200,40
ea9f7c7e-7475-434e-8f17-8f429dc5ab1f,OFC4527,Haridwar,Caste Certificate,15,54,180,151,29,40
6f5f0d03-401c-4a21-9e76-e5d2d4ab306a,OFC8494,Kohima,Domicile Certificate,37,43,361,160,201,48
c4ae9482-38bf-4697-822a-93b8cddfb2bc,OFC7997,Davanagere,Domicile Certificate,32,103,442,305,137,48
53180113-e7fa-4957-850a-3ccf8d93a3de,OFC2733,New Delhi,Marriage Certificate,26,153,545,322,223,40
63bc8b72-36c6-4145-80af-31f0d9ba12f7,OFC5230,Vadodara,Marriage Certificate,24,86,792,642,150,40
6e8d0fcb-2f97-48d9-b352-a75f7f98e6c6,OFC6673,Surat,Marriage Certificate,7,48,340,204,136,35
7656af58-2779-4877-89e4-d6444f73489f,OFC5262,Bareilly,Income Certificate,27,143,781,717,64,48
28236ec5-069e-475a-abdf-9193c7b8ab4f,OFC4507,Patiala,Domicile Certificate,45,88,773,73,700,35
e40cad84-f9ba-4db6-804b-31b084c01630,OFC7450,Howrah,Death Certificate,34,100,565,180,385,48
e6af2fd0-52fc-4195-8761-0e53bc2d239e,OFC7750,Ujjain,Marriage Certificate,35,81,442,437,5,45
06651b9c-94d4-4493-8d22-78769b97bcd9,OFC9498,Rudrapur,Income Certificate,33,18,868,370,498,45
16c28bda-2436-4cfe-a4fd-98ca4c9b4a62,OFC7301,Bhagalpur,Death Certificate,25,27,546,33,513,35
bfc39a97-6741-4a6b-88be-10140a5f3fe9,OFC4951,Minicoy,Marriage Certificate,44,32,955,86,869,45
2a36c505-5c79-470b-a187-b079aaab4f96,OFC4938,Ahmedabad,Caste Certificate,11,147,455,51,404,45
9fabb10e-e288-465e-9b6f-461e2630ba07,OFC6519,East Delhi,Domicile Certificate,19,47,686,685,1,45
f33ca80d-d6cd-4e5d-8c61-7e1f3a156ace,OFC3521,Bangalore,Birth Certificate,32,31,207,144,63,35
6d5180a3-bedf-4a3e-9c59-7026e816afbf,OFC8844,Patna,Birth Certificate,14,71,129,73,56,40
3ad39654-d1a5-41d0-912d-d9a8f45c2582,OFC7097,Nainital,Birth Certificate,28,18,880,202,678,35
c1e201a5-12d0-4073-b233-aea9be43ff3a,OFC8387,Kolhapur,Caste Certificate,8,162,959,828,131,45
14a287f8-c1f9-4c30-ab97-be5d17e2bcb8,OFC3525,Nagpur,Birth Certificate,37,53,507,129,378,48
277ec060-d86b-4420-8af9-c1fe07cf12bd,OFC6291,Arrah,Death Certificate,44,122,813,448,365,40
6d421a16-29d6-4782-91b9-523d1ddf563e,OFC3373,Vasco da Gama,Income Certificate,36,109,506,333,173,35
83dbaf6e-dce3-4ccd-ae04-4cf26c46b986,OFC3047,Chennai,Death Certificate,33,165,739,572,167,40
5ec48f97-8ea6-414d-b2ad-75bf159aa3db,OFC6450,Amritsar,Domicile Certificate,29,120,191,85,106,40
3e1e1790-dc9f-4397-b15f-d64e02080278,OFC8038,Muzaffarpur,Death Certificate,16,64,151,47,104,48
82848e39-c435-464d-8e49-49371cbe7bc6,OFC2120,Patiala,Birth Certificate,23,53,150,118,32,35
a13d6ddf-d21e-4c42-a2a0-76f5ec506904,OFC1849,Jorhat,Death Certificate,47,105,132,114,18,45
1882c6be-147e-40ae-97df-073a68aa3b76,OFC2925,Bathinda,Marriage Certificate,14,81,214,213,1,35
61a4f156-7a11-4989-bc85-fbbe19e9b105,OFC7820,Udaipur (Tripura),Marriage Certificate,37,19,716,585,131,45
8861bedf-8999-49a0-9a0c-432b521e89ab,OFC1364,Bhavnagar,Income Certificate,27,155,780,597,183,40
969ed50b-e7a5-4af9-bb02-c8e18a0a11c2,OFC2387,Sagar,Death Certificate,34,52,454,187,267,40
5fa39393-317e-4133-a082-276b564f44d4,OFC1960,Ratlam,Death Certificate,15,76,759,370,389,45
2c4a42a8-c38e-4244-b3e4-2cc54a2d8322,OFC2463,Pasighat,Marriage Certificate,13,85,240,85,155,45
11b6f5bb-dc38-4169-a314-685eb16a1589,OFC6195,Bathinda,Caste Certificate,49,64,263,138,125,45
8fa36634-0fef-4f45-9891-fe4661711471,OFC8692,Itanagar,Death Certificate,15,139,647,39,608,45
0dc0cad4-1df2-4a6b-80be-5abc8555b066,OFC8457,Rangareddy,Death Certificate,39,18,652,127,525,40
c4402e95-f541-4aef-8267-9a536209ae06,OFC2934,Jowai,Domicile Certificate,40,94,198,45,153,35
a70773b3-087c-4530-b513-d8bf31e29894,OFC5765,Mahbubnagar,Marriage Certificate,11,89,848,478,370,40
ebffbd7a-c73b-42ea-b13b-a1c7eb452a27,OFC7568,Haridwar,Death Certificate,31,101,84,54,30,48
9affd497-cdda-41a2-ba4e-96e802bafcbc,OFC6065,Baramulla,Income Certificate,37,56,712,580,132,40
6f9b3810-6717-4000-8b53-81dc7ded02be,OFC9447,Mangan,Marriage Certificate,35,140,245,99,146,48
8e45e1c2-4668-4493-9837-c53134ade3f1,OFC9386,Dhanbad,Death Certificate,22,43,570,387,183,45
a11b2d3c-cb77-4d3a-8884-b04225c104d1,OFC4425,Ujjain,Marriage Certificate,46,106,106,62,44,35
c7931099-6313-4af3-9b08-2632271f70f5,OFC3303,Agartala,Birth Certificate,21,55,474,67,407,40
07267bd9-4180-45c8-bc2e-2c8214571253,OFC3781,Mysore,Income Certificate,16,80,623,562,61,40
506e7475-fe2d-4f7c-b093-53bc66f7b559,OFC1259,Minicoy,Death Certificate,16,51,180,45,135,40
5b606635-ee43-42c0-97ff-6c2932d3dd2f,OFC7262,Hubli,Death Certificate,25,123,328,159,169,35
836007c4-6fd7-4f46-83c8-3b688b3e32e9,OFC3892,Bokaro,Birth Certificate,21,98,908,814,94,45
1c62380b-7674-4a66-b41e-4f4241a6e457,OFC4144,Varanasi,Birth Certificate,36,95,540,482,58,48
b5dd3539-5cc4-4f02-a796-8caa86582060,OFC9557,Bishnupur,Birth Certificate,48,119,428,132,296,35
b871f969-a214-448e-874f-880aebf1d580,OFC2862,Manali,Income Certificate,20,170,416,183,233,45
c6e737a9-fb3e-4393-a175-12cb7b5725d4,OFC1693,Nizamabad,Birth Certificate,30,100,469,89,380,48
a7bea999-ddce-4af4-8711-c1efd255aa57,OFC9619,Giridih,Domicile Certificate,17,175,536,200,336,45
a869abf5-b093-4984-a6d5-fc7c5ea7f14e,OFC7492,South Delhi,Income Certificate,20,87,675,580,95,45
9d024528-890a-4fb1-a65e-1ed1f65b5baa,OFC8996,Jamshedpur,Income Certificate,19,105,221,121,100,45
6204e926-70cf-43ec-9bb4-535d620cc878,OFC6314,Rajkot,Marriage Certificate,18,100,274,130,144,48
619f4a10-a7d1-4db1-bd94-8446f3e69391,OFC3336,Gwalior,Domicile Certificate,27,170,350,85,265,48
41161f9d-d5f4-49f3-a0a4-4e4f09697562,OFC8760,Gaya,Domicile Certificate,23,116,92,52,40,40
b98a6e71-bf82-4092-b06f-79b0a73fed08,OFC6414,Amritsar,Birth Certificate,9,90,722,87,635,40
f12d06b8-2484-4765-b317-61fcfc4870d0,OFC3313,Lunglei,Domicile Certificate,9,23,482,32,450,45
d46d2ab1-bb96-4570-be16-51448b6b2a1e,OFC9154,Chennai,Caste Certificate,6,35,584,186,398,48
cc85e9cf-ce67-4621-bb53-ce5400e1caf8,OFC8902,Davanagere,Birth Certificate,22,96,819,345,474,48
b88b3cc6-54cb-43e7-ae68-2581dda91dbf,OFC9175,Kathua,Income Certificate,11,111,682,337,345,45
1cf79a30-f90f-4881-aeef-2dfb4e9185d2,OFC4133,Haldwani,Death Certificate,9,112,641,186,455,40
2d4e7485-3b38-4378-b150-2a35b569df57,OFC5393,Malda,Income Certificate,21,160,401,116,285,45
e3989d0e-2091-41c3-9e91-a528724068a0,OFC1033,Haridwar,Income Certificate,46,37,565,326,239,35
590f145b-f495-4ae2-9284-62017a590aec,OFC2175,Meerut,Domicile Certificate,22,24,905,250,655,45
a98930e0-cc9c-46e8-9ad1-b390047b1cc4,OFC2036,Kanpur,Caste Certificate,6,58,719,321,398,35
65734a6e-a3df-4010-ae95-d8126355ad7f,OFC3937,Namchi,Caste Certificate,8,101,517,64,453,48
f5b9367e-993d-42ad-9e8a-73b64bbf085e,OFC1139,Manali,Income Certificate,5,160,270,117,153,35
ba7c3cb9-340d-4476-9a46-f7507f65f0e4,OFC4747,Rudrapur,Caste Certificate,17,152,550,404,146,45
360fd9b3-4e54-4619-977d-13db4aecaf97,OFC7663,Nagpur,Domicile Certificate,7,105,448,426,22,48
f9d16ed2-9259-4151-a76e-e39c757b7510,OFC3052,Bhopal,Income Certificate,43,92,69,69,0,40
5fbffc44-7afd-4057-a6a2-7b7ac522fcd5,OFC7694,Solapur,Domicile Certificate,25,110,805,168,637,40
7264db83-ae8a-4c44-8205-a93aec083fa1,OFC7595,Katihar,Caste Certificate,46,37,696,125,571,40
5dbf498e-e6dc-4c9e-869c-026d5a9901f1,OFC8871,Durgapur,Income Certificate,39,16,612,106,506,35
11055d59-72bc-43b1-94bf-91eba585f969,OFC7540,Begusarai,Income Certificate,16,118,196,100,96,45
fdde4a41-8428-4402-914a-4e8a7c59eeb8,OFC4092,Dispur,Marriage Certificate,12,69,383,232,151,35
c3000d97-89dc-43ef-bd66-5c6dd8c7b843,OFC5144,Ranchi,Domicile Certificate,32,78,672,359,313,40
c6f4f59d-1e58-4a60-802b-f02354857aa0,OFC7463,North Delhi,Marriage Certificate,44,164,149,114,35,45
c24951f5-f0d4-4165-af40-254386f1ddf2,OFC6835,Udaipur,Caste Certificate,30,34,745,203,542,40
0b67e03e-e2f7-4a5e-9242-134cddcc3173,OFC7227,Warangal,Income Certificate,24,32,821,573,248,40
9a82dffa-54db-49c1-bd77-375e63b36bbd,OFC9715,Bathinda,Birth Certificate,33,127,197,147,50,45
e7336fcf-beb7-4593-9ea5-059a40c480aa,OFC3202,Arrah,Caste Certificate,8,104,63,41,22,40
ec62e1f6-1aee-467d-8bde-2491e6ffa707,OFC1838,Kolhapur,Caste Certificate,20,33,961,959,2,45
3ba5018a-c08f-427a-88da-5085144dc6be,OFC7323,Leh,Death Certificate,43,20,84,45,39,35
125c0c7b-5d9c-48f1-806d-e0ccf5815a36,OFC1565,Minicoy,Death Certificate,29,85,159,53,106,45
2d0a2c11-d619-42cf-91a3-9898d32a6d6d,OFC7397,Haldwani,Death Certificate,47,69,323,169,154,45
4f235ca2-ae11-407b-a0cf-6992c6628c0f,OFC2643,Asansol,Birth Certificate,42,28,213,107,106,48
5fbcbe1f-56d9-44bd-80fb-75d0cc9de947,OFC6627,Ramgarh,Birth Certificate,35,30,995,239,756,35
a012beee-213f-4749-a91f-1668f350678d,OFC1258,Vasco da Gama,Caste Certificate,32,69,612,165,447,35
4f7efb27-97c0-4719-8e30-e3a0afa700b6,OFC9300,Ratlam,Income Certificate,30,121,960,801,159,48
d5eaebc0-ae51-402f-83fe-2d250915676b,OFC2910,Begusarai,Marriage Certificate,22,91,948,371,577,40
8617fc0b-99d3-49b1-a491-17f1e5b38dd3,OFC8181,Muzaffarpur,Death Certificate,33,69,500,464,36,45
814a51e5-4aa7-41c3-a77f-f6c78c404e41,OFC4817,Kanpur,Death Certificate,12,154,821,606,215,40
1688405c-f962-45e5-807e-de3e85bb9ac6,OFC4896,Gangtok,Death Certificate,30,135,500,53,447,35
fd39bfbd-63eb-47b4-b8da-be4178627e3f,OFC8111,Jamnagar,Income Certificate,33,127,825,688,137,45
9400827f-8021-4a64-b57a-892a86771bf1,OFC8362,Minicoy,Marriage Certificate,45,150,322,247,75,40
b37b5e55-30a8-4140-ab13-9b52480766fe,OFC6299,Kanpur,Domicile Certificate,29,21,264,71,193,35
fd629a65-1c5d-48ac-9945-317b49e58cb6,OFC1410,Rudrapur,Caste Certificate,47,70,238,83,155,48
6c56bd1f-aa56-4bba-abbb-8c9e99d373ef,OFC6337,Gangtok,Death Certificate,44,48,246,219,27,35
14732265-5f98-4eb6-ba8f-6497da4ee987,OFC4834,Gulbarga,Caste Certificate,15,81,600,337,263,48
c6b6fa05-1223-40b2-a5c8-c504d217ed88,OFC3579,Jorhat,Domicile Certificate,8,124,664,601,63,48
f1eb77b5-b3e4-4fa8-b191-e48bdac046eb,OFC5552,North Delhi,Birth Certificate,7,35,115,79,36,40
4ac69122-d0e6-4637-befe-3c77c9341b57,OFC8555,Jabalpur,Death Certificate,15,127,869,821,48,40
91ddec95-7900-418c-adb9-7022b325a701,OFC7855,Bishnupur,Domicile Certificate,18,177,566,536,30,35
ea488031-2a65-45fc-95da-fba8911d691a,OFC5154,Gandhinagar,Death Certificate,49,100,641,255,386,48
e7728ee0-5a83-45ec-b5b0-ba9e2d65eeb1,OFC5080,Patna,Marriage Certificate,22,53,679,109,570,48
281bbfb0-62b3-4abd-932c-d34188e8dc19,OFC1666,Purnia,Domicile Certificate,37,142,275,117,158,45
40430553-b0c3-42fa-abb5-28820fd6f847,OFC8153,Bhilwara,Marriage Certificate,19,161,204,100,104,48
753ef254-f447-42d9-a665-4317905b929b,OFC4819,Pune,Caste Certificate,43,41,443,120,323,48
9c551be8-cb5a-471b-8667-bd1e2861118d,OFC8396,Warangal,Caste Certificate,17,63,444,162,282,40
00a6072f-fe18-45dc-a51e-d1e3263e93ca,OFC1439,Kavaratti,Income Certificate,49,34,881,128,753,48
4f894d3b-3ba1-46b5-949e-50154e5aec94,OFC7292,Delhi,Marriage Certificate,30,118,445,359,86,45
40c0210e-b87d-406f-afd0-1f25a882ef65,OFC5738,Bareilly,Domicile Certificate,7,114,972,534,438,40
141428cf-5f72-4ec2-a896-07826d034573,OFC9134,Patiala,Caste Certificate,31,103,469,93,376,40
b6b5bf39-03bd-4623-b4b6-b0d7c89ce1b0,OFC5293,Dhanbad,Marriage Certificate,30,135,956,818,138,48
a4342593-d9a1-4a5d-b6d1-20a13afa19c1,OFC9307,Meerut,Income Certificate,27,86,880,157,723,45
ebbf9f5b-0358-4a87-a26f-af3f6ed48b3a,OFC5515,Mandi,Birth Certificate,43,53,766,669,97,35
37340c4c-822c-42fa-9ce0-97a9564d1a13,OFC4859,Shimoga,Income Certificate,14,91,76,54,22,35
fec21b84-72ae-4ed5-a817-9654efdef1a5,OFC6539,Bareilly,Caste Certificate,16,84,810,513,297,35
9f5ddae5-8f2e-4330-b2ed-b6102d47e0aa,OFC2649,Deoghar,Domicile Certificate,16,141,248,241,7,48
04fda5c4-36ac-4675-b671-6c3025fd14cf,OFC3521,Dharmanagar,Income Certificate,47,79,987,187,800,35
f98a752a-2e52-44a0-aea2-bd3bcbfed1dc,OFC5988,Rangareddy,Caste Certificate,31,53,431,282,149,35
5ab7f093-6a0e-49bb-8a96-7449e4bdb9f2,OFC4939,Havelock,Income Certificate,32,170,592,118,474,35
855fddd9-50c9-4e06-8ecb-d4322d582f6d,OFC2091,Jabalpur,Marriage Certificate,17,99,973,359,614,40
ccf6b544-4d9d-438b-837a-76a0db80c2a5,OFC3214,Namchi,Marriage Certificate,31,46,854,834,20,45
4869918a-c0e6-40dc-b345-472a77489960,OFC7262,Nagpur,Caste Certificate,46,95,264,227,37,40
10e1df15-ad4f-47ee-a8a9-53f7397319b3,OFC3043,Dibrugarh,Income Certificate,31,177,372,33,339,45
b2387151-c3ef-4e77-ba66-030d7cdf41b9,OFC4985,Patiala,Caste Certificate,38,56,964,433,531,48
237180fb-12cd-47f3-895b-97b0128ac1e5,OFC2547,Jabalpur,Income Certificate,44,112,296,203,93,35
96776382-4898-484e-a5a1-264bf946a4b4,OFC3828,Jalandhar,Caste Certificate,32,33,391,67,324,40
cc6e89ce-910b-4bb4-bfcc-379e97b17b82,OFC1909,Shimla,Income Certificate,15,150,998,773,225,40
9c523a2d-3617-45b5-9f50-ebe465a10609,OFC5911,Ludhiana,Birth Certificate,31,113,392,304,88,35
4629cc9d-3792-4087-b9df-3976528ff640,OFC2514,Bareilly,Marriage Certificate,48,171,643,99,544,45
58f0f284-c9d1-476d-ab70-9bd74bf4e344,OFC9228,Coimbatore,Birth Certificate,48,53,501,273,228,48
7fbc9033-5fe7-4596-b9ed-bfc7a092ec35,OFC3957,Margao,Marriage Certificate,17,43,248,181,67,45
fafe098e-9112-4a3c-83fe-c56cce468f55,OFC2815,Purnia,Domicile Certificate,33,131,932,265,667,48
b13ecd5f-6caf-44f0-9a3e-8fd8a6fcb037,OFC6036,Allahabad,Birth Certificate,50,118,396,147,249,48
aa9cf15e-e375-44bf-bd2e-bb0e635cca40,OFC1544,Mayabunder,Birth Certificate,7,178,823,219,604,45
45f2410a-ea34-450e-bbc0-5b18e776adaf,OFC9953,Champhai,Marriage Certificate,31,129,835,90,745,40
110804ad-99c3-4f58-bb17-1f21ca9e8a36,OFC3580,Anantnag,Death Certificate,47,139,599,36,563,45
ae4c154f-3b16-4e0a-9031-6b96a988f168,OFC3566,Thoothukudi,Death Certificate,27,50,284,156,128,45
03c5a60a-1c7d-4f13-92b5-0ad16c1848f1,OFC6542,Udaipur (Tripura),Domicile Certificate,20,111,82,32,50,48
9ed179c5-d6a4-4aa2-aa9f-6a28a2f5ab3c,OFC9658,Jodhpur,Birth Certificate,20,27,704,489,215,40
db3037b4-74bb-45cf-b625-bfb650a8f10b,OFC4523,Jowai,Marriage Certificate,43,19,595,491,104,45
add4e7e2-c0e9-433c-9e64-3d494e585e80,OFC7915,East Delhi,Birth Certificate,48,51,378,316,62,45
3894dc10-6873-47be-b457-8aef584a6520,OFC9216,Kolkata,Domicile Certificate,46,28,251,235,16,45
4d4ec171-d1de-4dcf-8bfc-b0d4d2647d7a,OFC8719,Jodhpur,Marriage Certificate,39,50,456,390,66,35
e88176af-eeb8-48d9-b88f-1b94d3052045,OFC8373,Mahbubnagar,Marriage Certificate,20,43,113,58,55,48
3343ff88-00eb-4fac-a086-268492849690,OFC5346,Udhampur,Income Certificate,9,44,442,350,92,48
3f7e2335-1cd4-49a9-bbd0-4e73c9bc5a6b,OFC9670,Tumkur,Marriage Certificate,25,150,428,72,356,35
2d70bcdd-0e7f-4590-b146-f85f2aec4043,OFC2214,Mandi,Income Certificate,19,128,113,73,40,35
5de2f2ce-48f1-4e40-b219-6f12e5535b33,OFC3549,Ramgarh,Birth Certificate,35,147,830,629,201,48
31378dfb-d3de-4b81-87e1-5a8b792f80ac,OFC5857,Haridwar,Death Certificate,23,167,857,416,441,40
d8c5873a-d9b3-4ccc-96aa-607adb5ce7e9,OFC7381,Baramulla,Marriage Certificate,31,115,162,91,71,48
219df5c6-06ae-4d5b-8124-992cdfa76086,OFC6728,Solapur,Domicile Certificate,32,67,377,310,67,35
4bc6d555-3de2-49d3-a495-fe82f6383b61,OFC1910,Anand,Income Certificate,28,179,601,329,272,35
514b044c-6d26-4503-9247-56e527c82c39,OFC9631,Nizamabad,Income Certificate,22,96,144,36,108,45
c4eecf28-acbb-463b-a1c9-7ab615a711c8,OFC1761,Bokaro,Domicile Certificate,44,180,702,586,116,35
fcf6a792-c7fa-4c61-bb04-62234a5bdd3e,OFC4031,Belgaum,Death Certificate,39,107,521,468,53,48
3ccfdd0d-b91a-47d3-a037-3d9b4662e874,OFC7882,Jabalpur,Death Certificate,42,26,638,418,220,35
e19125e3-5fc5-46a3-a4de-3e1362de97ce,OFC7821,Gandhinagar,Birth Certificate,14,62,593,406,187,35
4f227137-ac8c-4eb5-8605-30447147c9f4,OFC1177,Nagpur,Domicile Certificate,14,73,93,71,22,45
e99b4c6b-7f88-499c-aff5-62c932f79c4b,OFC5494,Dispur,Caste Certificate,25,15,304,278,26,40
1a7f429a-0706-4ba6-8f3f-77a648acbc10,OFC5451,Nagpur,Birth Certificate,44,83,525,332,193,35
c97a2910-9f84-489e-ab8e-013ae1781fb3,OFC5572,Nagpur,Death Certificate,47,163,434,83,351,48
2f3a6ad4-ef95-425a-827f-6d2553fc12ee,OFC7266,Kota,Birth Certificate,31,106,221,165,56,45
e8d472bf-de33-40b6-9dd8-09ffc165becf,OFC3043,Nashik,Domicile Certificate,8,178,219,135,84,40
a8cb9cb2-9460-4551-a6db-6af8caecc55e,OFC1792,Kota,Death Certificate,39,140,715,247,468,40
84353e38-50a7-42c4-9ca8-d9689be80f5c,OFC8017,Mandi,Birth Certificate,42,67,563,426,137,45
03bf4ef7-5726-4dad-9c1f-527412d87cb3,OFC4375,Dimapur,Income Certificate,33,152,452,388,64,35
ceb3eb1b-b674-4722-9b1a-d83eb610af1f,OFC8789,Bhavnagar,Domicile Certificate,41,93,596,389,207,48
666811b9-2420-4023-a236-4cd4eb023e52,OFC7107,Vellore,Birth Certificate,15,101,742,675,67,35
7deb869f-6633-47d5-8617-a37afe5ac0ae,OFC4922,Howrah,Income Certificate,12,132,877,585,292,48
df88a439-dfc0-47ba-8bd8-6a517f32d022,OFC5050,Howrah,Income Certificate,50,119,730,686,44,40
18c007a5-6f41-41c0-9fdf-bec9bc2f1e9f,OFC9017,Srinagar,Domicile Certificate,11,36,932,913,19,45
439bbd46-11e9-41d8-be53-b7f086d5df8a,OFC2058,Jodhpur,Domicile Certificate,5,101,817,387,430,40
63db263d-d108-4a5a-b060-d2d4fe8d8d34,OFC1963,Churachandpur,Marriage Certificate,30,42,894,426,468,35
680487eb-3d46-4f27-aa65-f9f3bf8a18d6,OFC3644,Khammam,Domicile Certificate,27,165,184,151,33,45
10581220-0b55-4564-9d80-d7a605d587ae,OFC5299,Jammu,Income Certificate,24,27,112,93,19,48
7a842e80-5977-4d7d-b891-0fd4dcb93b5a,OFC2913,Udaipur (Tripura),Death Certificate,43,30,791,579,212,48
5575f81f-aedf-4b44-b912-dcc93bc4d854,OFC5620,Amini,Marriage Certificate,35,69,530,163,367,40
3587fee6-9a1e-4728-ae15-2a11eb4e82d4,OFC8993,Jammu,Marriage Certificate,24,96,141,97,44,48
9024ec63-5804-4637-9891-a9c4eab38a2f,OFC2573,Ahmedabad,Domicile Certificate,33,180,627,132,495,48
59bd852e-c68b-4206-bcff-1499b491dbb3,OFC5719,Silchar,Death Certificate,30,57,611,529,82,40
706c45f1-dcde-4901-89fe-8b615bc86177,OFC2476,Vellore,Caste Certificate,29,17,358,237,121,48
daf4021d-5dc4-45e2-8e6a-658ee648fcc8,OFC3169,Pathankot,Birth Certificate,13,79,826,615,211,48
db3503df-499b-4e85-b765-b38cfd6e48d4,OFC4739,Namchi,Birth Certificate,20,92,212,194,18,45
03fe4dca-dcaf-4e53-afa0-fb817391ff2a,OFC5359,Amravati,Death Certificate,32,36,166,142,24,45
0c64f7f1-cacf-4881-a2a2-6609550ff2eb,OFC7944,Rewa,Marriage Certificate,7,115,383,362,21,40
56f9c040-5440-4c40-a39d-0f65c7092822,OFC4652,Bhopal,Birth Certificate,27,161,343,56,287,45
0ecbb7ab-8e33-42c4-994e-abe423c2c4d8,OFC9922,Junagadh,Birth Certificate,33,144,897,599,298,40
08269713-d1b4-4f80-a0ad-2937122885f1,OFC6229,Tirunelveli,Death Certificate,47,45,667,584,83,45
010a7de5-e324-430e-b8ca-aaf1954f3a3c,OFC9752,Amritsar,Income Certificate,34,86,469,171,298,48
ce926ca3-ddb6-40db-be53-d7216e1cb8d0,OFC8308,Tiruchirapalli,Caste Certificate,26,86,318,300,18,35
6e5b2236-61be-48ad-ba9a-bde9b5e0c98e,OFC5857,Solapur,Caste Certificate,36,117,615,523,92,40
e021c12a-72bc-419f-b99a-c4258386b678,OFC2387,Davanagere,Caste Certificate,38,31,571,50,521,45
4d2fd641-ea9e-4de8-ae7e-2d5568e43362,OFC3382,Thoubal,Death Certificate,46,31,902,225,677,40
8d1a45fc-2c8e-4752-a3a0-4576776b855e,OFC6433,Rangareddy,Marriage Certificate,19,66,740,441,299,40
1f721d03-72ed-458d-80b6-ec0620223443,OFC4756,Itanagar,Domicile Certificate,17,44,680,159,521,40
799313e2-c978-4080-95b3-17ceaa3118a2,OFC3773,Alwar,Death Certificate,38,80,993,939,54,48
f445c2a6-23a6-4c4b-8842-d7d04aadfb54,OFC4884,Bathinda,Domicile Certificate,29,137,567,220,347,48
2c00eab5-df9c-4aa0-aeae-fecead1a4666,OFC6703,Imphal,Domicile Certificate,50,98,292,50,242,45
dd19cbd8-5bd0-4396-961e-387a64cf6758,OFC3733,Udhampur,Birth Certificate,6,158,985,965,20,48
cb17f847-6cc9-4a4d-a083-505f0849533d,OFC3245,Kavaratti,Birth Certificate,35,135,555,164,391,48
945b00b7-f438-4976-ba1b-0bd16ec02a6c,OFC2834,Tumkur,Death Certificate,11,83,454,130,324,45
12d777f7-89c0-4442-acc3-d8f8043f3a61,OFC5364,Asansol,Domicile Certificate,18,169,590,73,517,40
91f8fbfb-c120-4d71-83b1-7a99caefd9f4,OFC1939,West Delhi,Income Certificate,45,63,253,111,142,48
a2e4fdce-ce32-49e0-ba41-0343919d90dc,OFC7386,Chandigarh,Income Certificate,48,36,776,50,726,35
914140c1-1b6a-450a-a23e-8a0f88ecdc95,OFC9069,Jaipur,Income Certificate,23,99,495,474,21,48
5d690784-6464-46aa-9549-a7ced662f8e0,OFC2647,Gandhinagar,Domicile Certificate,46,152,829,36,793,35
7d76d5ea-ac94-4c9f-873b-edf66f695ed4,OFC8372,Delhi,Birth Certificate,38,38,130,34,96,35
c3e409c3-2824-4ac7-bf2d-3e0cfdf359a3,OFC8559,Coimbatore,Marriage Certificate,19,111,548,360,188,48
99deb78b-04d4-4545-b3b0-8870ae299cc0,OFC3322,Belgaum,Marriage Certificate,36,127,921,95,826,45
748c447a-7233-4cd9-a7bc-c42d3ed15467,OFC8357,Durgapur,Marriage Certificate,42,71,155,63,92,48
7915cf83-b440-4fe1-8f1a-cc0eb1f6f4c5,OFC7622,Manali,Marriage Certificate,29,98,155,121,34,35
e2e61cb8-0a52-42d1-9266-5313a8a134f7,OFC2172,Gandhinagar,Domicile Certificate,5,15,331,200,131,35
2e7de9f4-32b5-4e8a-b22f-2ffe82e6c5b6,OFC1343,Jamnagar,Birth Certificate,13,127,147,86,61,45
b501a3c4-a1af-482b-bbff-ee91612d01fa,OFC6524,Coimbatore,Marriage Certificate,21,92,331,283,48,35
62d49c3a-6544-4378-9bc3-49f7767a2569,OFC3164,Mayabunder,Birth Certificate,35,88,978,962,16,35
f8d95bc6-8e2b-40fc-9a7e-c1c041b9015e,OFC6334,Bareilly,Death Certificate,44,162,827,62,765,48
5b46c476-1510-4183-95d7-5760f1b09187,OFC2638,Kailashahar,Income Certificate,9,110,513,308,205,35
edf76706-1936-4901-b873-fe2237cd6e05,OFC5362,Patiala,Caste Certificate,19,138,372,174,198,45
c77bc52d-e8bf-44ac-a628-8b93992aebd9,OFC6446,Dimapur,Death Certificate,50,133,454,212,242,40
862e793d-52e3-4ae6-a503-a345fbd38b75,OFC1498,Mangan,Birth Certificate,18,126,568,32,536,45
f89c3427-7663-4a58-b210-0121281e3ec9,OFC4354,Patiala,Marriage Certificate,21,19,154,38,116,40
0c1b464f-df56-4382-9062-4162b936fae7,OFC1276,Salem,Death Certificate,41,83,57,40,17,40
b3643085-a822-4844-9ac8-36114f85d47e,OFC2840,Bilaspur,Domicile Certificate,34,165,557,480,77,45
e1ca777c-67d3-497a-a2ee-a48e68216d70,OFC1311,East Delhi,Caste Certificate,8,84,167,111,56,40
abd2cbe3-0729-4696-b845-2acc477a35b0,OFC8149,Mayabunder,Domicile Certificate,41,78,497,96,401,45
233b487b-4ade-4e4f-b0c4-65a79e77aebd,OFC1580,Amini,Caste Certificate,29,57,756,202,554,40
1bb53424-07c2-45e8-9a3a-517501e98cd9,OFC3882,Madurai,Caste Certificate,27,80,617,576,41,35
1d27a5f0-733a-4923-872e-4809851fafda,OFC3057,Geyzing,Birth Certificate,27,156,375,79,296,35
11882898-abe4-4d86-b18a-b2655d573894,OFC4041,Gangtok,Marriage Certificate,27,48,807,770,37,35
fe9aac20-3728-4f93-bdbf-7542a28e15f7,OFC3183,Gorakhpur,Income Certificate,44,24,249,167,82,40
19c3d7f5-34b5-4940-a917-c248c164db70,OFC7174,Ranchi,Domicile Certificate,9,89,74,43,31,40
10321e0e-146c-4721-8e11-dfb6b8b3bbe5,OFC4660,Ludhiana,Domicile Certificate,10,176,243,49,194,45
35db3aab-ae7a-4238-902d-b0810438a251,OFC3638,Salem,Domicile Certificate,30,88,657,375,282,40
b36a7fae-4bcf-442e-8c06-1c63ae4e78da,OFC5987,Leh,Death Certificate,8,65,970,930,40,35
ba69e7af-0c78-4112-9557-cfe4665c60e0,OFC1076,Diglipur,Birth Certificate,22,39,960,681,279,35
5126938a-07e4-43ee-ba09-524e17c29957,OFC6415,Jamshedpur,Income Certificate,36,98,117,60,57,48
212e8167-7d0c-4f8d-8343-bbec5d50d354,OFC1798,Haridwar,Income Certificate,25,54,602,122,480,40
009fdbc0-c52b-4f63-88a7-35a9600ee120,OFC3561,Chandigarh,Caste Certificate,27,163,184,134,50,35
d48fdf0f-0eac-4f79-a11f-e3533fd1663a,OFC2878,Leh,Caste Certificate,6,74,665,106,559,35
befb7105-173e-4e44-ace9-33e61c5eca26,OFC1673,Tuensang,Birth Certificate,20,130,384,166,218,45
0b244b3e-f4b6-441f-bf36-6560414b1c92,OFC9259,Tuensang,Death Certificate,45,140,754,510,244,48
c8f092dd-5ddb-4184-8892-c83459e204e1,OFC3027,Amravati,Marriage Certificate,18,70,62,36,26,48
2f683211-2636-45e2-89f5-1715bbe0b5e1,OFC1390,Bareilly,Income Certificate,22,135,540,83,457,48
973db8cf-63dc-4945-b113-0a4e2805a991,OFC7960,West Delhi,Income Certificate,12,111,207,124,83,48
e35a8d43-e0bf-4d88-850e-0ab2743f977b,OFC7253,Mandi,Income Certificate,35,136,533,241,292,48
fb373159-fb53-4642-b1d7-5a560e3682f6,OFC6762,Karimnagar,Income Certificate,35,101,214,66,148,35
a7fc1aa3-73b1-488e-bb46-8db62bd72038,OFC3025,Kota,Marriage Certificate,36,37,706,159,547,35
1be095c7-3bf4-40a1-90dc-a564bbaacd37,OFC6897,Lucknow,Marriage Certificate,30,166,849,379,470,35
b737b3bf-a8ab-4b68-bc88-d3c46eb6cfda,OFC7158,Thoothukudi,Birth Certificate,10,130,111,103,8,48
8fa7675b-6215-44f9-a3e0-76de5a023aac,OFC5038,Kota,Income Certificate,47,159,492,148,344,40
cc4b9a44-38c6-44c2-b765-0a03e3df57ad,OFC3715,Silchar,Marriage Certificate,32,56,320,248,72,40
83645f14-ff12-400a-81b3-4bad11a8f4f3,OFC8539,Warangal,Birth Certificate,25,167,682,206,476,48
88da5663-c29e-4561-8078-7032020c36b1,OFC2706,Rangareddy,Caste Certificate,25,70,266,83,183,45
796ea225-abe2-435d-9b58-d8aa23eebfe9,OFC2079,Champhai,Death Certificate,8,171,940,497,443,35
2bc3b3b5-c8bb-4af0-bbdb-a7267902c37f,OFC2974,Bangalore,Income Certificate,48,85,938,863,75,35
c08b59b9-8655-4396-9492-bdf41f27aadf,OFC7091,Haridwar,Domicile Certificate,34,21,603,283,320,48
e7acf493-f785-41bb-b456-fc854833d595,OFC5471,Lucknow,Income Certificate,44,126,922,300,622,40
7f8a5e77-2acf-497b-ab13-a306bcbc450f,OFC7441,Udaipur (Tripura),Birth Certificate,40,167,414,381,33,45
773a2312-a701-46e8-a634-9524f2e1c916,OFC1449,Dibrugarh,Marriage Certificate,14,94,320,311,9,48
0b5f8e46-32ac-438f-a1aa-18d5aacd8fbc,OFC6540,Shimla,Caste Certificate,29,102,664,652,12,35
6735579b-67e1-42c2-b140-d7400a407259,OFC5886,Shimoga,Birth Certificate,13,46,224,217,7,45
7c55e1b3-ce97-44d8-ae79-0fd61b0930c2,OFC8265,Purnia,Caste Certificate,45,59,318,218,100,48
ef2caa4d-bfcc-4539-afb5-e2972618d7d1,OFC4508,Hazaribagh,Domicile Certificate,23,56,93,81,12,40
af5bb53e-abbf-4838-b7f8-ec602abeb4be,OFC4670,Dharamshala,Income Certificate,36,58,62,60,2,40
9b110def-4b8c-4faf-a1b9-8247e8625e67,OFC4190,Alwar,Caste Certificate,44,75,245,224,21,40
4268c363-3f8a-462d-a9c5-00fcd4065850,OFC8525,Amini,Birth Certificate,16,95,454,425,29,35
39e46fcc-1ad1-4f0a-a978-412090822177,OFC3159,Agartala,Birth Certificate,43,112,796,282,514,40
dd15d1f9-f2b2-4b45-845c-739c80138b3f,OFC6563,Silchar,Income Certificate,38,42,285,73,212,35
1f9f9a64-68f5-4f15-980b-a1e18b79caea,OFC9151,Jodhpur,Birth Certificate,23,41,481,288,193,45
8ad39576-8dd7-4e30-bbd4-c2baceb01acf,OFC8927,Solapur,Marriage Certificate,7,175,747,87,660,40
18221c5d-decd-4502-9c14-2fb2fb18e4eb,OFC5854,Churachandpur,Death Certificate,7,162,133,34,99,45
0e2b4c6b-cd66-4ed2-abbf-6a4a7882912d,OFC3951,Mohali,Income Certificate,50,131,571,99,472,40
b10ebfac-8789-4337-91da-c1d637239640,OFC5223,Jowai,Death Certificate,50,97,508,369,139,45
1c6747eb-a8f4-40d7-bba4-1fc673034840,OFC6670,Rudrapur,Domicile Certificate,43,143,773,54,719,45
2a7867b8-d56d-4657-8c51-98f5a921e42b,OFC7738,Imphal,Domicile Certificate,43,112,91,49,42,45
9b50aa5f-eb54-4a5e-88ec-f8c5b49f9dd1,OFC1894,Mapusa,Marriage Certificate,24,107,758,35,723,35
144a886c-5c60-4e3a-82ff-40dae32d2a18,OFC7159,Udaipur (Tripura),Domicile Certificate,41,98,114,81,33,48
611d15f0-18df-401a-9613-97df93888362,OFC4339,Ahmedabad,Death Certificate,35,40,389,384,5,35
e28755e4-381e-42e9-b8bb-3faff0d8a1d0,OFC2028,Hubli,Caste Certificate,46,75,794,486,308,48
c29be588-27fa-40ce-bf5c-499b9169a5b9,OFC4195,Deoghar,Domicile Certificate,12,56,950,770,180,45
e24fd691-a41a-4ca1-b9d5-9be5362f06e5,OFC7893,Rudrapur,Death Certificate,50,77,439,394,45,35
ae8c119b-60ed-4888-9fd2-dc058fa7cd45,OFC8792,Silchar,Birth Certificate,8,44,58,45,13,35
8e39ed1d-61f1-47f0-897f-a8a53b5375b8,OFC9709,Chandigarh,Domicile Certificate,16,155,274,164,110,45
434244ae-1df5-49f5-b000-ca9c489f1af9,OFC8445,Mangalore,Marriage Certificate,30,85,804,478,326,45
77a0fc7e-37c1-44ae-b7bc-e3fcad4dcbb9,OFC6226,Tiruchirapalli,Domicile Certificate,14,174,700,424,276,35
6c226c11-6067-4068-8a66-1ad0297cd0d8,OFC4695,Chennai,Income Certificate,33,73,388,237,151,35
7f9c2fea-e47e-4ee2-bef7-5ead46fb2ce5,OFC6172,Junagadh,Marriage Certificate,10,108,673,419,254,45
7ac511dc-44b5-46a7-a03f-8716155d279a,OFC3791,Davanagere,Birth Certificate,40,89,348,264,84,48
2c9b8673-921f-4fd7-91a6-008052a74432,OFC8502,Arrah,Caste Certificate,50,148,109,67,42,45
86bc2f57-3211-4ca6-856f-72ef1f8ffef8,OFC8374,Thoubal,Caste Certificate,35,47,387,110,277,48
7dfa6ff7-57e6-4411-a00d-6929166412ed,OFC7735,Gandhinagar,Domicile Certificate,16,113,846,576,270,40
194adbb6-8d12-4ce3-a355-a01fa1edef0d,OFC1209,Mysore,Domicile Certificate,38,69,931,116,815,48
4e4f1b8c-c51e-423c-b80b-af774b4ddcef,OFC6988,Mangalore,Domicile Certificate,7,162,658,435,223,48
1bb28506-64fa-40c6-aac7-153a47d7ef92,OFC9327,Lucknow,Marriage Certificate,11,145,856,74,782,40
f44f25b1-7b67-48e7-9b14-378bd44c2628,OFC6866,Mohali,Death Certificate,25,25,254,38,216,40
c50e0902-c174-4a4a-967d-06e675debe09,OFC8243,Tezpur,Domicile Certificate,36,65,702,598,104,40
34334884-941e-4b05-8124-3f78b26ac367,OFC7854,Imphal,Income Certificate,13,19,671,616,55,35
8886d871-07d1-4b08-a3ec-8fb497e8aec9,OFC5937,Mysore,Death Certificate,36,171,539,175,364,40
62eeb94e-07c4-4cce-905c-fc9958dfa71e,OFC8433,Junagadh,Caste Certificate,5,146,833,360,473,40
7be75a47-65c1-4d6f-8868-6a97a94c1a25,OFC5357,Chennai,Income Certificate,50,74,333,138,195,45
9ec53514-b1ec-47e3-83d9-c977f7699c94,OFC8281,Bhavnagar,Caste Certificate,7,100,65,37,28,48
caf8f2d2-7e4e-457f-ba44-cf96bddc9747,OFC2095,Malda,Income Certificate,5,162,768,46,722,35
b9951709-68fa-4abc-8c08-2bc0c4a14627,OFC7779,Bareilly,Domicile Certificate,26,48,779,241,538,45
17b0b3f3-2a01-4381-b332-2555fedd7901,OFC9878,Ratlam,Birth Certificate,13,62,952,751,201,48
ea5257ce-6a7c-4c3c-99e1-9ad2e5f9be12,OFC7873,Agartala,Death Certificate,35,153,553,395,158,48
09a0c59e-c303-490f-888c-6031823303ad,OFC6187,Bhagalpur,Domicile Certificate,19,159,90,55,35,45
981b9d13-66fe-41c5-9353-0128d8567257,OFC7662,Geyzing,Domicile Certificate,16,69,318,102,216,45
390f4ed9-eb6f-45bd-87f0-a8594c54ef46,OFC3995,Anantnag,Death Certificate,23,179,399,363,36,40
cc59c2b2-6162-4739-b642-66034faf97dc,OFC1379,Port Blair,Caste Certificate,34,87,774,272,502,48
1d026d53-0564-4eb1-a475-aafbc9880f44,OFC4545,Tezpur,Caste Certificate,35,72,257,113,144,40
9bb4bd44-c5e6-4c36-ac83-0cf033aab049,OFC5418,Serchhip,Marriage Certificate,37,160,888,98,790,48
4f498f05-c7d2-4d5a-8a17-3695cebc3227,OFC9226,Amritsar,Marriage Certificate,32,167,244,139,105,40
3b964418-e06a-4273-aea2-4d8a64ecfa31,OFC2395,Imphal,Birth Certificate,9,71,830,679,151,40
913311b4-4ed9-45cb-b9be-b2f365db41f5,OFC5413,Darjeeling,Caste Certificate,40,109,94,50,44,35
f323bac1-eb14-4d83-83b9-e385b4b2d137,OFC8915,Arrah,Marriage Certificate,5,72,799,228,571,35
ac650b5c-d208-4074-8663-17b331cf93a4,OFC7162,Bhopal,Birth Certificate,20,162,621,420,201,48
6988937d-52a3-401c-913b-ed601ab2e6a9,OFC4689,Thoothukudi,Marriage Certificate,45,73,980,800,180,35
e6c291a4-b35b-49be-99b6-165c448ac560,OFC3419,Churachandpur,Birth Certificate,43,99,966,945,21,45
dc0e51f3-b464-4212-acaa-f447c1afbdac,OFC3728,Jaipur,Marriage Certificate,8,133,595,403,192,35
c990bb68-cab8-4934-a5b1-ee52f60f2387,OFC4185,Arrah,Domicile Certificate,15,75,712,175,537,40
bae90019-0df4-49a8-b724-8f12059e262e,OFC1068,Nanded,Marriage Certificate,10,165,399,338,61,45
3e5883b9-74f5-4280-867c-a3bfcae3fd02,OFC3441,Shimoga,Marriage Certificate,10,98,897,141,756,48
872da8d4-9711-437e-8564-e1c8fd6b4e17,OFC2797,Mangan,Marriage Certificate,9,61,195,93,102,35
ed7656e5-7712-44f2-90e1-0bc6f98f343c,OFC7110,Salem,Marriage Certificate,9,16,383,272,111,35
861cd92b-74a0-4d9e-98f4-864b147fb21b,OFC8040,Madurai,Death Certificate,25,21,309,243,66,48
6af45510-ffcd-4bee-af3f-7f613c2e7670,OFC6753,Nanded,Caste Certificate,13,103,246,136,110,40
00fea398-dba6-4055-a26d-4b1e09f203f0,OFC5180,Patna,Income Certificate,19,159,304,38,266,48
8ca7c58c-0683-431a-8431-3378712ca331,OFC7909,Diglipur,Marriage Certificate,31,127,453,413,40,35
865cac0e-be50-4a20-abc7-6bf50f5dc88f,OFC8883,Dehradun,Domicile Certificate,5,125,873,322,551,45
56129041-923b-41d3-b76a-b2fedd515f5e,OFC6535,Adilabad,Domicile Certificate,6,136,979,771,208,45
9e0ff536-f85f-4976-965a-0e7e8e79a5cc,OFC6415,Tuensang,Caste Certificate,50,155,382,72,310,45
db7a5bca-b3ec-4697-9b91-18ffb68f916f,OFC5035,Jorhat,Birth Certificate,44,28,768,47,721,48
89bb09f5-666d-41e6-85b1-a3acb5c7365f,OFC5604,Gorakhpur,Death Certificate,6,63,273,140,133,40
fa667adb-dcf2-4956-868c-071166907f8c,OFC9484,Thoubal,Marriage Certificate,36,143,642,274,368,40
bf02b381-815d-47f0-af9a-1f6024c2736a,OFC3993,Nongpoh,Death Certificate,8,85,223,181,42,35
9aa436f0-dc92-4640-8b88-1e8bfd7f6cbb,OFC3420,Udaipur,Birth Certificate,41,91,598,233,365,45
fd69d723-af9f-4dfd-ba1f-49550b0f5a5d,OFC6393,Nagpur,Death Certificate,25,177,145,145,0,40
80f8295a-6a52-439f-9c24-bb9a264f2397,OFC8690,Jalandhar,Birth Certificate,35,140,103,38,65,45
350765eb-191c-4f3d-a9fb-86a57d93c3aa,OFC3292,Gwalior,Income Certificate,30,129,726,47,679,35
e8ba3b55-340d-4589-906b-6e10ca53509d,OFC6692,Satna,Marriage Certificate,34,77,420,185,235,40
eaa957af-4d77-409b-9ecd-53dc1b7a3edc,OFC9426,Dehradun,Domicile Certificate,33,35,54,52,2,35
ad635e0b-6e16-4697-ba16-b4df68738b59,OFC8223,New Delhi,Marriage Certificate,25,46,249,102,147,35
d831a9a2-0447-474a-96d2-7d4ede8aae7a,OFC4645,Lucknow,Income Certificate,5,163,348,65,283,40
f2d5b529-59b9-4562-9923-8025c35cdff8,OFC6926,Pasighat,Death Certificate,7,155,269,126,143,48
8376be4b-3b71-4be1-aec6-aabbcfeeef34,OFC1078,Salem,Death Certificate,25,98,989,824,165,48
ebbed8a3-aea5-473b-a160-f2e42d634e84,OFC8371,Nashik,Birth Certificate,28,81,516,297,219,48
0286a178-257a-4dfc-9c77-503cb21e7e8c,OFC9766,Junagadh,Domicile Certificate,30,112,481,63,418,40
4c2a21f8-c88a-4eaa-b9cf-2d12bca52151,OFC4563,Allahabad,Domicile Certificate,33,42,432,240,192,40
0ffc209a-9a9c-41b6-ba63-a3f2e9ceceb3,OFC9526,Shimla,Caste Certificate,8,44,627,253,374,45
e319b8df-bb42-443f-91c0-a70c99f440c6,OFC7738,Tirunelveli,Income Certificate,5,29,337,173,164,45
821ba47c-6608-4066-a630-fed2dfdf94c3,OFC1824,Erode,Caste Certificate,43,157,425,251,174,35
0cf90a1a-2528-41dd-9bae-c4a4564da97f,OFC3373,Panaji,Caste Certificate,33,64,892,348,544,48
b165a6d8-0bc3-4387-a055-f2ec4e12913a,OFC6718,Haridwar,Caste Certificate,44,161,592,535,57,35
ce8854e6-0545-45ba-88ba-19b1471d7b1f,OFC6458,Thoubal,Marriage Certificate,36,100,68,48,20,45
fe20d15a-024c-4dd8-8493-60554b97eebc,OFC2521,Dibrugarh,Domicile Certificate,8,171,522,352,170,45
3e0c548c-7f6d-4b56-a30a-5a67b02d2e16,OFC7998,Begusarai,Domicile Certificate,11,120,524,505,19,45
60ec416b-51a3-4e75-9031-ad57dad5da97,OFC1628,Mangan,Income Certificate,31,27,427,130,297,45
28e39f47-338c-4ce2-adbc-4d6c45ac0c21,OFC8032,Davanagere,Birth Certificate,32,122,915,278,637,40
4acb6602-51f8-446d-a8c5-d0f4e1aa0673,OFC3934,Thoubal,Death Certificate,10,166,469,91,378,40
d4fb4f90-df21-4189-bb08-583766951a62,OFC9480,Solan,Death Certificate,37,16,497,288,209,35
4c54c198-9699-4a07-b044-5f879bcb99b8,OFC5440,Mandi,Domicile Certificate,8,64,221,122,99,48
65c0b41a-fc8a-41cd-af08-b43550a3c1ba,OFC2486,Amritsar,Marriage Certificate,15,92,612,504,108,35
3d748720-d643-4547-ba52-1ce6112073e9,OFC9804,Junagadh,Birth Certificate,16,176,231,169,62,45
b9f4fdc4-f0dd-4b6f-a6da-285d4cbbc006,OFC1196,Aurangabad,Marriage Certificate,10,152,701,250,451,45
fc2e1e11-72d5-46cb-b469-31a26147ee12,OFC1881,Kashipur,Marriage Certificate,16,142,840,201,639,48
1f1b0339-200d-4061-a677-16b5e7e598f0,OFC1190,Ratlam,Caste Certificate,17,59,957,676,281,45
c940f6dd-0c95-4b0f-a0d5-f9592e13d64b,OFC3107,Havelock,Domicile Certificate,43,169,582,43,539,48
3c5aaaab-2f50-4e98-a7d5-c76d657d6a61,OFC1834,Ajmer,Birth Certificate,26,56,752,110,642,35
1d819971-49b1-46ee-881a-b3366cab3c41,OFC8852,Giridih,Income Certificate,29,121,695,207,488,35
1ce96005-785a-4b30-9e77-8f3cf2f04e66,OFC1520,Tumkur,Caste Certificate,42,69,922,43,879,40
64c07350-cc6f-41ac-9011-33e33e4c7954,OFC9277,Dhanbad,Income Certificate,10,95,261,110,151,35
b6089fcb-2261-4a32-a319-fa7fc6ab09f3,OFC1554,Guwahati,Caste Certificate,38,54,419,109,310,45
2540c1f4-ebf2-40ea-8c8a-f9d0dbe93f01,OFC1236,Durgapur,Caste Certificate,36,97,697,541,156,35
d23e0f4a-bfff-4bd6-ac67-f8dd0c99f853,OFC3211,Rudrapur,Income Certificate,22,81,417,140,277,48
b9879fa0-c19f-450a-91ee-55bdf62fb9aa,OFC8189,Solapur,Death Certificate,11,99,344,103,241,40
3ea8e6a0-31bf-4eaf-b543-72e9c7109a24,OFC2287,Haldwani,Death Certificate,49,158,221,208,13,45
58e332e8-e719-41dd-b862-7546cdc02eaa,OFC5543,Sikar,Caste Certificate,42,118,764,79,685,45
2bf12f7a-1c5d-4c6e-a634-658c59e7ab4c,OFC5499,Sagar,Domicile Certificate,46,91,895,315,580,45
5741fb00-bf55-4e69-bf61-e2e7d1fcc602,OFC7375,Dhanbad,Birth Certificate,47,44,978,350,628,45
b160fd1c-03a6-432d-b751-bd46c6b1b082,OFC1870,Central Delhi,Birth Certificate,36,54,840,380,460,48
b944dd80-8d0a-4d73-bd13-9fcd0fb32b02,OFC9661,Mandi,Domicile Certificate,39,100,314,305,9,48
5f4a9a53-b417-41b2-b012-06dca9df30e6,OFC9873,Udhampur,Domicile Certificate,42,155,190,166,24,45
baacf3db-f7fb-4a7b-875a-d6dcb1a70e4c,OFC5799,Nagpur,Caste Certificate,30,17,552,438,114,45
2d1e2ce3-62aa-4481-bcb5-e23a0bb5140d,OFC2109,Nizamabad,Domicile Certificate,49,25,993,43,950,35
18590ef1-0eeb-4c0c-8187-3c03c051c99e,OFC5524,Agra,Domicile Certificate,49,53,967,297,670,35
2aa57fdc-b634-41f7-8840-e78026975c8d,OFC1393,Durgapur,Caste Certificate,34,21,639,36,603,40
5ff54e01-7a70-4700-92ef-bf68fa632219,OFC8108,Jamshedpur,Birth Certificate,30,101,261,216,45,40
2def97e8-83e9-44c2-b4bf-db28fc1e1e56,OFC7400,Mysore,Marriage Certificate,44,90,885,81,804,48
e86f437a-a60f-4f69-8f5e-9195022a3f5c,OFC8616,Coimbatore,Income Certificate,48,160,294,56,238,45
fc402857-03fb-473c-af28-4fd95495d8a1,OFC4884,Siliguri,Domicile Certificate,24,155,698,683,15,40
d605ca2d-9995-4dcd-8cb3-48333acccf74,OFC1927,Leh,Income Certificate,6,95,444,127,317,48
fb8280e5-32d6-4d6f-84db-99c1e1a61a3d,OFC3149,Pathankot,Income Certificate,6,174,738,302,436,35
45daf122-8e91-4bd5-bde8-bdcf1a7eb10b,OFC5092,Rangareddy,Birth Certificate,33,115,377,284,93,48
c2fd26e5-6530-4752-9580-c64a0ee0d0f6,OFC5806,Ranchi,Marriage Certificate,15,142,248,184,64,35
424995a2-b28f-4f27-bd4d-e9485f5c43a8,OFC7610,Tirunelveli,Income Certificate,16,64,60,54,6,35
3496ad83-c1bc-46fe-8314-61c94c19e2c3,OFC7264,Jamshedpur,Caste Certificate,35,37,980,509,471,48
f1cf03d1-050a-42f1-9a97-a6a9a4dc7331,OFC3445,Haldwani,Domicile Certificate,44,109,429,123,306,48
9d2b1f9d-fe8b-4186-a94d-0dcf7d0755dd,OFC8282,Coimbatore,Domicile Certificate,38,124,943,653,290,48
a82d6139-415c-4532-892e-a77b663240dd,OFC9366,Kolhapur,Caste Certificate,11,76,708,227,481,45
8164b672-fc79-4774-a22a-8e915a01d5aa,OFC4483,Guwahati,Death Certificate,42,117,611,340,271,35
c512e692-835a-409f-84f9-fe010e2b326c,OFC2416,Udaipur,Marriage Certificate,30,131,265,178,87,35
3675daf2-45bd-442d-9173-da9d2d9cd0e6,OFC9418,Amritsar,Death Certificate,35,138,934,430,504,35
336321ce-e553-472d-8011-f14e620468bc,OFC1997,Aizawl,Income Certificate,16,149,967,727,240,35
2b6789bb-fbfe-47fc-8cb9-9fc38b4bce8f,OFC1592,Agatti,Caste Certificate,17,81,540,439,101,35
61735064-1960-4e4c-a60a-ef07f14d501a,OFC1045,Nagpur,Domicile Certificate,9,122,677,69,608,40
36e0d052-949e-44a3-b716-dde1dd0279e9,OFC2174,Tiruchirapalli,Marriage Certificate,6,69,882,211,671,45
3158a62f-553c-44f7-9c83-ffd2f97a0143,OFC8479,Indore,Death Certificate,12,119,814,456,358,48
48e85dd7-51a6-486f-b3d9-f0e4e9613323,OFC8607,Gorakhpur,Marriage Certificate,27,99,842,836,6,48
cd3e74db-85d6-4954-8ff3-a51ca03a1657,OFC3987,Vadodara,Domicile Certificate,25,146,709,448,261,35
a9f63d13-123e-477e-9a02-ad82e54bc5bd,OFC5749,Gulbarga,Domicile Certificate,26,176,490,396,94,45
2e3ac17c-c745-4067-859b-b5dbd153a0fd,OFC7851,Tura,Domicile Certificate,15,58,654,247,407,40
d0fbc739-6004-4712-9c22-ebeddb269b87,OFC8343,Agra,Birth Certificate,29,169,140,62,78,35
99e6f017-af30-49fd-8553-7e305b5e7533,OFC2115,Ludhiana,Death Certificate,33,21,393,139,254,45
433a920c-9806-4441-90a0-030f0b80ac27,OFC5831,Jalandhar,Domicile Certificate,29,64,476,38,438,48
4dc57d7e-fc88-46f8-91ef-efd084cb6263,OFC7551,Delhi,Income Certificate,27,103,518,145,373,48
273814c8-0b96-4f6a-8dfb-f4110ab8530d,OFC2588,Tumkur,Death Certificate,36,25,456,194,262,48
4f74b6b5-b1f7-4b8c-947a-c4a8d4ad5418,OFC1522,Margao,Caste Certificate,34,52,177,65,112,48
a5d210e1-d915-4d1f-b6bd-189f7a1cab75,OFC7205,Aizawl,Income Certificate,20,140,407,246,161,40
231ee485-be90-44c5-9ff3-082e9b479d3a,OFC8068,Mapusa,Marriage Certificate,22,165,872,869,3,48
954bb5d2-01a3-4b6b-9c7e-54e2191f56c3,OFC8833,Bilaspur,Birth Certificate,45,28,70,70,0,48
fdb47ac8-a664-4ac9-b756-4c4337280c44,OFC6705,Bhavnagar,Birth Certificate,42,131,671,528,143,48
51502825-9011-4554-88b4-8fe7630b619d,OFC9683,Adilabad,Income Certificate,9,156,577,530,47,45
1b7eb9b0-1dbd-41d1-828e-ea38d4f5bc06,OFC4985,Guwahati,Marriage Certificate,45,154,821,102,719,45
4f9dedfd-182a-431c-95c1-6fe736c8138a,OFC9145,Belgaum,Marriage Certificate,16,90,649,433,216,48
0c1b6b6d-b22d-402f-aa1b-15e18be3ee33,OFC9169,Dehradun,Income Certificate,16,99,510,115,395,45
0b7e2d26-4e14-4e36-b672-fc47cd734b28,OFC1692,Hubli,Caste Certificate,43,122,216,159,57,35
5f955a7d-189b-4ac0-b9cf-cd41b6605a6a,OFC7465,Varanasi,Death Certificate,33,104,650,417,233,35
67f8e7c1-f9f0-4780-b362-78a00cdbbaab,OFC1327,Pune,Marriage Certificate,19,95,620,230,390,48
aecc6167-b8ee-4129-ae34-b6f713e55692,OFC5193,Hyderabad,Income Certificate,28,54,265,147,118,40
3fc18e0e-ff22-4238-a11a-357aed46f79a,OFC8739,Rangareddy,Caste Certificate,15,132,531,231,300,35
5120647a-46e9-4e6d-87bc-7d14eacd527b,OFC7868,Gorakhpur,Birth Certificate,7,67,164,43,121,40
36ec8dfb-35c2-4476-800a-ff62464d8fa8,OFC6899,Jamshedpur,Birth Certificate,44,151,250,177,73,48
73bd9b80-fb5f-46d2-940c-199da016a4fa,OFC3139,Vadodara,Domicile Certificate,23,89,500,274,226,48
94673cd1-d3d9-468e-a6e4-b5c810f85dba,OFC1195,Sikar,Birth Certificate,7,130,758,38,720,40
c51fde95-1180-4981-8d63-8907b787b2a6,OFC2374,Amritsar,Income Certificate,31,147,955,234,721,40
bac106ac-4d41-49f9-b077-6709b0b09ee4,OFC2633,Kavaratti,Income Certificate,35,24,164,98,66,40
a9d393f5-9cef-4604-b3fd-e45ebcb03f10,OFC5012,Solan,Domicile Certificate,20,40,852,211,641,45
a1c062f9-d83e-408f-92f6-6548bcf33603,OFC8216,Amravati,Birth Certificate,37,47,731,41,690,35
e1c7acbe-b26f-4f1b-9a03-2fea560b557a,OFC9944,Jaipur,Birth Certificate,46,173,199,175,24,48
95a2565c-ec92-4abf-b075-70f35dfb5195,OFC4354,Chandigarh,Income Certificate,42,58,161,116,45,48
18a14586-f5f4-45fa-8fc3-b49cca00ae59,OFC5753,Udaipur,Caste Certificate,16,22,312,91,221,45
0fa092fa-20c3-4adf-acc4-ee30dec606c3,OFC7629,Thane,Death Certificate,26,66,621,500,121,35
2262b578-6e0e-46de-a8a5-19e47bec7015,OFC4093,Mohali,Death Certificate,18,45,393,384,9,48
55e8b924-7a74-4975-b650-67fae7d8e6ac,OFC7271,Tawang,Death Certificate,49,67,501,157,344,40
1418c794-91fe-462a-aa4e-449434b8a13e,OFC6920,Kohima,Caste Certificate,6,79,852,356,496,35
a6e6266d-eb01-4b70-94cd-a64c628d69f0,OFC1808,Mysore,Death Certificate,49,179,987,768,219,48
6e266acb-c00d-4e17-aa67-34b7edf037f4,OFC5571,Shillong,Death Certificate,19,83,558,324,234,45
7af9ee25-1a1e-4d4b-af31-e7d550189663,OFC5859,Dispur,Caste Certificate,11,179,337,318,19,48
ef0a8deb-a1d6-4d6b-9abd-7ec568140b6e,OFC1172,Asansol,Death Certificate,20,116,262,51,211,35
7af031de-9c8c-4e33-8742-407a3114dcbf,OFC7257,Mayabunder,Domicile Certificate,31,165,404,35,369,45
c4027022-7fe7-4c66-8f26-621c0c6dc9ad,OFC3571,Mandi,Income Certificate,30,21,442,73,369,48
58a40d6b-fb39-4b64-818d-6fbcb260894d,OFC1231,Gwalior,Caste Certificate,50,43,791,38,753,40
614778bb-52ac-46f1-a046-e3a7e2282b59,OFC1424,Guwahati,Income Certificate,20,179,407,140,267,35
c90a5d08-f7be-40d5-b662-7872dd74ebd7,OFC2971,Baramulla,Income Certificate,25,38,441,113,328,35
2778a089-97cd-4e36-8e1a-c3060e0d15c2,OFC6071,Serchhip,Caste Certificate,46,105,709,110,599,48
c77acb12-f451-408b-9873-bb689f6620b4,OFC5010,Jamshedpur,Birth Certificate,45,121,375,298,77,40
f0bfe0d0-03d9-4ead-b597-ec645be4cfa1,OFC1444,Tirunelveli,Caste Certificate,44,17,154,96,58,45
2b65b1c6-f7c8-4f2f-8085-5a67380fe3bc,OFC9804,Dimapur,Income Certificate,33,15,874,772,102,40
6fed4243-4e43-4497-8a72-e41f1da8b2a3,OFC5234,Gaya,Birth Certificate,10,42,73,32,41,40
12d036a8-d6bf-44d1-918a-b4e2c71a01f3,OFC1290,Patiala,Income Certificate,21,113,986,320,666,40
5c160756-9fd2-41ff-9374-ca1d811bef89,OFC5242,Sagar,Income Certificate,14,169,900,756,144,48
f7f10c42-1e13-4b28-921e-4da4201c52a8,OFC9692,Hubli,Death Certificate,10,54,952,214,738,45
8b86053c-814d-44b4-a424-0d356928ed86,OFC1687,Bikaner,Caste Certificate,18,156,329,284,45,40
0f30e0c4-ff71-4648-9e84-9a441cad361f,OFC8393,South Delhi,Income Certificate,14,99,827,332,495,45
a41b10d0-b8c4-4a55-9979-383c9aca7e69,OFC5471,Coimbatore,Caste Certificate,17,42,781,304,477,35
1cb7412c-a001-42e6-84d5-17652a7f87a8,OFC8458,Varanasi,Marriage Certificate,12,173,951,938,13,35
e8b6188f-05f2-44a1-92be-fcdf2ca283ca,OFC9692,Rajkot,Marriage Certificate,15,56,205,95,110,35
925ece15-8950-4762-aa64-42baf0a23de8,OFC5338,Kashipur,Domicile Certificate,5,16,499,197,302,48
fb770006-3f9d-4c05-9d34-2ecf76c5c326,OFC7163,Mysore,Domicile Certificate,17,162,728,658,70,40
60562d47-bfef-4886-b28b-8894221a841a,OFC2390,Jaipur,Birth Certificate,11,127,221,42,179,48
b4e0c254-ef3f-4b8d-a0bd-476b4e60c5cb,OFC2442,Solan,Death Certificate,29,86,643,160,483,35
5a0b9cd0-4608-4c8e-858c-d86dec80d249,OFC2050,West Delhi,Caste Certificate,11,140,917,466,451,45
9dbbe62c-103d-44d7-a9e1-3e03fc4eceb5,OFC9559,Tawang,Income Certificate,34,124,256,58,198,48
0fee5479-6b60-456c-a89a-0964bd7a0ab0,OFC7299,Nagaon,Marriage Certificate,30,139,903,299,604,45
d462d0cc-e99e-46e0-8145-79369475812d,OFC5270,Purnia,Birth Certificate,23,51,449,281,168,48
2ae1665f-db1e-43ae-a0b3-207d27a237c4,OFC1160,Roorkee,Domicile Certificate,12,162,98,48,50,40
8f710862-ddb5-4235-9433-8aae9c74ab43,OFC1481,Gaya,Marriage Certificate,41,128,245,139,106,35
6dcf00e9-c041-436a-8ca9-f1fcb8d66502,OFC8929,Mangalore,Domicile Certificate,40,123,357,186,171,35
a164491b-b456-4397-944b-36be331f2b28,OFC2988,Bathinda,Marriage Certificate,13,29,921,266,655,48
212b6d8f-ebf2-4906-9c69-af326af5bac6,OFC2094,Panaji,Death Certificate,20,67,424,327,97,40
f05f9c20-b04d-4dae-8f5f-e0c3ecf32035,OFC4673,Geyzing,Domicile Certificate,13,29,557,186,371,35
c3b0921f-e25a-4b74-a595-7c90c9cbaddc,OFC5588,Hyderabad,Birth Certificate,6,61,750,311,439,48
5eb811c5-9ba6-4aff-bc11-a5828425e893,OFC3009,Begusarai,Income Certificate,6,133,603,204,399,45
1338ebc6-12da-4721-bfa0-e13aca0915c9,OFC9409,Patna,Marriage Certificate,36,118,221,210,11,40
d170d8b5-8880-4b4a-b64e-caa5ff2c3696,OFC9597,Namchi,Domicile Certificate,10,107,269,172,97,48
274ea932-bf56-4952-9fb5-fdf1d14cbc9b,OFC1718,Baramulla,Income Certificate,17,128,795,401,394,45
e3ec6a09-4575-493b-b82a-6181a371cf90,OFC9751,Mangan,Birth Certificate,38,177,263,233,30,40
04d4fda0-b4d8-4dd3-a65e-0daf3bdfdfee,OFC9515,Ahmedabad,Domicile Certificate,25,157,581,115,466,35
a64f1739-1e41-4f0a-8657-19a1f877a1e7,OFC3635,Erode,Income Certificate,14,56,767,700,67,40
a57ecc65-44cb-445d-9dfc-6725f735da8a,OFC9708,Kohima,Income Certificate,13,123,684,635,49,45
ffceccc8-6cac-414d-90dd-faa954a851c4,OFC2436,Pathankot,Death Certificate,45,111,967,330,637,48
f0133033-f2c6-4c9d-b451-f1c23415965b,OFC3795,Geyzing,Marriage Certificate,35,120,578,430,148,45
04844500-79ae-4310-b577-7c5a277c76a0,OFC4058,Nizamabad,Domicile Certificate,10,89,647,370,277,40
2542866d-4da1-43d3-a6df-99fd7867568f,OFC3274,Minicoy,Caste Certificate,40,55,662,564,98,35
55035be8-4223-49c8-b0fd-73397badb8f6,OFC4395,Srinagar,Income Certificate,43,116,379,244,135,40
b6b09b2b-bb02-4f33-afe2-3c4976058ebc,OFC8450,Vadodara,Birth Certificate,48,178,432,109,323,40
e8ebd537-6fd7-4a37-8fdf-75020aa53719,OFC5069,Agartala,Caste Certificate,46,15,113,110,3,48
419c30cc-23e3-4212-b6ee-d34b880699d4,OFC8053,Jaipur,Birth Certificate,26,90,177,41,136,35
b12d51da-9e2f-49f6-9afe-3d2acda94a01,OFC5098,Delhi,Death Certificate,11,106,958,312,646,45
03fd7f13-f19d-4dea-955f-34d664c2b026,OFC2571,Rangareddy,Death Certificate,26,15,880,537,343,35
f8544441-70d4-4e9b-be3f-29cf1473a7fa,OFC7684,Patiala,Birth Certificate,14,64,306,241,65,40
bbabcad4-02da-4d03-a8ee-b301ef99150d,OFC8332,Geyzing,Domicile Certificate,17,115,795,147,648,40
1f7adbcb-a87f-4b8d-8585-97f9fb6f747f,OFC9356,Tuensang,Domicile Certificate,16,81,386,195,191,48
c27bd4b4-7af4-4651-9d93-7855620484d6,OFC4558,Thoubal,Marriage Certificate,26,19,126,44,82,40
62ff367d-66ac-47ec-a6a5-e38c12c0010f,OFC8245,Diglipur,Birth Certificate,14,15,968,210,758,40
a93a15a2-6573-4717-a0d9-0ce8b96eadc7,OFC7905,Madurai,Birth Certificate,27,141,127,42,85,48
df722410-3c92-49ed-8cd0-2730f8c9a464,OFC2775,Begusarai,Income Certificate,9,88,800,317,483,35
4158508e-e081-4f07-869c-76e891e1a5de,OFC6776,Nashik,Income Certificate,21,47,718,161,557,35
1d47d59b-e979-4045-8c3e-77a3f3c1ca45,OFC1414,Varanasi,Domicile Certificate,5,150,748,138,610,35
437d936f-6564-4880-bae9-6bf4c03e0fbb,OFC6794,Ludhiana,Death Certificate,12,29,889,638,251,45
44e977c2-5c8d-47ba-a84b-fbde17ac352d,OFC7412,Shimoga,Death Certificate,14,171,192,123,69,35
f9b2bdc7-0a84-46ed-bee8-d2e9253edc49,OFC8568,Patiala,Marriage Certificate,25,32,480,431,49,45
516b9a12-1b71-46d7-a1f9-b1c2b421e7bb,OFC4945,Bhilwara,Domicile Certificate,24,103,804,590,214,35
b2492847-99ff-458c-bcf2-f466feab7f22,OFC7165,Shillong,Domicile Certificate,29,20,430,319,111,35
5bbf4ea2-432c-4ee7-8e73-ee260b37226b,OFC6051,Geyzing,Income Certificate,43,44,788,108,680,40
aeab741a-470d-43ba-9778-3effe67f4e62,OFC2366,Kashipur,Death Certificate,33,171,494,76,418,48
a6bc75c3-34f3-427a-8d02-0a4fc589c022,OFC6631,Dibrugarh,Caste Certificate,29,93,560,450,110,45
e27e452b-efc3-4464-95ce-fb1664c5fa25,OFC6529,Bareilly,Income Certificate,25,16,919,131,788,35
d439de84-77b8-4a43-928c-b10554386615,OFC6443,Mapusa,Marriage Certificate,10,53,574,489,85,40
79e3ac7c-e604-4b24-95fd-3198894e99a5,OFC4693,Haridwar,Caste Certificate,8,164,536,148,388,45
c818da26-6814-4ab4-8d97-8217aa636a52,OFC5435,Delhi,Marriage Certificate,26,53,824,518,306,45
bfee14ed-6282-4050-a939-917f3527dce0,OFC8398,Bhavnagar,Domicile Certificate,43,89,457,227,230,45
5756b062-5994-4ffd-a490-b0c81895a183,OFC8713,Mandi,Death Certificate,18,132,494,315,179,45
e09b5690-b985-4540-a725-33232789b0ad,OFC1978,Nashik,Marriage Certificate,41,22,386,332,54,40
4a009234-4bd5-4671-a620-640e817cc7dc,OFC5215,Bilaspur,Death Certificate,34,95,842,221,621,45
c5fd2d56-8113-46ca-a67c-499d15b1de55,OFC1095,Chandigarh,Domicile Certificate,37,65,952,176,776,35
51e36a89-a965-4c58-97aa-0179915064e3,OFC7402,Udhampur,Domicile Certificate,42,114,639,547,92,40
a1cbebfe-1a3d-4257-b899-b61839d0fefb,OFC1927,Mandi,Caste Certificate,32,120,289,238,51,35
6e253a22-e8ff-416b-abf6-7180406d5fed,OFC1385,South Delhi,Marriage Certificate,16,47,324,160,164,35
1ba03f2b-9121-4f9c-b799-60917f8d10c0,OFC4471,Pasighat,Birth Certificate,37,172,398,33,365,45
36d42a12-4905-4a05-9ee0-7868359b4191,OFC2827,Mohali,Income Certificate,32,15,899,138,761,35
38755394-9d54-4327-a2b4-40376ceb9da0,OFC4096,Patiala,Caste Certificate,36,70,418,115,303,48
83a714f3-0c55-4ccf-9f74-0a8900c1e5e3,OFC9021,Kolkata,Income Certificate,36,147,737,373,364,35
addb8855-eae6-4a80-834e-ab244d614b81,OFC8458,Thoubal,Marriage Certificate,48,139,969,679,290,40
be50248b-8be0-4944-98de-c871fd32cbbb,OFC2459,Namchi,Birth Certificate,46,120,298,46,252,45
8c155e90-d34d-4109-a54d-a02a0f1b8952,OFC2240,Solan,Domicile Certificate,21,138,843,228,615,35
094cf72d-5d45-4a73-92b0-0023c6e05c46,OFC7810,Tuensang,Income Certificate,7,99,157,145,12,40
270f6850-90dd-497b-8431-3e0dbf2d859d,OFC2153,Bhavnagar,Caste Certificate,22,176,274,59,215,35
49e1239e-76a6-4024-a7a8-c87955116849,OFC4315,Minicoy,Marriage Certificate,43,74,279,205,74,48
9bec28c0-170c-4e20-8228-41fcd49b2228,OFC9500,Mumbai,Marriage Certificate,13,179,954,829,125,48
498ce528-14d7-4755-a4d3-979cb0808f45,OFC2028,Durgapur,Income Certificate,28,101,611,292,319,35
acc67c40-4dbc-4445-88ac-a5373bd2cf85,OFC8808,Mumbai,Income Certificate,40,102,405,256,149,35
c6ba278e-c7a7-47cd-b7f1-977cf8b1c7bd,OFC2616,Vadodara,Domicile Certificate,6,143,363,258,105,48
a6fb75ec-a3ea-4e53-919f-bb5225f8683b,OFC9485,South Delhi,Marriage Certificate,16,102,764,117,647,40
a47fbeb8-bd5a-44c3-b1fc-6d5d94e5e0f6,OFC1127,Dharamshala,Domicile Certificate,6,78,70,63,7,48
94783f1b-ae45-4caf-a636-fbf102661838,OFC4070,Chandigarh,Birth Certificate,39,20,769,60,709,45
d20b466b-d49b-4638-8bac-bcb464eda865,OFC6598,Varanasi,Income Certificate,34,35,140,45,95,48
810989eb-9921-4011-bc8e-ec75505c90e1,OFC4849,Namchi,Marriage Certificate,29,125,494,42,452,48
2e947f7a-005a-4c57-9f14-8dbfb4b28dde,OFC7996,Mandi,Death Certificate,26,142,786,259,527,45
9224c1f6-b761-48d2-9b55-25d06354273f,OFC7856,South Delhi,Marriage Certificate,23,56,280,242,38,45
46141bfa-ba89-4fd9-a688-0b2387815a8d,OFC7675,Erode,Birth Certificate,22,76,212,200,12,35
1a2e4da9-3822-4d18-bf1a-d24370d83730,OFC4755,Howrah,Caste Certificate,44,108,296,290,6,40
03ef4abe-813d-4c9f-9749-d69a53b5d502,OFC7983,Nagpur,Birth Certificate,18,58,364,251,113,48
e3e39684-6159-4151-9d65-e16f1bd9797f,OFC1037,Bhavnagar,Death Certificate,28,76,881,325,556,40
0ac1c0b9-3034-49c0-8ed1-6de9aaa7aa4b,OFC3801,Lunglei,Income Certificate,30,137,569,154,415,45
3dd7ba67-2157-4464-8166-0dca4c7e18bc,OFC4817,Bokaro,Income Certificate,7,149,299,294,5,35
ebdde83f-86f5-4ad9-ae5e-e563ea8e9900,OFC9163,Gwalior,Marriage Certificate,23,63,966,857,109,35
eacee5ba-099d-46d7-aaf8-60a65399e43f,OFC2637,Amravati,Domicile Certificate,42,106,970,118,852,40
530c1685-917c-4dac-8c6b-32a45a018ae2,OFC8693,Agra,Caste Certificate,17,69,860,686,174,35
2d62dad4-b1ff-46ab-9a85-81da7abe4626,OFC6211,Mahbubnagar,Birth Certificate,28,47,760,469,291,35
a96c1eb5-9ca3-489d-9299-74cc500a66ac,OFC4023,Solan,Domicile Certificate,45,76,285,110,175,48
4de1f45b-2d4d-4164-8b90-d69a864413b5,OFC4167,Dibrugarh,Caste Certificate,43,62,689,197,492,40
4ce9b48f-db8d-4ad4-ba97-e339f744a730,OFC6411,Erode,Caste Certificate,13,44,549,49,500,40
4a01f8fd-4c0e-4407-8e87-4a5bd17afddd,OFC6309,Mapusa,Caste Certificate,9,94,654,206,448,48
5f39b2db-37ff-4f6d-93d9-0d4d2e36c0ac,OFC2300,Patiala,Death Certificate,18,63,790,616,174,48
4c2db110-89e6-473a-85ff-91647fc3b3aa,OFC9507,Thoothukudi,Domicile Certificate,50,45,980,478,502,45
97165e48-75e4-4c77-96b2-937649463ab6,OFC2734,Dhanbad,Birth Certificate,21,34,598,98,500,40
90f1f6b3-ef4a-401c-ad72-d60932587856,OFC9116,Medinipur,Death Certificate,27,60,469,143,326,35
f097b7e4-23d4-40d6-b158-88ef8b98b7fd,OFC9661,Dharamshala,Marriage Certificate,35,166,376,266,110,40
32ad4d7c-bc1e-434e-a0cb-a95cd19e0838,OFC4139,Bhavnagar,Caste Certificate,12,78,508,340,168,48
4549a625-f4e9-49ab-b1e6-3b501b6a895f,OFC4395,Patna,Income Certificate,40,146,452,380,72,35
77069aed-fab1-4ffc-a8a9-dbe0d3f1417e,OFC6744,Rudrapur,Caste Certificate,33,178,726,717,9,45
6b6ed690-9eec-4fa1-9d2c-75504879d23f,OFC5286,Panaji,Birth Certificate,44,84,295,252,43,35
2a911aef-5037-4644-b3b6-552631131ea6,OFC6877,Mokokchung,Marriage Certificate,20,79,818,196,622,40
94b4dfdd-6e1b-4eac-bd65-7656fd55f547,OFC1476,Dimapur,Caste Certificate,36,35,135,49,86,48
42d3cdac-6e21-4bd2-93a1-97f692f77526,OFC6776,Giridih,Caste Certificate,10,127,304,161,143,35
c09c1704-6487-4435-8217-e8ba4bfccb07,OFC5557,Lunglei,Birth Certificate,27,76,883,46,837,48
ae7ca116-06b1-4960-b3de-c5c6ac4f4056,OFC5618,Margao,Marriage Certificate,25,141,722,554,168,35
5c3a3109-649f-4c3c-8887-fa804745cb4a,OFC5606,Kohima,Birth Certificate,47,106,313,44,269,45
9fc74713-86d8-4893-9dd7-2d5bf9417c0f,OFC7419,Dibrugarh,Income Certificate,6,52,732,497,235,48
581cc2d2-e887-4588-96b4-d0531f7abf02,OFC8314,Itanagar,Income Certificate,9,142,870,253,617,45
0a06c8be-8c2d-4c52-91ea-a956684ca091,OFC6924,Mangan,Caste Certificate,39,141,700,524,176,48
ee091a98-26d6-4751-b915-2f0273d01412,OFC1685,Bathinda,Income Certificate,44,116,840,255,585,40
3d628fec-93e0-4b07-bb7d-ac6db6ef1453,OFC6444,Jammu,Marriage Certificate,15,139,179,63,116,40
46f0ad21-27b2-45dd-868a-39fd0283f2de,OFC2781,Tumkur,Marriage Certificate,33,113,399,328,71,35
8db15772-c568-4262-9382-2167fc27764d,OFC7205,Darbhanga,Birth Certificate,28,96,771,112,659,35
49f760ce-599e-43e1-9798-f39c6421e33f,OFC7287,Kohima,Income Certificate,27,53,661,387,274,35
820ff411-c26d-4c01-b978-426a57263d34,OFC1387,Chandigarh,Death Certificate,43,171,592,418,174,48
bfce6935-1803-405a-a02e-ce9d12eb990b,OFC9411,Bishnupur,Birth Certificate,16,66,975,941,34,45
853da0d8-9970-4c8e-ac3f-7d4ff6ea003a,OFC8101,Haldwani,Death Certificate,47,104,753,212,541,48
99da3145-47e6-402f-9572-ea9ccfd9cf0f,OFC1979,Indore,Birth Certificate,49,96,577,116,461,45
02b73aed-d7de-4434-9b2c-ccecff669ac4,OFC9696,Patiala,Birth Certificate,47,134,947,68,879,48
79b83254-cab4-45ce-824a-85d7a3252a55,OFC8141,Jowai,Income Certificate,28,107,841,743,98,40
c129cd49-e516-4a4f-8c5f-0df466a70b29,OFC2329,Howrah,Income Certificate,21,175,750,625,125,35
b36c866c-6ba6-4047-a596-48ae11c11933,OFC6346,Katihar,Caste Certificate,31,140,183,125,58,35
10a6a681-c8c9-4c03-8e9b-dcfe6897592f,OFC3239,Gulbarga,Income Certificate,39,109,574,152,422,35
0ffeb17a-aa50-42fd-ab89-0055a1668e6d,OFC1742,Ludhiana,Death Certificate,45,19,554,181,373,40
f8ca1b8d-52f4-4fc3-852d-b782024987e0,OFC9363,Kota,Marriage Certificate,41,64,652,302,350,48
b6a6640b-b79d-493f-b6c4-b772cee68842,OFC5231,Shimoga,Income Certificate,42,137,120,90,30,48
c7da4201-369b-4189-9922-db96e320922c,OFC3092,Udaipur,Birth Certificate,5,18,237,193,44,35
7f87305e-9b5f-4440-873e-73a8cc47a14e,OFC4248,Nagpur,Caste Certificate,19,116,64,61,3,48
06496590-a64c-48ef-9663-eb2bd4eb6062,OFC1523,Dharamshala,Caste Certificate,27,31,275,73,202,48
f4b6fef3-12e2-47ba-a3bc-403af535ce69,OFC5403,Bhavnagar,Marriage Certificate,25,28,863,287,576,48
de88930e-dc38-41e5-a264-4a160188ee9e,OFC6149,Bokaro,Domicile Certificate,7,173,389,257,132,48
116e2e59-d0c1-45dd-a6cf-a84201282598,OFC8012,Darbhanga,Domicile Certificate,33,146,370,183,187,45
494c384f-4812-418b-9d2d-73f864b521af,OFC4312,Coimbatore,Marriage Certificate,48,50,806,679,127,40
1d799b68-a392-43b5-bcba-a904c8b9eeeb,OFC6420,Gangtok,Domicile Certificate,16,99,150,105,45,35
a91dfe56-3982-420e-bd03-cbf98f566f5f,OFC5684,Mangan,Birth Certificate,5,133,117,57,60,45
15980229-2591-4fb1-9eee-5ee7f9485f64,OFC9120,Kolhapur,Death Certificate,20,44,818,146,672,35
29629032-a195-4a36-a648-26b724251745,OFC9714,Arrah,Death Certificate,14,150,264,239,25,35
e8688623-428f-4864-8560-bfbb8bd51e46,OFC7706,Pune,Birth Certificate,46,60,802,296,506,40
521cdfd8-aa48-4fb6-a0fd-ed72be23cfec,OFC7099,Kolkata,Marriage Certificate,37,157,657,495,162,48
e442f546-cb2d-4c65-8023-ad7875576de2,OFC7460,Gaya,Income Certificate,41,111,736,142,594,45
6beabf7d-aabc-4135-86fd-7583ad976abf,OFC3832,Dibrugarh,Death Certificate,39,76,540,539,1,35
4fe08105-6369-4274-bfc8-0fadc7ef4f88,OFC2029,Aurangabad,Birth Certificate,32,138,562,518,44,40
d000e467-a915-4113-aabe-7bbab5798766,OFC4499,Ajmer,Caste Certificate,20,120,661,300,361,40
8cdc13c1-68c9-4e28-aad8-097596d3a9c6,OFC3090,Anantnag,Death Certificate,18,179,518,129,389,45
a4b88e1f-27c3-4210-a38d-fc1c9c3aca6a,OFC1976,Mohali,Marriage Certificate,20,171,701,617,84,35
b7535660-3c3e-4a9a-b1d1-a952284c8d27,OFC9296,Lunglei,Income Certificate,19,161,830,620,210,40
16ea0a2d-bb8b-4c97-b15c-d7c7ad099568,OFC9810,East Delhi,Death Certificate,30,99,454,159,295,40
b4d6c860-7860-4086-8134-7bdb90f288b2,OFC6601,Tura,Domicile Certificate,37,135,175,68,107,35
0de7067b-a0a5-4c32-b888-b413bb402947,OFC1567,Erode,Domicile Certificate,44,120,728,342,386,48
86a385a6-2d0d-4803-9091-fda148907f59,OFC8892,Kanpur,Income Certificate,47,54,423,364,59,35
1a653b81-3290-4281-9d0c-91143370528d,OFC8388,Mysore,Birth Certificate,34,176,188,65,123,35
bc8a0598-a7d9-4115-81d8-0fcf4803e32f,OFC9655,Itanagar,Death Certificate,25,95,668,359,309,40
1575e895-656c-46a5-91fa-37cf944d8ef5,OFC3085,Ludhiana,Income Certificate,17,75,68,63,5,45
1de3a9a0-cab4-4e3b-b678-ecb70948ac69,OFC6773,Kanpur,Income Certificate,38,116,704,330,374,48
333e4079-d2aa-49cb-8028-870d25819b2a,OFC5513,Alwar,Caste Certificate,7,141,703,211,492,45
77622789-bdb5-479b-957b-f8bb83bce709,OFC3851,Varanasi,Marriage Certificate,40,141,856,831,25,35
6b6d80fe-fded-45ae-b563-ce0172882fae,OFC4435,Madurai,Income Certificate,36,16,824,735,89,35
5ff03d9e-29a2-46bb-9468-c66e3f1ec4bb,OFC7713,Chennai,Income Certificate,11,148,969,813,156,35
e6bc03cc-3092-4020-8cbb-71360b3b1738,OFC6292,South Delhi,Domicile Certificate,35,102,730,127,603,40
613b511b-1d41-446e-a427-03a221531032,OFC6980,Mandi,Marriage Certificate,21,147,316,34,282,40
8b39d3b1-92fe-465f-9074-63879e5495e6,OFC7811,Salem,Income Certificate,14,131,978,692,286,40
da3ed246-6dda-4394-a895-c592355b9453,OFC1338,Nanded,Marriage Certificate,5,159,338,337,1,35
f893bd37-98c3-42b3-a735-45d2c697d2ac,OFC1416,Howrah,Domicile Certificate,21,106,952,712,240,35
c04ba560-27cb-4522-b015-b267d651e472,OFC6911,Hubli,Marriage Certificate,26,100,885,703,182,35
08d4696c-6d80-4523-927a-2da8c8460572,OFC9912,Mohali,Domicile Certificate,34,164,524,50,474,40
3dac2de7-a09c-48f9-be33-2740513dca98,OFC2296,Roorkee,Caste Certificate,41,74,831,539,292,35
86edd870-0394-466f-84fa-f387ec90be86,OFC2466,Rajkot,Marriage Certificate,36,117,85,45,40,35
adb9cda4-a919-4e1b-a7cc-01a62b404552,OFC8064,Solapur,Death Certificate,17,114,165,106,59,45
94421abf-07dc-4807-a71f-a2e0ee751798,OFC2657,Salem,Income Certificate,36,173,842,497,345,35
1ca99bff-b273-4ed4-8056-857d2a3ef1c8,OFC9074,Nashik,Birth Certificate,8,132,868,339,529,48
45a56a6d-1cad-440e-ae12-996d30ff0a2e,OFC6585,Indore,Domicile Certificate,38,42,574,268,306,45
0bcae975-a712-431f-b618-ebbbaaa51a5e,OFC2232,Delhi,Income Certificate,15,114,993,235,758,45
acde1e45-88e1-4c46-b00c-9121e4ad63a3,OFC4560,Solapur,Birth Certificate,25,28,610,202,408,45
33409893-e7a6-4570-815b-5bf6c019f606,OFC3109,Thoothukudi,Caste Certificate,12,43,376,86,290,40
57240189-a117-442e-9380-90fd8de49147,OFC1575,Central Delhi,Birth Certificate,49,133,619,363,256,35
effb9641-3b6f-4a25-9ae8-d3b71ddb2acf,OFC5747,Ludhiana,Marriage Certificate,23,48,131,119,12,45
6562e000-be0d-4e9b-96be-cd96b8b9d279,OFC4695,Shillong,Caste Certificate,17,142,124,117,7,40
e30b6a74-4a29-48ed-8326-936e90d04d7d,OFC6683,Aizawl,Domicile Certificate,37,150,128,87,41,40
0d781491-0a75-4435-b8fa-8aadf2d8af1a,OFC6810,Dispur,Birth Certificate,50,152,444,254,190,45
8720f0af-a034-427c-99c9-fc2bf6ba9a01,OFC7478,Muzaffarpur,Income Certificate,9,157,710,528,182,45
68ebe4f7-e7c7-404b-a311-af4919fb0298,OFC8635,Vadodara,Death Certificate,31,129,426,141,285,45
a0d6bb8a-ee09-47ec-8f10-cf82b4aa0487,OFC2275,Bokaro,Birth Certificate,50,68,289,135,154,48
59ad4f3a-5cf4-41cd-a138-673af1b88424,OFC2113,Baramulla,Marriage Certificate,21,111,636,313,323,45
3423a8e4-8dfc-4fcd-b277-7f415a79c786,OFC3220,Dharamshala,Marriage Certificate,31,179,901,405,496,40
df0ddc89-7ae6-4237-8c62-7001614ad32d,OFC7963,Gulbarga,Birth Certificate,29,128,151,144,7,48
a23a9e3d-e6db-4118-b8ca-06748084334d,OFC2237,Howrah,Domicile Certificate,48,152,772,754,18,45
9563b84b-b138-4ed8-be63-0227debac68f,OFC6458,Gulbarga,Domicile Certificate,27,128,344,119,225,48
653061a2-0d3c-433f-9bbb-d623e9f9c774,OFC5928,Tumkur,Marriage Certificate,19,24,425,244,181,45
f366c47d-a355-43c1-aa80-d95344373479,OFC5353,Mahbubnagar,Birth Certificate,9,43,147,141,6,35
99e35a9a-e01c-4192-9dd3-1e9c59ec3a68,OFC1154,Vellore,Marriage Certificate,46,142,482,319,163,35
1eaa2701-26f6-47a3-ac7f-2e42b80e0ac3,OFC1227,Tiruchirapalli,Death Certificate,20,76,668,293,375,40
2047f854-71bf-4173-9467-a7cf60137e35,OFC7285,Mysore,Death Certificate,45,114,55,50,5,48
d5420be3-fa39-48b8-9fcf-557ebbff38a5,OFC9078,Ghaziabad,Domicile Certificate,50,140,746,582,164,40
90e1a630-a27a-46a3-a2ee-d8d17be16a47,OFC2480,Hazaribagh,Death Certificate,24,117,997,436,561,45
ac189234-c3a1-4067-b9d0-8608f3d71577,OFC3715,Bathinda,Domicile Certificate,27,66,537,168,369,48
8662a5d5-a844-42e4-84d4-ee7bfc822a70,OFC6463,Junagadh,Caste Certificate,11,90,697,287,410,48
45d2df95-b6dd-40aa-a743-c58a0cee54e6,OFC4009,Dispur,Income Certificate,33,158,654,483,171,48
8a23624a-2080-4313-b4e7-b9efccc7c7d4,OFC4365,Mapusa,Income Certificate,6,141,114,112,2,48
9f44b5a4-43c0-4235-a3d8-e6e17d958f19,OFC3825,Jorhat,Caste Certificate,14,83,298,70,228,40
9d98b8a8-b3fd-4fac-9977-9f2bf9afaa22,OFC3519,East Delhi,Death Certificate,23,58,845,95,750,40
99b12a72-8b74-4c3a-916c-6472b06ba13e,OFC1614,Agatti,Domicile Certificate,18,157,693,569,124,48
d01b4c60-a0d0-4467-bb9d-8692ac7d124e,OFC7978,Coimbatore,Domicile Certificate,47,172,142,61,81,48
9af781d5-dbfe-4096-87bb-ed7c96e884e7,OFC7577,Nizamabad,Birth Certificate,43,106,709,98,611,48
82d1d1a7-6dc9-41d5-8637-ff59094ab8bb,OFC6600,Katihar,Income Certificate,13,49,302,160,142,45
89c546a0-6257-446f-86aa-6e9685272b3e,OFC1136,Ramgarh,Birth Certificate,26,85,810,309,501,45
a3296d09-1db3-4caf-834b-9df952edf000,OFC2104,Tura,Domicile Certificate,38,19,117,36,81,35
3ffb4dee-1166-4861-b780-d20a66b637c8,OFC4967,Begusarai,Caste Certificate,27,148,76,60,16,45
72948588-5912-4ff6-be3f-94fb308e178f,OFC2624,Bangalore,Income Certificate,20,105,722,448,274,45
e6d70fa4-a580-4cbc-a239-ac1292fed71b,OFC5016,Darbhanga,Marriage Certificate,19,20,954,59,895,40
19b2550a-dbac-434c-b528-7558055b1a96,OFC9479,Jowai,Income Certificate,17,30,739,416,323,40
ad7b109f-9b1f-48b2-8ccb-51d6e9dd14ec,OFC8226,Tuensang,Caste Certificate,36,156,312,75,237,35
2d744102-a860-4028-95ff-d42b7381b94e,OFC7985,Solan,Birth Certificate,25,136,931,563,368,40
8c039a76-f9a4-4eb3-b35e-1a3e7c7c4b49,OFC5444,Churachandpur,Marriage Certificate,36,83,944,623,321,40
b68b362c-9b1f-4599-848a-88494e5fa784,OFC3301,Jowai,Domicile Certificate,37,119,390,235,155,40
0ed20bbe-0d5b-459f-8277-096721b0510f,OFC2058,Purnia,Death Certificate,35,133,270,208,62,40
52247fa9-5464-490d-a17f-5760bbeaaac5,OFC9758,Dispur,Birth Certificate,9,144,348,144,204,35
65845aed-f449-4873-8bf2-b650eeff9904,OFC4733,Junagadh,Income Certificate,7,55,299,114,185,40
70f0672a-ff92-4d54-bccf-4831f2afbc37,OFC3864,Champhai,Death Certificate,26,126,694,241,453,45
3d1065be-735b-4f2a-8e15-c1f5fbe8d3ba,OFC5464,Shimla,Death Certificate,17,178,501,484,17,48
1e9f1c17-7a1b-4565-b001-989af76a8466,OFC6561,Junagadh,Caste Certificate,28,107,118,60,58,45
91b11c39-ab94-48ee-a7b6-3a883df03ac1,OFC4856,Bikaner,Caste Certificate,19,103,139,33,106,48
4ea90859-3259-489c-9ea4-c3e401bf5ae8,OFC4442,Srinagar,Domicile Certificate,40,176,707,295,412,48
b6cf5787-cc68-4987-8d20-559573aeff49,OFC2845,Tumkur,Domicile Certificate,38,77,998,568,430,40
3edb9970-4dd5-4693-b302-a702d075f1e0,OFC2067,Tawang,Death Certificate,26,128,397,128,269,45
2a5da600-d2de-4ea8-9cc4-af9dfa2616ee,OFC8625,Vellore,Income Certificate,47,174,308,192,116,45
87b641be-2f4a-4aac-82c7-3ad6097506c1,OFC9806,Sagar,Domicile Certificate,12,102,390,351,39,40
28b64702-a57e-4070-91ba-49d24c9c94c7,OFC5637,Kanpur,Income Certificate,12,111,932,570,362,35
3fd53f94-df5e-4f5d-b10f-348c9962c706,OFC4779,Tumkur,Caste Certificate,34,149,966,183,783,48
7cd1e6f1-a617-4608-8fa5-16c943086684,OFC5617,Tirunelveli,Marriage Certificate,28,139,827,708,119,40
cfca12c7-fdcc-4bae-a374-6965d3647b7e,OFC1481,Ramgarh,Marriage Certificate,29,173,275,113,162,40
78229534-c1d3-460c-8176-94a0bf1ad7f8,OFC7263,Hazaribagh,Income Certificate,44,98,706,606,100,40
1e44e940-7156-4101-83c3-c15e4729b489,OFC3357,Baramulla,Death Certificate,31,87,665,567,98,40
e546b16e-75d3-4061-84c4-45b0226e71ac,OFC4385,Dibrugarh,Domicile Certificate,41,125,923,793,130,48
b9b7b9f0-7130-4b7b-a234-063966b5eed0,OFC7687,Pune,Death Certificate,39,94,672,399,273,35
4135fcd5-964e-467a-a673-cb1adaa03fcf,OFC9159,Davanagere,Domicile Certificate,40,170,951,278,673,45
97d361db-14b0-4d2e-9feb-edadd1a7e296,OFC5708,Junagadh,Death Certificate,24,89,152,116,36,45
d952b907-fe53-49f3-bb2f-543fcff7faa7,OFC7866,Asansol,Domicile Certificate,34,108,75,36,39,40
7f9dcb3e-9d70-4c5a-b1f5-73ac81a09ca5,OFC5619,Panaji,Caste Certificate,13,166,190,107,83,35
b2938f2d-40a9-4fa4-9eb8-52c9052376d6,OFC6154,Gandhinagar,Caste Certificate,39,45,947,554,393,48
a5c31da6-1f6c-4b36-a13a-6f2ff0dc7ab0,OFC5075,Port Blair,Caste Certificate,34,110,549,300,249,45
b2b33ed9-0285-44b5-b49b-c6ad06d06b45,OFC7972,Meerut,Income Certificate,32,149,629,551,78,35
ec1af3eb-d623-4eaa-b74d-b9f99c4bee68,OFC4283,Shillong,Caste Certificate,20,18,321,278,43,48
667c3c06-c58b-4fb1-ba16-c6f7a1d60161,OFC9994,Mumbai,Domicile Certificate,13,117,577,52,525,48
a93dd603-a570-4da5-874e-f8715969b471,OFC3104,Delhi,Death Certificate,27,165,50,39,11,45
9a862dd1-4d3e-40cd-8760-c5b377b74063,OFC5898,Patna,Income Certificate,39,127,177,121,56,40
a2355b7f-ac7a-47ad-a9bd-c63e391e5974,OFC1641,Patna,Caste Certificate,23,73,621,542,79,45
3f035c30-cd0d-430b-aa36-a1daec2ad056,OFC8115,Srinagar,Birth Certificate,19,141,566,373,193,35
68e00219-d102-4024-af94-f49ba7423564,OFC1286,Arrah,Caste Certificate,6,163,620,421,199,35
1019faf0-e939-4231-9931-cd5b2af1f0dd,OFC8366,Panaji,Caste Certificate,34,61,674,446,228,40
55beffea-f729-43fe-ac81-06e07583086f,OFC5308,Shimla,Income Certificate,37,66,408,188,220,40
f1226087-f21b-49eb-9b9e-e4477589268f,OFC5167,Jamshedpur,Death Certificate,9,68,281,32,249,35
5e5b9d56-3be7-4822-8bfd-cb044b12c0ab,OFC8493,Allahabad,Caste Certificate,6,158,153,114,39,45
ef2dfe7e-2acd-4e70-9be4-513ada353417,OFC7815,Pathankot,Death Certificate,37,81,312,236,76,35
f154fd9c-10ae-4c89-9a1a-20e677f5ce60,OFC9995,Leh,Income Certificate,40,95,221,163,58,45
4013818a-34ba-4dde-a7fd-80c80f779243,OFC3083,Dibrugarh,Domicile Certificate,14,119,344,111,233,45
f3524dd0-fb81-4228-91cf-a6b6ed75ff24,OFC4946,Namchi,Death Certificate,36,129,283,188,95,48
46f3f7e5-4143-4c51-bf88-033a0fb1386b,OFC5259,Mangan,Domicile Certificate,10,147,298,220,78,45
e69dae8c-57db-45fc-b8c7-4f3fb752ed9f,OFC8858,Nizamabad,Domicile Certificate,48,66,459,223,236,48
14b185c8-95ec-450c-bcad-455700f18ea0,OFC4405,Vasco da Gama,Birth Certificate,5,15,430,383,47,40
2a310362-c230-4ccd-ac77-c0b987d3a4de,OFC7105,Thoothukudi,Caste Certificate,39,77,830,36,794,40
dc331ad8-6b60-4c81-86e0-21ae11d78381,OFC9371,Thoothukudi,Caste Certificate,5,172,707,72,635,45
7fe1da11-4ce7-4d38-acc0-7497a055d63a,OFC3280,Kolkata,Marriage Certificate,49,41,378,190,188,48
784c3939-9cc5-4766-86ab-2f96d7ceac94,OFC5273,Coimbatore,Domicile Certificate,45,147,706,258,448,35
a02ae1ef-ee37-4fbc-8add-5a41f21f61e6,OFC9638,Ujjain,Birth Certificate,24,144,626,284,342,35
c6b74622-1edb-49c7-b488-ad35c8725042,OFC3515,Minicoy,Marriage Certificate,30,61,361,167,194,45
a10acc55-9c4e-4488-882d-eff3f2ec969d,OFC8540,Adilabad,Income Certificate,10,152,51,42,9,40
3e7b30ef-402e-4a73-8d3a-b2f0ee9937f9,OFC6915,Pasighat,Death Certificate,44,154,64,59,5,35
b768a6de-8a3a-4e20-af00-39d1ede6e658,OFC4277,Dimapur,Caste Certificate,21,121,655,415,240,45
d6ad6fb1-2bc7-4bf0-abb4-14dc55425eb7,OFC4748,Gangtok,Death Certificate,39,36,720,108,612,45
f9c029c6-b9ca-4fe4-be24-b6c306369504,OFC2710,Bhagalpur,Income Certificate,14,101,436,269,167,35
f02b4563-821b-443d-ae43-b4308355960b,OFC3595,Nongpoh,Income Certificate,42,36,978,269,709,35
6db8042b-e2f2-4e05-bbc8-3798db69b0ce,OFC8206,Central Delhi,Income Certificate,41,96,896,641,255,35
dd6e065d-2f59-444b-99d7-fb64de7f39dd,OFC2127,Ujjain,Birth Certificate,16,130,981,734,247,45
618c26c5-a100-4846-8138-ece154255aca,OFC6307,Jowai,Death Certificate,7,118,802,227,575,35
c2420bf4-2f26-4c03-82da-36c1dabd02c9,OFC4928,Davanagere,Income Certificate,13,133,533,295,238,45
e8987106-5c6d-4dd2-a1ae-5f5a4915f34e,OFC1644,Mokokchung,Marriage Certificate,35,56,381,248,133,40
dfe8d3ad-e62a-4672-b31f-d74ffb47e071,OFC2595,Jamshedpur,Income Certificate,43,86,354,327,27,48
1e93d67b-2637-4f20-8a58-b26049046ce1,OFC2872,Shimla,Income Certificate,9,120,414,293,121,45
6d18c9ed-8ca2-4996-beee-c0abae2851ca,OFC3845,Salem,Caste Certificate,23,94,284,48,236,45
53fa775d-d928-4d29-be9f-9d7b977029ec,OFC5045,Surat,Income Certificate,35,163,881,866,15,40
901424b7-6938-4b7d-99cb-0347219bf021,OFC8208,Khammam,Income Certificate,14,94,263,136,127,40
dc132355-1df7-43df-b8e2-724b171bae7b,OFC6270,Minicoy,Domicile Certificate,31,34,902,823,79,48
a6707479-7444-4af0-bf56-d35e219a4e4e,OFC1479,Bishnupur,Death Certificate,44,26,474,171,303,40
265c2375-9a3c-436c-b6eb-2b0993e033c2,OFC1100,Jabalpur,Marriage Certificate,18,17,659,440,219,35
1d6f1965-d3be-43e3-ad1e-6a39d2606721,OFC2421,Mokokchung,Domicile Certificate,45,46,883,457,426,40
44510c72-0848-4a61-8694-b6185919c076,OFC8205,Arrah,Income Certificate,44,38,273,204,69,35
4e365400-5892-4f73-9e78-00b7897c8385,OFC4531,Panaji,Income Certificate,15,107,463,341,122,35
34c80419-5ddb-44d7-a58b-b3c991dff64a,OFC4234,Shimoga,Death Certificate,9,45,730,185,545,35
71c7b956-a092-4580-af1f-1f468cf3cd62,OFC1266,Anantnag,Death Certificate,32,104,244,189,55,48
08b7b0de-405b-4f18-ab4d-14235de0f471,OFC8211,Hyderabad,Death Certificate,45,168,793,236,557,48
2196b4f6-39e8-4cbb-90f2-d017d2f472b9,OFC3543,Salem,Death Certificate,30,68,574,106,468,48
cb966c63-2596-4aef-b1c1-ca99436038c0,OFC4003,Dharamshala,Death Certificate,37,160,606,205,401,48
ffa7eb4e-eb00-406f-a6af-3f76170334b6,OFC8179,Delhi,Birth Certificate,19,47,605,333,272,45
319306dd-33a4-4ed1-b144-3d170f86fefa,OFC9489,Anand,Death Certificate,41,59,683,484,199,48
df381e4f-af11-40a0-9131-f4e34a2e50a4,OFC4568,Thane,Birth Certificate,13,19,713,643,70,45
e7612ecc-ef9e-4600-a055-6cd65d2a2d7d,OFC4866,Guwahati,Death Certificate,11,124,554,280,274,35
152e9353-abf7-4475-8644-71aa029880e3,OFC8368,Ramgarh,Birth Certificate,25,114,836,596,240,40
ba25a373-df74-4b22-975f-8e1174bfb656,OFC4607,Kullu,Marriage Certificate,16,126,480,438,42,48
c3bcbc2a-fdaf-484d-8919-f8c8676d17ee,OFC2272,Gorakhpur,Caste Certificate,49,128,669,343,326,35
29e7890f-6f52-4ae1-bbeb-b3be6fc3acee,OFC6539,Thane,Birth Certificate,38,84,965,271,694,48
8ae9a48a-a4ff-4784-8337-211e8420bc03,OFC9304,Thane,Death Certificate,15,44,208,73,135,35
c54c190a-a46f-4f01-a565-b3fe7160b9de,OFC1422,Ludhiana,Caste Certificate,11,66,71,32,39,35
04f3a067-3641-4c70-86f4-19824648fa76,OFC5981,Amritsar,Income Certificate,33,42,329,327,2,40
280109e7-88ce-49ae-a89c-c7f22f284d2b,OFC8695,Amini,Income Certificate,29,27,530,480,50,48
13511f24-69e9-45ad-ab9a-baa391ff4d0f,OFC6642,Chandigarh,Marriage Certificate,13,179,601,34,567,48
df56f77b-3418-45f0-9a88-26efeb52ca73,OFC2013,Khammam,Marriage Certificate,15,55,869,429,440,40
c807365a-9752-4bb7-b756-720eb87c7ee2,OFC3150,Naharlagun,Death Certificate,24,26,630,295,335,48
d8010c1e-8f6b-4d1a-b4c2-35491cf41448,OFC4173,Champhai,Caste Certificate,43,36,241,160,81,35
f101a997-35b3-4cd7-af8b-c93b0931758a,OFC2749,Mahbubnagar,Caste Certificate,48,78,670,322,348,48
7e1a9489-4012-4892-a03d-3ac032160868,OFC8342,Rangareddy,Birth Certificate,37,25,856,576,280,40
99134bd9-2215-40e9-8cef-b888db232f6f,OFC9260,Pune,Domicile Certificate,18,147,918,881,37,48
63d55165-2d22-456d-97d7-995bdb812aec,OFC5379,Mayabunder,Death Certificate,17,103,417,278,139,45
db20b2be-5e74-4e3a-8d06-d8b3e38188d6,OFC7359,Coimbatore,Marriage Certificate,12,111,854,688,166,45
1ce13234-2c9c-4197-8954-0c701e08083f,OFC5695,Alwar,Death Certificate,23,21,121,51,70,40
568deaf7-11cc-438b-acd7-22f0d33359a1,OFC2166,Havelock,Income Certificate,19,140,930,46,884,48
5928d9f3-f90f-47f1-b2bc-0edde1c453e6,OFC5956,Vellore,Marriage Certificate,18,96,453,112,341,35
e16fda27-a7c6-4f8a-a4d7-f54451dcc58b,OFC8476,Aizawl,Caste Certificate,34,75,417,351,66,40
84c2782c-18b7-4fd6-b350-fab938de1f4c,OFC7983,Margao,Income Certificate,27,68,779,33,746,48
305502e9-cf5d-4f22-a9a4-381134c72793,OFC1027,Asansol,Birth Certificate,8,118,632,140,492,45
86444473-7c0f-41bc-b021-41bd09f1ee99,OFC7198,Kanpur,Caste Certificate,25,52,891,251,640,48
878a7b61-c49d-4628-b89d-c0aad4e6a101,OFC4616,Shillong,Caste Certificate,15,63,280,277,3,40
682d9e24-5910-48d6-99e9-f56d7904191d,OFC4829,Margao,Domicile Certificate,36,41,965,408,557,48
87ca6adb-3be5-4d76-aa83-ef19e9f320a0,OFC7041,Jowai,Domicile Certificate,12,37,595,559,36,48
894bf1fa-28d7-40c3-9867-f9a60a7e7272,OFC1223,Mokokchung,Caste Certificate,27,97,622,398,224,40
a2a81b1c-cbd8-432d-9cbb-5f5b1dc5e01e,OFC8357,Gulbarga,Income Certificate,44,50,889,367,522,48
a6c2fc83-77e7-466f-ae86-d830c44938f3,OFC4388,Varanasi,Domicile Certificate,36,16,342,233,109,45
71136c5b-83ec-4b0c-b420-f7b6d0edb450,OFC2987,Tawang,Income Certificate,14,164,369,333,36,45
bce7531f-024b-4eb0-a556-d54778bee5d5,OFC3489,Kailashahar,Birth Certificate,27,73,625,80,545,48
d8ce7b0e-7f71-4a36-9c34-32a85dabc2a8,OFC2518,Tiruchirapalli,Birth Certificate,6,35,594,559,35,48
6d22d10d-9e52-4c96-9607-0098acc2355b,OFC7207,Deoghar,Caste Certificate,43,99,105,50,55,35
9718c002-7545-4500-b4f8-7c3a7fc98fbf,OFC1511,East Delhi,Birth Certificate,15,99,363,223,140,35
342debc6-667a-46c3-8cf3-910e636b5d24,OFC4176,Agatti,Marriage Certificate,31,114,179,157,22,35
0923fa0b-cda2-44d3-911b-991184d5f046,OFC3336,Howrah,Birth Certificate,42,151,437,57,380,45
6b9ae38c-8749-4328-8ba8-40bfc062b893,OFC5394,Nagpur,Marriage Certificate,5,152,909,380,529,48
0a87be11-6579-4a5a-a6a4-aadb6001e1e9,OFC4058,Thoothukudi,Income Certificate,30,136,519,206,313,45
5f703bb5-bb70-449f-bffe-18bffc5b13ec,OFC9774,Gulbarga,Income Certificate,21,127,758,449,309,35
1fa28da2-9ff1-4d17-9a9e-b47480648d52,OFC8155,Gandhinagar,Income Certificate,28,147,696,47,649,48
a99ecc1f-c750-487c-93cf-3315ee599762,OFC2559,Jamnagar,Death Certificate,16,124,747,450,297,35
134b9c23-33a4-4d69-9719-ff5f6263fdc0,OFC5308,Dimapur,Death Certificate,29,107,956,239,717,48
78ace363-34c8-4c93-8002-611f33d90b93,OFC2338,Jalandhar,Domicile Certificate,16,161,225,175,50,40
a6c0cef8-ab8c-45b7-bde1-bd2b1e00617c,OFC8258,Sagar,Death Certificate,43,87,770,748,22,45
e2411705-791b-411a-8858-d3c59de5d631,OFC5619,Bareilly,Domicile Certificate,38,136,642,149,493,35
a8705c89-a845-48ba-ba83-d5939343aa95,OFC5387,Agatti,Domicile Certificate,20,56,595,111,484,45
84fbef14-d297-4d37-91cd-6b59a53336ab,OFC6213,Patna,Income Certificate,39,146,536,424,112,45
4c8a1544-d2b6-4571-a8ed-279275ab008e,OFC5165,Mangalore,Domicile Certificate,14,116,623,94,529,48
d5f2c914-aa4c-45f5-a901-48774eae0a2c,OFC6528,Jabalpur,Birth Certificate,10,124,689,323,366,45
e64cc5bd-9062-4d9a-bf2d-06185043369a,OFC8248,Kolkata,Marriage Certificate,12,126,126,81,45,40
3a0210e8-64d7-46ad-80dc-4cfb6426664a,OFC5141,Dibrugarh,Caste Certificate,46,166,940,220,720,40
1060a3bd-22d2-4b5e-9432-19e6b043d6b6,OFC8556,Dharmanagar,Caste Certificate,33,122,897,453,444,45
d9dcd4f0-f901-48fa-ae1f-1a9ce578e2fe,OFC7150,Mumbai,Income Certificate,36,120,301,282,19,40
2fa5070b-70da-41a8-8243-d7388dcd1e14,OFC4137,Dharamshala,Death Certificate,34,164,737,311,426,45
f7dfdd74-1d90-4953-9ede-7602e73c58c0,OFC9124,Varanasi,Domicile Certificate,31,85,713,435,278,48
1efaae01-3050-4f5e-951b-46439a477918,OFC7753,Churachandpur,Marriage Certificate,22,128,636,618,18,35
dd2f49f6-7c50-48f8-b0c1-05bc27c607cd,OFC3929,Jowai,Caste Certificate,31,80,744,485,259,40
b0fbf9e4-b658-42f3-8121-18cc6d989d9e,OFC6335,Arrah,Income Certificate,36,62,101,50,51,35
e60d5908-16a5-48b0-a497-36f568c6f2cc,OFC8828,Mahbubnagar,Caste Certificate,6,104,660,57,603,48
d08dafdb-18bd-4b99-a2f7-135868d23c2c,OFC9881,Khammam,Birth Certificate,14,121,800,586,214,45
6522aee7-028e-4ad6-9b21-a7e264031307,OFC3669,Rewa,Death Certificate,35,30,165,91,74,40
4542f41a-86c5-434f-8690-c0e58834b5bb,OFC4864,Malda,Death Certificate,13,18,562,30,532,48
70e459f3-a13a-4356-826a-cbf0f3dcde3d,OFC9700,Dibrugarh,Marriage Certificate,32,30,607,456,151,35
9a7e6814-e828-4657-a634-ad784934b7d9,OFC5735,Thoothukudi,Birth Certificate,10,30,449,288,161,45
d73eaf43-ef75-4a24-9fd6-3aa626b0ec1f,OFC5075,Havelock,Birth Certificate,17,136,854,162,692,48
93a30806-4c2f-4ae3-8bab-c198b09bcd75,OFC7214,Roorkee,Domicile Certificate,17,27,966,668,298,48
3c2cccf2-9843-4dd4-8e9c-416c9302fa00,OFC4240,Kanpur,Income Certificate,30,118,605,540,65,40
a83f0d2f-3d15-40a4-8c9f-f862d8c3b62b,OFC1092,Thane,Death Certificate,31,61,89,43,46,48
a2aa4290-bc63-468b-9221-37b7135756ee,OFC6425,Hubli,Income Certificate,19,124,797,282,515,35
355d7b2f-bccd-493a-991f-324b60ead718,OFC9630,Srinagar,Marriage Certificate,47,46,946,97,849,45
37488f4e-9009-43a6-8051-078c001caa7d,OFC5931,Panaji,Domicile Certificate,36,99,778,497,281,40
39e13c4b-655d-4577-a03e-10e5f470a046,OFC2173,Gwalior,Domicile Certificate,34,133,215,193,22,45
4945a6d0-2d92-4a5f-9845-beb3c30aead0,OFC7779,Ranchi,Caste Certificate,13,80,583,548,35,35
2c5b5177-aa09-4a09-ba40-e277a245cc29,OFC8934,Dhanbad,Marriage Certificate,42,128,152,128,24,35
6eaf7a92-c8e9-4d21-a3d8-69619bbb2c00,OFC7402,Tirunelveli,Domicile Certificate,27,74,998,945,53,45
139079ba-99e6-4745-97ba-5f5e8e883788,OFC8816,Shillong,Marriage Certificate,38,139,95,86,9,48
9e45f05f-2282-4a0d-b783-1e51cdf9c91c,OFC6996,Kohima,Income Certificate,40,149,347,202,145,40
9302e1e2-b312-4258-91d2-076f402f105a,OFC6611,Baramulla,Domicile Certificate,33,93,418,63,355,45
8ba592b4-d1f7-419c-9190-c9f6b67fbf19,OFC3641,Itanagar,Death Certificate,37,150,371,97,274,35
161231d1-96a1-4fbd-8c75-559bec0017a6,OFC9712,Pune,Marriage Certificate,30,72,140,66,74,45
f5f9ee7b-076e-46d0-bfce-4d83e1a61e9d,OFC2846,Bhilwara,Income Certificate,43,39,88,88,0,40
cf4d95cf-9e23-4f1b-8b22-f371dac0ef1b,OFC9298,Kavaratti,Death Certificate,41,40,271,72,199,35
8551e6d5-4295-43c9-a458-46874e339bb3,OFC7990,Bikaner,Income Certificate,36,60,674,446,228,40
9f7221e5-3f5a-4b6a-a435-52fc5b50bb34,OFC7383,Solan,Domicile Certificate,50,30,217,89,128,45
36bf016a-378e-4829-a93d-529b183acacd,OFC9519,Alwar,Caste Certificate,27,28,754,151,603,48
975538dc-7aed-4ad2-bcc9-987c9c9a2a42,OFC3968,Malda,Income Certificate,42,63,365,275,90,35
4edb10c8-0f26-4485-9393-f81daa0d3e68,OFC6445,Ranchi,Caste Certificate,20,45,449,374,75,45
3662deee-31bd-46df-9cce-8ee97d08be30,OFC6232,Kailashahar,Caste Certificate,28,167,571,543,28,35
c8180fde-0ebf-4bdf-94be-d0ae42ad85a2,OFC8984,Varanasi,Income Certificate,15,107,623,93,530,40
9b85516f-76f8-4bf9-a167-3c1f84690f03,OFC1805,Bardhaman,Marriage Certificate,8,145,808,660,148,40
7549e37f-8225-4dc8-b8af-bcc82af8a4fe,OFC7525,Allahabad,Caste Certificate,36,161,811,301,510,35
709f3f94-ce82-4aca-9c8b-be1481912352,OFC5514,Begusarai,Birth Certificate,25,60,163,85,78,48
696f899c-58cc-4f5c-8d55-3be677860baf,OFC6591,Roorkee,Death Certificate,17,177,507,93,414,40
37e6e438-a4c0-4b4a-b111-7680f842291b,OFC1874,Agra,Caste Certificate,36,70,121,106,15,45
0a405ca8-6163-4b96-b470-578125dc2901,OFC1300,Sagar,Income Certificate,44,159,601,146,455,48
3fd46c5a-7ae6-4ca1-8936-27209cf96d98,OFC2814,Kanpur,Caste Certificate,50,17,999,418,581,40
57363f04-c3fb-40ca-b59d-c8123c4d4414,OFC1187,Haridwar,Marriage Certificate,11,25,342,132,210,45
bdb9fecd-f99f-4768-bc50-2e8f9d5dc995,OFC8440,Jabalpur,Income Certificate,16,124,653,549,104,48
89fe5350-502d-4484-a67f-b3e5208ab6f3,OFC2288,Guwahati,Income Certificate,28,71,423,69,354,48
f9d03486-a2b8-4e73-920e-45b15e95f5f6,OFC6635,Champhai,Income Certificate,13,106,765,497,268,48
c36d542b-d461-4a6c-94f8-aa75f195b9b0,OFC9244,Jammu,Death Certificate,10,84,162,107,55,40
d71c88c1-9d58-497d-9895-4eea348acac5,OFC3600,Chandigarh,Domicile Certificate,30,129,386,120,266,40
15169c51-8d1e-487b-8df7-092a5f86a5b2,OFC6706,Gulbarga,Marriage Certificate,34,173,97,68,29,45
4d2ddebd-15df-4663-a1bb-deb15f9d70c1,OFC4322,Bikaner,Caste Certificate,18,178,73,56,17,48
7c52549d-ee0b-4b2c-8674-676c3a414526,OFC1113,Agra,Domicile Certificate,31,115,613,571,42,45
bbd8d076-0b92-4558-b977-608c3fe38a65,OFC8501,Agatti,Marriage Certificate,13,159,400,208,192,48
dfa4a998-ff30-4a57-87fc-17515babd9bd,OFC6438,Solapur,Death Certificate,33,152,652,136,516,45
4f77bd84-2f90-46da-a7ea-4f29c20042e0,OFC6233,Karimnagar,Income Certificate,50,25,967,884,83,48
10ca489e-bb1b-4349-929b-967ff663e4e0,OFC7307,Mahbubnagar,Caste Certificate,14,146,406,140,266,48
cba6206d-6d99-47e4-8d8a-db02550b14f9,OFC2808,Siliguri,Birth Certificate,41,116,448,316,132,45
6e99ba17-2360-4e17-9603-284b933534a8,OFC2265,Tura,Birth Certificate,40,152,833,292,541,45
bc22c53b-5a68-4459-ad2a-23d270c61173,OFC6058,New Delhi,Caste Certificate,9,146,351,36,315,40
650379d2-e61d-4160-a55d-a18d49cd1cb5,OFC3280,Jalandhar,Birth Certificate,47,77,183,63,120,48
df2593ef-befe-40de-be6f-a0de9506bf52,OFC6767,Kota,Death Certificate,49,57,244,94,150,40
c33682e7-4abd-45c9-ab99-899b9de1a373,OFC5451,Jaipur,Income Certificate,37,121,193,156,37,35
263911ff-a27f-4722-b68e-5b26247939a5,OFC6661,Serchhip,Caste Certificate,27,174,648,333,315,40
29e474f2-7ca1-4cf6-b117-e7b60d247721,OFC9691,Deoghar,Death Certificate,49,54,652,140,512,40
23ed078d-8c42-4f40-83ca-edca65eaabca,OFC3277,Medinipur,Domicile Certificate,45,87,970,879,91,48
762e9078-99a7-4b9e-ae53-880bb36ba0d0,OFC1256,Agatti,Income Certificate,5,144,976,583,393,48
286e7068-a764-4163-8904-1d3825bc2729,OFC6698,Rewa,Caste Certificate,41,168,113,40,73,48
4a708bf4-f4e9-44ed-8f7e-541256b05908,OFC7573,Guwahati,Domicile Certificate,26,26,542,341,201,45
c6d216d9-a817-4cae-942d-479678116d9a,OFC1105,Bikaner,Birth Certificate,43,46,964,942,22,45
f72b665c-35ba-4716-9d68-2cee910bbb88,OFC4636,Mahbubnagar,Death Certificate,43,40,693,202,491,40
a6a8e335-7d9e-478f-a011-8557f7517787,OFC8268,Naharlagun,Birth Certificate,8,120,507,72,435,35
d8356efa-f718-4a13-ba49-265c893d1ac3,OFC8467,Dispur,Income Certificate,27,122,912,440,472,35
6bf4283b-0a5b-462d-9227-0baa8bc0735e,OFC4032,New Delhi,Death Certificate,14,122,339,223,116,35
32779111-36df-4ddd-867c-33939eeb5452,OFC2087,Dimapur,Death Certificate,42,106,585,255,330,48
713a18fa-0a81-40b0-8655-3c9fdaaafacb,OFC4632,Allahabad,Caste Certificate,5,100,640,336,304,48
3497e543-950c-4c74-9931-16a0ad1c931a,OFC4472,Malda,Caste Certificate,26,91,879,497,382,45
a5f278d0-b07b-4c18-ae0c-0fd7e08ea858,OFC1650,Gandhinagar,Income Certificate,35,29,873,119,754,40
ee8064ec-b1e3-4c4e-9fb8-7467da7c463f,OFC9816,Ludhiana,Death Certificate,41,161,120,71,49,40
aa984481-8e4e-4be1-8c56-c59760a9aede,OFC7385,Dharmanagar,Death Certificate,47,173,597,32,565,35
a62f9403-d49e-4186-b417-ddd0e84095c8,OFC8955,Ramgarh,Marriage Certificate,44,84,330,163,167,40
304f8f20-1713-43dd-845e-e6652347e9be,OFC2727,Bhopal,Marriage Certificate,21,51,603,374,229,40
95342b53-745a-471d-b306-cd07e48fedba,OFC5971,Manali,Marriage Certificate,12,22,745,224,521,35
eb874019-ad4f-4d27-96c4-ade5213bd91a,OFC9823,Kavaratti,Birth Certificate,24,42,714,656,58,40
7b7b7a26-dc55-4b30-be08-c5087cc8c5df,OFC7162,Giridih,Death Certificate,41,68,448,163,285,35
d9a9367f-a6b4-453f-8f56-a0e675608204,OFC6857,Sagar,Income Certificate,5,175,706,661,45,40
74e5d335-9538-4e45-9676-f5e998bfe699,OFC2905,Nizamabad,Marriage Certificate,22,43,421,335,86,45
4331db1b-97e3-4eb7-bdf5-078ee5ef4edf,OFC7012,Rewa,Death Certificate,15,62,56,40,16,35
8ba4dadd-332b-4614-bda3-a29ff703940a,OFC7664,Port Blair,Caste Certificate,26,123,827,693,134,45
6881e53a-9be6-44ff-8136-06a88d74d13d,OFC7075,Solapur,Income Certificate,48,155,144,104,40,45
5913a4cc-8a08-4fb2-bc80-c8c05480212c,OFC7268,Kolkata,Income Certificate,44,105,571,409,162,35
2bb5634a-40e8-444c-bb31-4d92a1a0729a,OFC3960,Nizamabad,Domicile Certificate,12,36,791,272,519,40
428f1c74-55ce-488b-8137-a3d0bb59ff65,OFC5876,Serchhip,Birth Certificate,11,135,791,752,39,35
32c4c44d-1305-42f7-8e37-53d036a3457b,OFC4349,Mandi,Death Certificate,39,27,181,128,53,35
9ea2eff4-e1ff-4c09-84fd-bf8d62223336,OFC8296,Gangtok,Birth Certificate,30,152,949,926,23,40
05b4df7c-724d-49a2-b218-7de4eeeafa19,OFC5349,Dimapur,Birth Certificate,20,147,470,176,294,35
cebcefc7-23c5-44e0-969c-95e54d6102b3,OFC5931,Dharmanagar,Birth Certificate,46,163,439,182,257,35
d11a9637-5e62-4f38-84ff-7b917d96e835,OFC9486,Giridih,Birth Certificate,28,123,117,111,6,48
ecbe54f1-c325-4ff7-b5e7-137760008e68,OFC9373,Nagaon,Marriage Certificate,23,143,758,504,254,35
41199a01-117b-4ee3-9b2f-b2022d2e0c4d,OFC4488,Minicoy,Income Certificate,46,169,774,529,245,45
fe8cd826-9b74-4ea3-9adc-0a8f536c9b0f,OFC6046,Tumkur,Domicile Certificate,9,109,819,193,626,35
0d045714-f9e8-4aab-a61a-976e5fadd7cd,OFC9029,Kavaratti,Domicile Certificate,34,84,955,232,723,40
a80afbe9-374e-4f17-bd76-c3af11b49085,OFC6599,Jorhat,Birth Certificate,16,157,143,41,102,45
71fbe20b-907c-4919-926d-613b443f785b,OFC8536,Agra,Caste Certificate,36,148,852,622,230,45
cb13dd0d-9654-43c8-af0c-52977acfd6b8,OFC6285,Mahbubnagar,Death Certificate,12,120,895,294,601,35
5c5c73a3-9f94-4d20-b2be-c957abae5405,OFC4550,Dharamshala,Domicile Certificate,36,137,584,45,539,40
5b1b6621-f34e-4249-a0fd-93987d868db5,OFC7902,Coimbatore,Domicile Certificate,27,75,818,648,170,40
96ffe3aa-3399-4201-86df-796c028631e4,OFC3098,Thoothukudi,Caste Certificate,50,131,750,344,406,40
36de32b0-ff90-4927-8320-cb443fc81aa1,OFC5805,Nongpoh,Caste Certificate,36,67,523,370,153,48
619ce044-e516-4d3e-9cd1-94f7ebfacf69,OFC6081,Jorhat,Income Certificate,50,146,72,63,9,35
7cae295c-b5ac-4730-900b-8e7d765d9cfd,OFC2492,Minicoy,Domicile Certificate,46,18,833,642,191,45
2e4acd22-1dbc-46eb-8186-64d6c8eb4efd,OFC6094,Gaya,Birth Certificate,5,173,146,50,96,35
45f40844-a7ec-4209-b3bb-0e323c2c80e5,OFC8321,Namchi,Marriage Certificate,8,103,371,103,268,48
bb6c1631-93da-4002-a031-9f465ddfb1bd,OFC7735,Junagadh,Domicile Certificate,17,136,380,318,62,48
b93d7c79-04d1-4192-95c8-88fa0ce66068,OFC5138,Anantnag,Caste Certificate,16,59,612,479,133,40
79159611-5862-4df0-8b50-d0a2d490a8c1,OFC1599,Jamshedpur,Domicile Certificate,17,38,473,466,7,48
d64aa256-7384-47ec-a989-c647bed3568c,OFC5438,Haldwani,Marriage Certificate,19,112,969,697,272,35
368050e0-c0f3-466a-b9fe-8ee2e5217d31,OFC1071,Bareilly,Income Certificate,25,74,973,437,536,48
975f2cdc-047c-4fae-b6b6-7752e849df32,OFC8641,Nanded,Income Certificate,19,67,767,33,734,48
b7a3246d-5d52-4512-83cd-558ce527343c,OFC3764,Dharamshala,Birth Certificate,11,168,100,47,53,35
fff48e03-c5f2-4c1b-98a5-5cd26bf7b489,OFC1141,Nashik,Death Certificate,21,39,413,219,194,48
2622d19e-46aa-499e-9835-c4cc85f2e4d8,OFC3498,Varanasi,Birth Certificate,29,121,415,153,262,45
b311c48f-a275-4405-85e9-c7c2089e799b,OFC7322,Nagaon,Marriage Certificate,9,136,998,84,914,40
12fc7d31-b16e-4e8d-96f4-0c97ff40c0f6,OFC3372,Shillong,Marriage Certificate,18,48,806,800,6,48
7e68ae10-450a-44e0-8b01-1b4f93fffa93,OFC7993,Dharamshala,Income Certificate,21,179,604,420,184,35
e1b8db6f-d214-412c-b3b8-ca796d6a709e,OFC1314,Delhi,Marriage Certificate,16,45,928,65,863,45
f1dd81af-3d91-4684-85fd-e152eefdfd14,OFC4594,Allahabad,Birth Certificate,15,138,475,269,206,40
021b17ae-168b-4f52-a64a-779002ac9ce5,OFC8848,Pathankot,Death Certificate,7,68,669,240,429,45
5fac083f-c7ba-41b7-9e18-3a000bda2995,OFC9126,Malda,Marriage Certificate,47,39,902,274,628,40
80c05f9e-b727-4bc0-aba8-c78438a43a00,OFC6636,Itanagar,Death Certificate,27,95,290,78,212,45
1025c9e4-c5d1-4151-b31d-a0b53631eb6a,OFC9497,Mangan,Income Certificate,50,140,119,98,21,35
fcb05556-5aaa-4eb0-b3a8-fad62511f941,OFC6256,Salem,Income Certificate,8,156,342,213,129,40
99db9809-68c5-43ea-b533-3ec18ae640bc,OFC6255,Mangan,Caste Certificate,16,119,582,281,301,40
339accac-17b6-478a-9af5-b552969c1948,OFC7309,Karimnagar,Death Certificate,26,169,753,560,193,40
c61d39a0-ea11-46ea-bcee-49fe9a5f6ae3,OFC3613,Ramgarh,Caste Certificate,5,115,909,772,137,45
d8418807-4868-4c26-8b8f-6e5f5db06125,OFC7640,Dispur,Domicile Certificate,9,169,823,722,101,40
0ca9af39-4080-446b-8387-094748d74a62,OFC9913,Kathua,Domicile Certificate,19,117,260,241,19,35
53f5517e-4c02-481d-bb2a-b0c96a47af29,OFC6346,Ranchi,Domicile Certificate,45,112,668,418,250,35
b6097f68-dbaf-4e5d-be88-f28a5ba0e0ef,OFC7808,Mohali,Birth Certificate,28,137,307,91,216,40
49649652-6a11-40ab-9ec4-52c04c88230b,OFC3483,Tirunelveli,Birth Certificate,43,139,662,386,276,40
b940696d-b1f7-4306-bdc0-273ced61c579,OFC4517,Ratlam,Domicile Certificate,27,161,214,35,179,35
945c555b-26ef-4250-9b2f-954e35a4dbaf,OFC1381,Junagadh,Caste Certificate,47,149,531,264,267,35
6e4db944-53e7-4312-99b2-276e21f2eb61,OFC5975,Anantnag,Domicile Certificate,12,110,535,98,437,40
898139ad-1c28-4e73-b63c-e144f8eee8c6,OFC7290,Churachandpur,Death Certificate,41,80,122,117,5,45
21d43a75-242c-45ac-91a8-e408c9636660,OFC5048,Darbhanga,Birth Certificate,33,29,998,694,304,45
b0c1f530-530f-4eb5-976f-fab10fe8937f,OFC9277,Mangalore,Caste Certificate,16,170,632,302,330,45
4e62fabe-3ed4-4831-bdbe-7ae47048a828,OFC1444,Kolhapur,Birth Certificate,41,25,919,158,761,35
817f0a67-68e5-4641-afe9-6c863e7450ce,OFC7375,Bhilwara,Caste Certificate,23,86,458,275,183,45
779a10b2-2aec-4bdc-bc4e-87b1c7e9cff5,OFC6934,Dhanbad,Caste Certificate,21,105,268,194,74,40
d355beeb-a26a-43e1-981c-f13249a56928,OFC5470,Junagadh,Death Certificate,13,36,637,604,33,35
d71fd656-9c69-4ccf-a48f-c05e613feedf,OFC4597,Jammu,Birth Certificate,8,78,146,46,100,45
7d885247-31d2-4b10-bf53-e851776fc2b0,OFC3800,Durgapur,Income Certificate,45,87,273,108,165,48
472e675d-9bb7-42ba-b84b-ebbb24da8e83,OFC5597,Thoubal,Caste Certificate,10,162,311,174,137,40
fc9957eb-af7a-4d73-ad6d-d18d2539b7ee,OFC4581,Deoghar,Income Certificate,36,113,265,249,16,35
c8e6fa28-f0de-4d53-baf6-1c878799a583,OFC4708,Bokaro,Death Certificate,40,46,285,116,169,48
de061467-6525-4be2-b237-ba501a604038,OFC6417,South Delhi,Birth Certificate,27,98,962,373,589,35
e5f98908-c38b-446e-b877-25b5145ff4ee,OFC6435,Central Delhi,Caste Certificate,49,51,88,55,33,48
fe44b07d-de36-41c8-9e23-06071c932d7d,OFC1342,Rudrapur,Death Certificate,6,39,264,264,0,45
9fdf3524-7c5d-42a8-b645-1c7e70e9445d,OFC3725,Bareilly,Caste Certificate,44,124,428,161,267,48
b7fdf609-757d-4e29-843d-146498bd7b89,OFC1588,Nagaon,Caste Certificate,47,113,518,109,409,48
e9c9646b-cc65-439b-9f81-6cf934530ce1,OFC8271,Namchi,Domicile Certificate,29,95,394,352,42,45
c58cc0d9-a937-4cfe-a2b6-7ba28129481b,OFC8885,Churachandpur,Domicile Certificate,23,176,268,94,174,45
91ea5614-1703-4b67-b911-db03e1b85119,OFC7578,Nashik,Marriage Certificate,10,84,474,374,100,35
5b77dc94-b09a-4156-863b-6e3aef3b1bb8,OFC7610,Jaipur,Death Certificate,22,76,438,277,161,40
8578d9e4-6f16-46e2-a554-7c79f9f2d06e,OFC1604,Gwalior,Death Certificate,46,32,563,214,349,48
5ab5f60e-30e3-4665-afe5-e9e295868d34,OFC2031,Kashipur,Marriage Certificate,35,23,170,119,51,45
7b8caa16-9ff5-4f60-b192-23e4baebb3e1,OFC8578,Udaipur,Death Certificate,18,126,137,73,64,45
d441b790-7a1a-4ed6-bcae-26d8f27e94a2,OFC7637,Udhampur,Caste Certificate,35,103,684,591,93,40
c4e00d0d-3ef0-42db-8852-87d129499be7,OFC2253,Rangareddy,Death Certificate,22,103,837,559,278,35
73013883-7d87-4ac2-a2d8-acd9c56e5d69,OFC5223,Gandhinagar,Domicile Certificate,14,168,905,836,69,40
bcaa922b-70b9-4add-99cc-17af23f550d9,OFC4698,Amini,Death Certificate,15,118,982,781,201,35
dcd94d46-4171-42ca-8018-1d6414922c45,OFC9757,Bangalore,Income Certificate,43,162,149,75,74,45
c34a16ee-a7c9-49b2-9f6a-55ccd3d927bd,OFC6306,Haridwar,Domicile Certificate,5,118,600,543,57,35
640ed541-9871-4400-84c0-3052a9027eb6,OFC8204,Shimla,Death Certificate,46,117,895,316,579,45
8c1e5190-8505-4752-ab5b-9acd4a7e2f2d,OFC2708,Vellore,Birth Certificate,31,24,772,549,223,45
f8ac9656-fd16-4fb7-a380-6dac29397e11,OFC1634,Tuensang,Income Certificate,14,100,80,78,2,35
74be7868-c98a-4b68-9765-3b3170c57126,OFC7960,Haldwani,Marriage Certificate,19,176,575,87,488,40
1f2b21f1-7606-4b0e-99ea-e10cfd224810,OFC8024,Roorkee,Domicile Certificate,12,65,898,143,755,35
0b41718a-9d12-4fe4-b069-1fdc0790be40,OFC7079,Pasighat,Death Certificate,15,131,67,65,2,48
85c4a9c5-ec27-4e7d-9ee8-b63ed70670f2,OFC8975,Jabalpur,Caste Certificate,12,146,662,130,532,48
c0f5f261-a01e-4f10-b417-fe8c686f4584,OFC3436,Satna,Income Certificate,32,110,429,79,350,35
c716a79b-098a-4fd6-81ef-1e74a87e5cd2,OFC8923,Giridih,Caste Certificate,17,34,747,208,539,40
0b9008a2-1aaa-4a50-b428-03b667e88581,OFC5235,Pasighat,Marriage Certificate,41,93,921,634,287,48
ee9ca148-7b42-4acb-912d-608d862869f1,OFC4193,New Delhi,Caste Certificate,46,138,834,85,749,40
068d9a00-6a1b-4c39-bbea-cd2330cad5f3,OFC7842,Gwalior,Caste Certificate,36,152,103,94,9,35
b13ded8c-218c-4b7f-8f41-1dfe7743952f,OFC8951,Imphal,Birth Certificate,42,92,887,298,589,48
05f2b78f-f6fe-4684-b506-cfa01b9d1317,OFC4240,Jodhpur,Marriage Certificate,43,53,680,346,334,45
c248f6d3-1ad2-442f-8ace-5aec8d451aaa,OFC2446,Nashik,Income Certificate,40,36,314,48,266,40
8ae57b25-82ef-4374-b7dd-ba9e7e1616eb,OFC3243,Mokokchung,Domicile Certificate,29,40,671,638,33,48
9ea45fc6-e431-48f4-9536-d9dd59938f03,OFC1699,Muzaffarpur,Birth Certificate,41,128,584,37,547,35
40a872ad-91b3-4a2f-a696-e531ee4066c7,OFC3906,Minicoy,Caste Certificate,43,28,279,258,21,40
dced8adf-89e8-4309-a1db-2dd3cd1c1528,OFC2177,Patna,Death Certificate,41,122,488,214,274,40
4281e564-ad83-491c-b749-fe60eee0a2e8,OFC8462,North Delhi,Domicile Certificate,37,96,959,264,695,45
3f34d478-a545-4a77-9e98-b4a46f45ab87,OFC3585,Panaji,Income Certificate,14,87,507,309,198,45
eb869425-d8a9-47be-995c-b2bd6e43a772,OFC9703,Giridih,Death Certificate,36,110,526,90,436,40
cc96776d-e751-43b8-840a-9764e2664367,OFC3706,Bhavnagar,Domicile Certificate,24,153,848,571,277,35
b6dbd9a8-3432-43a0-94a0-3db9a03cdb42,OFC9177,Gwalior,Domicile Certificate,7,86,702,199,503,35
93df0714-54a0-4586-a04c-e50bac83beec,OFC5907,Adilabad,Income Certificate,48,165,625,134,491,48
1868c73f-1e89-4be2-a3eb-60472b48542f,OFC9128,Pune,Death Certificate,47,34,401,219,182,40
7e05667f-cfae-4a3a-a533-02908f016c5f,OFC5312,Delhi,Marriage Certificate,34,166,531,184,347,48
837d7855-6bcb-4d40-8c3b-a79c8d2838e7,OFC9461,Kullu,Caste Certificate,27,144,989,223,766,48
b41c73cf-39b5-4f84-9e7f-b2d865587099,OFC5608,Kavaratti,Marriage Certificate,23,170,193,176,17,48
ea0dafe2-4c79-443a-b451-a5450f503354,OFC3072,East Delhi,Marriage Certificate,28,138,201,179,22,45
02fecdd5-e49c-4d17-a117-58cfb9077e31,OFC7287,Serchhip,Marriage Certificate,10,179,695,265,430,48
3c0ae4ad-3d68-406f-9d0c-749966de87b6,OFC4498,Chennai,Income Certificate,41,134,908,51,857,35
396f41f6-38bf-4e83-9df7-99d06dac33bf,OFC7965,Patna,Income Certificate,29,60,262,163,99,40
7490f245-a364-4039-8f20-6cea06d74edd,OFC7072,Tumkur,Death Certificate,42,47,803,495,308,48
a60ab262-fcf1-4525-b9db-3c276592c8c0,OFC9068,Pasighat,Death Certificate,18,171,128,89,39,48
adb5c8f4-ca12-4533-9c5d-ec1d7f6f8ba3,OFC4562,Kota,Birth Certificate,31,58,89,43,46,35
6cd606c9-cd66-4570-bfd3-9802523fcffc,OFC9841,Belgaum,Marriage Certificate,40,99,971,524,447,35
87382173-d723-4a7a-8ea2-7af46608eb39,OFC1376,Malda,Caste Certificate,31,33,170,125,45,48
91c8cdc8-cb62-497a-899f-a895fa22231a,OFC1922,Manali,Death Certificate,6,62,92,36,56,35
85eb4681-39d4-494e-a37b-63a1037c963b,OFC1947,Nongpoh,Birth Certificate,39,73,826,395,431,48
bb0dcbe0-11ee-4f72-8f26-f2c886ded856,OFC7010,Kolhapur,Caste Certificate,21,32,980,170,810,48
42fcddbb-9715-473b-88bb-60be27b10743,OFC9670,Madurai,Marriage Certificate,44,95,433,144,289,45
03fa1f44-9f78-4878-9ced-d5ad42e55674,OFC8932,Gulbarga,Domicile Certificate,49,143,965,134,831,40
23cc8dbb-f747-40c2-86b0-f0daa9c0160a,OFC9429,Hubli,Death Certificate,43,24,860,221,639,48
bc3cb189-ea6c-4320-a761-b1ad2d3f7ba6,OFC1059,Surat,Domicile Certificate,39,58,454,158,296,35
567cfdee-3641-4f97-aaf1-ce27cb396682,OFC6451,Hubli,Domicile Certificate,21,148,347,342,5,40
a1152e13-42b4-4f69-a7e9-6edacd1d8d95,OFC9377,Dimapur,Domicile Certificate,36,42,776,181,595,48
3df824df-027b-458b-b56f-04a7cb39ee06,OFC7361,Thoubal,Caste Certificate,44,179,835,321,514,48
8fd633f3-715c-4e52-add9-63fa039ccf7e,OFC6657,Dharmanagar,Death Certificate,29,93,794,733,61,48
b8cbfd1b-e503-4816-b5db-d6703e658445,OFC1456,Indore,Caste Certificate,19,85,869,576,293,40
82fe4ad7-aad9-4656-be2b-9a41c3b56f4d,OFC6912,Karimnagar,Marriage Certificate,34,65,758,555,203,35
29660548-f396-4626-a8f5-1a3bf5a627ba,OFC6726,Tuensang,Domicile Certificate,34,176,835,625,210,48
d9034e0b-0971-42f6-a5d3-485991eb2f84,OFC7993,Dhanbad,Birth Certificate,46,158,927,80,847,48
0f9128aa-7c69-4baa-baa1-1f42625dfe9e,OFC9350,Gulbarga,Death Certificate,20,37,382,339,43,48
0b5fe0c5-41e8-4c0c-93d7-adb88231eb74,OFC3194,Nanded,Marriage Certificate,38,57,509,494,15,45
112eb887-8dde-431c-a7d9-0ff1b49d0179,OFC9281,Anantnag,Caste Certificate,46,127,120,95,25,40
094f0e11-befe-48a1-bc45-4f1a628c077e,OFC6595,Jodhpur,Income Certificate,26,172,617,212,405,48
e9b65328-cae2-433e-bf4d-91fb20c20ae6,OFC3545,Agatti,Income Certificate,41,114,496,371,125,48
35529844-3215-4e38-8e73-215beab39a18,OFC4240,Ajmer,Marriage Certificate,32,133,952,619,333,40
4dd6a4ad-2df3-4ef6-8132-4e1cd30597af,OFC5796,Roorkee,Domicile Certificate,24,81,617,589,28,35
4abe9baf-2f2d-4993-80d0-61489580866b,OFC4865,Erode,Birth Certificate,27,146,505,247,258,35
a4faada5-15f3-4998-9061-2457ae52caed,OFC5248,Rangareddy,Caste Certificate,6,35,757,667,90,40
616a2a9c-794f-437c-929f-4e04a171d83e,OFC7393,Dharamshala,Domicile Certificate,17,147,166,70,96,35
5530de7c-3c2f-4f26-8887-05a2fc5aaae1,OFC5135,Kolhapur,Domicile Certificate,15,62,213,160,53,48
8cde521d-7418-4035-98e6-bc3d0a2903e6,OFC8288,Tumkur,Marriage Certificate,33,75,968,927,41,45
dbfb0f5c-0939-4276-97d0-e9ffc2d2e05f,OFC7191,Jamshedpur,Birth Certificate,37,34,812,177,635,48
042a15b2-04cd-4457-8f66-7214ba471940,OFC6118,Nashik,Income Certificate,36,80,259,205,54,40
55a5c039-8ecb-4ad8-a9c4-a015d0937c3f,OFC1002,Tirunelveli,Income Certificate,26,83,129,73,56,48
5b34af0d-dd2a-42a6-bba8-7a5b500683d9,OFC7976,Bardhaman,Caste Certificate,27,154,66,34,32,40
d92d8b99-a681-4d54-a1e1-ee126031a666,OFC1174,Gaya,Birth Certificate,39,102,449,241,208,48
9ef9895e-14a5-4601-a982-503577b68590,OFC6560,Kolkata,Income Certificate,45,148,892,628,264,48
39464638-f019-4143-b819-d6437df45411,OFC5675,Hubli,Income Certificate,11,95,927,903,24,45
8acd6ac4-7c82-4bc9-9fe1-0d978a077e11,OFC6087,Medinipur,Birth Certificate,9,59,655,69,586,40
d02f631d-2a5f-4ff5-9e04-f029b9fae96b,OFC8581,Salem,Caste Certificate,16,173,885,592,293,40
903df950-33c2-4aae-b49a-5fca2fcf784a,OFC2808,Gandhinagar,Caste Certificate,16,121,457,242,215,45
7bd3bd87-7a11-4228-93ac-f3951f1e7243,OFC5782,Gandhinagar,Birth Certificate,44,115,772,253,519,35
53a61c68-4acd-4f7c-9657-a449c96c2876,OFC9222,Adilabad,Death Certificate,22,98,160,106,54,35
e1e0c768-50b1-45b2-ac75-7f0ee0061269,OFC8860,Belgaum,Marriage Certificate,17,141,681,274,407,45
76a99298-748e-4601-8f6a-5685521770f5,OFC9161,Purnia,Marriage Certificate,24,85,721,385,336,48
01061835-abb3-40d0-8605-f99c73be684a,OFC8386,Nongpoh,Death Certificate,32,29,67,45,22,40
f85ac328-3b4a-4ca6-bbfa-92bcb8079810,OFC9551,Manali,Domicile Certificate,16,62,802,763,39,40
fe0ff12d-55e0-4222-8ae8-3e92b7e9ddb6,OFC8825,Minicoy,Caste Certificate,23,166,708,263,445,40
2bb380bc-53af-47e8-9c93-5a7fa2ff2ea3,OFC6866,Mangan,Domicile Certificate,46,66,853,718,135,35
9a2767b3-2904-455b-9fbd-a73880919407,OFC6352,Rudrapur,Death Certificate,35,97,916,655,261,45
47fdca21-f3d3-49e0-a8a9-b7e14b0c0060,OFC1037,Haridwar,Marriage Certificate,28,18,809,299,510,35
c6fc3dd8-c0db-4858-8cb7-7cf2f3c2a7d4,OFC7208,Agatti,Death Certificate,38,123,355,329,26,40
82373a88-31ee-4eb5-8d16-fd030bcfc938,OFC7869,Kota,Domicile Certificate,30,74,448,402,46,48
29f4e272-c3c8-4a49-9f9f-13e66d8634ea,OFC5112,Vellore,Caste Certificate,19,145,240,165,75,35
7f94eb81-395f-4593-a52a-85ce5b09c206,OFC1269,Sikar,Caste Certificate,23,137,803,158,645,35
647a5791-e610-4ecd-8151-69cd6c00a374,OFC6261,Bilaspur,Birth Certificate,45,57,787,179,608,35
7b0979cb-100d-40fe-862c-6c532c7d0a81,OFC1475,Satna,Caste Certificate,22,62,640,459,181,40
ca331c58-de80-4841-9b9e-6be743cdc4ec,OFC8244,Begusarai,Caste Certificate,24,75,891,154,737,40
1f32954f-7965-4e88-902d-a0838d07a083,OFC9131,Dharmanagar,Marriage Certificate,49,135,597,468,129,40
a1a5cfa0-6179-4b16-98db-9b9fbc09f82c,OFC1054,Sagar,Marriage Certificate,41,70,938,276,662,45
8e087b60-0fcf-4703-8cde-2fd070e60e14,OFC9304,Nainital,Domicile Certificate,23,47,573,232,341,35
74b09419-40d4-4e47-acee-9c086d7f0258,OFC5689,Jamshedpur,Domicile Certificate,39,49,139,64,75,35
9decfc81-5c80-4c7a-99b8-672541d21892,OFC3588,Alwar,Caste Certificate,5,172,717,159,558,48
545a556c-7c60-4660-9da6-5cd2cbfeabf2,OFC6204,Ujjain,Death Certificate,17,23,95,69,26,45
cdb24d62-f212-4f1e-9a0e-4e4cd357d1f5,OFC4548,Warangal,Caste Certificate,27,178,569,177,392,35
8b8485c4-c2d0-449c-8e2b-c7b308f5f62f,OFC7823,Bhilwara,Domicile Certificate,29,25,398,114,284,48
85b4fcf5-ea48-46da-93e4-f8ae45cd6dde,OFC1319,Mayabunder,Income Certificate,44,54,172,54,118,35
1d69076a-6206-49c8-8674-a161208021a6,OFC8260,Mahbubnagar,Birth Certificate,48,61,747,403,344,48
cdb409ef-059f-408a-a10a-832e187bd06f,OFC6658,Nagaon,Domicile Certificate,22,149,964,905,59,35
4543f07c-72ba-49ed-99c9-29a36bf779b5,OFC2784,Aizawl,Birth Certificate,26,144,318,30,288,40
4b119eb1-0848-4621-a769-aa2e081cadc4,OFC2256,Ranchi,Caste Certificate,7,67,949,166,783,45
3f57090b-0e8d-476d-8f8b-135d242a7c55,OFC2893,Nongpoh,Income Certificate,19,56,960,136,824,35
f56d2e6a-28b4-4905-abe2-e95ba141e84c,OFC7839,Gangtok,Income Certificate,48,80,221,88,133,48
ce2029ac-76f8-4e86-ae9b-eafde495d67c,OFC5822,Thane,Income Certificate,18,72,377,201,176,40
fbf5d6a5-8272-4c6f-88e2-5b769399c196,OFC5982,Davanagere,Birth Certificate,19,59,246,129,117,48
b3c22265-72db-470e-a54c-ff768a34e11e,OFC7898,Udhampur,Death Certificate,16,83,246,75,171,45
1c644047-f457-4dfd-b1ff-b374b037a459,OFC7078,Ranchi,Marriage Certificate,35,68,316,112,204,45
2d914dde-3eac-4c61-810c-cab6a2ff62ca,OFC1404,Dibrugarh,Income Certificate,6,173,367,280,87,35
8b673a0d-2e5d-49bb-98a4-014cd1325bcb,OFC5963,Patna,Death Certificate,28,57,416,210,206,45
6bf6d001-320c-4d41-be9d-706b834972be,OFC7705,Belgaum,Marriage Certificate,23,87,770,258,512,40
b0fe6e74-3b7f-499b-a526-d8d024b70dfc,OFC8003,Rangareddy,Income Certificate,33,95,561,345,216,48
5dbb83de-eee0-473b-b870-25f115c08c96,OFC1366,Kailashahar,Marriage Certificate,19,126,464,427,37,35
1e8b714d-4524-4f94-ad8d-111a4dc5a29d,OFC6606,South Delhi,Birth Certificate,28,68,858,42,816,35
105aa109-4a4c-4017-986f-02cbacfdce14,OFC6253,Pasighat,Domicile Certificate,28,53,60,37,23,48
cb40eee0-3a9b-43ed-9dde-a0264af6cc0f,OFC7374,Namchi,Death Certificate,8,38,653,324,329,40
93e5d3bc-840e-4408-9540-952d4f4866bd,OFC6111,Ajmer,Death Certificate,22,43,140,121,19,48
bbb88225-ab4c-48cc-903e-d4cdf07310b4,OFC1286,Mandi,Birth Certificate,27,95,417,320,97,45
c4610cfe-0bbb-4822-a2d8-2b7cd6eefd38,OFC4457,Junagadh,Birth Certificate,39,99,325,184,141,40
60b5a0a0-76e3-49b1-9052-1a1959613f49,OFC5164,Thoothukudi,Domicile Certificate,44,103,701,456,245,40
c440fd24-aa52-4a95-9252-8b8ac90bee1b,OFC9740,Pathankot,Domicile Certificate,14,71,634,494,140,40
ef16bbe2-c23d-455c-b27a-39932936d8ae,OFC1731,Tezpur,Death Certificate,38,17,859,746,113,35
e9b5255b-7ade-4501-8c02-cf8417884f2a,OFC4467,North Delhi,Income Certificate,12,173,762,525,237,40
68a44341-145b-4525-81d3-62e78198d69d,OFC8609,Rangareddy,Income Certificate,22,56,655,420,235,45
72dc61ed-14dc-486c-9746-58c7a17f2258,OFC8518,Nagaon,Caste Certificate,19,172,315,61,254,45
3f02de77-c0a1-4447-b0fb-919b2cbc3f06,OFC5283,Madurai,Death Certificate,34,101,240,235,5,48
17a86f73-1280-4cfe-af12-b084ca88717e,OFC7195,Gwalior,Death Certificate,8,101,434,181,253,45
4020f93e-f8dc-48b0-9c75-8524ae2b8ec6,OFC3090,Gaya,Caste Certificate,26,110,120,91,29,48
07e1b482-1437-4fdb-b2fd-c230f3c6be4f,OFC3011,Kanpur,Income Certificate,37,143,964,119,845,40
ef3a6dcd-9c22-43b9-9b6d-89a0b78ab850,OFC6711,Roorkee,Domicile Certificate,26,103,620,126,494,48
04377785-26ad-4a2a-b59e-952bdf8ee0eb,OFC5857,Haridwar,Death Certificate,30,96,329,263,66,45
4346ebad-cf94-440a-966c-12afa5cd761b,OFC4684,Mohali,Income Certificate,30,81,321,167,154,40
ce8531d5-bad9-4465-b8bd-bf04fd508587,OFC3658,Bishnupur,Birth Certificate,10,96,407,86,321,35
3bb1a3be-d2fa-483b-9dcd-61f18b7954a5,OFC5154,Panaji,Domicile Certificate,5,49,746,500,246,45
b3fcf6d2-b3f9-48ed-af50-ebfab3b0faba,OFC9689,Kota,Birth Certificate,44,174,520,173,347,40
aa277028-8135-47f6-8aef-c77c0da303a7,OFC4691,Amini,Marriage Certificate,43,45,60,32,28,48
4bc62549-2df7-427c-8436-8a68334fd4d0,OFC4047,Gorakhpur,Domicile Certificate,23,19,711,533,178,40
94e279b2-6cdd-4c77-86ae-176891313a94,OFC8154,Darjeeling,Death Certificate,7,45,996,405,591,45
b5868c11-bfce-4793-9951-c0f2f77fe3fe,OFC9102,Srinagar,Birth Certificate,6,94,166,37,129,40
b5163597-52c2-461d-96b9-fb68dd22b053,OFC5656,Agartala,Marriage Certificate,24,46,190,51,139,40
38d501a5-de63-4b22-a9b7-3b6442b11467,OFC8162,Alwar,Birth Certificate,31,47,198,45,153,35
a8bd97d1-427c-4547-8eef-98966f3a88da,OFC8429,Nagpur,Caste Certificate,42,23,761,441,320,45
d6f12b97-a736-40d3-93af-5e0487c1b403,OFC2678,Varanasi,Death Certificate,32,140,425,44,381,45
468a29eb-0c14-49b8-a58a-5c049db01ab1,OFC6046,Pune,Income Certificate,20,28,60,45,15,40
7e2b7d7d-5fad-4db4-8bda-2ff0658f02e0,OFC5682,Thane,Income Certificate,28,125,970,929,41,35
e4d15be4-8292-4145-b02f-d78279b9100a,OFC1040,Muzaffarpur,Income Certificate,7,21,994,786,208,48
ddc6fb2e-517f-41dc-a2fc-33a464d5ef96,OFC6254,Kota,Birth Certificate,43,70,438,76,362,45
717cb3b9-a053-4a66-b383-3b3a4daf1687,OFC1269,Tiruchirapalli,Income Certificate,47,165,790,601,189,48
a0f70462-6057-41f1-a850-f02c3b5acbdb,OFC2948,Bhavnagar,Marriage Certificate,8,129,755,189,566,35
bb0c0156-a3c4-4c17-9e08-173010a3e22e,OFC9710,Jaipur,Domicile Certificate,44,17,576,264,312,48
b7912e04-af9c-4ee2-95f4-b10e911e3547,OFC5272,Asansol,Death Certificate,11,77,295,55,240,40
7475ddae-8e23-4776-8a69-ac7644cc3647,OFC3958,Ajmer,Caste Certificate,38,60,446,424,22,45
1963ee2a-8a9d-405d-b265-d59d60f33ad9,OFC9059,Bikaner,Death Certificate,8,117,667,470,197,35
d1831022-5d6d-4afe-9aa2-3891891dc83f,OFC5276,Bokaro,Marriage Certificate,17,150,451,432,19,40
da22ac6a-b6b8-430c-9d54-e0296a277bc7,OFC7648,Vadodara,Income Certificate,45,63,632,582,50,48
edf87624-219c-4815-a265-b301fb057adf,OFC7970,Warangal,Domicile Certificate,45,88,596,64,532,45
0450f452-3e7e-4cf4-a0fb-9fb51186f2cc,OFC9705,Howrah,Death Certificate,46,76,466,373,93,40
904712ef-3f44-47e2-a787-e09bc3bd53ae,OFC4347,Haldwani,Birth Certificate,20,166,433,271,162,35
4c6c35cd-aad2-4752-a5d1-3ca8cc4319c0,OFC4116,Lunglei,Death Certificate,28,27,79,75,4,48
e5fb3d28-b6c0-48b9-844c-a546461047a2,OFC8607,Malda,Death Certificate,9,124,300,45,255,45
4ad389f1-2f20-433d-8323-1cb8b3a94b98,OFC1024,Bikaner,Domicile Certificate,17,161,268,127,141,45
d47328cf-551a-40f8-93ef-a76be4cdcd6b,OFC2772,Patna,Marriage Certificate,28,162,729,319,410,35
d1316182-d343-467d-a9bc-1a7078d25184,OFC6430,Deoghar,Domicile Certificate,8,23,652,627,25,48
78693bf2-e2ad-46a3-90be-675ec00f975d,OFC4038,Nagpur,Birth Certificate,13,174,911,79,832,48
8408226d-d119-4dd7-954a-f61c74fe8f02,OFC2783,Warangal,Domicile Certificate,36,165,316,215,101,45
9e7deb13-1dbe-4378-b3df-9a95f36a8c48,OFC3504,Dhanbad,Domicile Certificate,33,147,157,144,13,48
6c43ff22-4c86-4cdc-9e8c-ba77ac3b5a94,OFC7012,Chennai,Income Certificate,50,117,146,33,113,40
8486a1e7-1b7b-4aa3-8007-c4e59c9597f4,OFC8635,Kanpur,Income Certificate,13,135,922,186,736,35
a323f49b-b800-49c0-b2fe-16b86dd6e7fa,OFC4892,Agartala,Caste Certificate,17,97,339,298,41,40
e4ad469f-2184-4c19-ba3e-eea656ba6ab2,OFC1058,Vasco da Gama,Caste Certificate,49,81,163,31,132,40
53484cb3-5962-4561-a0ad-8c2413c50e5c,OFC5873,Tezpur,Domicile Certificate,41,51,656,347,309,35
fd9d1e85-c12a-436c-8186-a540ced9ef4f,OFC7614,Geyzing,Marriage Certificate,13,161,765,570,195,35
3aff0048-86a9-4d4f-9d28-f83bfc006e0c,OFC9654,Tirunelveli,Caste Certificate,49,131,967,552,415,40
440da26b-151f-4b3e-8844-5621b704e973,OFC6571,Champhai,Income Certificate,13,143,65,64,1,40
9a5dc7df-b8c6-4898-bf67-4b101438a54c,OFC2218,Mapusa,Domicile Certificate,20,129,742,98,644,40
ade13753-01c6-44fc-9fb2-b2fa79978506,OFC5468,Khammam,Birth Certificate,8,58,334,278,56,40
813bd88f-4117-4a42-8c99-c5b436add456,OFC4797,Dharmanagar,Marriage Certificate,31,58,913,773,140,45
ad0d5ced-7ca7-4576-8e96-71a1f276a9d9,OFC3798,Nongpoh,Domicile Certificate,44,54,837,591,246,45
4c07f51d-1ffa-44e3-9fba-f318a5912afb,OFC4306,Churachandpur,Domicile Certificate,36,16,279,40,239,35
248bd62d-f86e-428f-a5e6-c80ff2e759be,OFC1774,Dehradun,Domicile Certificate,47,34,606,324,282,35
a9779be7-5a6d-4bcf-bd9f-e6b0ba7bbdb6,OFC9447,Nagaon,Death Certificate,27,17,855,79,776,48
074db5ad-03e7-4523-a901-62d273c84b0f,OFC4419,Jamshedpur,Death Certificate,36,44,350,111,239,35
0e2bdbec-4338-43dd-87fc-196a992180b0,OFC9312,Amini,Income Certificate,16,179,678,60,618,48
247dcb82-ff03-4fa1-8a66-117c7687f0bf,OFC9258,Jamshedpur,Caste Certificate,6,118,956,373,583,48
b619d034-4a8c-4e70-aa36-7f5e40dddb41,OFC2651,Kailashahar,Birth Certificate,18,30,632,438,194,45
2d40c8ad-1cba-476a-8fb3-7f96732492fa,OFC1740,Howrah,Income Certificate,43,78,928,420,508,45
19719b28-8ad8-4da9-8a7b-e13ff2ea62f2,OFC1864,Serchhip,Death Certificate,25,139,305,190,115,35
5f9f602c-ed17-411b-9bc2-a3373c238243,OFC4631,Dibrugarh,Death Certificate,30,71,485,327,158,40
f9f386d6-f90d-433a-9e77-54f7a878bfa3,OFC1010,Mapusa,Marriage Certificate,31,40,981,526,455,35
d420f508-e216-433b-b317-db18cefbca01,OFC5631,Gandhinagar,Caste Certificate,23,55,330,197,133,45
1cef58a3-eaed-4a3a-bed5-ed7b0490f17c,OFC7397,Solan,Marriage Certificate,6,77,368,285,83,48
a3791077-af56-4613-8d32-437a9d5f7f22,OFC3760,Kota,Death Certificate,19,88,606,593,13,40
e3fa3abc-dd94-4805-a502-519ceaa02215,OFC9558,Malda,Death Certificate,24,165,957,486,471,48
3c9fcf0e-db15-46d5-8248-5af39866a2e6,OFC7368,Davanagere,Income Certificate,49,48,798,457,341,40
9e9cdec6-e503-4c48-8179-67a014ff12e8,OFC4747,Aizawl,Caste Certificate,29,139,738,130,608,48
53ceeabd-d187-4c62-bfb7-334076fe9653,OFC9957,Junagadh,Domicile Certificate,9,148,732,373,359,40
35fd12af-9b4f-455a-95ed-a211c04d6ba3,OFC6166,Ujjain,Income Certificate,8,155,194,132,62,48
ca0adf9b-7a90-4bff-a292-8ab4cb0953b3,OFC8629,Howrah,Birth Certificate,16,74,949,255,694,45
31044c77-e141-4390-8f12-5cd46fc6238f,OFC9573,Kullu,Domicile Certificate,30,162,333,275,58,40
e7e1ca69-8813-4f67-9e01-4dae6354d50c,OFC3083,Amravati,Death Certificate,26,117,965,911,54,40
5b865bc6-3942-4638-8126-e4fa09d95325,OFC1473,Vadodara,Caste Certificate,6,166,112,44,68,40
05f8fd2c-03ee-44dc-b5b5-994717367689,OFC6058,Surat,Death Certificate,31,173,641,338,303,40
f6182183-9ec9-41c4-aa01-4c7b46c3c5c0,OFC9360,Bhilwara,Death Certificate,36,172,378,301,77,40
e69e2072-1f69-437f-80c8-4426ccee33a6,OFC2536,Ghaziabad,Marriage Certificate,10,163,783,265,518,48
197bb8da-a5cb-4b12-8b93-1baa761ca547,OFC5449,Tiruchirapalli,Caste Certificate,49,87,771,636,135,48
b09c56cd-47c6-45c3-b8ea-fc5330248eb5,OFC2463,Anantnag,Income Certificate,9,138,704,226,478,48
69571eec-e708-446e-a439-99bbd0b5904c,OFC5062,Kashipur,Death Certificate,21,133,413,388,25,35
38644646-9f06-409b-8134-221656211b1b,OFC8617,Thoubal,Caste Certificate,15,106,105,71,34,40
9e503892-f760-46e8-8681-7835e43cace5,OFC9336,Jorhat,Death Certificate,44,156,874,36,838,48
090c3e27-4e3d-415c-845e-2acdcaa94c71,OFC7432,Agatti,Caste Certificate,39,127,725,308,417,48
24181ae7-b243-4927-89d4-f41f817ca7e5,OFC3164,Varanasi,Death Certificate,17,158,998,445,553,48
f1e54d9b-e76e-44b6-a308-23f279212ea1,OFC4528,Solan,Death Certificate,36,36,863,230,633,48
70603271-b440-4edc-9a51-443612c82509,OFC3283,Chandigarh,Domicile Certificate,14,160,810,622,188,45
03948d60-231a-461e-a1b3-afa587c1672a,OFC1019,Udaipur (Tripura),Birth Certificate,46,165,420,272,148,40
f754026c-270b-409c-a908-af8ab477e235,OFC5978,Rewa,Marriage Certificate,18,80,617,582,35,45
e14fcc4a-5a54-434d-8445-35b6cf7cc5ed,OFC2327,Ratlam,Death Certificate,49,63,432,80,352,48
47db0e52-9c69-4c4e-8147-a80419e46b65,OFC4461,Mahbubnagar,Domicile Certificate,12,175,358,108,250,40
3abb1e4c-d4de-4e76-9aa8-4fcbb3bb4fc7,OFC1486,Bhilwara,Marriage Certificate,10,149,142,96,46,48
84d95fd4-2ec8-4eb3-95ca-2accd07c06cb,OFC8352,Haridwar,Death Certificate,31,90,298,260,38,45
44814e07-2269-426b-abee-b10741df900b,OFC7270,Mysore,Death Certificate,33,150,787,128,659,45
52e528a1-731a-4cee-b638-f99b3ce385a1,OFC7842,Darjeeling,Income Certificate,37,53,889,728,161,45
83365cd9-2273-4dc6-b2a9-d7107f1383b0,OFC1934,Tumkur,Marriage Certificate,13,120,874,458,416,35
2291981c-f158-474a-9bf0-325e481df44d,OFC4585,Kolkata,Caste Certificate,20,36,487,112,375,35
dedd3997-466d-44be-b1b6-83f72aa55428,OFC9386,Nagaon,Income Certificate,35,160,102,48,54,45
1169b1ea-23b8-4b0c-a363-b30605636336,OFC5455,Agartala,Domicile Certificate,46,99,610,480,130,35
1b54bb8a-1edc-4029-a19b-b5ae1ddae5b5,OFC7364,Agatti,Caste Certificate,21,144,869,813,56,35
0afe7fc6-9fbc-4fb2-b090-7f717630d916,OFC3810,Amritsar,Birth Certificate,41,15,357,316,41,48
bfa6e29d-51ba-48ba-8675-d39368645161,OFC2924,Dharmanagar,Birth Certificate,34,118,916,851,65,45
39607ab2-00e7-4a7b-aac6-d48ffc52a408,OFC1438,Kolhapur,Birth Certificate,10,48,136,118,18,40
6d4c432e-7f8f-44ac-aec2-4cde14150839,OFC3619,Srinagar,Domicile Certificate,46,39,698,53,645,35
1157ba88-1cf7-46d8-bc28-153bb45a00fa,OFC1987,Dispur,Death Certificate,49,127,102,98,4,35
ca6b5afa-6aa1-42b2-bf7b-4ab696b77ad5,OFC6762,Medinipur,Income Certificate,38,116,260,164,96,48
92c3e2a1-8507-463d-a589-fc91cb9625ca,OFC6223,Chennai,Caste Certificate,37,18,933,125,808,40
86830adb-c6fb-4945-9ebc-4831b02ca52c,OFC1556,Manali,Death Certificate,20,164,889,520,369,35
48dab4be-16e6-4e59-b083-c50836c51314,OFC1205,Ahmedabad,Domicile Certificate,21,154,846,308,538,35
0f46809b-48c2-48d6-8959-8a2ebfca3d5d,OFC9800,Varanasi,Income Certificate,11,165,282,89,193,35
b446cd25-47fc-42b0-8bd4-30be6467dedd,OFC4904,Hazaribagh,Birth Certificate,38,79,67,58,9,45
5f61a9d1-e9bd-422e-a886-39848c25b167,OFC7005,Tumkur,Birth Certificate,35,172,219,120,99,35
2b896360-0b02-4528-b620-9439c4b63c17,OFC4467,Bhagalpur,Marriage Certificate,44,164,720,457,263,40
96bc9ccd-3ff6-4fb3-8071-9b5c01a6de28,OFC6473,Kota,Income Certificate,19,36,579,433,146,40
2f0585c4-cf71-4409-bc3c-7a2b76103318,OFC3611,Vadodara,Birth Certificate,31,51,558,383,175,48
54784e61-9516-4621-91c1-9c4988001bbf,OFC4231,Jamshedpur,Birth Certificate,18,158,523,236,287,45
9eeba46b-cc7e-4e61-bd20-79676e02487a,OFC1280,Kanpur,Death Certificate,16,93,981,428,553,45
4ddf434e-6b73-4987-9c62-ad837cfafdbd,OFC5340,North Delhi,Birth Certificate,21,81,363,254,109,45
cb425f27-c09a-4d35-b38f-3b88f05bc4c0,OFC8903,Meerut,Birth Certificate,49,87,509,470,39,40
b0cd06cd-382d-46f2-a04d-98020a36197c,OFC8554,South Delhi,Death Certificate,9,27,944,421,523,48
5274a762-2c97-4070-8305-7f51a26f9262,OFC3513,Baramulla,Marriage Certificate,9,42,703,174,529,35
88811a80-79b2-4b23-b7e2-a6b8a199dca6,OFC9846,Udaipur,Marriage Certificate,38,67,361,150,211,45
2f0ebb67-753e-4cff-a992-687687d0fa2b,OFC5307,South Delhi,Death Certificate,50,151,922,302,620,45
e79e72ee-ff1b-4748-a716-88606c2ac981,OFC7501,Asansol,Income Certificate,11,30,826,422,404,35
3f764ed2-fd68-44d9-a06f-3b1464614072,OFC6415,Lunglei,Death Certificate,46,67,933,191,742,40
bf7a7c4e-6d4c-4d9c-abcb-f33f6428ecdc,OFC7109,Mapusa,Death Certificate,50,106,429,121,308,45
157bbe5d-c9e4-489c-a389-930597a8707e,OFC2953,Haridwar,Marriage Certificate,16,139,573,73,500,35
8b409ca7-93fa-43cc-9649-82d282dc5ce3,OFC3941,Ludhiana,Marriage Certificate,13,17,754,46,708,35
b110e58f-a35d-4bb4-9f71-57cdcac24d68,OFC8885,Port Blair,Death Certificate,29,114,388,376,12,35
6a16fbb3-e103-4d75-9e90-f2ed00ac4ded,OFC7294,Rudrapur,Income Certificate,5,29,166,86,80,40
a4c2016c-8d46-4eab-bb3b-9966d3d15f3b,OFC9512,Ranchi,Income Certificate,19,104,779,612,167,35
abeeea70-fc81-47e6-a39e-68f01c1ea645,OFC9602,Solan,Marriage Certificate,45,49,106,81,25,48
fa766877-e9c7-4c5b-8fe5-0215b76cbd02,OFC1235,Ranchi,Income Certificate,14,155,271,244,27,48
2285e64b-0f99-46cd-aebd-299d73676cef,OFC9442,Kolhapur,Income Certificate,44,78,424,299,125,45
cfa60f41-d87f-40e3-94e5-9d61d0c0dae5,OFC6362,Giridih,Domicile Certificate,8,62,505,138,367,35
544a9b41-5d9e-4b7c-a0eb-898a85787c3e,OFC7765,Bangalore,Caste Certificate,39,31,582,164,418,45
fae954a4-e0ed-4ce3-b9d3-1d2a5fe3cced,OFC8863,Anand,Birth Certificate,12,34,56,46,10,35
bc93cb00-4ae5-40ff-8722-124ef597daaa,OFC2159,Itanagar,Domicile Certificate,11,169,733,155,578,45
9bb2eaa0-e139-4cd9-b22e-7faa33764c4c,OFC2938,Udaipur (Tripura),Birth Certificate,8,37,391,150,241,45
3c8a2078-6c42-465f-a480-f47054787490,OFC4788,Coimbatore,Income Certificate,16,102,971,808,163,48
f342cfbc-8c47-4993-9c69-604398799410,OFC7996,Leh,Death Certificate,35,37,662,405,257,48
4bcd4b4d-03e2-46d5-a14d-5f3bdc259606,OFC7775,Leh,Domicile Certificate,43,109,507,471,36,35
64f02b15-1584-4270-b65f-1cd36020f7a1,OFC7843,Port Blair,Marriage Certificate,35,136,202,97,105,45
9d73b4ee-599b-4fa3-b909-e9c3ed2b663d,OFC5167,Darbhanga,Marriage Certificate,46,38,679,98,581,45
1f4aaef3-af49-4b47-94e0-3f56d8024c96,OFC4930,Muzaffarpur,Domicile Certificate,50,141,345,165,180,45
65af70e0-2f41-402b-b365-dcb359049e10,OFC7366,Davanagere,Marriage Certificate,31,94,71,69,2,35
58a6c9ee-2c35-4937-b472-56e3150adbe9,OFC9647,Tumkur,Income Certificate,5,100,394,308,86,45
3227dbb8-3308-440c-9e6e-178afe1075af,OFC5855,Bhagalpur,Caste Certificate,38,43,623,234,389,35
9ca3a4ab-854f-4f91-bbc7-46bc807b80aa,OFC9809,Naharlagun,Domicile Certificate,18,98,332,78,254,45
806fabc0-552b-4ec5-999c-0bc3a022c888,OFC3719,Lunglei,Income Certificate,41,109,200,107,93,40
b6558ff6-c1e9-49f6-9401-c742f67917ba,OFC6660,Nagpur,Domicile Certificate,19,19,432,285,147,35
57ae5dc6-4244-44ba-85e1-f74d99ad03d1,OFC4194,Gaya,Income Certificate,5,143,759,651,108,48
9c2385d5-37f8-419f-80ca-f533faa68165,OFC1084,Karimnagar,Marriage Certificate,9,28,752,748,4,40
3bc9c47d-4539-437f-997d-4440c603c497,OFC6168,Ajmer,Caste Certificate,29,175,305,63,242,45
92afb763-0b25-4593-8cf1-083583b132b9,OFC6675,Chandigarh,Domicile Certificate,18,92,625,252,373,45
e43b048c-e926-4d5b-8c58-744d59e27c6a,OFC3337,Jaipur,Income Certificate,49,128,234,173,61,45
266e9850-73a6-43e2-a270-7c1bdd8f7d00,OFC3694,Tuensang,Death Certificate,29,116,710,103,607,40
b0a60ba4-f4b6-4648-9384-f29225b33ebe,OFC8483,Gaya,Birth Certificate,14,110,70,46,24,45
883742fc-b753-46ac-bad4-3d379e56c412,OFC6750,Udaipur (Tripura),Income Certificate,48,47,255,61,194,45
20ed32f0-f058-4841-92c5-d46970e7191c,OFC4796,Jalandhar,Domicile Certificate,24,164,896,538,358,45
8283853b-ff4a-4f11-a078-3b2b484572ef,OFC3353,New Delhi,Death Certificate,44,172,564,328,236,45
7d85e58a-1070-4bb9-aca7-1eb0123d7b3d,OFC9487,Dispur,Death Certificate,44,26,123,111,12,40
f1f63b21-f768-4aaf-9e4c-2af004c51965,OFC1676,Purnia,Domicile Certificate,13,152,440,398,42,35
b61b919c-6f3b-4bb7-9f1d-5bade51de054,OFC6130,Haldwani,Caste Certificate,45,79,301,222,79,40
a7c6d6f3-14ee-49c5-9428-ada94aef48a8,OFC9917,Dimapur,Marriage Certificate,23,148,951,707,244,40
4880b14a-e7a1-4f97-85ef-e0d2dc6fd265,OFC2244,Port Blair,Domicile Certificate,7,143,110,62,48,40
886b36ee-1461-49fa-9913-d7fb048f1aa7,OFC8301,Rewa,Domicile Certificate,48,47,775,429,346,40
8246c9e5-3dcc-406b-9985-963e82bdf870,OFC2630,Agatti,Birth Certificate,11,124,193,125,68,48
b40f47ba-8881-44e3-ba02-09c99f625e06,OFC2826,Margao,Caste Certificate,22,137,227,154,73,35
4e71b33f-24e7-4391-8e96-5c4492fa5057,OFC7766,Guwahati,Birth Certificate,32,125,411,155,256,40
660f4365-7595-47bd-af1e-7e9be2eab2fe,OFC5974,Ludhiana,Marriage Certificate,33,43,289,93,196,40
0600794c-4f65-43a9-95c4-e826aa9b5356,OFC9724,Kota,Caste Certificate,43,136,497,266,231,35
cab44593-7aad-43c6-bd9a-298744f89449,OFC8635,Port Blair,Caste Certificate,23,84,935,702,233,48
5322a207-3aac-46cb-947b-c12eda75fd7c,OFC7368,Nongpoh,Income Certificate,45,86,680,640,40,40
fe2b49c6-7e98-4fbe-8769-fe6285073921,OFC9304,Pune,Death Certificate,47,54,943,49,894,45
db28bf3c-2b17-4f21-9763-bb08af885734,OFC5497,Tiruchirapalli,Marriage Certificate,28,115,771,235,536,48
d13bf610-78f5-414c-b90c-28423f48c521,OFC2234,Kolkata,Caste Certificate,7,56,873,245,628,48
0d70df3e-e6ef-4969-8ac2-cb51373307fc,OFC1157,Churachandpur,Caste Certificate,11,178,356,72,284,35
e5c6111e-1c63-4ade-beb6-acb9665c7f2e,OFC8749,Aizawl,Marriage Certificate,23,87,709,311,398,45
360bf7ba-11f2-48f2-8445-e12d5495314f,OFC5184,Ranchi,Marriage Certificate,44,65,432,395,37,35
26cc18f6-f4df-4c26-a847-8a663a203f42,OFC6914,Mohali,Domicile Certificate,31,96,853,356,497,40
d9762291-e832-463d-9598-c47fcc617f84,OFC1778,Pathankot,Domicile Certificate,18,80,294,158,136,48
c7b216b3-b5f0-4c71-ac46-f08f01bdc302,OFC7243,Mangan,Domicile Certificate,42,144,413,31,382,35
ccec114c-a2ed-4a00-a00b-0cc1c99ab4e7,OFC4873,Serchhip,Income Certificate,40,101,138,83,55,35
d1ef81cd-79e4-4289-9f08-86448355a373,OFC9301,Madurai,Income Certificate,39,92,623,294,329,40
b5ce7191-2fff-42ea-bdcf-f03b762a03e7,OFC4035,Udhampur,Marriage Certificate,11,34,132,94,38,45
eba7e15c-894f-4b85-a01d-c747ad790851,OFC2560,Dharamshala,Marriage Certificate,43,179,204,146,58,48
95610747-0cde-452c-b512-2adcee6eba6c,OFC4597,Vasco da Gama,Death Certificate,20,103,764,416,348,48
dffe8402-a229-4992-b440-1d414d718397,OFC9883,Amravati,Caste Certificate,16,71,198,45,153,40
238200d9-6f34-48e0-9349-bf41c9773a64,OFC6182,Kolkata,Domicile Certificate,28,17,771,131,640,48
4557fc56-f35e-49c6-afa2-b12839e22f76,OFC5302,Baramulla,Domicile Certificate,22,83,269,191,78,45
f9d208b1-1814-4f10-b82e-2b5e05435a1c,OFC4198,Lunglei,Marriage Certificate,31,112,342,302,40,40
ebc0936f-ef60-43eb-b22c-ec44aaa5c513,OFC9841,Agra,Marriage Certificate,48,136,204,136,68,35
5ea3bdee-f768-4c1f-961d-6d6ca30a9d7c,OFC4905,Solapur,Domicile Certificate,41,165,248,48,200,48
1eafafde-9945-4c22-9749-183ac6e4433e,OFC3091,East Delhi,Income Certificate,30,144,455,312,143,35
06463d7d-5069-4197-bd76-f3c9c9cd339e,OFC9149,Salem,Marriage Certificate,10,98,113,48,65,48
2a03d677-1de2-4503-a0c2-cbc95bf9f5cb,OFC1251,Pathankot,Birth Certificate,7,123,782,741,41,45
8858f259-dbcc-4393-925f-7f101fd96b0e,OFC8871,Vadodara,Domicile Certificate,25,87,362,48,314,35
bd1d1139-beb8-4eeb-bb85-5fd295559321,OFC5114,Aurangabad,Income Certificate,5,36,763,506,257,40
810a92d2-237a-40f7-b499-6ca7986959b4,OFC6029,Nizamabad,Death Certificate,33,180,430,423,7,40
c5bc5e43-9430-4a34-a206-4297d7e31ccb,OFC5345,Tirunelveli,Marriage Certificate,23,109,780,566,214,35
b3a84952-5a7f-49f2-b3dd-7992885ca8bf,OFC5297,Tura,Income Certificate,32,135,642,632,10,48
ed82d530-04d1-4235-b63c-696fab900d83,OFC8614,Jowai,Death Certificate,40,75,212,175,37,40
af46c2dd-9b0b-4149-b1b9-a1fe20b928ec,OFC6435,Kohima,Marriage Certificate,19,80,465,51,414,48
4427539b-a5bd-4080-a376-04e810414407,OFC3670,Belgaum,Income Certificate,36,154,579,396,183,40
4943b14a-7ba8-4e91-a650-69de1144a587,OFC7000,Nagpur,Domicile Certificate,45,66,582,368,214,45
7aec8404-9858-41c9-858f-a51d647edfb6,OFC5141,Thane,Marriage Certificate,6,162,468,86,382,35
a5d95208-0c94-413b-a449-da571b20b662,OFC4949,Jammu,Domicile Certificate,21,15,602,156,446,40
56f25cbe-b09f-43db-93b1-37351d3dfbda,OFC3127,Roorkee,Marriage Certificate,50,138,140,140,0,40
ea58d040-ca46-40cc-aef4-06736b96a1a7,OFC5723,Tura,Birth Certificate,12,148,558,431,127,48
8138b05a-7667-4521-b466-9bd3d5cd616e,OFC2930,Mysore,Domicile Certificate,20,17,547,443,104,48
c18fdfbc-ea1a-4243-81fd-d5ddc8ee23bb,OFC1134,Darjeeling,Domicile Certificate,6,157,419,70,349,48
2311eeee-a004-4146-adf2-9b07cd0493be,OFC3479,Manali,Marriage Certificate,47,145,669,449,220,45
93abb711-b5e2-42d0-a596-5eb0f7eaf59a,OFC1461,Varanasi,Domicile Certificate,35,130,991,210,781,45
1c7e66b9-94d1-4161-950c-86648193f563,OFC2949,Howrah,Income Certificate,31,171,889,256,633,35
c635e406-edcd-499c-ae8c-74486dabbfa3,OFC9217,Minicoy,Birth Certificate,30,95,736,483,253,48
e9196931-3c34-4148-8732-6f22530f08e0,OFC2448,Nagaon,Death Certificate,30,117,111,107,4,35
070a69eb-8298-4020-9072-def83d60febd,OFC7521,Kavaratti,Death Certificate,36,66,947,405,542,40
46a216c9-3979-4078-b0f7-e0968c577848,OFC4675,Geyzing,Birth Certificate,19,159,459,300,159,48
b4233409-9c77-4521-8b5b-be2454de340d,OFC2313,Rajkot,Death Certificate,30,106,215,147,68,40
49ac6724-f3dd-4bd6-a38d-11d21e752ac2,OFC4250,Jamshedpur,Death Certificate,38,31,529,219,310,48
de32f1bd-3876-456c-9846-fe07f597bcef,OFC3118,Udhampur,Birth Certificate,13,91,55,55,0,40
95c91ee6-38b2-4d86-8ff5-a14f397508d8,OFC5441,Ajmer,Birth Certificate,28,176,744,515,229,45
6f112416-5ad2-41f9-9df9-47c219ec87b2,OFC8106,Port Blair,Caste Certificate,20,29,736,155,581,45
b75919db-3fd7-413a-9eb9-d4a1e293bc44,OFC9663,Agatti,Marriage Certificate,20,152,418,40,378,40
17b0493a-ae5c-46b4-a128-f7102d997d8c,OFC7327,Bangalore,Birth Certificate,30,76,365,297,68,45
617cd964-aa54-41fa-94cf-78a23171c6cb,OFC6582,Ghaziabad,Death Certificate,30,126,266,215,51,40
9141fa4c-f865-41eb-8944-9c90d3c3e779,OFC9953,Jabalpur,Domicile Certificate,37,139,577,183,394,45
8beea071-6c78-486f-b42d-6f8d36c9d79b,OFC7543,Jamshedpur,Domicile Certificate,9,113,190,127,63,40
1b8247e9-8640-4f81-841a-a6c75958343b,OFC7826,Surat,Marriage Certificate,36,44,99,99,0,45
33777007-db05-460c-b442-e60de37e9d6e,OFC5140,Agra,Marriage Certificate,47,68,924,189,735,48
677abd79-50bb-4ae1-ad89-b2cdfe93f7c9,OFC8726,Tura,Income Certificate,38,136,594,466,128,35
996c2f51-7472-4bbf-a1a5-7fbb723105dc,OFC6108,Lucknow,Income Certificate,37,113,487,190,297,35
57429d7e-2889-436e-b555-8dd5167ec880,OFC2636,Medinipur,Marriage Certificate,10,141,433,311,122,45
ee11dc3c-a700-4b61-a15d-3d28979a7f67,OFC5572,Bangalore,Domicile Certificate,19,67,965,808,157,48
f1545b14-fbb3-4bf8-aece-8195dd653492,OFC2832,Gorakhpur,Death Certificate,7,86,979,518,461,40
eb9149cf-f7a0-48f7-8ef0-a6a70a96f34b,OFC6959,Patna,Caste Certificate,24,143,362,231,131,45
aa37e136-6370-412b-9946-8d0e8bec818f,OFC2420,Dhanbad,Income Certificate,6,144,149,61,88,35
d49068c8-5148-473a-88bb-3b45d4161f15,OFC5056,Madurai,Birth Certificate,50,165,307,49,258,35
8e1fcca1-41ab-4ba4-874b-c7955e721707,OFC3884,Kolkata,Caste Certificate,14,66,895,624,271,35
8bd448db-eaad-4719-9106-4f2367420c0c,OFC8114,Deoghar,Marriage Certificate,7,136,237,80,157,35
ef79a8e8-39fa-48c1-a338-a296525b5c64,OFC6301,Shimoga,Death Certificate,8,153,462,138,324,45
5b119ccb-d691-4573-a08b-19d2c1c61b66,OFC8500,Mysore,Income Certificate,12,105,320,286,34,45
d5ea849f-7548-4895-b330-8d19ca5319fc,OFC7300,North Delhi,Caste Certificate,20,30,197,99,98,40
6f30ff25-92c0-4066-8cb3-5e32ca43fb1d,OFC1696,Bathinda,Death Certificate,6,113,240,233,7,35
2b6fd432-09f6-45f2-8e97-cf35e7c71212,OFC3582,Kohima,Birth Certificate,28,126,785,51,734,40
05cfec3e-9a17-4865-b7ce-2d8d42cd1e51,OFC7273,Bikaner,Death Certificate,20,156,921,388,533,48
f0bc0042-30f3-413e-a268-5fa285032726,OFC1185,Tirunelveli,Death Certificate,8,36,151,43,108,35
90de3737-cf9c-468a-942a-764e335eaad1,OFC9499,Kohima,Birth Certificate,31,97,291,248,43,48
0361ca4e-7d30-4a6a-bc59-ae5dab845dc9,OFC5951,Hazaribagh,Domicile Certificate,41,136,287,72,215,45
7b082af0-d9bb-46cd-ae8b-26a4e435319d,OFC6565,Vadodara,Income Certificate,44,159,653,127,526,35
d8c9a03a-ea77-45cc-96c2-b759e568c393,OFC3477,Lunglei,Caste Certificate,5,176,666,185,481,48
54e37040-eaf4-4881-b84e-22482a3a84c4,OFC6973,Jamnagar,Caste Certificate,26,102,890,737,153,40
e8732a3a-cb84-4ec7-b706-b38896ba0486,OFC2848,Ratlam,Domicile Certificate,29,157,480,42,438,45
ba30804a-f312-4292-aab9-173aeb870811,OFC2667,Shillong,Death Certificate,43,121,704,485,219,35
414d85c9-2c70-4bd4-ac73-9cdee7f31d0f,OFC8252,Bishnupur,Birth Certificate,22,105,992,322,670,40
bedfe2ca-12f3-4085-94a3-26d4e75f30e8,OFC5620,Ludhiana,Marriage Certificate,26,66,156,126,30,35
9e60de1a-ad3e-4a36-a4c1-3655a5ae0a97,OFC2791,Amini,Income Certificate,8,106,605,460,145,48
c1e12642-9043-4935-beb2-4ff42471fc9e,OFC7690,Bilaspur,Income Certificate,19,114,425,158,267,40
6bc40978-5e19-4c22-97fe-523ae990772c,OFC8972,Erode,Caste Certificate,19,58,607,269,338,48
d05e9bc8-c36c-4c7d-96fb-a282839308af,OFC2881,Giridih,Marriage Certificate,48,32,984,960,24,45
8959655e-3e1c-4a57-89bb-c2bdeb059a95,OFC4300,Sikar,Caste Certificate,26,108,560,199,361,35
1ec94871-7970-468b-8df8-2db75962e2e3,OFC5538,Kanpur,Domicile Certificate,29,106,900,451,449,48
4abb3605-fe2d-4a8d-9fdd-0d0689d0f1c3,OFC8369,Madurai,Domicile Certificate,31,56,284,257,27,48
194b9f8d-7588-4f93-9ae4-c92618dfb457,OFC5730,Silchar,Domicile Certificate,35,17,911,583,328,48
3df00237-a0b6-4e12-9bd9-7971a65aefd6,OFC8015,Madurai,Birth Certificate,37,86,286,208,78,40
6c1aaf6a-30ad-4940-a684-ebe3e3a1e88e,OFC5685,Jammu,Birth Certificate,22,40,743,362,381,48
16ea6c55-36b5-426c-8760-95321ec3d7ff,OFC7485,Hubli,Caste Certificate,48,43,599,151,448,48
6c50912d-c694-4c90-a324-d136199bd56b,OFC9642,Aurangabad,Caste Certificate,33,122,993,271,722,48
0c20c284-d4b1-410a-844b-36445ae0560d,OFC8024,Shimla,Income Certificate,12,174,669,266,403,48
898b45f3-8c63-49d3-8391-ea7e697d736c,OFC8119,Manali,Caste Certificate,12,135,196,164,32,45
cb1fb434-4065-4afa-894b-f4a317ce2f1a,OFC1857,Thoubal,Birth Certificate,49,75,234,206,28,40
00e2b7aa-6f6e-481e-8c22-5bcc046f1c44,OFC7157,Serchhip,Marriage Certificate,37,122,287,222,65,45
1feadbc3-5c43-4f9f-ab6b-09dfa00887e2,OFC4106,Gandhinagar,Income Certificate,17,31,111,82,29,48
2b6e537c-9a78-440f-8b2e-7cf18ae0adfa,OFC4549,Lucknow,Caste Certificate,13,159,744,568,176,45
d84e058f-f5cf-45b6-b7db-2dc16a47e170,OFC9001,Lucknow,Domicile Certificate,48,57,451,71,380,35
0aea2bb3-fd19-4818-91bb-11f129a9ffa0,OFC4424,Allahabad,Death Certificate,26,64,310,290,20,45
c378a955-f9f0-4ff7-869e-59767753c2d9,OFC6696,Katihar,Income Certificate,14,63,52,38,14,35
1010146f-8b1d-4787-80b9-4e337289c1e4,OFC7621,Nongpoh,Income Certificate,49,66,996,157,839,45
ab858731-c8fa-4c08-980e-1fc72e1f6f10,OFC5016,Chennai,Domicile Certificate,31,49,173,47,126,40
5d671ec7-5897-44ad-8d23-82f27e5dca38,OFC1540,Diglipur,Domicile Certificate,25,92,626,146,480,40
56204f2f-878b-4a57-bb8a-72da6dfadfe5,OFC6004,Bardhaman,Domicile Certificate,40,28,852,722,130,48
23b7222e-e80b-4e63-b9e1-cbd21a160052,OFC4486,Bathinda,Death Certificate,5,114,219,74,145,35
347f5d65-e6fa-433e-aa8d-3bb6996aa7b1,OFC1237,Jamnagar,Death Certificate,24,172,404,381,23,35
2efb555d-d7ee-4a47-b88e-1ccdb717d551,OFC4452,Mokokchung,Domicile Certificate,46,69,539,213,326,45
6b48176a-9fb4-4cdf-a686-950f84480d18,OFC6512,Bhagalpur,Death Certificate,21,118,616,31,585,35
52a38522-c3e3-4a0c-825f-53ff1c65a896,OFC4275,Madurai,Caste Certificate,35,141,161,94,67,45
e58c58a4-3461-40f2-a42c-6a7190315396,OFC1145,Mahbubnagar,Domicile Certificate,22,46,601,76,525,48
8e7148f6-62e0-4297-a793-30231ec34771,OFC2569,Indore,Income Certificate,22,127,903,856,47,40
dc7df430-742c-4f9b-9934-63be4c69320c,OFC3934,Asansol,Income Certificate,34,149,283,63,220,40
9768ce73-1f1d-4a0b-a6f8-7054bc8c1c50,OFC4635,Begusarai,Domicile Certificate,28,175,512,443,69,45
c7ceebfc-5053-4df7-adff-260ecc69b4ed,OFC5383,Itanagar,Death Certificate,25,112,838,686,152,48
4202b7a6-22f0-47e8-8e2f-ff94e7d3946d,OFC5954,Tura,Death Certificate,17,36,117,47,70,48
e9d4f87f-f4a6-455b-9b60-d271d22c0869,OFC1580,Bhavnagar,Death Certificate,30,87,717,447,270,40
af910830-4151-49ef-ac28-10739d340543,OFC6043,Kolkata,Birth Certificate,13,147,353,120,233,48
0032355c-b998-4dd2-8183-e7d643542b41,OFC3882,Bhagalpur,Income Certificate,24,58,940,173,767,35
7a2f0b6a-859d-40f7-810e-dcf1f0740644,OFC1639,Agra,Caste Certificate,50,28,181,155,26,40
4b0bd4a0-c327-45af-9d93-69a1312fe17d,OFC8363,Kailashahar,Income Certificate,41,75,564,478,86,40
d37481d6-6ced-4f25-ab7e-3144cc5e9d87,OFC9831,Arrah,Birth Certificate,50,23,283,35,248,45
6d6829fd-0445-4795-88cf-51643d6a56ef,OFC9466,Kolhapur,Income Certificate,45,152,69,50,19,40
32777255-8b85-4194-8c6c-2d67035df04b,OFC7657,Gaya,Caste Certificate,9,39,583,348,235,35
6b22fcdb-86a3-4984-bfa4-9dc4f31ae56b,OFC3731,Vellore,Marriage Certificate,22,163,219,113,106,45
9adab6b1-a33f-4413-a52a-c607b37247c0,OFC3914,Amravati,Domicile Certificate,35,85,73,56,17,48
a4baffab-19e2-443a-a9ee-e9fad4c683c1,OFC8350,Rewa,Domicile Certificate,25,22,403,110,293,40
a3c1ed01-f74f-4645-ad25-5dd53271e855,OFC8261,Varanasi,Marriage Certificate,9,22,341,190,151,40
bbdadf5d-5e36-4b95-8e7c-5534a89b846e,OFC2066,Jowai,Domicile Certificate,49,109,564,145,419,40
33342b43-e4cb-4348-a7c5-c93b7ddd88be,OFC6075,Sagar,Domicile Certificate,39,96,294,98,196,45
fb71bd0b-6d66-4d8c-99b3-62156263f00f,OFC1864,Anand,Birth Certificate,39,152,265,206,59,40
8de6087e-610b-49be-9c03-af2caa68610b,OFC7630,Surat,Marriage Certificate,42,117,300,236,64,35
3fa7598f-fe14-4060-bdd7-019fe8c76e27,OFC3790,Margao,Caste Certificate,28,104,159,157,2,35
1e99464b-b8ba-439a-8d67-1623048577eb,OFC3951,Minicoy,Domicile Certificate,42,66,835,45,790,35
de2f34e1-c966-4806-af4f-680ade888976,OFC9730,Rudrapur,Marriage Certificate,34,33,263,149,114,35
7c959333-15fc-463a-8377-65206fcf0993,OFC5362,Udhampur,Birth Certificate,6,164,782,419,363,35
d40cd300-3a29-4b90-ab75-955c9d68bf32,OFC4435,Kailashahar,Birth Certificate,18,61,867,434,433,48
eb3e5795-d288-4c0e-b225-236e678d9824,OFC1154,Jodhpur,Domicile Certificate,5,87,616,79,537,40
66697e2c-6a9e-477f-86ed-cc9d5c67d987,OFC9198,Howrah,Marriage Certificate,41,18,558,119,439,45
505df32a-ce89-4796-aeaa-94dec6dba5bd,OFC5793,Bikaner,Birth Certificate,43,60,342,136,206,45
da0e2743-ae8e-493f-8f67-36ba30884e2a,OFC4776,Bardhaman,Domicile Certificate,31,116,58,52,6,40
dc60e265-534d-4de3-8be4-6ba97c2d44c6,OFC1908,Srinagar,Birth Certificate,5,178,813,793,20,35
498ad08d-a1f8-4ede-a68f-355dbb8efc6e,OFC7537,Pune,Income Certificate,16,128,181,141,40,35
47b97479-e4e8-4368-a27f-464634c8428b,OFC9153,Malda,Domicile Certificate,43,137,438,176,262,48
c7da2349-f703-41c1-8324-ae4d99fc0d3a,OFC9285,Coimbatore,Caste Certificate,11,78,834,102,732,35
2e7de3cd-54ef-4886-82c9-495d7d1b6ab4,OFC6610,Patiala,Marriage Certificate,50,73,420,320,100,45
8b344e44-e1bb-4e28-a271-839e6185bfb6,OFC6241,Haldwani,Caste Certificate,24,82,258,99,159,35
1f978855-71d1-4a90-8397-98c195e83ec6,OFC1552,Nashik,Death Certificate,42,94,647,359,288,35
3be7f097-7221-429f-ad4a-4458b3329cd1,OFC5402,Shimoga,Income Certificate,17,84,579,145,434,45
281b3404-cc0d-45aa-9af2-345bc57da5a3,OFC5291,Muzaffarpur,Marriage Certificate,33,18,231,142,89,48
28ef202b-a60d-459d-b1ed-82695349e5a3,OFC3076,Bangalore,Death Certificate,49,174,886,579,307,40
345a9a7a-7b7b-49ac-a216-e04078682118,OFC4141,Srinagar,Birth Certificate,33,145,125,30,95,48
d9bfcf48-2dd2-4df3-88ec-3cd806ffde0a,OFC8915,Manali,Death Certificate,32,49,50,48,2,45
15797d6d-13a8-4273-8eea-362b96d3edca,OFC4125,Durgapur,Caste Certificate,35,46,330,204,126,48
30972da9-f5ef-44a1-84b7-eb4800248317,OFC4275,Panaji,Caste Certificate,26,20,261,143,118,45
ab37b346-1bde-4334-b85b-5ed15f69a948,OFC4880,Alwar,Income Certificate,19,86,976,225,751,35
0451512f-326f-4c20-b640-49fdc819da4f,OFC6986,Ajmer,Death Certificate,23,29,637,570,67,48
72487a00-1936-44c8-99fe-b5640d5aa942,OFC1681,Jamshedpur,Domicile Certificate,40,102,721,568,153,48
d2c64d10-9dae-4c3d-8d1a-6c55c754347a,OFC5931,Tawang,Marriage Certificate,36,163,161,53,108,48
0fcf6be3-74e0-46b8-861d-1713d4de1cdd,OFC5734,Medinipur,Domicile Certificate,19,88,606,412,194,40
57c690cd-6493-475e-a803-aa614702b4dc,OFC6263,Jodhpur,Domicile Certificate,48,15,788,486,302,45
14e3ebbc-15ee-4e57-9155-7f3cc5dddeff,OFC3301,Ujjain,Death Certificate,23,158,744,118,626,45
ce86f78a-a55e-4475-9029-c24abc0801c7,OFC5758,Davanagere,Income Certificate,5,87,949,57,892,48
9cb6425d-aae1-41c7-8afc-c7e3f55b823f,OFC3535,Mapusa,Death Certificate,36,170,156,153,3,35
ed46a7f9-8968-46e2-bfc0-557cd2ec5fce,OFC1322,Begusarai,Domicile Certificate,48,150,603,310,293,35
31f3149a-e30e-471e-b2f7-98129af21518,OFC6893,Asansol,Marriage Certificate,21,177,74,70,4,48
c988809a-761b-4115-915a-46a8012db8c8,OFC7004,Thoubal,Domicile Certificate,16,131,130,30,100,40
6f97b2df-7229-4fdd-8006-cb7542456d4b,OFC4954,Bhilwara,Domicile Certificate,29,34,516,459,57,40
e2be5dae-1e0b-4f29-b99c-5cbaa698e65f,OFC6761,Bokaro,Birth Certificate,15,127,822,58,764,45
0c52e08e-6b2c-4ffc-8d66-b2b233b086ab,OFC8293,Ratlam,Marriage Certificate,30,102,117,40,77,40
ccbb92bd-789e-4f42-8fe8-cbf880d2f6af,OFC9801,Ludhiana,Marriage Certificate,21,84,376,62,314,48
e9e910e4-5f3f-485b-93f1-df56b66fe945,OFC5478,West Delhi,Income Certificate,27,111,460,345,115,35
4cf9e661-f74f-41ba-89fe-faa8a210ac62,OFC4847,Bhavnagar,Birth Certificate,43,75,172,168,4,35
0d902ce7-93e4-41ff-a908-b99057f56390,OFC4143,Bhilwara,Birth Certificate,48,157,120,63,57,48
04f444b1-cc27-488d-8f0a-f80732351cac,OFC4302,Sagar,Marriage Certificate,48,150,502,317,185,35
4a2d3942-00f5-4ee0-96c2-cb6b7d513d7b,OFC7400,Havelock,Domicile Certificate,28,139,662,93,569,40
e0035727-adde-44dc-a677-7949f006ee97,OFC8158,Kolhapur,Marriage Certificate,20,94,189,30,159,35
86d3e873-d497-4801-8f09-c8f3a2b5e363,OFC4882,New Delhi,Marriage Certificate,35,40,158,50,108,48
a75502d0-c3b5-45ff-b67f-f9e57ecc4aa2,OFC7596,Mayabunder,Death Certificate,13,59,503,108,395,40
f46c7128-828a-46c6-bc88-349dedf7937c,OFC1042,Meerut,Birth Certificate,9,105,652,478,174,48
e1678484-2b18-4d8b-8f25-f02ef87bc2bc,OFC7205,Meerut,Domicile Certificate,10,49,489,77,412,40
e7a1e4d9-06c4-4eb2-8cbd-208494d325fb,OFC7432,Karimnagar,Marriage Certificate,22,135,700,470,230,45
f6ee0aaa-0ed1-48e5-9096-ef1c02efb9ea,OFC2780,South Delhi,Caste Certificate,32,170,735,675,60,45
0e64848f-79da-4986-8d5e-0737155d31f3,OFC7941,Ujjain,Caste Certificate,11,45,979,639,340,40
b1a5510b-74e9-4484-8e23-8b72d2ce18d4,OFC3628,Mangalore,Marriage Certificate,49,120,774,359,415,48
0d1585be-d72a-4c45-89cc-13befc33ef45,OFC4344,Sikar,Income Certificate,39,78,479,351,128,40
2756c23c-03dc-45b6-84ab-2b856cc22c30,OFC8510,Udhampur,Death Certificate,7,172,224,185,39,48
cb966de8-b84a-4a30-80b7-994b13137fdc,OFC6314,Pathankot,Birth Certificate,44,26,660,391,269,45
2f5d1bac-3340-4e03-b142-c4cb9350c15c,OFC2126,Thane,Marriage Certificate,20,133,758,215,543,40
c9faf42d-f1ee-4d5a-b061-df527b7bfebd,OFC8345,Champhai,Domicile Certificate,17,19,71,50,21,35
095a9da3-2084-4df6-9491-a3153cbfb556,OFC9158,Meerut,Marriage Certificate,20,159,697,93,604,45
e926e12e-48c8-4f06-babf-2116dface37c,OFC1996,Rewa,Caste Certificate,26,106,220,55,165,40
9cec7ff4-c622-4436-a00b-043a70551d97,OFC2569,Haldwani,Income Certificate,9,149,65,58,7,45
dfc82145-79fb-4d9f-a877-e85e72cbc4ec,OFC8738,Allahabad,Marriage Certificate,9,74,606,541,65,35
3ac687b0-5ab9-4fd4-b9ba-36ab5c6de964,OFC5782,Guwahati,Domicile Certificate,11,28,424,413,11,35
96e74f82-f97b-48e9-89d5-a46d3ea1bbb2,OFC7266,Mangalore,Caste Certificate,27,158,275,100,175,35
c1f00c10-038b-4477-9f6c-890d67e2a725,OFC7437,Jalandhar,Death Certificate,40,177,305,49,256,45
4425629f-96fb-4bed-9038-e211e0830e8a,OFC6549,West Delhi,Domicile Certificate,42,103,524,175,349,48
bfd5f89d-2ec9-4df5-8eb5-077bb01ef705,OFC5999,Darbhanga,Birth Certificate,8,156,295,208,87,40
bddba39f-c41e-4f0f-a9a3-93dc5a5b7527,OFC3606,Bhavnagar,Death Certificate,5,80,358,226,132,40
2e1c0765-5425-49c0-9f0a-97f6a2fb6689,OFC4513,Varanasi,Death Certificate,23,153,71,68,3,48
529f0e65-ceaf-4633-9341-2461b500e23b,OFC1376,Kashipur,Domicile Certificate,25,92,315,298,17,45
9781a982-f8e0-4633-b863-e28111898119,OFC5498,Pune,Death Certificate,13,79,135,44,91,40
52458b9a-aa4a-4307-8310-dbc7461a8373,OFC9254,Champhai,Birth Certificate,44,84,52,36,16,35
d689e8d5-0461-436e-bf5f-36882377b64e,OFC3834,Gandhinagar,Marriage Certificate,5,155,145,42,103,35
4286f43f-7606-4dc9-9f3f-a93c726dbfb9,OFC6828,Adilabad,Income Certificate,8,74,598,490,108,35
5ab82134-fcff-4c9d-bf15-a3418d5b2614,OFC6329,Churachandpur,Birth Certificate,36,30,84,72,12,35
f00a8f50-93ae-4518-936f-de99e807907a,OFC6062,Kolhapur,Birth Certificate,33,71,257,199,58,35
58436fb3-771f-4a3b-9022-24cbbbc5a32e,OFC4413,Gulbarga,Domicile Certificate,41,84,192,80,112,45
1c4fdfec-0409-47f4-8d1a-48cc841978c9,OFC7788,Shillong,Birth Certificate,21,55,907,783,124,40
6954a606-c06c-40c1-a0b7-f9db8bf9bb5c,OFC9652,Kullu,Caste Certificate,24,52,911,129,782,40
4666dfa5-8c18-4b2e-b868-bd7bbd145576,OFC2350,Silchar,Domicile Certificate,24,153,999,304,695,40
933b1fbc-1cea-4739-9bfd-1c1a246ad48d,OFC9009,Vadodara,Domicile Certificate,36,25,316,259,57,35
348009f7-66b5-4124-960b-9b8fce2ce9ba,OFC1716,Amravati,Death Certificate,6,155,178,106,72,35
47db3872-60da-439a-98cb-cdc27ded8379,OFC3518,Agartala,Death Certificate,19,49,493,245,248,35
f601baed-f5a4-4ba1-8fd3-1b4e41d2e1a6,OFC4288,Salem,Income Certificate,10,104,738,553,185,35
6a456680-1b61-45f2-9f1c-6e0c179c0668,OFC9355,Ajmer,Marriage Certificate,46,73,896,785,111,35
463b55a8-6a18-4180-a6ec-4d85d4008d5c,OFC4803,Hazaribagh,Income Certificate,47,46,727,567,160,48
b3e67893-f7de-416a-9a78-aeaf48a6b84b,OFC2372,Siliguri,Death Certificate,35,75,658,87,571,40
6d241694-c7d8-4a63-b111-6d41184a4e3a,OFC2323,Ranchi,Domicile Certificate,20,34,358,284,74,35
860f40e2-4247-4e45-a29a-6d49d05ba220,OFC4283,Thoothukudi,Domicile Certificate,31,38,965,227,738,40
20d5f848-3a6b-4e8c-81a2-ee54aa608914,OFC9914,Surat,Marriage Certificate,26,119,348,229,119,45
1fa821f8-5cbd-49cc-a162-c4ff3f4db1b3,OFC8760,Udhampur,Marriage Certificate,24,119,200,112,88,40
414cddf7-63cc-422c-b397-48de0175ca01,OFC6706,Baramulla,Income Certificate,18,128,93,82,11,45
191fe797-d372-45f1-b4df-cc74ca6e93d9,OFC1837,Margao,Marriage Certificate,46,50,930,140,790,40
1d185a4b-7693-4005-92b4-f44cee12c27a,OFC1752,Havelock,Death Certificate,36,48,365,115,250,35
d6bac468-82c3-4a03-b177-31f98032bc69,OFC2525,Jalandhar,Birth Certificate,29,93,349,245,104,48
c7dbf11a-6f26-4de8-88f4-fb923205b891,OFC2768,Katihar,Domicile Certificate,42,45,370,204,166,48
d096908e-f71b-47a5-8907-b9e4dd668337,OFC9094,Gulbarga,Death Certificate,35,167,823,109,714,35
8e667108-97a8-4bee-a864-b54d9a19e4f8,OFC3057,Rangareddy,Marriage Certificate,50,21,255,132,123,45
16919261-a196-413a-b2f1-90c3897b4f98,OFC4603,Udhampur,Birth Certificate,46,76,976,921,55,48
11e9e2f1-5bcb-40c3-8acd-5cf74086ed9a,OFC7501,Ghaziabad,Birth Certificate,50,153,929,871,58,45
54d668c2-6a95-437b-8da7-c557a722a213,OFC3796,Mysore,Domicile Certificate,28,79,679,283,396,35
f947e74e-03fd-420d-b48a-eb96609c56b1,OFC6908,Ahmedabad,Domicile Certificate,49,74,436,158,278,48
f6af51a8-68bc-40cd-971a-048636a02edb,OFC1663,Bilaspur,Income Certificate,27,75,851,472,379,45
c84f910e-a7c3-48ff-9c25-116a9a921e47,OFC7513,Patna,Death Certificate,50,176,141,128,13,48
ab2269d9-41b6-4ece-8bef-24edbf20d93b,OFC9469,Geyzing,Caste Certificate,30,23,172,128,44,35
1e6053b9-c3a8-42c2-a37c-50ad22086b87,OFC4237,Patiala,Income Certificate,21,39,327,250,77,45
5e7d8267-af88-49de-beda-7e5330fd9d1d,OFC2136,Bhagalpur,Marriage Certificate,46,22,396,140,256,35
9e8d44ab-b2c6-40cd-a935-af0fa76458c2,OFC3530,Rewa,Income Certificate,50,83,852,312,540,45
cb6c33ae-586f-4776-9456-146db2fa1878,OFC8346,Siliguri,Income Certificate,48,176,111,58,53,40
b0627b1f-5a1d-4619-8aa6-82190cc6bcde,OFC4439,Erode,Birth Certificate,13,167,940,335,605,45
a9645d80-3435-4c66-a70e-ed419a28424e,OFC3572,Ghaziabad,Birth Certificate,21,165,111,107,4,35
d57bb86a-3dbc-4d6e-a20d-2a38e52e7ee8,OFC8435,Mangan,Death Certificate,37,155,449,103,346,35
43c702c1-86ad-4ee9-9e39-d464fdd54f2e,OFC8839,Darjeeling,Death Certificate,41,61,134,105,29,48
7287343f-4ce4-4d02-99a9-c15c379a252e,OFC4049,Junagadh,Income Certificate,10,62,269,60,209,48
ea6616d5-ffb7-49c7-acc2-21ca992ebbc7,OFC5685,Darjeeling,Caste Certificate,31,24,855,452,403,35
41482e49-b361-4b7d-815f-1900e618fd20,OFC1912,Mandi,Caste Certificate,10,165,172,64,108,35
bef16e63-a21c-4b78-a95f-f8f81cb305ea,OFC9182,Agatti,Caste Certificate,7,136,254,104,150,45
940dc0bb-d5e7-478d-96f4-fc4b9b7a6fce,OFC8146,Medinipur,Death Certificate,5,99,492,100,392,48
3cbd84f1-4bc0-4b53-9778-f822912fc115,OFC3200,Anand,Caste Certificate,19,132,908,51,857,48
88972e76-d6ed-4f33-adc9-85e4ac11f8c1,OFC5945,Kashipur,Income Certificate,41,88,301,277,24,48
8a41e46d-a5bf-4aec-ad61-c1e6b96a1c05,OFC2977,Gulbarga,Caste Certificate,12,172,362,322,40,48
ef5d14cd-152d-4f10-9e07-128268bd93cb,OFC6547,Meerut,Income Certificate,8,62,305,193,112,48
4b5077d7-2de4-45fc-a24d-147f9aacf8a9,OFC7781,Haridwar,Caste Certificate,49,114,827,336,491,45
7b6c73a7-db94-42fd-8118-051bf5d4f707,OFC8001,Mahbubnagar,Death Certificate,20,22,710,151,559,40
5fd72aa6-56ab-4601-a5d0-19022bdc1e9d,OFC4378,Jaipur,Birth Certificate,22,99,617,292,325,40
e95c5846-ab97-4370-95ad-54b1e1abe317,OFC3699,Tawang,Marriage Certificate,41,29,763,697,66,45
18893996-d3e5-4e12-85c9-6ccc395a1e77,OFC5789,Rewa,Marriage Certificate,19,93,707,616,91,40
91f7910b-38f6-44a2-b8a8-fed5c13cfe11,OFC4693,Erode,Caste Certificate,36,63,79,37,42,48
dd5df2c8-343e-46b0-a6fe-8f65f08b4b70,OFC8784,Thane,Income Certificate,33,101,685,418,267,35
5ef18721-5fb3-4f95-9ce4-485fe7013376,OFC7298,Begusarai,Caste Certificate,39,158,329,323,6,35
4dabe2a7-8ec5-45f9-a34e-d4368721d2ca,OFC8087,Udaipur (Tripura),Caste Certificate,34,56,864,755,109,40
a5b38b4d-7fb1-48d0-aa0f-5c0f945eec5e,OFC1275,Dharmanagar,Domicile Certificate,14,130,594,195,399,48
f4c443d2-d9eb-4bdf-b6c1-eee4df8ea064,OFC7959,Tirunelveli,Domicile Certificate,11,61,577,492,85,40
4a6babf2-69c3-4f7f-bd5e-e86d9e2e5d45,OFC3634,Bareilly,Birth Certificate,5,126,901,348,553,45
a1886c52-a38e-4b89-b0de-2402e793fcf1,OFC9600,Purnia,Birth Certificate,20,180,142,34,108,48
787e228d-6aa1-4919-9583-944bd895953d,OFC9172,Dimapur,Income Certificate,15,63,433,246,187,48
7d45ed97-01ec-4c7d-99ab-8816ea1a6315,OFC6538,Surat,Caste Certificate,41,163,167,82,85,48
00418a8e-9b7b-407b-8c7c-c35d3bb459b3,OFC3965,Jammu,Income Certificate,42,167,226,128,98,35
9e4a4365-67ce-44a1-8ca1-36282cc56609,OFC1278,Jorhat,Death Certificate,30,178,577,567,10,48
c18197cf-f8d5-49be-855a-db64fc60de60,OFC4817,Kullu,Death Certificate,49,105,120,109,11,35
a4975428-1b2a-421a-86b5-a2ffcfe681a6,OFC1009,Nizamabad,Birth Certificate,22,18,250,34,216,45
2f16c600-9794-4625-a0cd-ce197a7790eb,OFC1781,Darbhanga,Birth Certificate,7,61,809,615,194,35
d58f42fc-ac26-414b-92ee-dcd57d497c24,OFC1629,Pathankot,Domicile Certificate,49,158,643,474,169,35
1a1e1f65-6a34-4f51-b019-b9b302ab278a,OFC5413,Dhanbad,Caste Certificate,38,116,356,122,234,35
d63a53b6-0f32-41a8-81cd-7bf468532ddb,OFC5864,Malda,Domicile Certificate,29,72,584,522,62,45
1835a36b-e250-400f-8ef9-940bb99bb51a,OFC3904,Salem,Death Certificate,16,91,879,270,609,48
4a6b4252-7897-4ef3-906a-6b04628ddd70,OFC4825,Bhilwara,Income Certificate,6,152,839,693,146,48
1e001bcd-39f4-4c63-9b0d-46654a79ca23,OFC8002,Nainital,Domicile Certificate,29,132,671,212,459,45
2b974290-1de6-4031-85a3-fd6b9a93b515,OFC7213,Amravati,Domicile Certificate,39,89,281,92,189,48
2c9cca21-6341-43ca-b931-0ded8b910420,OFC9995,Mohali,Caste Certificate,36,122,232,69,163,35
46d63a6e-8218-4e2c-a838-a680f9d3e440,OFC1236,Indore,Birth Certificate,15,147,567,438,129,35
d484f27b-52ec-4b77-b447-e429a50d570b,OFC7945,Sikar,Domicile Certificate,42,22,129,47,82,48
d163dd9d-fb9f-4f77-91d5-b09c12787b3d,OFC4455,Thoubal,Caste Certificate,23,149,454,72,382,40
42779b1d-5062-42f0-85cd-87d619481f6f,OFC1094,Udaipur (Tripura),Caste Certificate,49,68,962,902,60,48
de8b9079-18ae-4a60-a469-f18b9c6a5ad6,OFC1048,Agra,Birth Certificate,47,159,770,75,695,48
99fd36ef-b0c7-42f7-a7b2-8988b7478293,OFC1935,Hubli,Birth Certificate,7,71,190,34,156,48
2a97eb06-d152-4ca2-8169-94addd0ac4ff,OFC2166,Alwar,Income Certificate,50,140,959,402,557,45
8fa10528-33f8-468d-83e4-5732fef92884,OFC5148,Bikaner,Income Certificate,49,37,670,563,107,35
f572dc9b-be9b-4752-bcef-597599809d76,OFC7970,Darjeeling,Death Certificate,38,176,460,418,42,48
21927ff4-92e4-4200-b815-627c025ec556,OFC7797,Kathua,Birth Certificate,16,76,407,246,161,45
62beeef7-46af-437f-b635-d98b871a6a7d,OFC4516,Nongpoh,Death Certificate,8,114,71,64,7,45
68061bf5-3563-4a6e-a8e1-5f73b80b4ccd,OFC2145,Warangal,Marriage Certificate,39,139,637,100,537,35
ff444e3b-d1cb-4021-99ec-7569dcae5e29,OFC5912,Gwalior,Caste Certificate,19,28,448,151,297,45
ee97e723-020b-4612-9e17-3ac5b2c2f2e8,OFC4764,New Delhi,Birth Certificate,21,132,601,219,382,48
d344c401-8272-4676-9517-836e89f64bef,OFC3389,Kota,Birth Certificate,48,177,633,303,330,45
340b5e63-739e-4082-a377-b81a838b21cd,OFC1326,Baramulla,Domicile Certificate,49,111,651,295,356,48
57a841d6-41e1-449d-85ca-4795a23cfa71,OFC4373,Kathua,Marriage Certificate,15,65,840,303,537,45
802b4ee3-d090-44d7-acef-d20bfa75a0ef,OFC4000,Agatti,Domicile Certificate,33,58,322,268,54,40
7477d7ce-37a2-441b-9550-9792e79f7c07,OFC1264,Gaya,Caste Certificate,24,146,410,150,260,45
f5401581-0cea-4d2c-82ad-7fd5a359bd0c,OFC8133,Khammam,Income Certificate,34,69,217,53,164,45
8e4776d1-425a-442e-abb3-72b47ae7502a,OFC4802,Thane,Death Certificate,26,136,699,412,287,45
7dc2d256-cdc9-4aab-8251-f7d242aa3631,OFC7592,Bishnupur,Death Certificate,16,137,66,49,17,48
a94a5d16-7a21-4632-86ef-402cfaf1100a,OFC6798,Siliguri,Caste Certificate,19,40,795,710,85,45
f1ca374a-cc29-493b-a182-f8e8f5a84349,OFC4480,Margao,Income Certificate,15,19,133,42,91,35
389b190a-da93-48f4-8cae-8deb4f4b9fa8,OFC6420,Davanagere,Income Certificate,14,77,937,72,865,48
80743fa7-59f6-430f-b5ed-c92573770e4c,OFC3616,North Delhi,Income Certificate,6,165,752,98,654,45
58e03174-0531-48f8-ab9a-39706699ba4c,OFC6734,Mokokchung,Domicile Certificate,16,90,379,266,113,35
312b6de7-de47-45df-829e-01302309392b,OFC9887,Pune,Marriage Certificate,46,124,946,712,234,48
b1e9b46e-c409-4cb8-8bd7-c4c5d4019a24,OFC9188,Alwar,Birth Certificate,30,81,338,220,118,35
d483e0d5-b0af-44af-a079-1df6179da589,OFC3236,Begusarai,Marriage Certificate,30,23,846,131,715,45
46ff0445-d2cb-4a15-a939-ddff4d23327a,OFC3802,Kashipur,Caste Certificate,22,80,960,95,865,35
ee5362f5-607a-4d48-a726-04fcdfe47552,OFC8647,Bathinda,Birth Certificate,34,177,506,272,234,48
5bb50775-8350-42fc-9db2-4480feb46e70,OFC9889,Patiala,Caste Certificate,21,82,703,276,427,40
bd90f956-3cdd-4908-800f-5d740ab9b185,OFC8880,Ranchi,Caste Certificate,17,82,174,80,94,48
6753104d-02b0-4e9e-a766-6c7a9909b0bd,OFC5585,Mohali,Marriage Certificate,19,137,111,38,73,48
080dfffd-eefd-47c9-8604-5d109bb84800,OFC6441,Thoothukudi,Domicile Certificate,15,140,928,500,428,40
1abb40f3-6433-4d2c-acea-413e46d60f8a,OFC2401,Jamnagar,Domicile Certificate,35,120,556,488,68,40
4a62b362-a4b9-48b7-9c7e-c649a5f49027,OFC8741,Bhavnagar,Domicile Certificate,47,21,290,118,172,48
155695aa-3af1-4de2-a812-19c1478677c0,OFC6127,Junagadh,Birth Certificate,44,143,645,92,553,45
c8162743-a57f-4958-9bce-59fa326f5d52,OFC7326,Manali,Marriage Certificate,46,87,56,32,24,45
30564c22-17f2-4fc7-ad96-7add101fc8c3,OFC6267,Shillong,Domicile Certificate,49,117,958,487,471,45
f378a612-2de2-4e48-9ff5-e174d756dfc6,OFC2185,Havelock,Income Certificate,32,118,631,558,73,35
e8678326-8af2-484c-a3d7-37a343933cd4,OFC1163,Delhi,Domicile Certificate,11,164,175,109,66,40
06172545-7859-4008-8cf4-ecf602a92b5a,OFC7269,Howrah,Marriage Certificate,15,126,566,163,403,45
588540f3-4de1-48e5-b674-e5cdd91694cf,OFC7113,Bishnupur,Marriage Certificate,39,162,595,516,79,40
ed9a3fff-14fa-478f-926b-a8ac48d3a076,OFC8085,Bokaro,Marriage Certificate,50,136,268,96,172,48
9e9352fe-fd27-4a5e-a90d-265dda9c4c24,OFC6580,Kavaratti,Death Certificate,5,172,327,145,182,35
83a6ace3-ea88-4f9a-aeb1-9ac9cb3849db,OFC7996,Sagar,Marriage Certificate,17,68,631,541,90,45
d7c7e953-bbd4-44cb-95a1-91b32ffed12b,OFC9603,Begusarai,Income Certificate,46,49,84,68,16,48
2974e8be-b736-44fe-bde5-f7614e6fad79,OFC4449,Mapusa,Domicile Certificate,26,43,833,491,342,40
2a6c8b43-b7a0-4daf-aa45-219b0ec70fe2,OFC9049,Ludhiana,Domicile Certificate,43,169,329,124,205,45
5b731cd4-4fd2-491f-aba8-1ae9c7b7ffbe,OFC3538,Bhopal,Birth Certificate,17,106,524,67,457,48
e07cd69e-0878-4845-ba42-9209637d155c,OFC1244,Bhilwara,Domicile Certificate,28,66,879,769,110,40
f0006fde-2ead-4542-895b-fe4f1e2c1c01,OFC2103,Agatti,Caste Certificate,28,144,687,116,571,45
6635b46f-9bba-4036-b61e-f14b1ad5ed59,OFC8658,Amini,Marriage Certificate,24,93,867,143,724,40
a4879f14-2686-433d-bc78-ea11d67e5c60,OFC9082,Vellore,Death Certificate,34,55,479,67,412,40
06dcc7d3-de7d-4d16-a867-1811bf9cc56b,OFC3713,Haridwar,Death Certificate,5,58,873,331,542,35
afb0d35a-952d-44d4-8b66-c71b57ee3386,OFC6757,Anantnag,Domicile Certificate,35,138,159,123,36,48
12075d16-10d7-49c6-99a3-d0d4a5ca6614,OFC9247,East Delhi,Death Certificate,25,169,370,318,52,45
f801ee76-f365-4e3e-9272-f991c66671d4,OFC9234,Mandi,Marriage Certificate,37,34,764,587,177,45
1440b8ad-5483-42c6-8d83-4a4f89daf96f,OFC5898,Nashik,Death Certificate,14,168,320,167,153,35
bbfec92d-923c-4443-9f06-caf8cf32af51,OFC7401,Diglipur,Marriage Certificate,29,158,674,221,453,35
7d4209fd-c39b-41c7-a36c-046ef8d70017,OFC4829,Gangtok,Domicile Certificate,21,169,944,435,509,45
abfc21b5-58b7-487c-9351-0adf54d8d770,OFC9113,Ludhiana,Birth Certificate,32,145,972,608,364,40
4015e489-ad2b-4c3b-a97a-bed4f9984bc4,OFC1634,Jamnagar,Marriage Certificate,40,36,887,570,317,40
0765d1f9-7f1a-4e02-ad02-10b417239a0b,OFC8979,Howrah,Income Certificate,48,147,419,136,283,40
6105dd1a-e35f-490e-a122-d9a6426ab92f,OFC9760,Tiruchirapalli,Birth Certificate,35,172,130,96,34,40
8c10f9e5-30d5-4c85-b9c3-cf2b32392566,OFC9359,Churachandpur,Domicile Certificate,15,66,267,156,111,48
f4de4b64-73b4-4f70-a96c-8640520d137f,OFC4065,Udhampur,Death Certificate,7,175,268,67,201,48
eb89f72a-5251-423a-a6f7-061196eb8b36,OFC9202,New Delhi,Birth Certificate,8,20,582,203,379,40
958518d8-e585-450f-a7a3-151937f2ca97,OFC9522,Warangal,Caste Certificate,29,176,484,90,394,45
d6b97df7-e759-4b1a-b7ea-de5929508d4a,OFC4741,New Delhi,Domicile Certificate,41,141,829,355,474,48
edca65e4-b316-4311-8527-2a2521398945,OFC5674,Haldwani,Marriage Certificate,22,34,936,149,787,45
ea8d4ece-2ab5-47e8-97d7-ecf79d13c484,OFC6658,Bhopal,Marriage Certificate,23,43,706,517,189,35
12a41e7c-770d-4c91-acb1-639f6f6e97fc,OFC1083,Mohali,Birth Certificate,29,72,960,780,180,45
a8792491-0a8c-4cdc-81bb-133602bc2f45,OFC5218,Malda,Caste Certificate,16,62,797,669,128,48
ff824f53-9ce5-4965-bdcc-9e2cd146be7d,OFC5753,Patna,Birth Certificate,47,141,357,154,203,40
d36f7779-71af-4549-8c4f-00333b6069ec,OFC9211,Panaji,Marriage Certificate,35,33,489,155,334,35
fb76c715-41a2-4524-b5a8-017e4ec17738,OFC9844,Bangalore,Birth Certificate,45,132,572,378,194,48
c1b3df99-c999-47dd-a1d4-a5cf4bceefdf,OFC3666,Udaipur (Tripura),Death Certificate,49,25,205,116,89,45
caf3ce51-d5ef-4d46-9c2b-1e366ad3bb04,OFC3985,South Delhi,Marriage Certificate,18,78,688,239,449,40
cad4d2d8-0e79-4c3e-919e-3a1a4be88828,OFC4620,Kashipur,Caste Certificate,21,139,141,86,55,40
e87e7c1b-1981-49cf-838e-0a0c814475f5,OFC5798,Rewa,Income Certificate,12,39,945,841,104,40
2fd8a130-919b-443b-a739-fae4736b4bad,OFC6280,Shimoga,Income Certificate,30,49,94,54,40,35
b4668f93-d380-4262-857a-13d3c0458bf3,OFC5892,Vasco da Gama,Marriage Certificate,38,125,183,56,127,35
eacf6e6f-ca24-499d-b4f5-777b9f21c5c7,OFC2821,Thoothukudi,Marriage Certificate,31,35,472,86,386,35
417be835-01eb-4593-9994-7fb0d35349c7,OFC1172,Minicoy,Caste Certificate,20,156,991,342,649,45
e4c18d2b-fe00-416d-8d6d-2649b0daaf14,OFC8481,Jamnagar,Death Certificate,47,21,415,92,323,45
7c23c791-febd-46d5-bc58-922277a2129a,OFC3132,Tirunelveli,Domicile Certificate,15,176,733,445,288,48
e1b4850d-e7fb-418a-b7e1-c475d50ff21c,OFC6301,Kashipur,Marriage Certificate,16,105,590,212,378,35
fba1c1e9-86af-4899-97d5-00621ec83dfb,OFC8946,Kolhapur,Caste Certificate,41,167,145,75,70,35
f45a5a0f-7183-434b-b278-d08ea168e714,OFC3652,Jamnagar,Birth Certificate,16,133,199,173,26,45
ad33c291-560a-4cd9-85c3-9ecc605a2f82,OFC4002,Bishnupur,Death Certificate,30,111,453,362,91,45
ae3a4e16-b65e-44ce-9f9b-faf88af50534,OFC5966,Margao,Domicile Certificate,41,76,771,649,122,35
594d9e6f-343e-44a0-83e1-c85686181b42,OFC5188,Warangal,Birth Certificate,44,75,180,106,74,35
c8d7b297-0084-49d0-a321-410adf5b292f,OFC1448,Bokaro,Domicile Certificate,37,159,908,417,491,45
ee7d941b-9742-4e7d-94ae-b9936efab460,OFC9788,Bokaro,Domicile Certificate,46,131,585,377,208,48
e8336241-9cbf-49bd-8a02-3829f694dad9,OFC5674,Bareilly,Birth Certificate,49,152,992,359,633,40
086ba44a-506e-44f6-8685-71219002c17b,OFC5352,Amravati,Income Certificate,10,107,964,558,406,40
733a6021-22e4-4f7d-bec5-f423c14706c9,OFC3807,Champhai,Caste Certificate,40,115,831,669,162,35
1150bb19-825b-48b1-8934-e4e693143bf3,OFC5132,Ludhiana,Marriage Certificate,11,69,429,322,107,40
cc6b4ea2-f730-45b9-b86f-8955d5b1a8c3,OFC7196,Durgapur,Marriage Certificate,37,53,624,561,63,40
bda2bd7d-d13b-487f-8294-ade653ca9236,OFC4226,Champhai,Death Certificate,33,176,930,666,264,48
08630469-3f21-405a-b36b-f6c4ffdeb0b3,OFC7381,Mapusa,Caste Certificate,35,104,440,45,395,35
e44e635b-548c-4611-98b9-134df353995e,OFC7875,Agra,Income Certificate,50,59,133,82,51,48
804e0733-8189-44fb-8c4d-f04020d797ce,OFC1614,Margao,Domicile Certificate,26,44,385,271,114,35
e89e8710-bdc0-4345-bb72-1ffda77ae8c7,OFC8943,Sagar,Birth Certificate,48,140,125,40,85,35
71d6eb89-6fa3-41a8-91c6-ce8c8d715f96,OFC2018,Central Delhi,Birth Certificate,10,172,394,131,263,48
bbfab1ef-1377-41de-96fd-48b1e34ba5f7,OFC3979,Udaipur,Marriage Certificate,10,45,846,731,115,35
1c778bb1-866b-4664-aaba-c51a0dd4ecc1,OFC8515,Dharmanagar,Death Certificate,20,16,248,217,31,48
bbb4d17f-4d1a-4025-8570-8e068af8c2e9,OFC6572,Guwahati,Death Certificate,13,151,468,210,258,35
09a10608-e10a-4c8f-af1b-4f3b48b908c7,OFC4246,Patiala,Domicile Certificate,33,102,914,316,598,40
7432f21c-16d7-4f43-bd3a-2e3cea5bd366,OFC8408,Mangalore,Death Certificate,28,150,754,448,306,45
8ec0c344-246f-4735-8e12-0852227c7559,OFC4898,North Delhi,Death Certificate,12,65,820,135,685,40
9303b8a8-cee0-4ebc-8769-48866d3eb6a8,OFC7033,Thane,Domicile Certificate,19,103,258,256,2,45
a3161809-2b44-45c6-acf8-3bfc14c6f2d3,OFC5764,Muzaffarpur,Income Certificate,40,78,153,123,30,45
9e9d1ec5-4fd8-41d5-a207-c1bea4a90ff8,OFC1017,Udaipur,Death Certificate,40,166,338,314,24,35
76c30a3f-e678-445e-8bec-01711c364c05,OFC4467,Ahmedabad,Caste Certificate,40,69,694,203,491,35
77208383-32fb-454b-b71a-639af738373a,OFC4552,Dispur,Birth Certificate,44,148,88,56,32,40
8108dd81-bbb3-44fc-b928-155fc0e38098,OFC4476,Adilabad,Birth Certificate,25,62,782,395,387,40
adeda2bf-803b-44a9-b698-251c7a4f483d,OFC4276,Tuensang,Caste Certificate,28,91,727,596,131,35
9c107d4e-3e64-4d36-87a1-66dbee2753f1,OFC4941,Ramgarh,Death Certificate,30,92,758,666,92,48
dd71deff-9baa-4560-af25-fd7ad80254e9,OFC4355,Serchhip,Income Certificate,14,123,673,315,358,35
83fbef4f-9a58-433d-aa30-6378af1ea053,OFC4885,Namchi,Death Certificate,50,105,877,223,654,48
926977d4-d360-40ca-8d43-1c97e561b717,OFC4968,Gorakhpur,Income Certificate,41,119,747,611,136,48
19bd0d5c-095a-4cf4-9464-293dea7ac805,OFC3649,Agartala,Marriage Certificate,13,138,651,209,442,35
b2a2ffcd-d71a-4652-bc5d-efa878331699,OFC2776,Shimoga,Caste Certificate,12,73,877,169,708,35
71295031-121e-4061-a25c-98352ab12c34,OFC6504,Karimnagar,Income Certificate,32,17,755,714,41,48
f22b7986-ad3d-4577-be14-d17d694a5c2d,OFC3758,Haldwani,Domicile Certificate,41,144,880,323,557,40
abbd8b0d-f5a8-43ec-bc5c-8346d3149d2d,OFC8992,Shillong,Domicile Certificate,15,35,453,300,153,48
d18bfaa5-bfad-4d37-8233-920597fee8be,OFC2598,Jodhpur,Marriage Certificate,43,60,478,346,132,48
484d5231-a7d1-48cd-a671-64ce2f6ee1cc,OFC6697,Tumkur,Birth Certificate,39,152,213,211,2,48
f6da945c-52b2-49c8-be9e-9a2046b344e0,OFC2021,Nainital,Caste Certificate,30,164,951,916,35,35
3605abe4-5d6a-4aef-87df-f1d686713361,OFC7138,Baramulla,Caste Certificate,35,163,519,402,117,40
8725f598-d41e-4cb6-85cb-20f27591929a,OFC6718,Alwar,Birth Certificate,6,19,432,51,381,40
fb6cda62-3387-404d-a6c7-81e9f69aa1ca,OFC6235,Udaipur (Tripura),Income Certificate,39,26,712,339,373,45
caa10008-1a8b-403b-ad16-d0ea3880d03c,OFC6357,Ludhiana,Birth Certificate,12,18,565,86,479,45
919f951a-433c-42c8-8066-249b5a4c1581,OFC3565,Ludhiana,Domicile Certificate,33,159,161,102,59,45
b9a1f4ac-b3bc-4c78-a84b-d1b6df8fcd7f,OFC7126,Baramulla,Marriage Certificate,19,55,144,63,81,45
01a13330-26d0-4160-baf3-2f62f142f710,OFC9952,Deoghar,Domicile Certificate,8,163,609,458,151,40
4d598d42-f7a8-4eec-962b-024e98dcfd6d,OFC7486,Kullu,Death Certificate,41,156,964,232,732,45
eb3882cc-098b-4706-9192-247d186e6b24,OFC5737,Kathua,Marriage Certificate,28,63,844,608,236,40
abfacac6-8248-4af2-a297-11e82f96e224,OFC2464,Jalandhar,Marriage Certificate,19,27,732,567,165,48
0c790641-5cf0-4f82-b50b-fc8787cad784,OFC1476,Pathankot,Death Certificate,25,49,764,653,111,40
1b6569ad-0e0d-42f7-b1ac-2e14010b636a,OFC7051,Solan,Birth Certificate,49,118,840,403,437,40
7644c10c-278b-4fe5-bf88-c572094fc504,OFC2374,Diglipur,Domicile Certificate,29,111,143,93,50,40
56369c5a-dffc-439e-8fad-886aa28f7139,OFC7393,Dimapur,Death Certificate,48,147,172,61,111,40
d019a6a3-0c6a-447d-8a63-ae3627995ea3,OFC2488,West Delhi,Domicile Certificate,23,147,509,333,176,40
9801849b-2ac9-42ab-84c0-df166f872634,OFC2026,Guwahati,Caste Certificate,41,69,116,30,86,48
a55b3b0c-da94-4925-9de8-83810174d9fa,OFC8405,Bardhaman,Death Certificate,33,130,195,61,134,48
6ec5f9c1-7a33-4ae1-8d61-f56782dff219,OFC6959,Shillong,Caste Certificate,42,57,599,358,241,48
4b53df8b-07d4-4483-a06e-b6ddafff1edd,OFC5438,Kullu,Birth Certificate,32,78,812,805,7,48
71378bf7-9413-49ea-8ace-87ea75fb43c8,OFC2806,Anantnag,Caste Certificate,35,18,756,446,310,35
5948b3b3-ebe1-4c40-ae11-041f797bc141,OFC2225,Margao,Birth Certificate,38,157,539,73,466,40
07882670-d49b-4923-a90f-ac64c5e24752,OFC3091,Haridwar,Caste Certificate,12,77,160,108,52,45
7d62a1cc-8f17-47a4-9ae4-737de6627857,OFC4894,Haridwar,Domicile Certificate,36,78,84,50,34,45
6e04089f-4d70-4cd3-bed4-ec603080cdcb,OFC1002,Malda,Death Certificate,28,16,735,314,421,48
57f5d4a8-84a0-4b79-bb93-834e59ebae2d,OFC9673,Amravati,Domicile Certificate,47,132,434,168,266,35
514e6ad7-0e9c-4d10-9816-40253d22376d,OFC8627,Gwalior,Caste Certificate,47,60,710,258,452,48
becb9f55-1a83-4ff1-9ddf-2c850a7c2c3c,OFC3170,Tawang,Domicile Certificate,20,18,962,107,855,35
d6befa32-4c89-46ef-ba9d-97c8f286b29f,OFC1391,Hazaribagh,Income Certificate,24,44,704,39,665,40
fdbb5dea-f9d4-48e1-9a98-3ad6fa584834,OFC8448,Nanded,Domicile Certificate,20,64,661,497,164,40
3f059e1d-39ff-48cc-a1ee-9a067c7cff12,OFC4239,Howrah,Caste Certificate,41,108,758,528,230,48
5c585797-b0a9-4f34-a58f-2165fa2406f8,OFC4941,Nainital,Marriage Certificate,8,161,294,91,203,35
a09e76f6-9d40-4418-954a-a685fc9a26e5,OFC4835,Mayabunder,Income Certificate,32,117,316,191,125,45
f69ceeaa-f909-427f-93cd-d02a43514fde,OFC2668,Baramulla,Marriage Certificate,21,93,299,84,215,48
e179d6c0-f666-4d3c-adc6-ee45627f84f3,OFC4692,Aizawl,Income Certificate,24,23,91,78,13,40
280e3b4a-65b3-437e-97f5-81ec61de01ea,OFC7148,Gwalior,Caste Certificate,29,117,596,401,195,45
dea560af-6767-4c37-a75c-d060d1cfba0d,OFC7970,Tiruchirapalli,Income Certificate,35,45,503,427,76,35
02550395-2f5d-41c8-b01d-29a548e30d5a,OFC1209,Gandhinagar,Caste Certificate,49,126,670,256,414,40
fa546875-de31-462b-b393-9503dde84ee5,OFC7530,Jammu,Caste Certificate,10,90,614,537,77,45
5372e617-85cb-4c76-8f5f-b43218da88bf,OFC1789,Leh,Caste Certificate,13,112,687,497,190,35
93addadd-9a7c-466c-863c-ca00ce326f3d,OFC3241,Bhavnagar,Domicile Certificate,6,35,263,89,174,40
301b4d4b-d0e4-4139-bc3e-aaddfc2a0e2d,OFC1240,Kolhapur,Caste Certificate,30,133,859,686,173,35
10724191-9e53-4ca3-9a2a-50a507f07702,OFC8962,Pune,Caste Certificate,40,132,424,423,1,45
25e883b9-8594-4828-94e9-153504e3266e,OFC2669,Nongpoh,Domicile Certificate,39,76,922,737,185,45
a3d524d5-d308-442a-a6a6-e69b2abcf4f7,OFC9370,Geyzing,Caste Certificate,49,117,115,112,3,40
156bcce2-db7e-4c17-9e40-98aeea6bdc36,OFC5056,Nagaon,Domicile Certificate,18,113,637,410,227,40
fd375f2c-b894-43d3-8711-74f2f888e356,OFC3414,Ahmedabad,Domicile Certificate,32,66,329,298,31,40
5d04186d-ee93-44e5-8c2b-32ea2fbbe823,OFC1557,Ludhiana,Death Certificate,27,35,363,240,123,40
400375c5-bd6e-499d-8393-2483dede64bf,OFC3020,Darbhanga,Birth Certificate,43,28,131,53,78,40
19ffcd78-6dcd-49ab-b12b-2ae993ebdbfe,OFC2156,Bilaspur,Marriage Certificate,34,85,743,378,365,35
89cd797d-39ec-4fba-8230-f5404374b709,OFC9293,Dharamshala,Death Certificate,50,28,629,172,457,35
4f957dc0-a18e-49c5-9c13-b295509e1077,OFC8604,Surat,Death Certificate,9,27,896,395,501,45
d72262cd-fc71-4f6d-825e-9e45217d8042,OFC6826,Asansol,Marriage Certificate,24,68,831,55,776,40
62b29988-396d-4b51-8e14-2881c2ac2060,OFC2085,Nashik,Caste Certificate,42,18,117,53,64,40
fde3db34-3ef5-4fd0-bdaf-92674bd1b8c7,OFC5271,Asansol,Birth Certificate,36,168,949,224,725,45
22cbc0e0-6bb6-4a27-8c38-908c35082f6a,OFC2622,Panaji,Domicile Certificate,21,131,994,570,424,35
7f78ae69-d466-4b8d-babd-b4f000624494,OFC3719,Imphal,Birth Certificate,31,74,269,223,46,48
fa9e16a8-48d0-4c06-857e-3e8b857f2024,OFC3830,Hazaribagh,Marriage Certificate,48,15,826,786,40,48
a1ddd95b-fa01-4e97-8bc5-3fa0d97808a9,OFC7529,Dharmanagar,Birth Certificate,30,91,757,640,117,48
22be1ebd-3d75-4ed3-9816-1e01d9b19c31,OFC9444,Diglipur,Birth Certificate,44,135,856,521,335,35
8dc82546-d638-42b8-94ac-e7f6a159fa3f,OFC8395,Bareilly,Domicile Certificate,28,78,577,502,75,40
bfe56979-974d-4ab7-a566-c520aa418f01,OFC2126,Gulbarga,Income Certificate,43,132,266,57,209,35
882bb05b-2189-471f-a4e8-e1c218d56692,OFC9566,Vellore,Domicile Certificate,45,92,174,66,108,40
5a6de3b9-7408-4eaf-9615-4987989868ac,OFC1906,Mokokchung,Domicile Certificate,27,74,668,623,45,48
c8fe93e9-746c-4a3f-8dca-d46204400ac2,OFC9037,Surat,Birth Certificate,14,111,981,965,16,40
8e331a13-a562-4996-a8e5-725846f021f2,OFC3659,Roorkee,Caste Certificate,5,130,746,140,606,45
a4270e0f-81ae-440e-a8f4-d4ff2a6a19d3,OFC6120,Nongpoh,Domicile Certificate,33,148,245,42,203,48
e97a93cd-be56-4382-a71d-e3bf4242be0a,OFC1826,Ludhiana,Birth Certificate,46,143,413,334,79,40
dcbe9f16-d538-4ffd-9473-d10073261e18,OFC1734,Minicoy,Marriage Certificate,14,128,604,175,429,48
92b524b8-c932-47f3-817a-72b2c4275f21,OFC4818,Jammu,Death Certificate,17,102,501,501,0,48
6e594f46-698a-441f-9cc2-084853f348d4,OFC1321,Margao,Death Certificate,42,80,248,37,211,45
f67573a1-9a6b-4f2d-94ed-d807acb664ff,OFC2936,Tiruchirapalli,Birth Certificate,19,87,580,457,123,48
97fe40be-392a-4975-8043-90411c1fb537,OFC2285,Indore,Marriage Certificate,49,47,223,123,100,45
8849bf0d-c8f4-4b85-912f-76bcdeb6968e,OFC7165,Minicoy,Marriage Certificate,15,179,512,461,51,48
037b147c-11da-46e4-8c71-28dcd56404ba,OFC7780,Tumkur,Income Certificate,26,141,859,738,121,48
e81235b1-6bc1-4211-a0de-ef3f45dbbbd0,OFC2884,North Delhi,Caste Certificate,17,35,516,364,152,40
acc1f91a-9dd0-4733-9c96-4210153f70c4,OFC2448,Tiruchirapalli,Domicile Certificate,50,105,189,39,150,40
08c8f69d-90d1-4cda-9aae-17fc83bb12cb,OFC6943,Dharmanagar,Domicile Certificate,36,47,965,306,659,35
6908ab69-4cc6-409f-ad63-660faa958a50,OFC1993,Churachandpur,Marriage Certificate,31,145,561,507,54,48
89c2feb4-15f5-4c40-9d47-0c800f2c7eaf,OFC1480,Baramulla,Domicile Certificate,14,62,317,143,174,40
0be6d686-55a9-46ce-bc83-a2960ec87a93,OFC2554,Jalandhar,Birth Certificate,43,62,221,115,106,35
1bd3a11c-951f-4aff-8738-29736000b4e7,OFC5032,Agatti,Marriage Certificate,30,155,999,832,167,45
2f1107d3-f41b-41e5-b029-b4f8226cbc6b,OFC1697,Belgaum,Domicile Certificate,44,146,481,196,285,48
af4d7485-465e-45df-a0fb-a0264d4e6257,OFC6588,Baramulla,Death Certificate,45,65,84,37,47,45
8fc1a140-5117-46b0-b54d-aa2255a26180,OFC1020,Chennai,Caste Certificate,5,146,61,45,16,35
31fa6d38-a53e-447d-9db9-8d3da567e702,OFC7646,Hazaribagh,Income Certificate,12,122,52,37,15,40
22976ea8-b1a8-47fa-8da3-a84896212481,OFC3093,Bikaner,Marriage Certificate,7,36,372,74,298,40
bf3a7720-853a-41ce-a333-13f9cf838594,OFC7174,Aizawl,Death Certificate,39,178,297,55,242,45
6d4a824d-1ae5-4064-817d-4f805a7ecfb6,OFC1114,Kota,Death Certificate,8,35,885,554,331,45
9b21a885-eaae-4806-9e35-bd08882b1910,OFC7987,Srinagar,Marriage Certificate,25,55,646,65,581,48
47fe6418-7f95-41c1-8065-730be000b0b3,OFC3483,Jabalpur,Caste Certificate,21,143,743,159,584,40
63726dc6-edb5-4bbf-8a7b-821691404c3b,OFC3857,Serchhip,Income Certificate,11,153,898,129,769,45
61a08441-2f67-4a8d-9c66-305c99ac8ef6,OFC2962,Tura,Birth Certificate,19,39,585,336,249,35
07ac240f-5eb3-46db-aefd-ed886fd110cc,OFC8676,Asansol,Income Certificate,31,149,950,138,812,45
db1cb6ad-b861-4386-8d78-9cd0b7028e3a,OFC3404,Karimnagar,Caste Certificate,5,79,735,113,622,40
4424a38b-248a-4332-99cb-d9bbf4032573,OFC1916,Gandhinagar,Marriage Certificate,50,112,610,528,82,35
c0fe63b8-84ba-4e06-950c-f7cbcb9dade2,OFC2673,Geyzing,Caste Certificate,18,103,627,196,431,40
53801a60-d2a5-45c6-9e04-10094f1bad74,OFC7604,Darjeeling,Birth Certificate,30,117,129,37,92,48
a126d626-0c77-42e6-a2b7-42c65375b745,OFC2023,Varanasi,Marriage Certificate,38,166,718,618,100,48
6660f73d-7c02-417b-906a-52ec66cb247c,OFC2339,Udhampur,Caste Certificate,5,145,652,488,164,48
4d315b76-1654-4849-8895-86f4a925e849,OFC8718,Dibrugarh,Marriage Certificate,38,76,231,33,198,45
491d8c21-b37e-4121-b082-2c955fffc8be,OFC8146,Chennai,Domicile Certificate,33,45,676,201,475,40
c298943a-c7bc-4e3a-85a4-0bdc7d3f8ce5,OFC2884,Mapusa,Birth Certificate,25,50,788,379,409,45
37079265-2204-46ce-bac6-4a1d73862625,OFC6723,Chandigarh,Birth Certificate,26,74,135,125,10,35
c13ed063-5156-4b59-8696-1a1514955008,OFC9898,Bokaro,Caste Certificate,19,78,119,87,32,45
eb6c042e-d277-4a0a-82a9-7eb95d00be0e,OFC8876,Jamshedpur,Income Certificate,20,162,477,309,168,45
eddc45af-828d-47b5-9b82-b118712d542d,OFC8953,Nagpur,Death Certificate,47,83,621,226,395,45
870a0ef0-3408-47da-8a2b-3bed3d8d14ec,OFC3099,Asansol,Death Certificate,35,29,266,33,233,45
9a80eaea-bc01-4d03-8e7f-d9a3a8936a90,OFC9933,Delhi,Income Certificate,11,51,352,303,49,35
6d2fbf90-1c01-43da-8c81-44015d165c16,OFC7572,Gaya,Marriage Certificate,22,124,136,80,56,45
561a9c7f-8fc6-4cb4-9feb-9a7cbb9f6d73,OFC7160,Guwahati,Caste Certificate,12,125,354,106,248,40
96b00a22-c033-4e15-aec4-eba9267f0fb8,OFC5869,Dibrugarh,Income Certificate,47,92,937,889,48,45
9f7d624e-0282-4b20-ae50-ec660600f22e,OFC6439,Central Delhi,Death Certificate,16,150,98,83,15,48
4b11fbd2-1846-4629-9e5b-8146b1d62163,OFC8881,Gorakhpur,Death Certificate,20,82,851,291,560,48
d0e79bc5-0cf6-46d1-bdb0-087273d00091,OFC8117,Mumbai,Marriage Certificate,47,104,615,212,403,48
7c3c6faa-4f23-4104-b1f8-6dad75cc89df,OFC2071,Anantnag,Caste Certificate,39,171,529,229,300,45
2b176f5d-b918-4f95-bcf2-e25c6361fbcd,OFC7171,Karimnagar,Domicile Certificate,16,72,810,463,347,40
7eacc6da-552f-41a0-85ac-9f7f0c51b845,OFC3445,Champhai,Marriage Certificate,22,43,807,543,264,45
1573e084-3327-49e5-8d14-ce1c8a8fa914,OFC1804,Mohali,Birth Certificate,38,156,904,815,89,45
135a700e-791e-43ea-a566-e82fd95ec43e,OFC8118,Katihar,Birth Certificate,16,104,694,597,97,35
bbfb3896-1e6d-4374-a3d2-03d1def80b0b,OFC9211,Churachandpur,Domicile Certificate,27,57,75,74,1,35
dab562fa-5c44-4219-a56b-92b39974e11b,OFC1131,Itanagar,Death Certificate,33,125,647,509,138,40
72392455-ddfb-4c49-979b-665963045a88,OFC4891,Ajmer,Marriage Certificate,28,167,670,569,101,45
b78b539c-ac5d-4225-a7dc-2b3eb24676c5,OFC4138,Bhavnagar,Death Certificate,42,152,112,46,66,40
80ad48bd-1e52-41a2-b467-daf9c59d0756,OFC2258,Bangalore,Caste Certificate,47,150,952,634,318,35
407a58b4-2fd9-426a-a365-ba2a28ae35e4,OFC3530,Belgaum,Domicile Certificate,19,168,739,504,235,35
e04b1fbe-d27f-4cb0-a33b-4d0cc8aa405a,OFC4396,Bhilwara,Caste Certificate,29,22,907,235,672,35
b7dd666c-77b6-4370-b474-a6c0179bfd5c,OFC7404,Surat,Domicile Certificate,8,170,246,239,7,40
ce55b768-7139-45fb-a82f-58bd03beeb59,OFC1495,Bhopal,Birth Certificate,24,24,434,158,276,48
df3ade1b-4e2d-4ecd-b099-8d75046cd78b,OFC7041,Mapusa,Income Certificate,32,44,948,162,786,45
c216055d-25ec-4f78-bc34-899ed5c198d4,OFC8152,Mokokchung,Income Certificate,13,36,157,134,23,48
0e803983-2d89-4ff8-9496-42de01b21575,OFC5996,Arrah,Birth Certificate,39,58,452,185,267,40
8f50ebbb-a7c4-44d1-abd1-52b529188e81,OFC2626,Central Delhi,Death Certificate,42,73,123,118,5,35
347a4330-2fb6-4cff-8633-20beed67cf80,OFC2960,Asansol,Caste Certificate,38,38,247,62,185,45
0701647e-6803-4cb1-aa17-0bd32a886386,OFC2818,Haldwani,Birth Certificate,30,101,279,139,140,48
727891bb-8f29-40ff-81a8-fb81bab65bb7,OFC3164,Gangtok,Birth Certificate,7,79,501,242,259,45
e34b133f-3b90-4267-a9b5-8b5e5dc86196,OFC4804,Geyzing,Death Certificate,34,20,185,150,35,48
23f42c09-f866-4e8a-8ee6-4c80c53b1c66,OFC8569,Ajmer,Caste Certificate,38,54,870,711,159,35
cf9a227e-499b-4c76-b85e-07344e40f9f8,OFC7683,Nongpoh,Death Certificate,46,173,758,201,557,48
ae46ac51-9e4e-43d9-a3e3-b2e0330e30a4,OFC3517,Mysore,Domicile Certificate,48,42,480,436,44,45
513119b1-7bd8-4bc7-94a3-9bc929dca835,OFC5651,Siliguri,Caste Certificate,25,90,238,101,137,45
5c105f42-a42c-4861-bfb0-88ed500d5adc,OFC2039,Kathua,Birth Certificate,6,171,551,145,406,48
c1dbb714-9990-4e23-88c4-0f3630430e2c,OFC1427,Mangalore,Domicile Certificate,36,59,471,151,320,48
f04c7fea-bf95-4e52-adc7-72bda6f1bda7,OFC3232,Ahmedabad,Caste Certificate,50,161,208,55,153,40
ae772927-ad0d-4bd6-9479-5733f22095e1,OFC6035,Shimla,Income Certificate,34,22,549,411,138,48
54dd92da-192c-4cba-abdc-975438567ada,OFC7386,Kavaratti,Death Certificate,6,99,89,45,44,40
910be0b4-0358-47e9-a3cc-a41da04fa20f,OFC2283,Thoubal,Birth Certificate,17,160,58,54,4,40
102eb5f1-673d-46bf-8495-e7ca63cf2142,OFC4609,Champhai,Income Certificate,50,138,637,270,367,48
90e103e5-00d8-4502-89a4-4a107a7ab4de,OFC7590,Kohima,Marriage Certificate,37,83,688,60,628,45
8f88a9cb-58b7-41fe-b445-5fcd573de103,OFC4561,New Delhi,Caste Certificate,25,134,835,832,3,40
8cb8209f-beb2-49f9-ac6f-ae888c88a82f,OFC4111,Delhi,Marriage Certificate,12,142,356,350,6,48
a35163c1-0dea-411c-a9dd-07468bf3ef79,OFC4922,North Delhi,Marriage Certificate,26,53,162,152,10,45
8e263cc9-9e43-4cc8-93a4-7d5ee53c12d8,OFC7521,Kolhapur,Marriage Certificate,50,123,411,127,284,48
32e73e7e-1757-45e7-a24e-1b8abb739013,OFC6633,Medinipur,Domicile Certificate,40,46,716,213,503,40
fd7af140-84da-471d-b89f-8ac51ad78ce3,OFC7694,Nanded,Death Certificate,26,165,947,568,379,45
8c70f8ba-8d09-469b-98fb-dac3d6929cac,OFC4136,Patiala,Domicile Certificate,30,20,87,61,26,35
a96b42dc-b370-4c2b-922b-6d4e8acdedf9,OFC3407,Tawang,Income Certificate,20,41,285,74,211,40
67122385-7b23-4240-81e5-2f18906dd585,OFC1989,Sagar,Domicile Certificate,15,55,939,132,807,35
de6a0dfd-a9d7-4fdd-95c9-2c048be63338,OFC8425,Nanded,Income Certificate,17,167,193,140,53,35
49ca0735-d460-4411-812f-decd4901b01f,OFC4889,Bathinda,Death Certificate,17,25,651,402,249,35
64568522-1172-4586-aa51-dac9c18186f9,OFC6527,Silchar,Death Certificate,23,57,570,421,149,40
285a5108-25ee-46d9-b235-60f2c16fab80,OFC4115,Kolhapur,Death Certificate,28,171,187,102,85,48
dd2f47c4-0858-4a05-8626-2e951ee80e61,OFC8426,Serchhip,Domicile Certificate,43,171,422,121,301,40
411a1e28-35de-4c30-9311-f2953dd167eb,OFC3120,Darbhanga,Income Certificate,6,57,460,269,191,40
a95e9243-b218-4c8c-9c3c-c5ac99d1ccf8,OFC1033,Amritsar,Caste Certificate,33,174,451,272,179,45
627139ff-55fc-42e1-8512-4f4cbdad0077,OFC3525,Varanasi,Income Certificate,20,76,522,345,177,48
42b12d6c-3734-40ac-b391-4706388981f0,OFC5756,Howrah,Death Certificate,24,142,273,78,195,35
310619a2-8a3e-4a62-8567-3a289a8e9a65,OFC9858,Panaji,Death Certificate,50,30,846,583,263,35
4378d05a-a051-41a7-9db2-b4c252e91976,OFC1428,Shimla,Income Certificate,33,18,642,401,241,48
c8dfd600-8643-4d9a-a9ac-525ccf15d40c,OFC2150,Baramulla,Income Certificate,14,15,437,314,123,35
2ff469cb-5f31-45cb-bda9-eb737d2c1d1d,OFC2503,East Delhi,Birth Certificate,47,76,849,272,577,35
a5d135aa-a657-4821-9477-26058e43410d,OFC2195,Gulbarga,Marriage Certificate,39,96,942,274,668,40
102deb9b-cd7a-48af-9866-f6cf1cde28c8,OFC5583,Tezpur,Caste Certificate,8,25,355,165,190,48
8657c6b6-2016-4845-a5d0-2501a54a8ee0,OFC8296,Port Blair,Caste Certificate,11,103,819,451,368,45
3ea1fb0f-146c-4e8f-860d-da56ae39e2de,OFC3890,Hyderabad,Marriage Certificate,12,157,753,530,223,48
dda36abe-0a7e-4dac-b3e1-932767b2a77f,OFC1161,Deoghar,Domicile Certificate,44,113,888,438,450,35
f708315f-c5d6-4809-b076-baf0fcbf69fb,OFC9533,Rudrapur,Domicile Certificate,22,85,107,52,55,40
e2a3b57f-29ea-4f6a-af0b-f2579ed9c12b,OFC6464,Margao,Birth Certificate,50,168,860,50,810,40
a1ab345f-120a-40c7-a30b-a37927082871,OFC1503,Agra,Income Certificate,19,67,499,264,235,48
b40856da-c60b-4a90-bddc-eab2884e019d,OFC9324,Shillong,Birth Certificate,13,56,715,597,118,40
eaa143d5-fefd-4f8d-8b18-92715ce92201,OFC9371,Rewa,Marriage Certificate,10,65,410,182,228,40
9c18f89a-7b49-40ff-b899-f30cbdd4fc92,OFC9228,Tezpur,Income Certificate,48,17,262,99,163,40
a6a03fe4-3adc-4894-a29a-3f4d82591c89,OFC2377,Muzaffarpur,Income Certificate,16,71,629,522,107,48
72722e69-c7be-4b22-b8e4-8ff2da052756,OFC4103,Bilaspur,Death Certificate,50,31,191,50,141,48
ebf86440-ed6e-4ae2-bf18-821a0bd1dd27,OFC4514,Udaipur (Tripura),Birth Certificate,18,95,832,466,366,40
96e2f79e-8741-4309-8a9f-e9fa7d8bcf31,OFC6177,Rajkot,Caste Certificate,45,131,231,206,25,45
8ac9f49c-9e5d-4b1e-9f7f-6462fd3c3f2e,OFC4287,Naharlagun,Death Certificate,27,130,510,143,367,40
c90c33e4-aaef-4cf0-9b45-2ff5439b0abb,OFC4744,Bareilly,Death Certificate,34,24,262,178,84,48
c388dcd8-5cc7-4bcc-b226-ef4408605925,OFC7973,Kullu,Income Certificate,32,103,575,242,333,48
d5c4a4be-dc7a-4e8b-be0d-ad29cefdbe7c,OFC4816,Panaji,Birth Certificate,29,97,248,239,9,35
6297fb08-6629-4da1-bb4b-5ec0a574c0a4,OFC1333,North Delhi,Death Certificate,45,20,948,257,691,45
d9c3025e-7dd8-48a2-9f3f-37c8c14356ec,OFC1334,Alwar,Income Certificate,12,81,783,86,697,40
a9d3edb5-d7e7-464d-91e3-92f97c08fdfd,OFC1956,Allahabad,Income Certificate,40,98,731,541,190,40
162f6e52-6a3e-4ad1-9fc5-dbf4cf5c8cad,OFC5225,Nagpur,Death Certificate,20,118,814,516,298,35
cd34e022-00ef-4a3f-b977-19f681ee3045,OFC4737,Dispur,Marriage Certificate,32,142,589,99,490,45
cde3bdd4-3f2f-48c2-83c1-7e05f353d3b4,OFC1639,Bishnupur,Income Certificate,26,165,842,685,157,48
e05c8f49-7268-44f0-bc04-c9717d396d14,OFC4209,Arrah,Domicile Certificate,12,113,630,367,263,48
5e66a705-eb9a-41cb-aa3b-0a4705ddb435,OFC8992,Kailashahar,Domicile Certificate,48,81,805,611,194,48
4278d9df-6a15-4e22-af94-0226a7407915,OFC7060,Bangalore,Domicile Certificate,48,66,277,132,145,35
055dd2ee-2d69-4e13-88b6-f57d03545685,OFC3823,Bishnupur,Caste Certificate,20,98,902,71,831,48
5b18b4a4-6ca3-4a6a-b99f-9814dd3b268a,OFC9694,Gulbarga,Domicile Certificate,5,96,75,44,31,40
5f2fe108-7020-4659-bf72-e943c02bf4c5,OFC6402,Howrah,Death Certificate,23,50,197,106,91,48
8667c7f9-a478-4001-87f2-07de362a181d,OFC6182,Siliguri,Death Certificate,12,156,588,355,233,35
a78e1c43-52b3-49e6-a2bc-906fb051c9e1,OFC6205,North Delhi,Domicile Certificate,22,88,582,93,489,48
eaeb0c12-2aa7-436c-84a1-67a90333c37d,OFC7361,Muzaffarpur,Birth Certificate,18,174,375,267,108,45
df639d66-6960-451b-986a-a38f1427b9d7,OFC1838,Begusarai,Death Certificate,41,120,879,645,234,40
e93e0be1-0e86-4f6e-8675-fee7908861bd,OFC6433,Namchi,Caste Certificate,39,49,888,736,152,40
b14c763f-cf82-445b-a5c6-1d3ad8ed4bfe,OFC8640,Coimbatore,Income Certificate,31,57,482,98,384,35
d6c5bcd3-b885-4a24-b886-31ac2ee00e52,OFC8812,Champhai,Birth Certificate,10,73,539,349,190,45
1c8a6476-55c1-486e-a2e9-646addc5b029,OFC3209,Gorakhpur,Domicile Certificate,6,178,115,48,67,48
9a484182-1384-4a7c-b391-c58cf19d6a8d,OFC7412,Warangal,Caste Certificate,16,94,601,117,484,45
be78d2d0-1eb3-48ac-9e10-16b3b99708a0,OFC3335,Diglipur,Income Certificate,45,169,587,136,451,35
9b1ddf72-3dce-4ddc-8693-803365807e52,OFC1833,Mapusa,Death Certificate,37,130,760,80,680,40
3aa1fc41-3480-4ac3-bff8-9d803d2c0341,OFC3986,Pasighat,Death Certificate,46,103,750,302,448,40
9b8203bf-cfc7-41b6-9a8d-36554a2fd114,OFC2273,Mysore,Domicile Certificate,28,179,279,100,179,40
5a858b34-20a1-4afe-9db7-9a71c32bb989,OFC5193,Aizawl,Caste Certificate,6,107,383,48,335,40
2a47b2a2-78c9-48a2-8db5-3f16c83b51e2,OFC6308,Durgapur,Marriage Certificate,5,58,611,136,475,40
6e0cdf63-2672-4c22-968c-e93fcc3b8c88,OFC9786,Warangal,Birth Certificate,44,55,218,51,167,48
b8c0f482-e243-4d5a-997f-f0ab2c347fb5,OFC2773,Ratlam,Caste Certificate,7,23,532,216,316,35
01aec085-7425-41d7-b91b-9ed664974df7,OFC9650,Lunglei,Income Certificate,46,105,371,59,312,48
8cf74dcd-510f-409c-8eb3-0e2ba0be836f,OFC8059,Patiala,Death Certificate,5,47,526,477,49,35
ece0ae84-401a-4c3b-b67b-f3b82152f633,OFC3285,New Delhi,Income Certificate,29,86,974,956,18,40
dc3bbc04-0723-47e7-8117-bada66c15601,OFC3046,Jamnagar,Birth Certificate,20,59,410,104,306,45
ce659ca1-2412-4d57-aa84-25cf49f02da0,OFC8843,Minicoy,Marriage Certificate,10,22,183,66,117,40
726cd36f-986e-427d-96a1-8026b6ef98d5,OFC5300,Bhopal,Income Certificate,17,158,702,501,201,35
81978ef1-e441-44f7-bfea-d1b46586fa30,OFC4221,North Delhi,Marriage Certificate,13,176,171,66,105,40
40042f36-d6dd-45b7-8353-02632fd21551,OFC8118,Udhampur,Caste Certificate,12,92,157,34,123,40
eb40d49d-d007-428d-8372-07b5fb6982f1,OFC8185,Tezpur,Death Certificate,5,136,362,326,36,48
c00e6f01-e0a8-4d9b-afc6-ed64dab57d0d,OFC6565,Solan,Income Certificate,37,25,118,95,23,40
6a17c3f6-4111-4ee6-af32-13cc59ca3483,OFC4485,Kailashahar,Income Certificate,5,157,205,51,154,45
ed11c02f-60e8-42e6-b591-c17bffadb1f9,OFC3547,Solapur,Income Certificate,50,163,514,492,22,45
43b9b36b-39f8-48d1-bd10-1e35473d7b4a,OFC6068,Medinipur,Marriage Certificate,50,46,613,86,527,40
b24c7410-18ea-48cb-b5f9-101b1709e4b3,OFC3291,Ratlam,Marriage Certificate,24,131,135,96,39,40
13fddce2-b9e5-4e7e-9337-9b5b8cd68baa,OFC8306,Baramulla,Death Certificate,38,161,399,334,65,45
442c8031-025f-4107-8740-4d56830619d4,OFC5141,Gwalior,Marriage Certificate,5,123,680,632,48,48
71fca3e5-9806-4589-ba43-0158b7d860af,OFC1480,Shimla,Death Certificate,23,160,455,354,101,35
1c1de83f-1287-4482-aeea-db3348ad03f1,OFC6221,Mayabunder,Income Certificate,19,66,749,442,307,35
63b418dd-1b79-4f1d-8948-2524236c0e4d,OFC3569,Bathinda,Death Certificate,13,160,524,410,114,40
daaf6440-b25b-4cfb-a060-b5ef235f8d01,OFC3458,Mayabunder,Birth Certificate,30,76,486,430,56,35
6bb547fa-fabf-4abe-90a9-623e36fe672d,OFC4324,Muzaffarpur,Income Certificate,27,33,212,166,46,40
02b509e9-360a-4fb3-a7b1-a63755ce249d,OFC7823,Khammam,Domicile Certificate,10,39,867,57,810,48
8eb4e9ba-20b2-4f0c-b288-3fba5fbf03e6,OFC3132,Udhampur,Marriage Certificate,48,94,473,137,336,40
3c7e21b5-6198-4895-9fef-6bc5654bc31f,OFC5389,Adilabad,Income Certificate,18,161,725,443,282,40
3d85e184-2308-4aae-81f5-c8d1f9dcf89e,OFC8862,Itanagar,Income Certificate,19,33,666,619,47,45
a7545187-66cb-485a-a312-c2641e56a36a,OFC3927,Baramulla,Caste Certificate,10,98,505,381,124,45
245a0499-4c4b-461d-887a-ef46a526268b,OFC9261,Haldwani,Income Certificate,9,88,487,392,95,40
c89f9430-b76d-4de7-a864-105202acce03,OFC9023,Bathinda,Death Certificate,8,147,625,51,574,48
6165ab95-e9b8-4e68-97d2-4d60ba52f225,OFC6649,Agatti,Marriage Certificate,24,15,151,81,70,45
bc38810a-bf40-4ecc-91ac-c9cc22afbaae,OFC2115,Ghaziabad,Caste Certificate,15,132,413,372,41,35
b0427337-8da1-4689-b649-1ed3b52c06c2,OFC2738,Salem,Death Certificate,5,31,858,448,410,48
aa4a751d-0f86-406f-97eb-6ef0c9bb4d59,OFC7790,Dimapur,Death Certificate,35,126,365,138,227,45
6881cec2-e9cb-4db5-9df1-52563f10a512,OFC4801,Jowai,Domicile Certificate,7,173,920,705,215,48
81a05ca9-5ad6-4a64-beed-d398ea5ad007,OFC4081,West Delhi,Income Certificate,30,36,424,317,107,45
0032f77d-fdff-4b17-bd20-10c917836c9e,OFC7292,Baramulla,Income Certificate,17,98,492,175,317,48
6827376f-15f0-4793-8233-f3892e455d29,OFC4164,Bhavnagar,Death Certificate,25,117,395,301,94,45
a85a6100-1689-4371-a20e-08f7702dd1a4,OFC2866,Meerut,Death Certificate,16,177,199,49,150,45
d88a87ca-9312-4d82-aa30-70d26bc450ea,OFC2478,Jamshedpur,Death Certificate,31,86,888,407,481,48
66834ab9-e102-46c2-858a-529657f1afcf,OFC4241,Gorakhpur,Domicile Certificate,46,63,718,431,287,45
faec5dc5-0b98-4ced-9a36-d42ad84bcabd,OFC6766,Kolkata,Income Certificate,10,71,450,247,203,45
78c6b779-aca5-4bb5-b9e9-79debd3a9caf,OFC8294,Dharamshala,Caste Certificate,19,65,102,57,45,40
ef9bd21c-e4a4-4366-86c9-01b0279aa3d5,OFC2140,Serchhip,Death Certificate,16,138,826,44,782,45
0bd88da3-25c3-4a35-8811-f24e541b17a1,OFC2832,Tezpur,Death Certificate,29,175,770,185,585,40
3abcd721-bdf2-454c-8a8b-e588bdbc91c3,OFC9980,Darjeeling,Marriage Certificate,17,41,223,75,148,40
3be041c8-5b11-4f07-97a9-d9324e49bf0a,OFC1846,Lucknow,Caste Certificate,45,32,551,403,148,45
b16bbe88-f5cc-431f-9251-1eee1e638415,OFC1635,Durgapur,Domicile Certificate,25,54,219,160,59,45
1742f211-8573-482f-bc0e-d73bd4d30fb0,OFC8938,Ludhiana,Domicile Certificate,48,145,516,200,316,45
393d233c-14a4-4294-ba66-6cf503f420f2,OFC1248,Bikaner,Birth Certificate,37,106,630,328,302,48
194bc58b-d38b-4ef9-bd01-8330abcfaf19,OFC1829,Darbhanga,Marriage Certificate,21,149,647,187,460,40
b6d38fd4-e101-4bcc-9f9c-2fb5d21cb750,OFC6867,Gandhinagar,Caste Certificate,14,171,374,166,208,48
410d08ff-cfc8-409b-9d20-4d1c8df69971,OFC9301,Agatti,Caste Certificate,27,46,875,726,149,40
5f001602-a4fe-4d8c-b8c8-7881cb143785,OFC2793,Jalandhar,Birth Certificate,40,157,577,95,482,48
413e0922-f0be-421a-8bfc-2750d7b52715,OFC4523,Nagaon,Caste Certificate,25,24,553,133,420,48
512ed1d9-675f-41f1-9647-40b0cc07ed71,OFC8934,Mokokchung,Birth Certificate,13,22,694,354,340,40
c31d3dd0-de1c-42f9-ae34-413be4f05683,OFC5543,Mapusa,Domicile Certificate,24,62,298,64,234,40
f710660f-0b04-47a1-a2c2-464176677d5e,OFC9567,Rewa,Birth Certificate,40,74,450,225,225,40
e831b675-f891-4f4c-8b14-ce71d40cb64b,OFC1835,Allahabad,Domicile Certificate,25,90,555,469,86,40
4a3ebd30-dbed-4edc-a1ad-49d70468a804,OFC7704,Haldwani,Income Certificate,44,156,522,257,265,45
61884bc7-c241-4dfc-9394-d7006595b1e9,OFC7091,Anand,Caste Certificate,47,180,727,713,14,45
80b00a93-0aac-486d-8001-57d0dba25c82,OFC2626,Dimapur,Death Certificate,32,74,291,109,182,35
3e0c0fb4-2971-473f-a0e1-a7ac5aeab9f1,OFC4527,Mahbubnagar,Birth Certificate,44,86,454,393,61,40
60fce882-9bba-4ecc-9637-966dbcbc8659,OFC8088,Haldwani,Death Certificate,43,47,313,287,26,35
6d9f9bb9-36d4-46cf-b6f0-74c3c59374ea,OFC8287,Ratlam,Caste Certificate,35,64,911,411,500,45
c09e3220-65ed-4811-8e25-a876940d911c,OFC2219,Nainital,Marriage Certificate,43,105,972,259,713,48
15943a93-baef-478c-943a-0262ad59c09f,OFC4919,Chennai,Death Certificate,15,133,415,243,172,40
116ce098-c1b0-45e1-bdaa-348c78094210,OFC6383,Jalandhar,Marriage Certificate,5,146,458,216,242,48
7a8bf27f-343d-4654-b5db-3c332c544f14,OFC8979,Amravati,Domicile Certificate,6,123,463,145,318,45
2e68ed1b-b5be-4314-900f-5a16fa51b9ef,OFC3010,Tura,Birth Certificate,21,159,537,484,53,40
0329820a-0ee5-4149-9679-5f9524c71b6a,OFC4461,Indore,Death Certificate,42,145,406,289,117,48
c41350d7-cde5-49b0-8bad-548af7a88164,OFC9972,Bhilwara,Income Certificate,34,34,574,559,15,45
96e16043-39c7-492e-b55b-9c91cc4236cf,OFC1823,Haldwani,Domicile Certificate,24,37,343,102,241,45
2b3d9cc9-ce1c-4d94-914d-d7402401e684,OFC8309,Warangal,Caste Certificate,31,125,122,81,41,40
813373f6-4acb-46f9-a1b0-57a8eb28a1f5,OFC5990,Salem,Birth Certificate,41,167,904,61,843,35
39159771-2e4a-4555-9b1a-a3551a0f6f77,OFC7772,Bardhaman,Death Certificate,38,116,458,380,78,48
74d728e8-55b4-4b14-b139-4030c162557f,OFC1220,Rewa,Marriage Certificate,24,117,379,352,27,40
0b790726-6da9-472e-9231-00fff3c5380b,OFC5613,Nagpur,Domicile Certificate,49,124,981,371,610,40
66f1931b-3929-45e0-96b6-8cc9cfaf6077,OFC4535,Tumkur,Caste Certificate,12,144,913,298,615,40
33c68ebb-3914-4ea9-8eda-97b269784902,OFC7575,Jodhpur,Death Certificate,43,156,186,140,46,40
32f59abd-8cac-4458-aa48-f86668210901,OFC3035,Ghaziabad,Death Certificate,29,176,361,190,171,48
160c0d6b-c536-44fd-ab71-db799a9f5f1b,OFC4279,Itanagar,Caste Certificate,12,21,581,563,18,48
18d26e6f-6699-4998-a99d-589503fb2bf9,OFC6195,Ranchi,Domicile Certificate,7,125,375,58,317,48
59082214-3b79-46bc-ab70-6e63d356e791,OFC7084,Haldwani,Birth Certificate,44,148,98,83,15,45
4bdfe068-38db-4987-aae1-ae6248e021f3,OFC4990,Haldwani,Birth Certificate,50,166,560,133,427,40
81b2ca50-87c0-45c1-bb38-b0120dab4987,OFC5706,Central Delhi,Domicile Certificate,19,41,464,404,60,48
70b9d6f7-9257-4752-a6ea-539ca60046ab,OFC8622,Bhagalpur,Birth Certificate,41,141,339,140,199,45
4662feae-e827-4dc1-a787-7a5c256bac60,OFC2101,Udaipur (Tripura),Birth Certificate,12,176,939,80,859,48
d0f2a97f-bfcf-4c4f-8ca5-f013ddac02f6,OFC6868,Kolkata,Marriage Certificate,40,131,619,593,26,40
82abacd6-207b-406f-b4c4-6719d086d87e,OFC8146,Hyderabad,Marriage Certificate,33,28,749,504,245,40
92689482-4ae6-4216-8da6-76105ed1d22f,OFC1248,Indore,Income Certificate,20,99,817,384,433,45
56b0434b-d1d4-4adc-bd44-2deba8aaf173,OFC3010,North Delhi,Domicile Certificate,28,78,130,49,81,40
f627004a-9dec-43a2-ab03-450a310ea82f,OFC6795,Jabalpur,Death Certificate,9,93,174,94,80,35
1462e918-390a-405f-9f88-0430732843ba,OFC7166,Gaya,Domicile Certificate,35,17,789,636,153,35
f83c9f4d-1b1b-4862-b083-76419e623e34,OFC1368,Giridih,Birth Certificate,42,154,703,103,600,35
d8e06d6b-00d5-4488-a25c-eb61840f7d0a,OFC4803,Nongpoh,Income Certificate,6,40,166,70,96,35
8c34287f-1332-4860-a5e2-fd278c8a3e79,OFC1381,Sagar,Marriage Certificate,26,142,616,602,14,45
dda3e2ee-7188-4995-823d-53ad555c1664,OFC2274,Kohima,Income Certificate,38,168,767,425,342,48
5d032d04-673a-4eef-b479-fe12d22b999d,OFC3746,Dibrugarh,Income Certificate,28,175,618,392,226,48
2dfb7932-483b-42a7-a653-77c115612041,OFC5998,Sagar,Death Certificate,20,128,666,600,66,48
7d7871c5-df61-40cb-8921-64cff5b8eca7,OFC8533,Bikaner,Marriage Certificate,34,113,620,333,287,35
9b59982d-671d-4b6d-943c-6cd6032c259c,OFC2457,Rewa,Caste Certificate,30,160,406,76,330,40
30def50f-8822-47b7-9d2b-59e7f7ab37c0,OFC4074,Begusarai,Caste Certificate,15,52,657,291,366,40
e07d0f9f-55ef-45c6-98e8-1a41b078d0d6,OFC9116,Leh,Caste Certificate,20,109,304,141,163,35
464646e4-4a77-4d2e-a07a-7996f7047a0d,OFC6654,Bhopal,Income Certificate,8,67,166,53,113,45
f0e25757-fd52-4e45-99b3-eaa9bfad63eb,OFC9526,Dharamshala,Birth Certificate,32,153,992,657,335,45
b7266fd4-f099-4706-a8fb-801eb7aa2e6e,OFC9752,Jorhat,Marriage Certificate,15,165,888,501,387,48
b4012a59-b30d-44f6-bfff-89f938c46e11,OFC7223,Bishnupur,Birth Certificate,43,91,288,208,80,48
25dcb9fa-4012-46ea-92c9-4dcd4fee0357,OFC1149,Chennai,Caste Certificate,14,108,625,352,273,35
5f533336-4096-4ce4-9cb1-faa9958b78c5,OFC7357,Gangtok,Caste Certificate,25,166,265,185,80,48
b76f2e54-a382-4d58-8bed-5ddf4778c5cc,OFC8614,West Delhi,Income Certificate,40,32,851,833,18,45
102d1e5f-f3a6-42c6-8fdc-904391cfbbc5,OFC9778,Darjeeling,Birth Certificate,37,172,345,297,48,45
770a64f6-e0eb-43cd-912c-4ac657267571,OFC5709,Pathankot,Caste Certificate,34,129,265,242,23,45
8edf4dff-5a27-4e85-bdc9-cbace21d71bc,OFC9829,West Delhi,Domicile Certificate,11,56,228,190,38,35
79082f42-e8a8-4ce0-9c23-6fd6ca8be484,OFC3502,Tura,Income Certificate,13,134,325,244,81,48
c3796052-2fd3-4a3c-ac5c-83eaf6d1f248,OFC6235,Bikaner,Caste Certificate,6,134,917,505,412,45
26107ece-a199-4e8e-95da-567b98d49471,OFC2617,Patna,Death Certificate,9,49,807,155,652,40
b5b6f499-360a-453e-a86e-f0d2af61c516,OFC5978,Bangalore,Death Certificate,19,23,664,215,449,45
3f7bcd3a-aa3c-42d1-9345-33aa70b6e71e,OFC8909,Howrah,Birth Certificate,45,161,694,350,344,40
5ef15d8a-cf30-4332-8035-956af0fcb3d2,OFC6965,Dehradun,Death Certificate,14,48,69,41,28,40
725069ef-0ed1-430f-98c6-7f4446526c9f,OFC8891,Jamshedpur,Domicile Certificate,20,49,262,192,70,40
a7e45952-13a2-4f65-946d-8686444acf9b,OFC9801,Junagadh,Marriage Certificate,39,78,274,49,225,45
9a812ba9-11b6-4a17-a077-148dbf27e050,OFC8152,Dharamshala,Birth Certificate,13,102,527,39,488,35
12876064-c364-429f-9a70-f66e8e5ddf06,OFC2614,Solan,Death Certificate,38,31,782,676,106,45
c66c2c37-d9cb-4d66-8177-a8e3ce4b0ac2,OFC6500,Mangalore,Marriage Certificate,21,166,670,389,281,45
15c9c999-1cf7-43d8-9014-5d2474563a08,OFC2845,Bardhaman,Domicile Certificate,18,22,467,33,434,40
f33843e3-439c-45d2-b172-1c7d96902e70,OFC1648,Giridih,Marriage Certificate,48,61,330,143,187,35
d94c0888-c6db-4e6a-a9ff-e3bccb044381,OFC3488,Thoothukudi,Income Certificate,5,66,707,99,608,48
57542c4c-f732-47af-99ea-b5bd02a2fce8,OFC4878,Jaipur,Death Certificate,22,27,981,443,538,35
0b25fee1-1b82-434c-8e56-a810efc1c4e1,OFC2789,Tiruchirapalli,Domicile Certificate,36,141,96,93,3,48
5815be79-ced4-46b9-8e5a-655144ae16f9,OFC1475,Hubli,Caste Certificate,46,131,525,176,349,35
a2fb89f1-941e-49b9-b941-80dd837537da,OFC5771,Bhilwara,Marriage Certificate,14,163,782,223,559,35
2aa2bd41-3caf-4a53-8637-d899a926b4b6,OFC1056,Hazaribagh,Caste Certificate,20,109,839,765,74,45
5bf1ba94-748f-424a-9cf9-b92338dddb6a,OFC1101,Amravati,Birth Certificate,23,132,100,86,14,35
942bd36a-7099-4f0c-a9ba-8710772106da,OFC7010,Asansol,Birth Certificate,49,149,905,114,791,40
f8606952-cbdf-4d22-b0ea-4341b17518d2,OFC3238,Medinipur,Marriage Certificate,8,176,534,502,32,40
a05ff915-38f1-4975-b459-d58e7b1e8b49,OFC8650,Pune,Income Certificate,39,148,814,690,124,35
6d99a21d-f651-461d-b61d-18d88d2b8ca5,OFC8394,Sagar,Income Certificate,21,52,909,642,267,35
52067922-a1bd-4080-ab81-3d34058ff8c6,OFC7632,Imphal,Income Certificate,6,67,357,257,100,48
99b1fb8b-3d9a-4f26-b57c-806e5871b724,OFC1720,Ratlam,Caste Certificate,30,110,736,549,187,35
dc6f1161-9511-477b-bf38-93d97054a3db,OFC7790,Jammu,Income Certificate,7,170,619,35,584,40
c5d06c17-54bb-4045-b288-eccb5a757c3f,OFC8306,Thoothukudi,Income Certificate,12,28,120,81,39,35
5aec87a6-e4de-4c31-9cc0-239a8e924744,OFC7955,Delhi,Caste Certificate,43,164,507,325,182,45
ac522542-2e04-431f-ba44-3cb571fdfd36,OFC6365,Aizawl,Birth Certificate,42,27,597,255,342,45
2b3d085d-56f6-4c9b-b423-91405ff37d53,OFC3258,Thoubal,Domicile Certificate,39,159,363,77,286,45
153ecf7d-9f05-4982-af5f-2407293be268,OFC6715,Mandi,Death Certificate,14,178,884,759,125,45
845a4869-5de5-4c73-b6f5-5b8366245d07,OFC7346,Diglipur,Caste Certificate,20,161,622,264,358,45
e4c82cad-8623-4697-a5b8-9d231566478c,OFC5117,Davanagere,Income Certificate,30,54,284,170,114,45
ca895f8e-8ded-4bdd-82bf-b35479051510,OFC7725,Dhanbad,Death Certificate,27,62,648,342,306,40
cb01f996-5eb6-4da7-b7dd-2bf4a1614471,OFC2366,Surat,Income Certificate,31,144,468,277,191,45
65b71176-b35a-47ee-9d6e-7a44810deef3,OFC3325,Udhampur,Marriage Certificate,38,89,484,96,388,45
89535c68-13e9-4265-afec-2ad03e872bed,OFC6527,South Delhi,Death Certificate,16,92,667,488,179,48
edc9490b-d086-4dff-8657-a051f36c5a85,OFC2396,Dispur,Domicile Certificate,30,67,510,440,70,45
32c2fc99-60a2-4bb8-88ff-fb00169b8d42,OFC6859,Haridwar,Domicile Certificate,18,15,482,58,424,48
0c58b4f2-67fc-4d1f-b041-4aa381fa65f5,OFC1437,Gangtok,Birth Certificate,48,98,982,376,606,45
d9228144-4df4-4635-9fd9-242a963bdfea,OFC4824,Jodhpur,Birth Certificate,38,16,455,287,168,40
00c9447b-6f94-40f6-ba35-ccae42cdc98a,OFC9100,Allahabad,Caste Certificate,49,146,528,176,352,48
5e4e285b-aa04-4b1a-8607-58ebe1014d48,OFC7186,Bhavnagar,Death Certificate,50,65,863,646,217,45
649b6b67-e800-4a58-80f8-22b57c6eff69,OFC9953,Udaipur (Tripura),Death Certificate,8,120,750,353,397,48
f5994000-2a7e-425e-bfcd-81a8a77861a1,OFC6996,Shillong,Domicile Certificate,26,136,930,76,854,40
cdfed67e-86e6-41eb-8e31-50c7e8dd267c,OFC5149,Chandigarh,Income Certificate,14,166,797,56,741,40
63b3203c-3df2-4694-b99b-b41f458a0e30,OFC6911,Nainital,Income Certificate,13,15,823,517,306,48
af3e9565-2a93-4cc9-9039-c5909865f581,OFC5013,Durgapur,Marriage Certificate,27,176,848,744,104,48
7f012f07-9dee-4688-960f-1de04b4df0f9,OFC9509,Nanded,Marriage Certificate,23,32,425,280,145,45
d6f0c3b2-7a97-4791-b2cd-80f267074729,OFC7588,Ramgarh,Domicile Certificate,19,165,71,57,14,40
d89d6d06-c9d9-487e-92df-290bb45d2d4f,OFC8066,Dhanbad,Income Certificate,12,121,310,118,192,45
d302193e-36d0-4e35-9505-44fa1dd6be39,OFC9073,Patna,Marriage Certificate,45,74,798,610,188,48
efb03076-18f9-4ac6-9054-5d38e665234f,OFC4107,Bikaner,Death Certificate,43,22,76,57,19,40
ef4cf42c-ae91-4456-b77d-0548b12b3855,OFC2427,Agartala,Income Certificate,18,119,207,50,157,40
678f98f3-3265-473f-b353-d2ced4af52fe,OFC6743,West Delhi,Marriage Certificate,40,53,588,372,216,35
4522622a-3393-423d-b6fb-ca3a06d2cc8e,OFC7039,Jabalpur,Death Certificate,19,29,839,622,217,35
abb2d08d-a892-4635-895e-775f0e836db5,OFC2531,Surat,Income Certificate,50,84,457,82,375,40
1d630ded-9fbc-4f4c-a75a-5fda64dd43ba,OFC4691,Baramulla,Caste Certificate,30,157,115,61,54,45
8c92a6b8-db7e-4f60-98a8-f936ceb33c9a,OFC6095,Jamshedpur,Domicile Certificate,31,171,303,245,58,40
8ee1899c-8713-40bb-bcd9-6609b7da5a60,OFC3874,Lunglei,Marriage Certificate,41,160,552,460,92,35
c028e711-5839-4a0a-a3b3-5d2c053044ca,OFC6312,Manali,Birth Certificate,26,111,307,132,175,48
15d20750-f030-4108-ae63-68e98525b98d,OFC2100,New Delhi,Domicile Certificate,9,128,322,49,273,40
f4e29bec-b811-461b-8d24-e55a73f737da,OFC7526,Serchhip,Income Certificate,28,66,895,740,155,35
8a73f641-b1d5-49e5-af67-5483d8765bf4,OFC8181,Mangan,Income Certificate,25,37,203,66,137,40
9bd3705c-f0c4-4c9d-8f44-39065509a677,OFC3425,Dhanbad,Caste Certificate,13,64,754,480,274,35
4817bb9c-a4b7-402f-8909-7d8c9591a775,OFC9499,Nagaon,Birth Certificate,7,171,375,356,19,45
0d9fb7cd-8746-43ef-8f0b-850e2ed929c9,OFC5655,Port Blair,Death Certificate,12,75,710,472,238,48
f1cbd32a-9fea-473a-ba90-91d8627a1b40,OFC4845,Karimnagar,Birth Certificate,8,96,236,83,153,35
c48a81be-065d-41ed-b45a-7c73a4f06bf8,OFC5517,Rudrapur,Domicile Certificate,28,43,818,588,230,35
c64d0344-ad56-44f5-a560-2be5a2f782fb,OFC1790,Indore,Marriage Certificate,42,171,407,167,240,48
3ca14fbc-e612-435e-b8b4-16d4956e021f,OFC5572,Anand,Marriage Certificate,13,20,899,361,538,40
03b6c4ef-9816-4b1c-983a-7ee90951cfb4,OFC2310,Gulbarga,Marriage Certificate,38,129,613,518,95,35
de04dcb1-c582-48cd-aaf2-38ed73f37a44,OFC9857,Dimapur,Income Certificate,16,92,799,174,625,48
25166236-672b-4145-875e-6ca6e17cfc40,OFC5454,Jabalpur,Marriage Certificate,42,57,72,71,1,45
b5787143-752a-4eb9-a354-047948a22d88,OFC4598,Ludhiana,Caste Certificate,48,58,338,328,10,48
3bea60c3-6f46-4821-bb99-1aa218ae6fda,OFC3100,Haridwar,Marriage Certificate,6,29,459,393,66,40
1f9052e8-017e-4295-bdc1-69fd62b19dfd,OFC2923,Shillong,Birth Certificate,46,167,969,281,688,40
78de3541-203d-44db-8122-e24f5c53a4cf,OFC6394,Ghaziabad,Income Certificate,30,46,290,281,9,45
b2f99540-6435-4260-ad6f-b776dd024be9,OFC9925,Mandi,Domicile Certificate,8,110,775,333,442,35
7adc6c86-c295-4bb6-be53-6e5d2553fe7b,OFC4645,Malda,Death Certificate,39,29,117,46,71,40
39029dd2-b9f8-4a69-9d43-c79f9045c28c,OFC2857,Manali,Death Certificate,8,45,333,216,117,40
c640be3e-3ba7-499a-bc42-2657d7fa45e0,OFC3548,Naharlagun,Domicile Certificate,30,46,72,52,20,40
eb89464e-3f57-4a39-bf67-9d747e1a3fe7,OFC1074,Imphal,Domicile Certificate,30,159,58,35,23,48
730575ed-e45e-4d75-b70a-fe0553ac1a19,OFC5862,Mandi,Birth Certificate,50,125,251,93,158,45
fec536c8-91ea-4ca1-9c98-22612b6da497,OFC2016,Ludhiana,Birth Certificate,48,60,256,74,182,45
c0b8477a-e8f7-4e22-b1b7-1f93718c6852,OFC6050,Baramulla,Death Certificate,37,62,146,105,41,45
ddbf85cd-6ece-44bd-ae6f-22c278f77cfb,OFC3176,Mumbai,Caste Certificate,14,119,54,37,17,45
dfc47403-852c-47e0-a7ac-9fe7485dc2ef,OFC9406,Lunglei,Income Certificate,42,128,492,374,118,35
5e38ff37-4028-4e15-b5d1-08501d7d9845,OFC1596,Junagadh,Birth Certificate,36,166,60,41,19,40
ee0d5075-e297-49bf-acb6-c1f4db431960,OFC8087,Dharmanagar,Birth Certificate,41,59,599,165,434,40
2c1f36d5-164a-4d70-b4c2-6ed5210afcd8,OFC6610,Sikar,Death Certificate,18,70,873,813,60,40
0500d3d9-e0ae-4519-b99f-eaa077d610ce,OFC6827,Mahbubnagar,Marriage Certificate,35,122,247,96,151,40
b17e6855-fa7b-4ac6-ac7b-86de739e2693,OFC1378,Nainital,Income Certificate,35,104,94,55,39,35
332a2d60-9ebb-48ae-adca-07d5c66450da,OFC9889,Pathankot,Marriage Certificate,33,90,756,136,620,45
0d87fb91-2e86-402d-8aa2-4e82eeb80dbe,OFC4731,Kota,Caste Certificate,5,113,856,844,12,35
af5a6ed0-afbd-42b9-9d2d-c80b4e190ebd,OFC3549,Minicoy,Birth Certificate,5,143,171,41,130,48
40d6e92c-92f5-48b7-a43b-b9a0237c8f5d,OFC4410,Bhilwara,Income Certificate,23,128,81,64,17,48
4282d637-e9bc-4acf-9f7d-14a72fdcdcc3,OFC7373,New Delhi,Income Certificate,44,70,460,38,422,40
8acbb5fb-29b0-4e4a-9c93-28150e635531,OFC5157,Ranchi,Birth Certificate,18,165,604,330,274,45
40f21599-f7f7-45b3-b236-21f477f1255b,OFC2754,Gaya,Birth Certificate,13,170,926,122,804,35
b419ffeb-093b-4eb8-b6e9-9f98de594b30,OFC5055,Srinagar,Marriage Certificate,5,126,652,446,206,40
820ddbfd-b99b-4c63-b814-81794a2c3ff2,OFC2970,Patna,Caste Certificate,6,169,374,48,326,40
82029603-3553-4c73-90b3-92b3e1b9efb9,OFC8612,Salem,Death Certificate,37,63,418,95,323,35
9458224c-4b6a-439d-b6bf-fbe48a564105,OFC9309,Meerut,Marriage Certificate,17,20,692,295,397,40
33c5f005-e3e7-4ded-b495-b2714c6e6182,OFC5006,Bhopal,Income Certificate,16,144,898,442,456,40
40cb18a3-adcf-4f4d-9c9b-a3947b0f1f4e,OFC8300,Nongpoh,Income Certificate,31,76,162,80,82,48
f92abef4-628d-43c2-8ddc-b0955f027f61,OFC2268,Vasco da Gama,Income Certificate,38,114,306,256,50,45
ce1ffb20-4957-4b65-a20d-19599bfe4a7d,OFC1714,Bokaro,Income Certificate,24,105,807,316,491,48
d3d53619-5ff7-4d1c-beb4-3cf890bba042,OFC5448,Roorkee,Death Certificate,6,172,266,162,104,35
95d408db-93ed-4073-a054-0e615ea38449,OFC1876,Salem,Marriage Certificate,40,37,608,105,503,45
4e5a5f7b-9def-4cf9-aeef-2f001ac9bf83,OFC6355,Jaipur,Income Certificate,49,141,972,874,98,48
df220207-8f23-4323-b6ab-61e052b31a0c,OFC2726,Sagar,Income Certificate,46,64,413,288,125,40
eb32f103-e3cb-4386-a438-fde42f61ff22,OFC3702,Rangareddy,Income Certificate,18,15,784,63,721,35
6eaf4451-d8c4-4265-ac90-65392d51b8ce,OFC8890,Kolkata,Birth Certificate,20,140,257,49,208,40
0d224ca6-0adf-462c-9727-b657ed784503,OFC6131,Bilaspur,Income Certificate,15,39,679,595,84,48
8df8d9a0-22de-4493-abf3-500e72366f08,OFC4968,Sikar,Domicile Certificate,22,88,678,279,399,35
8f2b47c0-a29b-48aa-9869-9340fec675c4,OFC7372,Leh,Caste Certificate,36,17,479,394,85,48
7cab4c38-fc66-4953-bf8e-eaca306d5cec,OFC3930,Thane,Caste Certificate,5,78,708,102,606,40
7509bc82-408c-4588-b468-ae9e4038233d,OFC1776,Baramulla,Caste Certificate,43,33,531,337,194,35
0509862c-8e05-4736-b501-368730b77da6,OFC9680,Warangal,Death Certificate,47,173,636,539,97,48
6fc02e1b-310a-45d4-b92d-a010efd3ca5b,OFC8599,Diglipur,Income Certificate,37,125,301,152,149,40
76a1900a-11f3-4471-a10f-e1aedfbff5ba,OFC8411,Begusarai,Birth Certificate,46,155,779,69,710,45
fe250974-0b5b-4607-9288-008adf2a58b8,OFC9381,Karimnagar,Birth Certificate,25,166,793,298,495,45
cfaaa7bf-4938-4cbf-9d36-a43ad2547a9c,OFC4902,Medinipur,Birth Certificate,15,148,978,477,501,45
c1f78149-cdb3-45fd-abe1-8a478a85eaf5,OFC5002,Patiala,Marriage Certificate,22,143,649,154,495,48
a58d3a03-cf5c-4ba8-8cbd-2c5c98b1cbfc,OFC2944,Erode,Domicile Certificate,47,175,616,54,562,35
52b7d69e-af00-4ee6-9ef2-dc2696714173,OFC8196,Udaipur (Tripura),Caste Certificate,11,128,228,102,126,35
957bb44c-6c8c-49f3-91c3-ec70dae25795,OFC4776,Tura,Income Certificate,12,73,248,118,130,45
56b9c79f-e036-4b5c-96b7-40bd330ca72b,OFC5292,Silchar,Domicile Certificate,43,167,612,603,9,48
cbf86207-1a48-49d2-8bc3-ddfc54ac1556,OFC6895,Amini,Death Certificate,15,124,706,114,592,45
c0775964-260f-47cf-b02c-a95c69046c9a,OFC3910,Haldwani,Income Certificate,49,67,201,74,127,45
985892b1-02b9-4d0e-a262-61bd63a8a568,OFC1578,Jowai,Birth Certificate,50,144,160,75,85,35
db277433-39ce-4669-a075-20d12b698b33,OFC8605,Arrah,Caste Certificate,8,47,933,885,48,45
d7a3eda0-d73c-4c75-9ffd-c7a0c53a64b1,OFC4005,Thoothukudi,Marriage Certificate,13,20,453,375,78,40
81913a97-6d37-42c1-a2ec-451f53c1b607,OFC9298,Nongpoh,Domicile Certificate,39,51,761,258,503,40
aba92982-1622-4f43-98e4-2313933b059c,OFC2824,Gwalior,Birth Certificate,12,162,136,99,37,35
211815dc-2b65-4055-947a-b8d4494d4405,OFC6672,Erode,Income Certificate,31,131,178,140,38,48
e831b249-16c1-4069-9aff-8bfa6a066525,OFC6433,Ghaziabad,Death Certificate,47,178,900,484,416,35
f4e69ecc-d680-433f-8401-2e30b3aa1245,OFC5962,East Delhi,Birth Certificate,35,117,625,195,430,35
e2279885-f497-4455-9c0f-123c502ed2ea,OFC6372,Mohali,Caste Certificate,47,170,791,261,530,35
77bafdff-740d-4d9d-a043-0e20e432cad1,OFC5636,Karimnagar,Birth Certificate,39,87,224,149,75,45
f77c33ce-a1bc-4d89-9121-c58276f08407,OFC3373,Hazaribagh,Income Certificate,8,59,914,277,637,35
a8e66a3b-1571-4dc4-8744-465c690ee198,OFC4888,Jammu,Income Certificate,10,165,393,320,73,48
3bd5f55e-f15a-4e8b-ac25-ad9f2deee811,OFC8337,Bhagalpur,Domicile Certificate,16,31,414,162,252,45
5f729f7a-e600-4bba-b17e-f20e325fa4be,OFC2243,Thoubal,Caste Certificate,17,80,728,522,206,40
fde66484-39d8-4e04-845b-251172e22aee,OFC8884,Jamnagar,Death Certificate,32,132,922,152,770,35
482e48d9-5bc0-4bcf-b28e-5376626a630b,OFC3034,Howrah,Caste Certificate,40,36,633,392,241,35
9dec51c6-2c8f-4eb4-bd29-f1343c3d0621,OFC9113,Bishnupur,Death Certificate,26,172,231,55,176,45
b36dc6e1-d4c5-4614-b024-5636a86ed467,OFC8268,Belgaum,Income Certificate,10,168,597,539,58,48
d7fc6bdb-9a83-40c1-bedb-313266e2d8d7,OFC6048,Nainital,Income Certificate,19,47,776,87,689,48
a25e2a35-1eea-4972-91f3-2e92db5b4dc5,OFC3745,Gulbarga,Birth Certificate,33,130,136,84,52,35
6d3260d5-fba4-4528-be23-86c3144471fb,OFC6194,Mahbubnagar,Income Certificate,8,165,675,573,102,35
c8a2b10a-e9eb-409e-bc88-fdd94710c662,OFC3214,Panaji,Birth Certificate,10,103,173,86,87,45
dd665d7d-a00c-4d04-9a12-09428e2b0361,OFC8912,Guwahati,Death Certificate,45,121,423,135,288,45
31d9ec6f-d4f7-4f66-ac5d-9314de65762e,OFC1165,Dimapur,Caste Certificate,10,160,80,71,9,35
6ebe2584-10e5-48b7-a56b-84ada2493e1f,OFC9274,Anand,Death Certificate,41,38,198,158,40,48
df71bac9-1622-40bf-8478-bcdc2909b7da,OFC9686,Agra,Caste Certificate,24,58,968,504,464,35
e1c94186-9885-4976-bfd9-86648c7f784d,OFC4573,Bhopal,Death Certificate,39,154,188,172,16,48
a5fa9c5e-dbba-45d3-b4cf-426221f6befb,OFC9391,Alwar,Domicile Certificate,35,127,973,258,715,35
ef94dba0-3d46-4a95-a42c-8b5b4491694d,OFC3200,Sikar,Caste Certificate,29,164,205,144,61,40
efc69558-70bd-4fdc-989c-99df399f5a80,OFC4477,Churachandpur,Income Certificate,33,28,643,446,197,40
78dffe1f-2d88-4c2a-8903-1db43ec0ee52,OFC8004,North Delhi,Caste Certificate,38,75,253,136,117,45
fe7e52f7-0545-47d0-8f7f-2321f10b4494,OFC2755,Kolhapur,Income Certificate,10,105,979,373,606,35
9322571c-ab0b-486b-8c4d-9b9470f6b11c,OFC6119,Sagar,Caste Certificate,43,110,687,493,194,35
6260d003-9d40-41f2-9c0c-1babddec8a24,OFC5131,Jaipur,Income Certificate,27,81,409,176,233,45
8f19c2ce-b82f-4b36-9f13-e0ccc2fb3020,OFC9271,Udhampur,Marriage Certificate,20,81,601,583,18,48
69dc8517-4266-4c3e-9c49-ed4445dd3366,OFC2338,Bathinda,Caste Certificate,7,164,810,684,126,48
a5ce8e82-ebb2-44b2-95ed-7ca39e539b06,OFC9628,Udaipur (Tripura),Death Certificate,32,53,772,417,355,40
f52a985f-7a4f-47a7-9104-c65405941ec5,OFC9512,Indore,Income Certificate,20,179,254,248,6,45
db7731b3-299c-4826-85e4-eaabf06d75e5,OFC6924,Central Delhi,Domicile Certificate,40,79,334,174,160,48
31f98157-9f42-4c68-94b6-c4ac0f6cc0ce,OFC3745,Begusarai,Domicile Certificate,42,40,87,59,28,45
62b9bd0c-f0a4-4b74-b803-cc85b37492e9,OFC6306,Serchhip,Death Certificate,7,127,834,282,552,48
3b2d55da-eeff-45a2-bbda-c8d7b2fc03c2,OFC5414,Asansol,Domicile Certificate,11,54,130,52,78,45
ceff76c1-1131-49e5-82f7-c6b4f46ae3b6,OFC2938,Churachandpur,Marriage Certificate,30,43,546,33,513,40
90048566-2a81-435f-b768-64a3578c6e75,OFC9047,Arrah,Domicile Certificate,34,27,229,197,32,40
595bea9a-7966-4aa4-8088-22f99def2ae3,OFC7566,Darbhanga,Income Certificate,19,23,207,104,103,48
fc37fea7-4fff-4b02-821d-f52ad6ea82bc,OFC7730,Tezpur,Caste Certificate,20,51,730,46,684,48
857e4588-be9d-4a29-8708-33e1571272bf,OFC3061,Varanasi,Marriage Certificate,36,26,197,59,138,48
98213f09-31ae-4cc5-8870-7ddbbb151907,OFC5618,Jabalpur,Income Certificate,13,130,352,261,91,40
7c16b919-2b2e-46ea-9c69-5e08f99b0c96,OFC3534,Nagaon,Marriage Certificate,43,94,727,479,248,45
93d6daf6-2262-403c-a572-1cf4b9380f9c,OFC1715,Solan,Marriage Certificate,15,148,723,100,623,40
c3b95a6a-b975-4c64-938d-a6570b0795b2,OFC4249,Erode,Death Certificate,50,127,991,603,388,40
f2a6d9d5-8479-482d-9578-873243a4ac39,OFC8613,Jamnagar,Marriage Certificate,29,146,844,207,637,48
fdd990ad-57b3-4bbe-af6e-dc2d086964fd,OFC4679,Dharmanagar,Income Certificate,44,45,237,217,20,40
be00c371-f12f-409f-8642-77aedeb67a77,OFC5265,Nizamabad,Income Certificate,27,15,753,39,714,45
3bb3053b-8693-470f-85da-b596f28ef1e0,OFC7934,Diglipur,Birth Certificate,43,119,134,31,103,48
a1c63409-7ec8-4ad3-8c2e-8cde1289d534,OFC2726,Kailashahar,Caste Certificate,35,57,792,368,424,35
4022dbd8-4375-462d-90c8-2ebc223af991,OFC4325,Mapusa,Birth Certificate,19,106,605,166,439,35
b487fd45-4a91-4d74-9855-47d8a30380b7,OFC8522,Kashipur,Death Certificate,13,171,625,162,463,35
5c8f6549-302a-4a1a-b5c3-586596f2bcc2,OFC5229,Guwahati,Domicile Certificate,29,119,160,105,55,45
ef543999-e442-4b68-958f-ffe65884c83e,OFC1098,Hyderabad,Marriage Certificate,11,123,273,194,79,35
fe4f8791-a05d-42eb-beed-cdc265935905,OFC3458,Dimapur,Caste Certificate,19,180,444,269,175,35
8690f8ce-4215-4b48-9621-d84ca4a28cc0,OFC5183,Shimla,Marriage Certificate,25,43,494,44,450,40
b5d13168-49e7-458b-9207-87fac7df1b9f,OFC4409,Pasighat,Birth Certificate,28,57,677,675,2,48
07abafea-0352-4ff3-9cac-db4c107058a9,OFC6054,Mahbubnagar,Income Certificate,24,136,881,829,52,35
88803b4c-f749-4e5e-b231-cdc1bfa4ded9,OFC4988,Anantnag,Domicile Certificate,45,154,832,785,47,40
b3ca115b-113a-4050-956d-db9827492441,OFC9737,Asansol,Domicile Certificate,50,55,647,199,448,45
b7b7e636-9636-4078-b1a0-533808bc82aa,OFC4781,Nizamabad,Marriage Certificate,12,63,164,52,112,35
19611d21-5359-4766-9f7d-8e7532957dc7,OFC6486,Guwahati,Birth Certificate,20,51,567,384,183,48
b4a73030-e4cd-4a55-b4a7-865441dd5d91,OFC2056,Udhampur,Income Certificate,41,131,646,384,262,40
ffd593e4-bd19-45ff-9af5-1a32e37d2bec,OFC4451,West Delhi,Death Certificate,44,80,795,180,615,35
c7687de7-e441-45c2-8734-631826ca36f4,OFC4104,Rudrapur,Caste Certificate,33,111,580,334,246,35
4b5e95dc-6601-4c33-aa0f-ed024255416b,OFC8110,Nagaon,Marriage Certificate,19,149,613,199,414,40
f82b910d-4480-4cb4-8e4c-816ff34224db,OFC7663,Ramgarh,Death Certificate,15,91,864,71,793,48
d14b4eec-a398-404f-8800-410d7435980a,OFC5549,Churachandpur,Domicile Certificate,38,117,240,239,1,40
0511b1d7-5f08-4cd3-87ab-7f07cb8e8dfc,OFC8231,Mapusa,Income Certificate,27,133,577,482,95,35
29332bcc-574b-4cc2-805f-9a565f2610f7,OFC9479,Darbhanga,Marriage Certificate,38,159,310,232,78,40
b3946696-6dfc-46f5-acb6-cd7b64f15f61,OFC6383,Bikaner,Marriage Certificate,19,55,487,111,376,35
aa286d42-3774-4027-bbfb-4ba847a5ea26,OFC2738,Tirunelveli,Caste Certificate,18,110,404,36,368,45
d8c8d0a3-e7e0-4ad0-807c-618130d36d88,OFC6017,Jowai,Income Certificate,41,80,995,330,665,35
8b449717-d194-48a8-a710-1aef9e052974,OFC8219,Agra,Income Certificate,29,42,395,196,199,48
850050f3-271b-403b-861f-5de58e23b36a,OFC6543,Panaji,Caste Certificate,45,106,292,123,169,35
ab6be461-4916-4723-b8b6-8fdf36a8da54,OFC4944,Agra,Death Certificate,18,22,266,78,188,40
8cb3e5c8-e661-453a-9238-475e55e5f9b7,OFC7166,Tiruchirapalli,Domicile Certificate,23,22,796,570,226,48
6c016cfa-94c1-467e-b80d-c2e654611e59,OFC6959,Dhanbad,Death Certificate,19,115,270,254,16,45
f682ed4c-d93c-4973-90b7-10e438b7d923,OFC4353,Nongpoh,Death Certificate,9,20,109,50,59,35
8e2ba4e6-7ca4-4bb8-a243-56c69fa364c3,OFC7262,Champhai,Domicile Certificate,28,31,681,625,56,45
9da864b1-ad32-4018-8a94-b7f1f8149145,OFC4045,Hazaribagh,Death Certificate,7,47,886,135,751,48
26b47c56-4c06-4a5f-903f-3d24cf662848,OFC3230,Darbhanga,Income Certificate,43,123,369,293,76,45
f067c8fe-c45c-4360-b8d3-5a7cc24665dc,OFC7735,Muzaffarpur,Caste Certificate,32,48,111,89,22,45
1f3d9c6b-a43d-49f3-a126-4caf4ce891cf,OFC3563,Giridih,Death Certificate,27,137,363,74,289,45
bc0bf352-8c8b-4d36-b2a7-881196b7120a,OFC6099,Dehradun,Caste Certificate,32,51,348,118,230,45
0455b054-b3c8-4f77-8216-1db6ed8bf345,OFC7894,Nagpur,Domicile Certificate,39,82,88,71,17,40
4da284af-6b71-46ee-8d9c-b1866dd7d3e3,OFC6898,Malda,Caste Certificate,16,97,832,178,654,45
310d9c2e-2eb1-4ddf-9bd3-4726f335bf90,OFC2841,Chandigarh,Caste Certificate,12,101,806,266,540,48
e0d1dab3-00a5-408b-8941-52b41c5f7f2e,OFC9625,Khammam,Death Certificate,49,162,140,74,66,48
ac1c8d1f-d279-44e5-a63c-9a4e22da26e8,OFC8720,Serchhip,Caste Certificate,35,96,233,112,121,35
a4cd587d-cc0e-4269-8592-fb73ab4e8ffe,OFC5263,Gangtok,Death Certificate,45,17,788,401,387,45
8b6a0afc-4725-49aa-aa25-3e26f25124fa,OFC4855,Mohali,Caste Certificate,16,135,546,62,484,48
96a777fe-5e05-4d4a-af97-ecd27fb70554,OFC3384,Darbhanga,Domicile Certificate,14,50,325,132,193,45
57fb0a72-0bd7-4423-a0f5-2b3f29adfc7b,OFC2056,Mapusa,Death Certificate,48,159,515,31,484,35
e551e118-6af2-48a7-9fd3-1838daf2c98e,OFC7699,Havelock,Domicile Certificate,37,40,324,62,262,35
c82da958-7d9b-48ad-a9e6-136bdc713ac1,OFC7013,Gorakhpur,Domicile Certificate,31,146,146,39,107,35
fdcc28a1-edaa-47a6-b2ca-535cfbe13bd7,OFC7901,Mangalore,Caste Certificate,47,173,762,578,184,48
00b5bea4-8058-4f52-a974-370b8e8f275c,OFC2366,Imphal,Death Certificate,45,104,201,127,74,45
ebd2dbc3-e268-401e-b254-1473a1535a1b,OFC1869,Agra,Birth Certificate,13,70,902,371,531,48
aabf7057-ac64-4079-b48a-9406d907d707,OFC3924,Serchhip,Domicile Certificate,49,86,208,116,92,48
a3caab87-0d39-4b5e-af9d-461ef899f0af,OFC2821,Durgapur,Birth Certificate,44,56,381,114,267,45
dcb50353-ea64-4741-bae6-8dd0eb4ad466,OFC6346,Ajmer,Caste Certificate,6,93,214,76,138,48
8e7a7fca-ec3c-4a6a-ae75-ca65e378c0e4,OFC8678,Margao,Caste Certificate,20,143,453,386,67,40
9397369c-6284-4202-b63e-4f4419f344d2,OFC5813,Arrah,Income Certificate,41,31,481,120,361,48
5af7a908-70f7-4bd9-a8c2-6e1873d6862d,OFC8421,Vasco da Gama,Domicile Certificate,38,74,861,431,430,48
b4c3a545-f920-4487-acde-f9a45d13e837,OFC4699,Allahabad,Marriage Certificate,48,74,149,48,101,35
de8ec095-ffbc-42fe-9b84-1b4078249a94,OFC4723,Rudrapur,Income Certificate,25,123,650,146,504,45
bc752667-f1aa-4a04-a072-2492f837d3a1,OFC5489,Guwahati,Birth Certificate,50,170,354,302,52,40
89ce57ca-45b1-47fe-a109-3ed5bd89674f,OFC6055,Asansol,Death Certificate,44,89,185,177,8,35
f3b130ed-9815-45fa-b288-2b34d4f44347,OFC8979,Thane,Income Certificate,15,129,625,353,272,35
547dcd42-3ac9-4aba-8187-e24eca3ac96f,OFC6607,Baramulla,Domicile Certificate,27,166,321,299,22,40
15521164-874e-4d8b-bd39-833930ec99ca,OFC2050,Amini,Marriage Certificate,34,90,741,54,687,48
0af86b2d-3192-432b-ae3c-2f1e3130d49d,OFC4904,Deoghar,Birth Certificate,33,53,987,968,19,45
d0bc49de-97de-4be5-ae65-47f791c44357,OFC7865,Mapusa,Marriage Certificate,39,89,650,269,381,40
7af8393e-ed7f-4881-82a4-0d9e77f62e0e,OFC9650,Rewa,Caste Certificate,50,174,98,49,49,40
538f1368-ade0-434f-8922-0b4ba2f69238,OFC7859,Allahabad,Income Certificate,15,132,438,260,178,45
3e76f41a-e95f-461e-9884-f3d8d32b27ef,OFC1326,Hazaribagh,Domicile Certificate,43,138,307,215,92,45
5d7775e0-7c40-4c0c-9ceb-6638acd7c922,OFC5792,Jowai,Death Certificate,23,30,654,471,183,45
ec06a18b-91d3-45b2-9957-6cfeb22a1a48,OFC8829,Bhilwara,Caste Certificate,28,139,258,148,110,45
56d10648-da63-4e68-aea3-0ea7912adc54,OFC7450,Siliguri,Caste Certificate,30,175,69,34,35,40
8acbc998-6ee7-4c4e-9705-29603650da16,OFC8345,Jaipur,Caste Certificate,49,143,229,136,93,40
6beba40b-e354-4abc-b3da-f470dce81978,OFC7666,Dehradun,Income Certificate,15,80,674,464,210,40
b019691f-202d-485e-bbb0-14411e445550,OFC1764,Mohali,Marriage Certificate,30,161,285,91,194,35
3480ebfe-50f1-45b7-a425-c4d5c1c3273a,OFC4507,Serchhip,Death Certificate,15,27,126,113,13,35
22c6c2ec-a977-4719-9aa5-83a8470d0b85,OFC9807,Bareilly,Marriage Certificate,29,107,81,37,44,48
6d697efd-259b-4d6c-bd7b-2ae3028d4f1f,OFC9686,Thoothukudi,Domicile Certificate,16,40,248,184,64,48
70b2ab13-c596-47fd-b9ea-756cbd78405d,OFC1511,Tumkur,Death Certificate,18,168,594,244,350,40
cc6d9493-33bc-4e71-a076-389490e20e51,OFC9825,Nagaon,Birth Certificate,11,46,512,407,105,35
9b1dcd82-1903-443a-b694-7a628cf74b9c,OFC6075,Erode,Marriage Certificate,37,25,581,346,235,35
730b376b-0fa3-494b-b141-1ece4c69d47d,OFC8755,Kolkata,Marriage Certificate,14,27,134,80,54,40
52cc1150-e1be-4716-86be-7a7c09107c06,OFC1196,West Delhi,Death Certificate,33,94,917,106,811,40
2df84e76-ec97-441a-ad77-f162be4771e4,OFC2190,Gandhinagar,Income Certificate,23,64,683,389,294,48
b4a13109-286d-46b4-b756-6aab51a2182f,OFC8496,Udaipur (Tripura),Income Certificate,32,15,695,611,84,40
522a15da-5457-46cc-8d2c-acbbd394a03a,OFC2851,Delhi,Income Certificate,18,164,685,411,274,40
4c7bdb79-542c-496f-bf6f-e448ada26667,OFC8093,Chandigarh,Marriage Certificate,50,154,579,140,439,48
0fd49edc-ace4-408e-9d55-cd576ad621e3,OFC9466,Imphal,Marriage Certificate,41,40,519,171,348,35
d0a91fce-546f-4a1e-84a1-386805b78b7d,OFC7012,Gaya,Death Certificate,46,88,168,61,107,45
0038e1ac-d7fb-4025-b896-d84f9c9cd2e0,OFC5417,Coimbatore,Domicile Certificate,45,139,897,569,328,35
3b1b1445-acaa-4117-ba81-87b81fe02c14,OFC3271,Anand,Income Certificate,7,89,884,210,674,40
7037c600-268b-44ff-92f6-b69093ab57eb,OFC9918,Davanagere,Income Certificate,24,150,921,679,242,40
031978b7-9cf2-4ba7-8b23-d697aa7b6817,OFC4078,Tezpur,Income Certificate,38,121,708,86,622,40
18c225bf-5736-47eb-aca5-02a149616b84,OFC2768,Tuensang,Marriage Certificate,11,52,323,54,269,40
89cc53ee-7426-4327-9eef-bbd2d8b59004,OFC1207,Siliguri,Income Certificate,30,117,141,115,26,45
4c8e5e76-7899-441a-8f8f-b652743494a7,OFC1208,Thoothukudi,Income Certificate,41,141,773,332,441,48
a2c09f26-7c75-48b1-87bc-f159e908dbd3,OFC7491,Kanpur,Death Certificate,31,101,248,143,105,40
14d13eb9-0a61-4859-9181-d39db009aee7,OFC2438,Kohima,Marriage Certificate,44,180,413,209,204,45
73438412-d70b-443b-a210-67f298bb5778,OFC2901,Agatti,Death Certificate,32,68,879,607,272,35
fb32c712-6d07-48e9-b427-13ff0471502d,OFC7038,Dharamshala,Marriage Certificate,7,16,477,30,447,35
815c5118-12e2-4cf0-a92d-27576de3e636,OFC3101,Bilaspur,Marriage Certificate,5,95,749,476,273,48
